2025-11-28 20:00:16.7263 (LoginRequestHandler.cs:16) 收到登录请求
2025-11-28 20:00:16.9502 (EntryLobbyRequestHandler.cs:32) 进入大厅成功，玩家ID:489242989124911105
2025-11-28 20:00:18.4084 (LobbyPlayerManagerComponentSystem.cs:97) 玩家ID:489242989124911105 移动方向: 0.61661625 , 0 , -0.78726393
2025-11-28 20:00:18.4084 (LobbyPlayerManagerComponentSystem.cs:102) 玩家ID:489242989124911105 移动到新位置: 2.9311478 , 0 , 2.3672469
2025-11-28 20:00:18.4925 (LobbyPlayerManagerComponentSystem.cs:97) 玩家ID:489242989124911105 移动方向: 0.29518953 , 0 , -0.95543873
2025-11-28 20:00:18.4925 (LobbyPlayerManagerComponentSystem.cs:102) 玩家ID:489242989124911105 移动到新位置: 2.9901857 , 0 , 2.1761591
2025-11-28 20:00:18.5925 (LobbyPlayerManagerComponentSystem.cs:97) 玩家ID:489242989124911105 移动方向: -0.16937457 , 0 , -0.9855518
2025-11-28 20:00:18.5925 (LobbyPlayerManagerComponentSystem.cs:102) 玩家ID:489242989124911105 移动到新位置: 2.9563107 , 0 , 1.9790488
2025-11-28 20:00:18.6991 (LobbyPlayerManagerComponentSystem.cs:97) 玩家ID:489242989124911105 移动方向: 0.013570681 , 0 , -0.9999079
2025-11-28 20:00:18.6991 (LobbyPlayerManagerComponentSystem.cs:102) 玩家ID:489242989124911105 移动到新位置: 2.959025 , 0 , 1.7790673
2025-11-28 20:00:18.7907 (LobbyPlayerManagerComponentSystem.cs:97) 玩家ID:489242989124911105 移动方向: 0.11581685 , 0 , -0.9932706
2025-11-28 20:00:18.7907 (LobbyPlayerManagerComponentSystem.cs:102) 玩家ID:489242989124911105 移动到新位置: 2.9821882 , 0 , 1.5804132
2025-11-28 20:00:18.8915 (LobbyPlayerManagerComponentSystem.cs:97) 玩家ID:489242989124911105 移动方向: 0.16630498 , 0 , -0.9860744
2025-11-28 20:00:18.8915 (LobbyPlayerManagerComponentSystem.cs:102) 玩家ID:489242989124911105 移动到新位置: 3.0154493 , 0 , 1.3831984
2025-11-28 20:00:18.9918 (LobbyPlayerManagerComponentSystem.cs:97) 玩家ID:489242989124911105 移动方向: 0.17021042 , 0 , -0.98540777
2025-11-28 20:00:18.9918 (LobbyPlayerManagerComponentSystem.cs:102) 玩家ID:489242989124911105 移动到新位置: 3.0494914 , 0 , 1.1861168
2025-11-28 20:00:19.0977 (LobbyPlayerManagerComponentSystem.cs:97) 玩家ID:489242989124911105 移动方向: 0.42629987 , 0 , -0.9045819
2025-11-28 20:00:19.0977 (LobbyPlayerManagerComponentSystem.cs:102) 玩家ID:489242989124911105 移动到新位置: 3.1347513 , 0 , 1.0052004
2025-11-28 20:00:19.1974 (LobbyPlayerManagerComponentSystem.cs:97) 玩家ID:489242989124911105 移动方向: 0.74110067 , 0 , -0.671394
2025-11-28 20:00:19.1974 (LobbyPlayerManagerComponentSystem.cs:102) 玩家ID:489242989124911105 移动到新位置: 3.2829714 , 0 , 0.8709216
2025-11-28 20:00:19.2945 (LobbyPlayerManagerComponentSystem.cs:97) 玩家ID:489242989124911105 移动方向: 0.9617473 , 0 , 0.27393806
2025-11-28 20:00:19.2945 (LobbyPlayerManagerComponentSystem.cs:102) 玩家ID:489242989124911105 移动到新位置: 3.4753208 , 0 , 0.92570925
2025-11-28 20:00:19.3980 (LobbyPlayerManagerComponentSystem.cs:97) 玩家ID:489242989124911105 移动方向: 0.38958275 , 0 , 0.9209914
2025-11-28 20:00:19.3980 (LobbyPlayerManagerComponentSystem.cs:102) 玩家ID:489242989124911105 移动到新位置: 3.5532374 , 0 , 1.1099075
2025-11-28 20:00:19.4909 (LobbyPlayerManagerComponentSystem.cs:97) 玩家ID:489242989124911105 移动方向: 0.3594321 , 0 , 0.9331712
2025-11-28 20:00:19.4909 (LobbyPlayerManagerComponentSystem.cs:102) 玩家ID:489242989124911105 移动到新位置: 3.625124 , 0 , 1.2965417
2025-11-28 20:00:19.5978 (LobbyPlayerManagerComponentSystem.cs:97) 玩家ID:489242989124911105 移动方向: 0.9087754 , 0 , 0.41728562
2025-11-28 20:00:19.5978 (LobbyPlayerManagerComponentSystem.cs:102) 玩家ID:489242989124911105 移动到新位置: 3.806879 , 0 , 1.3799988
2025-11-28 20:00:19.6937 (LobbyPlayerManagerComponentSystem.cs:97) 玩家ID:489242989124911105 移动方向: 0.93895197 , 0 , -0.34404832
2025-11-28 20:00:19.6937 (LobbyPlayerManagerComponentSystem.cs:102) 玩家ID:489242989124911105 移动到新位置: 3.9946694 , 0 , 1.3111892
2025-11-28 20:00:19.7985 (LobbyPlayerManagerComponentSystem.cs:97) 玩家ID:489242989124911105 移动方向: 0.93937665 , 0 , -0.34288687
2025-11-28 20:00:19.7985 (LobbyPlayerManagerComponentSystem.cs:102) 玩家ID:489242989124911105 移动到新位置: 4.1825447 , 0 , 1.2426118
2025-11-28 20:00:19.8972 (LobbyPlayerManagerComponentSystem.cs:97) 玩家ID:489242989124911105 移动方向: -0.34257218 , 0 , -0.9394915
2025-11-28 20:00:19.8972 (LobbyPlayerManagerComponentSystem.cs:102) 玩家ID:489242989124911105 移动到新位置: 4.1140304 , 0 , 1.0547135
2025-11-28 20:00:19.9902 (LobbyPlayerManagerComponentSystem.cs:97) 玩家ID:489242989124911105 移动方向: -0.3424738 , 0 , -0.93952733
2025-11-28 20:00:19.9902 (LobbyPlayerManagerComponentSystem.cs:102) 玩家ID:489242989124911105 移动到新位置: 4.0455356 , 0 , 0.86680806
2025-11-28 20:00:20.0952 (LobbyPlayerManagerComponentSystem.cs:97) 玩家ID:489242989124911105 移动方向: -0.34244248 , 0 , -0.9395388
2025-11-28 20:00:20.0952 (LobbyPlayerManagerComponentSystem.cs:102) 玩家ID:489242989124911105 移动到新位置: 3.977047 , 0 , 0.6789003
2025-11-28 20:00:20.1917 (LobbyPlayerManagerComponentSystem.cs:97) 玩家ID:489242989124911105 移动方向: -0.34243402 , 0 , -0.93954194
2025-11-28 20:00:20.1917 (LobbyPlayerManagerComponentSystem.cs:102) 玩家ID:489242989124911105 移动到新位置: 3.9085603 , 0 , 0.49099192
2025-11-28 20:00:20.2967 (LobbyPlayerManagerComponentSystem.cs:97) 玩家ID:489242989124911105 移动方向: -0.3424311 , 0 , -0.93954295
2025-11-28 20:00:20.2967 (LobbyPlayerManagerComponentSystem.cs:102) 玩家ID:489242989124911105 移动到新位置: 3.840074 , 0 , 0.30308336
2025-11-28 20:00:20.3896 (LobbyPlayerManagerComponentSystem.cs:97) 玩家ID:489242989124911105 移动方向: -0.3424309 , 0 , -0.939543
2025-11-28 20:00:20.3896 (LobbyPlayerManagerComponentSystem.cs:102) 玩家ID:489242989124911105 移动到新位置: 3.7715878 , 0 , 0.11517477
2025-11-28 20:00:20.4945 (LobbyPlayerManagerComponentSystem.cs:97) 玩家ID:489242989124911105 移动方向: -0.3424309 , 0 , -0.939543
2025-11-28 20:00:20.4945 (LobbyPlayerManagerComponentSystem.cs:102) 玩家ID:489242989124911105 移动到新位置: 3.7031016 , 0 , -0.07273382
2025-11-28 20:00:20.5884 (LobbyPlayerManagerComponentSystem.cs:97) 玩家ID:489242989124911105 移动方向: -0.3424309 , 0 , -0.939543
2025-11-28 20:00:20.5884 (LobbyPlayerManagerComponentSystem.cs:102) 玩家ID:489242989124911105 移动到新位置: 3.6346154 , 0 , -0.2606424
2025-11-28 20:00:20.6978 (LobbyPlayerManagerComponentSystem.cs:97) 玩家ID:489242989124911105 移动方向: -0.3424309 , 0 , -0.939543
2025-11-28 20:00:20.6978 (LobbyPlayerManagerComponentSystem.cs:102) 玩家ID:489242989124911105 移动到新位置: 3.5661292 , 0 , -0.448551
2025-11-28 20:00:20.7942 (LobbyPlayerManagerComponentSystem.cs:97) 玩家ID:489242989124911105 移动方向: -0.3424309 , 0 , -0.939543
2025-11-28 20:00:20.7942 (LobbyPlayerManagerComponentSystem.cs:102) 玩家ID:489242989124911105 移动到新位置: 3.497643 , 0 , -0.6364596
2025-11-28 20:00:20.8947 (LobbyPlayerManagerComponentSystem.cs:97) 玩家ID:489242989124911105 移动方向: -0.3424309 , 0 , -0.939543
2025-11-28 20:00:20.8947 (LobbyPlayerManagerComponentSystem.cs:102) 玩家ID:489242989124911105 移动到新位置: 3.4291568 , 0 , -0.8243682
2025-11-28 20:00:20.9944 (LobbyPlayerManagerComponentSystem.cs:97) 玩家ID:489242989124911105 移动方向: 0.42222205 , 0 , -0.9064925
2025-11-28 20:00:20.9944 (LobbyPlayerManagerComponentSystem.cs:102) 玩家ID:489242989124911105 移动到新位置: 3.5136013 , 0 , -1.0056667
2025-11-28 20:00:21.0942 (LobbyPlayerManagerComponentSystem.cs:97) 玩家ID:489242989124911105 移动方向: 0.42222205 , 0 , -0.9064925
2025-11-28 20:00:21.0942 (LobbyPlayerManagerComponentSystem.cs:102) 玩家ID:489242989124911105 移动到新位置: 3.5980458 , 0 , -1.1869652
2025-11-28 20:00:21.1895 (StateSyncRequestHandler.cs:18) 玩家ID:489242989124911105 移动方向: 0.42222205 , 0 , -0.9064925
2025-11-28 20:00:21.1895 (StateSyncRequestHandler.cs:18) 玩家ID:489242989124911105 移动到新位置: 3.6824903 , 0 , -1.3682637
2025-11-28 20:00:21.2923 (StateSyncRequestHandler.cs:18) 玩家ID:489242989124911105 移动方向: 0.42222205 , 0 , -0.9064925
2025-11-28 20:00:21.2923 (StateSyncRequestHandler.cs:18) 玩家ID:489242989124911105 移动到新位置: 3.7669349 , 0 , -1.5495622
2025-11-28 20:00:21.3906 (StateSyncRequestHandler.cs:18) 玩家ID:489242989124911105 移动方向: 0.4076295 , 0 , -0.91314745
2025-11-28 20:00:21.3906 (StateSyncRequestHandler.cs:18) 玩家ID:489242989124911105 移动到新位置: 3.8484607 , 0 , -1.7321917
2025-11-28 20:00:21.4949 (StateSyncRequestHandler.cs:18) 玩家ID:489242989124911105 移动方向: -0.4321824 , 0 , -0.9017862
2025-11-28 20:00:21.4949 (StateSyncRequestHandler.cs:18) 玩家ID:489242989124911105 移动到新位置: 3.7620242 , 0 , -1.9125489
2025-11-28 20:00:21.5897 (StateSyncRequestHandler.cs:18) 玩家ID:489242989124911105 移动方向: -0.5648812 , 0 , -0.82517225
2025-11-28 20:00:21.5897 (StateSyncRequestHandler.cs:18) 玩家ID:489242989124911105 移动到新位置: 3.6490479 , 0 , -2.0775833
2025-11-28 20:00:21.6954 (StateSyncRequestHandler.cs:18) 玩家ID:489242989124911105 移动方向: -0.7753021 , 0 , -0.63159055
2025-11-28 20:00:21.6954 (StateSyncRequestHandler.cs:18) 玩家ID:489242989124911105 移动到新位置: 3.4939873 , 0 , -2.2039013
2025-11-28 20:00:21.7912 (StateSyncRequestHandler.cs:18) 玩家ID:489242989124911105 移动方向: -0.40106758 , 0 , -0.9160484
2025-11-28 20:00:21.7912 (StateSyncRequestHandler.cs:18) 玩家ID:489242989124911105 移动到新位置: 3.4137738 , 0 , -2.387111
2025-11-28 20:00:21.8921 (StateSyncRequestHandler.cs:18) 玩家ID:489242989124911105 移动方向: 0.18032295 , 0 , -0.9836075
2025-11-28 20:00:21.8921 (StateSyncRequestHandler.cs:18) 玩家ID:489242989124911105 移动到新位置: 3.4498384 , 0 , -2.5838325
2025-11-28 20:00:21.9900 (StateSyncRequestHandler.cs:18) 玩家ID:489242989124911105 移动方向: 0.7669722 , 0 , -0.6416803
2025-11-28 20:00:21.9900 (StateSyncRequestHandler.cs:18) 玩家ID:489242989124911105 移动到新位置: 3.6032329 , 0 , -2.7121685
2025-11-28 20:00:22.0938 (StateSyncRequestHandler.cs:18) 玩家ID:489242989124911105 移动方向: 0.7388399 , 0 , -0.673881
2025-11-28 20:00:22.0938 (StateSyncRequestHandler.cs:18) 玩家ID:489242989124911105 移动到新位置: 3.751001 , 0 , -2.8469446
2025-11-28 20:00:22.1986 (StateSyncRequestHandler.cs:18) 玩家ID:489242989124911105 移动方向: 0.03079674 , 0 , -0.99952567
2025-11-28 20:00:22.1986 (StateSyncRequestHandler.cs:18) 玩家ID:489242989124911105 移动到新位置: 3.7571602 , 0 , -3.0468497
2025-11-28 20:00:22.2959 (StateSyncRequestHandler.cs:18) 玩家ID:489242989124911105 移动方向: -0.99966437 , 0 , -0.025906928
2025-11-28 20:00:22.2959 (StateSyncRequestHandler.cs:18) 玩家ID:489242989124911105 移动到新位置: 3.5572274 , 0 , -3.052031
2025-11-28 20:00:22.3980 (StateSyncRequestHandler.cs:18) 玩家ID:489242989124911105 移动方向: -0.99970555 , 0 , -0.024264397
2025-11-28 20:00:22.3980 (StateSyncRequestHandler.cs:18) 玩家ID:489242989124911105 移动到新位置: 3.3572862 , 0 , -3.0568838
2025-11-28 20:00:22.4881 (StateSyncRequestHandler.cs:18) 玩家ID:489242989124911105 移动方向: -0.9997167 , 0 , -0.02380143
2025-11-28 20:00:22.4881 (StateSyncRequestHandler.cs:18) 玩家ID:489242989124911105 移动到新位置: 3.157343 , 0 , -3.061644
2025-11-28 20:00:22.5987 (StateSyncRequestHandler.cs:18) 玩家ID:489242989124911105 移动方向: -0.9997209 , 0 , -0.023624104
2025-11-28 20:00:22.5987 (StateSyncRequestHandler.cs:18) 玩家ID:489242989124911105 移动到新位置: 2.9573987 , 0 , -3.0663688
2025-11-28 20:00:22.6925 (StateSyncRequestHandler.cs:18) 玩家ID:489242989124911105 移动到新位置: 2.9573987 , 0 , -3.0663688
2025-11-28 20:00:25.7009 (StateSyncRequestHandler.cs:18) 玩家ID:489242989124911105 移动方向: 0.9820807 , 0 , -0.18846084
2025-11-28 20:00:25.7009 (StateSyncRequestHandler.cs:18) 玩家ID:489242989124911105 移动到新位置: 3.1538148 , 0 , -3.104061
2025-11-28 20:00:25.7983 (StateSyncRequestHandler.cs:18) 玩家ID:489242989124911105 移动方向: 0.86856604 , 0 , -0.49557346
2025-11-28 20:00:25.7983 (StateSyncRequestHandler.cs:18) 玩家ID:489242989124911105 移动到新位置: 3.327528 , 0 , -3.2031755
2025-11-28 20:00:25.8934 (StateSyncRequestHandler.cs:18) 玩家ID:489242989124911105 移动方向: 0.7838505 , 0 , -0.6209496
2025-11-28 20:00:25.8934 (StateSyncRequestHandler.cs:18) 玩家ID:489242989124911105 移动到新位置: 3.484298 , 0 , -3.3273654
2025-11-28 20:00:25.9890 (StateSyncRequestHandler.cs:18) 玩家ID:489242989124911105 移动方向: 0.053233027 , 0 , -0.9985821
2025-11-28 20:00:25.9890 (StateSyncRequestHandler.cs:18) 玩家ID:489242989124911105 移动到新位置: 3.4949446 , 0 , -3.5270817
2025-11-28 20:00:26.0916 (StateSyncRequestHandler.cs:18) 玩家ID:489242989124911105 移动方向: 0.030043125 , 0 , -0.99954855
2025-11-28 20:00:26.0916 (StateSyncRequestHandler.cs:18) 玩家ID:489242989124911105 移动到新位置: 3.5009532 , 0 , -3.7269914
2025-11-28 20:00:26.1975 (StateSyncRequestHandler.cs:18) 玩家ID:489242989124911105 移动方向: 0.02273035 , 0 , -0.9997417
2025-11-28 20:00:26.1975 (StateSyncRequestHandler.cs:18) 玩家ID:489242989124911105 移动到新位置: 3.5054994 , 0 , -3.9269397
2025-11-28 20:00:26.2949 (StateSyncRequestHandler.cs:18) 玩家ID:489242989124911105 移动方向: -0.6924094 , 0 , -0.7215048
2025-11-28 20:00:26.2949 (StateSyncRequestHandler.cs:18) 玩家ID:489242989124911105 移动到新位置: 3.3670175 , 0 , -4.071241
2025-11-28 20:00:26.3908 (StateSyncRequestHandler.cs:18) 玩家ID:489242989124911105 移动方向: -0.6821368 , 0 , -0.7312246
2025-11-28 20:00:26.3908 (StateSyncRequestHandler.cs:18) 玩家ID:489242989124911105 移动到新位置: 3.23059 , 0 , -4.217486
2025-11-28 20:00:26.4996 (StateSyncRequestHandler.cs:18) 玩家ID:489242989124911105 移动方向: -0.7674897 , 0 , 0.6410613
2025-11-28 20:00:26.4996 (StateSyncRequestHandler.cs:18) 玩家ID:489242989124911105 移动到新位置: 3.0770922 , 0 , -4.0892735
2025-11-28 20:00:26.6008 (StateSyncRequestHandler.cs:18) 玩家ID:489242989124911105 移动方向: -0.7871553 , 0 , 0.61675483
2025-11-28 20:00:26.6008 (StateSyncRequestHandler.cs:18) 玩家ID:489242989124911105 移动到新位置: 2.919661 , 0 , -3.9659226
2025-11-28 20:00:26.6944 (StateSyncRequestHandler.cs:18) 玩家ID:489242989124911105 移动方向: -0.13273501 , 0 , 0.9911516
2025-11-28 20:00:26.6944 (StateSyncRequestHandler.cs:18) 玩家ID:489242989124911105 移动到新位置: 2.893114 , 0 , -3.7676923
2025-11-28 20:00:26.7996 (StateSyncRequestHandler.cs:18) 玩家ID:489242989124911105 移动方向: -0.13788885 , 0 , 0.99044776
2025-11-28 20:00:26.7996 (StateSyncRequestHandler.cs:18) 玩家ID:489242989124911105 移动到新位置: 2.8655362 , 0 , -3.5696027
2025-11-28 20:00:26.8899 (StateSyncRequestHandler.cs:18) 玩家ID:489242989124911105 移动方向: 0.672169 , 0 , 0.74039775
2025-11-28 20:00:26.8899 (StateSyncRequestHandler.cs:18) 玩家ID:489242989124911105 移动到新位置: 2.99997 , 0 , -3.421523
2025-11-28 20:00:26.9987 (StateSyncRequestHandler.cs:18) 玩家ID:489242989124911105 移动方向: 0.9432407 , 0 , -0.33210987
2025-11-28 20:00:26.9987 (StateSyncRequestHandler.cs:18) 玩家ID:489242989124911105 移动到新位置: 3.1886182 , 0 , -3.487945
2025-11-28 20:00:27.0939 (StateSyncRequestHandler.cs:18) 玩家ID:489242989124911105 移动方向: 0.1643998 , 0 , -0.9863938
2025-11-28 20:00:27.0939 (StateSyncRequestHandler.cs:18) 玩家ID:489242989124911105 移动到新位置: 3.2214983 , 0 , -3.6852238
2025-11-28 20:00:27.1994 (StateSyncRequestHandler.cs:18) 玩家ID:489242989124911105 移动方向: 0.014758209 , 0 , -0.9998911
2025-11-28 20:00:27.1994 (StateSyncRequestHandler.cs:18) 玩家ID:489242989124911105 移动到新位置: 3.2244499 , 0 , -3.885202
2025-11-28 20:00:27.2925 (StateSyncRequestHandler.cs:18) 玩家ID:489242989124911105 移动方向: -0.036904387 , 0 , -0.99931884
2025-11-28 20:00:27.2925 (StateSyncRequestHandler.cs:18) 玩家ID:489242989124911105 移动到新位置: 3.217069 , 0 , -4.085066
2025-11-28 20:00:27.3965 (StateSyncRequestHandler.cs:18) 玩家ID:489242989124911105 移动方向: -0.054790284 , 0 , -0.9984979
2025-11-28 20:00:27.3965 (StateSyncRequestHandler.cs:18) 玩家ID:489242989124911105 移动到新位置: 3.206111 , 0 , -4.2847652
2025-11-28 20:00:27.4942 (StateSyncRequestHandler.cs:18) 玩家ID:489242989124911105 移动方向: -0.06020421 , 0 , -0.9981861
2025-11-28 20:00:27.4942 (StateSyncRequestHandler.cs:18) 玩家ID:489242989124911105 移动到新位置: 3.19407 , 0 , -4.4844027
2025-11-28 20:00:27.5910 (StateSyncRequestHandler.cs:18) 玩家ID:489242989124911105 移动方向: 0.6619323 , 0 , -0.74956363
2025-11-28 20:00:27.5910 (StateSyncRequestHandler.cs:18) 玩家ID:489242989124911105 移动到新位置: 3.3264565 , 0 , -4.6343155
2025-11-28 20:00:27.6982 (StateSyncRequestHandler.cs:18) 玩家ID:489242989124911105 移动方向: 0.998041 , 0 , -0.062563576
2025-11-28 20:00:27.6982 (StateSyncRequestHandler.cs:18) 玩家ID:489242989124911105 移动到新位置: 3.5260646 , 0 , -4.646828
2025-11-28 20:00:27.7986 (StateSyncRequestHandler.cs:18) 玩家ID:489242989124911105 移动方向: 0.99803084 , 0 , -0.062724866
2025-11-28 20:00:27.7986 (StateSyncRequestHandler.cs:18) 玩家ID:489242989124911105 移动到新位置: 3.7256708 , 0 , -4.6593733
2025-11-28 20:00:27.8970 (StateSyncRequestHandler.cs:18) 玩家ID:489242989124911105 移动方向: 0.99802804 , 0 , -0.06276987
2025-11-28 20:00:27.8970 (StateSyncRequestHandler.cs:18) 玩家ID:489242989124911105 移动到新位置: 3.9252765 , 0 , -4.6719275
2025-11-28 20:00:27.9944 (StateSyncRequestHandler.cs:18) 玩家ID:489242989124911105 移动方向: 0.99802715 , 0 , -0.06278357
2025-11-28 20:00:27.9944 (StateSyncRequestHandler.cs:18) 玩家ID:489242989124911105 移动到新位置: 4.1248817 , 0 , -4.684484
2025-11-28 20:00:28.0893 (StateSyncRequestHandler.cs:18) 玩家ID:489242989124911105 移动方向: 0.9980269 , 0 , -0.06278764
2025-11-28 20:00:28.0893 (StateSyncRequestHandler.cs:18) 玩家ID:489242989124911105 移动到新位置: 4.324487 , 0 , -4.6970415
2025-11-28 20:00:28.1979 (StateSyncRequestHandler.cs:18) 玩家ID:489242989124911105 移动方向: 0.99802685 , 0 , -0.06278886
2025-11-28 20:00:28.1979 (StateSyncRequestHandler.cs:18) 玩家ID:489242989124911105 移动到新位置: 4.5240927 , 0 , -4.7095995
2025-11-28 20:00:28.2911 (StateSyncRequestHandler.cs:18) 玩家ID:489242989124911105 移动方向: 0.9980268 , 0 , -0.062789194
2025-11-28 20:00:28.2911 (StateSyncRequestHandler.cs:18) 玩家ID:489242989124911105 移动到新位置: 4.723698 , 0 , -4.7221575
2025-11-28 20:00:28.3984 (StateSyncRequestHandler.cs:18) 玩家ID:489242989124911105 移动方向: 0.9980268 , 0 , -0.06278928
2025-11-28 20:00:28.3984 (StateSyncRequestHandler.cs:18) 玩家ID:489242989124911105 移动到新位置: 4.9233036 , 0 , -4.7347155
2025-11-28 20:00:28.4959 (StateSyncRequestHandler.cs:18) 玩家ID:489242989124911105 移动方向: 0.9980268 , 0 , -0.062789306
2025-11-28 20:00:28.4959 (StateSyncRequestHandler.cs:18) 玩家ID:489242989124911105 移动到新位置: 5.122909 , 0 , -4.7472734
2025-11-28 20:00:28.5932 (StateSyncRequestHandler.cs:18) 玩家ID:489242989124911105 移动方向: 0.9980268 , 0 , -0.062789306
2025-11-28 20:00:28.5932 (StateSyncRequestHandler.cs:18) 玩家ID:489242989124911105 移动到新位置: 5.3225145 , 0 , -4.7598314
2025-11-28 20:00:28.7026 (StateSyncRequestHandler.cs:18) 玩家ID:489242989124911105 移动方向: 0.9980268 , 0 , -0.062789306
2025-11-28 20:00:28.7026 (StateSyncRequestHandler.cs:18) 玩家ID:489242989124911105 移动到新位置: 5.52212 , 0 , -4.7723894
2025-11-28 20:00:28.7967 (StateSyncRequestHandler.cs:18) 玩家ID:489242989124911105 移动方向: 0.66131276 , 0 , -0.7501102
2025-11-28 20:00:28.7967 (StateSyncRequestHandler.cs:18) 玩家ID:489242989124911105 移动到新位置: 5.6543827 , 0 , -4.9224114
2025-11-28 20:00:28.8969 (StateSyncRequestHandler.cs:18) 玩家ID:489242989124911105 移动方向: -0.062789306 , 0 , -0.9980268
2025-11-28 20:00:28.8969 (StateSyncRequestHandler.cs:18) 玩家ID:489242989124911105 移动到新位置: 5.6418247 , 0 , -5.122017
2025-11-28 20:00:28.9902 (StateSyncRequestHandler.cs:18) 玩家ID:489242989124911105 移动方向: -0.062789306 , 0 , -0.9980268
2025-11-28 20:00:28.9902 (StateSyncRequestHandler.cs:18) 玩家ID:489242989124911105 移动到新位置: 5.6292667 , 0 , -5.3216224
2025-11-28 20:00:29.0934 (StateSyncRequestHandler.cs:18) 玩家ID:489242989124911105 移动方向: -0.062789306 , 0 , -0.9980268
2025-11-28 20:00:29.0934 (StateSyncRequestHandler.cs:18) 玩家ID:489242989124911105 移动到新位置: 5.6167088 , 0 , -5.521228
2025-11-28 20:00:29.1967 (StateSyncRequestHandler.cs:18) 玩家ID:489242989124911105 移动方向: -0.7501102 , 0 , -0.66131276
2025-11-28 20:00:29.1967 (StateSyncRequestHandler.cs:18) 玩家ID:489242989124911105 移动到新位置: 5.4666867 , 0 , -5.6534905
2025-11-28 20:00:29.2899 (StateSyncRequestHandler.cs:18) 玩家ID:489242989124911105 移动方向: -0.7501102 , 0 , -0.66131276
2025-11-28 20:00:29.2899 (StateSyncRequestHandler.cs:18) 玩家ID:489242989124911105 移动到新位置: 5.3166647 , 0 , -5.7857533
2025-11-28 20:00:29.3948 (StateSyncRequestHandler.cs:18) 玩家ID:489242989124911105 移动方向: -0.7501102 , 0 , -0.66131276
2025-11-28 20:00:29.3948 (StateSyncRequestHandler.cs:18) 玩家ID:489242989124911105 移动到新位置: 5.1666427 , 0 , -5.918016
2025-11-28 20:00:29.4977 (StateSyncRequestHandler.cs:18) 玩家ID:489242989124911105 移动方向: -0.998655 , 0 , -0.05184737
2025-11-28 20:00:29.4977 (StateSyncRequestHandler.cs:18) 玩家ID:489242989124911105 移动到新位置: 4.966912 , 0 , -5.9283853
2025-11-28 20:00:29.5924 (StateSyncRequestHandler.cs:18) 玩家ID:489242989124911105 移动方向: -0.8777347 , 0 , -0.47914696
2025-11-28 20:00:29.5924 (StateSyncRequestHandler.cs:18) 玩家ID:489242989124911105 移动到新位置: 4.7913647 , 0 , -6.0242147
2025-11-28 20:00:29.6895 (StateSyncRequestHandler.cs:18) 玩家ID:489242989124911105 移动方向: -0.643702 , 0 , -0.7652763
2025-11-28 20:00:29.6895 (StateSyncRequestHandler.cs:18) 玩家ID:489242989124911105 移动到新位置: 4.6626244 , 0 , -6.17727
2025-11-28 20:00:29.7933 (StateSyncRequestHandler.cs:18) 玩家ID:489242989124911105 移动方向: -0.8697766 , 0 , 0.4934457
2025-11-28 20:00:29.7933 (StateSyncRequestHandler.cs:18) 玩家ID:489242989124911105 移动到新位置: 4.488669 , 0 , -6.078581
2025-11-28 20:00:29.8995 (StateSyncRequestHandler.cs:18) 玩家ID:489242989124911105 移动方向: -0.9030614 , 0 , 0.42951146
2025-11-28 20:00:29.8995 (StateSyncRequestHandler.cs:18) 玩家ID:489242989124911105 移动到新位置: 4.308057 , 0 , -5.9926786
2025-11-28 20:00:29.9933 (StateSyncRequestHandler.cs:18) 玩家ID:489242989124911105 移动方向: -0.91174674 , 0 , 0.4107527
2025-11-28 20:00:29.9933 (StateSyncRequestHandler.cs:18) 玩家ID:489242989124911105 移动到新位置: 4.1257076 , 0 , -5.910528
2025-11-28 20:00:30.0965 (StateSyncRequestHandler.cs:18) 玩家ID:489242989124911105 移动方向: -0.91483843 , 0 , 0.4038201
2025-11-28 20:00:30.0965 (StateSyncRequestHandler.cs:18) 玩家ID:489242989124911105 移动到新位置: 3.94274 , 0 , -5.8297644
2025-11-28 20:00:30.1912 (StateSyncRequestHandler.cs:18) 玩家ID:489242989124911105 移动方向: -0.36346555 , 0 , 0.93160766
2025-11-28 20:00:30.1912 (StateSyncRequestHandler.cs:18) 玩家ID:489242989124911105 移动到新位置: 3.8700469 , 0 , -5.6434426
2025-11-28 20:00:30.2980 (StateSyncRequestHandler.cs:18) 玩家ID:489242989124911105 移动方向: 0.40102032 , 0 , 0.9160692
2025-11-28 20:00:30.2980 (StateSyncRequestHandler.cs:18) 玩家ID:489242989124911105 移动到新位置: 3.9502509 , 0 , -5.460229
2025-11-28 20:00:30.3967 (StateSyncRequestHandler.cs:18) 玩家ID:489242989124911105 移动方向: 0.40082544 , 0 , 0.9161544
2025-11-28 20:00:30.3967 (StateSyncRequestHandler.cs:18) 玩家ID:489242989124911105 移动到新位置: 4.030416 , 0 , -5.276998
2025-11-28 20:00:30.4895 (StateSyncRequestHandler.cs:18) 玩家ID:489242989124911105 移动方向: 0.40077227 , 0 , 0.91617763
2025-11-28 20:00:30.4895 (StateSyncRequestHandler.cs:18) 玩家ID:489242989124911105 移动到新位置: 4.1105704 , 0 , -5.0937624
2025-11-28 20:00:30.5944 (StateSyncRequestHandler.cs:18) 玩家ID:489242989124911105 移动方向: 0.40075478 , 0 , 0.9161854
2025-11-28 20:00:30.5944 (StateSyncRequestHandler.cs:18) 玩家ID:489242989124911105 移动到新位置: 4.1907215 , 0 , -4.9105253
2025-11-28 20:00:30.6912 (StateSyncRequestHandler.cs:18) 玩家ID:489242989124911105 移动方向: 0.40439698 , 0 , 0.91458356
2025-11-28 20:00:30.6912 (StateSyncRequestHandler.cs:18) 玩家ID:489242989124911105 移动到新位置: 4.2716007 , 0 , -4.7276087
2025-11-28 20:00:30.7898 (StateSyncRequestHandler.cs:18) 玩家ID:489242989124911105 移动方向: 0.4102914 , 0 , 0.9119545
2025-11-28 20:00:30.7898 (StateSyncRequestHandler.cs:18) 玩家ID:489242989124911105 移动到新位置: 4.353659 , 0 , -4.545218
2025-11-28 20:00:30.8909 (StateSyncRequestHandler.cs:18) 玩家ID:489242989124911105 移动方向: 0.41490757 , 0 , 0.90986353
2025-11-28 20:00:30.8909 (StateSyncRequestHandler.cs:18) 玩家ID:489242989124911105 移动到新位置: 4.4366407 , 0 , -4.3632455
2025-11-28 20:00:30.9949 (StateSyncRequestHandler.cs:18) 玩家ID:489242989124911105 移动方向: 0.45446268 , 0 , 0.89076585
2025-11-28 20:00:30.9949 (StateSyncRequestHandler.cs:18) 玩家ID:489242989124911105 移动到新位置: 4.527533 , 0 , -4.1850924
2025-11-28 20:00:31.0966 (StateSyncRequestHandler.cs:18) 玩家ID:489242989124911105 移动方向: 0.5820968 , 0 , 0.81311953
2025-11-28 20:00:31.0966 (StateSyncRequestHandler.cs:18) 玩家ID:489242989124911105 移动到新位置: 4.6439524 , 0 , -4.0224686
2025-11-28 20:00:31.2001 (StateSyncRequestHandler.cs:18) 玩家ID:489242989124911105 移动方向: 0.8249459 , 0 , 0.5652117
2025-11-28 20:00:31.2001 (StateSyncRequestHandler.cs:18) 玩家ID:489242989124911105 移动到新位置: 4.8089414 , 0 , -3.9094262
2025-11-28 20:00:31.2953 (StateSyncRequestHandler.cs:18) 玩家ID:489242989124911105 移动方向: 0.47636265 , 0 , 0.8792489
2025-11-28 20:00:31.2953 (StateSyncRequestHandler.cs:18) 玩家ID:489242989124911105 移动到新位置: 4.904214 , 0 , -3.7335765
2025-11-28 20:00:31.3973 (StateSyncRequestHandler.cs:18) 玩家ID:489242989124911105 移动方向: 0.6167185 , 0 , 0.78718376
2025-11-28 20:00:31.3973 (StateSyncRequestHandler.cs:18) 玩家ID:489242989124911105 移动到新位置: 5.0275574 , 0 , -3.5761397
2025-11-28 20:00:31.4909 (StateSyncRequestHandler.cs:18) 玩家ID:489242989124911105 移动方向: 0.6670447 , 0 , 0.7450177
2025-11-28 20:00:31.4909 (StateSyncRequestHandler.cs:18) 玩家ID:489242989124911105 移动到新位置: 5.1609664 , 0 , -3.4271362
2025-11-28 20:00:31.6033 (StateSyncRequestHandler.cs:18) 玩家ID:489242989124911105 移动方向: 0.69159305 , 0 , 0.7222874
2025-11-28 20:00:31.6033 (StateSyncRequestHandler.cs:18) 玩家ID:489242989124911105 移动到新位置: 5.299285 , 0 , -3.2826786
2025-11-28 20:00:31.6976 (StateSyncRequestHandler.cs:18) 玩家ID:489242989124911105 移动方向: -0.009919856 , 0 , 0.9999508
2025-11-28 20:00:31.6976 (StateSyncRequestHandler.cs:18) 玩家ID:489242989124911105 移动到新位置: 5.297301 , 0 , -3.0826883
2025-11-28 20:00:31.7961 (StateSyncRequestHandler.cs:18) 玩家ID:489242989124911105 移动方向: -0.0058811503 , 0 , 0.9999827
2025-11-28 20:00:31.7961 (StateSyncRequestHandler.cs:18) 玩家ID:489242989124911105 移动到新位置: 5.2961245 , 0 , -2.8826919
2025-11-28 20:00:31.8976 (StateSyncRequestHandler.cs:18) 玩家ID:489242989124911105 移动方向: -0.0062250956 , 0 , 0.9999806
2025-11-28 20:00:31.8976 (StateSyncRequestHandler.cs:18) 玩家ID:489242989124911105 移动到新位置: 5.2948794 , 0 , -2.6826959
2025-11-28 20:00:31.9935 (StateSyncRequestHandler.cs:18) 玩家ID:489242989124911105 移动方向: -0.09976555 , 0 , 0.99501103
2025-11-28 20:00:31.9935 (StateSyncRequestHandler.cs:18) 玩家ID:489242989124911105 移动到新位置: 5.274926 , 0 , -2.4836936
2025-11-28 20:00:32.0925 (StateSyncRequestHandler.cs:18) 玩家ID:489242989124911105 移动方向: -0.31720978 , 0 , 0.94835544
2025-11-28 20:00:32.0925 (StateSyncRequestHandler.cs:18) 玩家ID:489242989124911105 移动到新位置: 5.2114844 , 0 , -2.2940226
2025-11-28 20:00:32.1900 (StateSyncRequestHandler.cs:18) 玩家ID:489242989124911105 移动方向: -0.46079388 , 0 , 0.8875072
2025-11-28 20:00:32.1900 (StateSyncRequestHandler.cs:18) 玩家ID:489242989124911105 移动到新位置: 5.1193256 , 0 , -2.1165211
2025-11-28 20:00:32.2986 (StateSyncRequestHandler.cs:18) 玩家ID:489242989124911105 移动方向: -0.52303135 , 0 , 0.85231346
2025-11-28 20:00:32.2986 (StateSyncRequestHandler.cs:18) 玩家ID:489242989124911105 移动到新位置: 5.0147195 , 0 , -1.9460584
2025-11-28 20:00:32.3953 (StateSyncRequestHandler.cs:18) 玩家ID:489242989124911105 移动方向: -0.5424251 , 0 , 0.8401041
2025-11-28 20:00:32.3953 (StateSyncRequestHandler.cs:18) 玩家ID:489242989124911105 移动到新位置: 4.9062343 , 0 , -1.7780375
2025-11-28 20:00:32.4965 (StateSyncRequestHandler.cs:18) 玩家ID:489242989124911105 移动方向: 0.83572626 , 0 , 0.54914623
2025-11-28 20:00:32.4965 (StateSyncRequestHandler.cs:18) 玩家ID:489242989124911105 移动到新位置: 5.0733795 , 0 , -1.6682084
2025-11-28 20:00:32.5996 (StateSyncRequestHandler.cs:18) 玩家ID:489242989124911105 移动方向: 0.8078702 , 0 , 0.5893605
2025-11-28 20:00:32.5996 (StateSyncRequestHandler.cs:18) 玩家ID:489242989124911105 移动到新位置: 5.2349534 , 0 , -1.5503362
2025-11-28 20:00:32.6981 (StateSyncRequestHandler.cs:18) 玩家ID:489242989124911105 移动方向: 0.6246311 , 0 , 0.78092
2025-11-28 20:00:32.6981 (StateSyncRequestHandler.cs:18) 玩家ID:489242989124911105 移动到新位置: 5.3598795 , 0 , -1.3941523
2025-11-28 20:00:32.7939 (StateSyncRequestHandler.cs:18) 玩家ID:489242989124911105 移动方向: 0.34684843 , 0 , 0.9379212
2025-11-28 20:00:32.7939 (StateSyncRequestHandler.cs:18) 玩家ID:489242989124911105 移动到新位置: 5.4292493 , 0 , -1.206568
2025-11-28 20:00:32.8896 (StateSyncRequestHandler.cs:18) 玩家ID:489242989124911105 移动方向: 0.14522167 , 0 , 0.9893992
2025-11-28 20:00:32.8896 (StateSyncRequestHandler.cs:18) 玩家ID:489242989124911105 移动到新位置: 5.4582934 , 0 , -1.0086882
2025-11-28 20:00:32.9905 (StateSyncRequestHandler.cs:18) 玩家ID:489242989124911105 移动方向: 0.04665613 , 0 , 0.998911
2025-11-28 20:00:32.9905 (StateSyncRequestHandler.cs:18) 玩家ID:489242989124911105 移动到新位置: 5.4676247 , 0 , -0.808906
2025-11-28 20:00:33.0978 (StateSyncRequestHandler.cs:18) 玩家ID:489242989124911105 移动方向: 0.006004331 , 0 , 0.999982
2025-11-28 20:00:33.0978 (StateSyncRequestHandler.cs:18) 玩家ID:489242989124911105 移动到新位置: 5.4688253 , 0 , -0.6089096
2025-11-28 20:00:33.1921 (StateSyncRequestHandler.cs:18) 玩家ID:489242989124911105 移动方向: -0.0057510585 , 0 , 0.9999835
2025-11-28 20:00:33.1921 (StateSyncRequestHandler.cs:18) 玩家ID:489242989124911105 移动到新位置: 5.467675 , 0 , -0.4089129
2025-11-28 20:00:33.2965 (StateSyncRequestHandler.cs:18) 玩家ID:489242989124911105 移动方向: -0.010031013 , 0 , 0.99994963
2025-11-28 20:00:33.2965 (StateSyncRequestHandler.cs:18) 玩家ID:489242989124911105 移动到新位置: 5.465669 , 0 , -0.20892298
2025-11-28 20:00:33.3992 (StateSyncRequestHandler.cs:18) 玩家ID:489242989124911105 移动方向: -0.011265881 , 0 , 0.9999366
2025-11-28 20:00:33.3992 (StateSyncRequestHandler.cs:18) 玩家ID:489242989124911105 移动到新位置: 5.463416 , 0 , -0.008935675
2025-11-28 20:00:33.4901 (StateSyncRequestHandler.cs:18) 玩家ID:489242989124911105 移动方向: -0.011611397 , 0 , 0.9999326
2025-11-28 20:00:33.4901 (StateSyncRequestHandler.cs:18) 玩家ID:489242989124911105 移动到新位置: 5.461094 , 0 , 0.19105084
2025-11-28 20:00:33.5940 (StateSyncRequestHandler.cs:18) 玩家ID:489242989124911105 移动方向: -0.011733094 , 0 , 0.99993116
2025-11-28 20:00:33.5940 (StateSyncRequestHandler.cs:18) 玩家ID:489242989124911105 移动到新位置: 5.4587474 , 0 , 0.39103708
2025-11-28 20:00:33.6981 (StateSyncRequestHandler.cs:18) 玩家ID:489242989124911105 移动方向: -0.01176803 , 0 , 0.9999308
2025-11-28 20:00:33.6981 (StateSyncRequestHandler.cs:18) 玩家ID:489242989124911105 移动到新位置: 5.4563937 , 0 , 0.5910232
2025-11-28 20:00:33.7979 (StateSyncRequestHandler.cs:18) 玩家ID:489242989124911105 移动方向: -0.011777431 , 0 , 0.9999306
2025-11-28 20:00:33.7979 (StateSyncRequestHandler.cs:18) 玩家ID:489242989124911105 移动到新位置: 5.454038 , 0 , 0.7910093
2025-11-28 20:00:33.8922 (StateSyncRequestHandler.cs:18) 玩家ID:489242989124911105 移动方向: -0.011780127 , 0 , 0.99993056
2025-11-28 20:00:33.8922 (StateSyncRequestHandler.cs:18) 玩家ID:489242989124911105 移动到新位置: 5.451682 , 0 , 0.9909954
2025-11-28 20:00:33.9971 (StateSyncRequestHandler.cs:18) 玩家ID:489242989124911105 移动方向: -0.011780923 , 0 , 0.9999306
2025-11-28 20:00:33.9971 (StateSyncRequestHandler.cs:18) 玩家ID:489242989124911105 移动到新位置: 5.449326 , 0 , 1.1909815
2025-11-28 20:00:34.0923 (StateSyncRequestHandler.cs:18) 玩家ID:489242989124911105 移动方向: -0.01178097 , 0 , 0.9999306
2025-11-28 20:00:34.0923 (StateSyncRequestHandler.cs:18) 玩家ID:489242989124911105 移动到新位置: 5.44697 , 0 , 1.3909676
2025-11-28 20:00:34.1990 (StateSyncRequestHandler.cs:18) 玩家ID:489242989124911105 移动方向: -0.01308944 , 0 , 0.99991435
2025-11-28 20:00:34.1990 (StateSyncRequestHandler.cs:18) 玩家ID:489242989124911105 移动到新位置: 5.444352 , 0 , 1.5909505
2025-11-28 20:00:34.2973 (StateSyncRequestHandler.cs:18) 玩家ID:489242989124911105 移动方向: -0.020094791 , 0 , 0.99979806
2025-11-28 20:00:34.2973 (StateSyncRequestHandler.cs:18) 玩家ID:489242989124911105 移动到新位置: 5.4403334 , 0 , 1.7909101
2025-11-28 20:00:34.3937 (StateSyncRequestHandler.cs:18) 玩家ID:489242989124911105 移动方向: -0.024434779 , 0 , 0.9997014
2025-11-28 20:00:34.3937 (StateSyncRequestHandler.cs:18) 玩家ID:489242989124911105 移动到新位置: 5.4354463 , 0 , 1.9908504
2025-11-28 20:00:34.4969 (StateSyncRequestHandler.cs:18) 玩家ID:489242989124911105 移动方向: -0.026462682 , 0 , 0.9996498
2025-11-28 20:00:34.4969 (StateSyncRequestHandler.cs:18) 玩家ID:489242989124911105 移动到新位置: 5.430154 , 0 , 2.1907804
2025-11-28 20:00:34.5907 (StateSyncRequestHandler.cs:18) 玩家ID:489242989124911105 移动方向: -0.02712837 , 0 , 0.99963194
2025-11-28 20:00:34.5907 (StateSyncRequestHandler.cs:18) 玩家ID:489242989124911105 移动到新位置: 5.4247284 , 0 , 2.3907068
2025-11-28 20:00:34.6998 (StateSyncRequestHandler.cs:18) 玩家ID:489242989124911105 移动方向: -0.027161207 , 0 , 0.99963105
2025-11-28 20:00:34.6998 (StateSyncRequestHandler.cs:18) 玩家ID:489242989124911105 移动到新位置: 5.4192963 , 0 , 2.590633
2025-11-28 20:00:34.7974 (StateSyncRequestHandler.cs:18) 玩家ID:489242989124911105 移动方向: 0.0064072413 , 0 , 0.99997944
2025-11-28 20:00:34.7974 (StateSyncRequestHandler.cs:18) 玩家ID:489242989124911105 移动到新位置: 5.4205775 , 0 , 2.790629
2025-11-28 20:00:34.8978 (StateSyncRequestHandler.cs:18) 玩家ID:489242989124911105 移动方向: 0.1134065 , 0 , 0.9935487
2025-11-28 20:00:34.8978 (StateSyncRequestHandler.cs:18) 玩家ID:489242989124911105 移动到新位置: 5.443259 , 0 , 2.9893386
2025-11-28 20:00:34.9972 (StateSyncRequestHandler.cs:18) 玩家ID:489242989124911105 移动方向: 0.17937304 , 0 , 0.98378116
2025-11-28 20:00:34.9972 (StateSyncRequestHandler.cs:18) 玩家ID:489242989124911105 移动到新位置: 5.4791336 , 0 , 3.1860948
2025-11-28 20:00:35.0927 (StateSyncRequestHandler.cs:18) 玩家ID:489242989124911105 移动方向: 0.20621298 , 0 , 0.97850716
2025-11-28 20:00:35.0927 (StateSyncRequestHandler.cs:18) 玩家ID:489242989124911105 移动到新位置: 5.520376 , 0 , 3.3817961
2025-11-28 20:00:35.1891 (StateSyncRequestHandler.cs:18) 玩家ID:489242989124911105 移动方向: 0.21657914 , 0 , 0.9762651
2025-11-28 20:00:35.1891 (StateSyncRequestHandler.cs:18) 玩家ID:489242989124911105 移动到新位置: 5.563692 , 0 , 3.5770493
2025-11-28 20:00:35.2944 (StateSyncRequestHandler.cs:18) 玩家ID:489242989124911105 移动方向: 0.22038044 , 0 , 0.975414
2025-11-28 20:00:35.2944 (StateSyncRequestHandler.cs:18) 玩家ID:489242989124911105 移动到新位置: 5.607768 , 0 , 3.7721322
2025-11-28 20:00:35.3904 (StateSyncRequestHandler.cs:18) 玩家ID:489242989124911105 移动方向: 0.22145784 , 0 , 0.9751699
2025-11-28 20:00:35.3904 (StateSyncRequestHandler.cs:18) 玩家ID:489242989124911105 移动到新位置: 5.6520596 , 0 , 3.9671662
2025-11-28 20:00:35.4966 (StateSyncRequestHandler.cs:18) 玩家ID:489242989124911105 移动方向: 0.22182775 , 0 , 0.97508585
2025-11-28 20:00:35.4966 (StateSyncRequestHandler.cs:18) 玩家ID:489242989124911105 移动到新位置: 5.696425 , 0 , 4.1621833
2025-11-28 20:00:35.5895 (StateSyncRequestHandler.cs:18) 玩家ID:489242989124911105 移动方向: 0.2219271 , 0 , 0.97506326
2025-11-28 20:00:35.5895 (StateSyncRequestHandler.cs:18) 玩家ID:489242989124911105 移动到新位置: 5.7408104 , 0 , 4.357196
2025-11-28 20:00:35.6905 (StateSyncRequestHandler.cs:18) 玩家ID:489242989124911105 移动方向: 0.9749587 , 0 , -0.22238597
2025-11-28 20:00:35.6905 (StateSyncRequestHandler.cs:18) 玩家ID:489242989124911105 移动到新位置: 5.935802 , 0 , 4.312719
2025-11-28 20:00:35.7941 (StateSyncRequestHandler.cs:18) 玩家ID:489242989124911105 移动方向: 0.523757 , 0 , -0.8518677
2025-11-28 20:00:35.7941 (StateSyncRequestHandler.cs:18) 玩家ID:489242989124911105 移动到新位置: 6.0405536 , 0 , 4.1423454
2025-11-28 20:00:35.8985 (StateSyncRequestHandler.cs:18) 玩家ID:489242989124911105 移动方向: 0.510108 , 0 , -0.86011034
2025-11-28 20:00:35.8985 (StateSyncRequestHandler.cs:18) 玩家ID:489242989124911105 移动到新位置: 6.1425753 , 0 , 3.9703233
2025-11-28 20:00:35.9970 (StateSyncRequestHandler.cs:18) 玩家ID:489242989124911105 移动方向: -0.25653246 , 0 , -0.96653557
2025-11-28 20:00:35.9970 (StateSyncRequestHandler.cs:18) 玩家ID:489242989124911105 移动到新位置: 6.0912685 , 0 , 3.7770162
2025-11-28 20:00:36.0898 (StateSyncRequestHandler.cs:18) 玩家ID:489242989124911105 移动方向: -0.26284257 , 0 , -0.9648387
2025-11-28 20:00:36.0898 (StateSyncRequestHandler.cs:18) 玩家ID:489242989124911105 移动到新位置: 6.0387 , 0 , 3.5840485
2025-11-28 20:00:36.1951 (StateSyncRequestHandler.cs:18) 玩家ID:489242989124911105 移动方向: -0.2660209 , 0 , -0.96396726
2025-11-28 20:00:36.1951 (StateSyncRequestHandler.cs:18) 玩家ID:489242989124911105 移动到新位置: 5.985496 , 0 , 3.3912551
2025-11-28 20:00:36.2901 (StateSyncRequestHandler.cs:18) 玩家ID:489242989124911105 移动方向: -0.26706207 , 0 , -0.9636794
2025-11-28 20:00:36.2901 (StateSyncRequestHandler.cs:18) 玩家ID:489242989124911105 移动到新位置: 5.9320836 , 0 , 3.1985192
2025-11-28 20:00:36.3977 (StateSyncRequestHandler.cs:18) 玩家ID:489242989124911105 移动方向: -0.2674801 , 0 , -0.9635633
2025-11-28 20:00:36.3977 (StateSyncRequestHandler.cs:18) 玩家ID:489242989124911105 移动到新位置: 5.8785877 , 0 , 3.0058064
2025-11-28 20:00:36.4992 (StateSyncRequestHandler.cs:18) 玩家ID:489242989124911105 移动方向: -0.27539593 , 0 , -0.96133095
2025-11-28 20:00:36.4992 (StateSyncRequestHandler.cs:18) 玩家ID:489242989124911105 移动到新位置: 5.8235087 , 0 , 2.8135402
2025-11-28 20:00:36.5907 (StateSyncRequestHandler.cs:18) 玩家ID:489242989124911105 移动方向: -0.30539092 , 0 , -0.95222706
2025-11-28 20:00:36.5907 (StateSyncRequestHandler.cs:18) 玩家ID:489242989124911105 移动到新位置: 5.7624307 , 0 , 2.6230948
2025-11-28 20:00:36.6980 (StateSyncRequestHandler.cs:18) 玩家ID:489242989124911105 移动方向: 0.9274926 , 0 , -0.37384146
2025-11-28 20:00:36.6980 (StateSyncRequestHandler.cs:18) 玩家ID:489242989124911105 移动到新位置: 5.9479294 , 0 , 2.5483265
2025-11-28 20:00:36.7965 (StateSyncRequestHandler.cs:18) 玩家ID:489242989124911105 移动方向: 0.89835566 , 0 , -0.43926874
2025-11-28 20:00:36.7965 (StateSyncRequestHandler.cs:18) 玩家ID:489242989124911105 移动到新位置: 6.1276007 , 0 , 2.4604728
2025-11-28 20:00:36.8949 (StateSyncRequestHandler.cs:18) 玩家ID:489242989124911105 移动方向: 0.87867373 , 0 , -0.47742268
2025-11-28 20:00:36.8949 (StateSyncRequestHandler.cs:18) 玩家ID:489242989124911105 移动到新位置: 6.303335 , 0 , 2.3649883
2025-11-28 20:00:36.9999 (StateSyncRequestHandler.cs:18) 玩家ID:489242989124911105 移动方向: 0.869461 , 0 , -0.49400154
2025-11-28 20:00:36.9999 (StateSyncRequestHandler.cs:18) 玩家ID:489242989124911105 移动到新位置: 6.477227 , 0 , 2.2661881
2025-11-28 20:00:37.0987 (StateSyncRequestHandler.cs:18) 玩家ID:489242989124911105 移动方向: 0.8663083 , 0 , -0.49950966
2025-11-28 20:00:37.0987 (StateSyncRequestHandler.cs:18) 玩家ID:489242989124911105 移动到新位置: 6.650489 , 0 , 2.1662862
2025-11-28 20:00:37.1920 (StateSyncRequestHandler.cs:18) 玩家ID:489242989124911105 移动方向: 0.25735283 , 0 , -0.96631753
2025-11-28 20:00:37.1920 (StateSyncRequestHandler.cs:18) 玩家ID:489242989124911105 移动到新位置: 6.7019596 , 0 , 1.9730227
2025-11-28 20:00:37.2925 (StateSyncRequestHandler.cs:18) 玩家ID:489242989124911105 移动方向: -0.5019679 , 0 , -0.8648863
2025-11-28 20:00:37.2925 (StateSyncRequestHandler.cs:18) 玩家ID:489242989124911105 移动到新位置: 6.601566 , 0 , 1.8000455
2025-11-28 20:00:37.3994 (StateSyncRequestHandler.cs:18) 玩家ID:489242989124911105 移动方向: -0.5021853 , 0 , -0.86476004
2025-11-28 20:00:37.3994 (StateSyncRequestHandler.cs:18) 玩家ID:489242989124911105 移动到新位置: 6.5011287 , 0 , 1.6270936
2025-11-28 20:00:37.4979 (StateSyncRequestHandler.cs:18) 玩家ID:489242989124911105 移动方向: -0.8647283 , 0 , 0.50224006
2025-11-28 20:00:37.4979 (StateSyncRequestHandler.cs:18) 玩家ID:489242989124911105 移动到新位置: 6.328183 , 0 , 1.7275416
2025-11-28 20:00:37.5972 (StateSyncRequestHandler.cs:18) 玩家ID:489242989124911105 移动方向: -0.9665977 , 0 , -0.25629857
2025-11-28 20:00:37.5972 (StateSyncRequestHandler.cs:18) 玩家ID:489242989124911105 移动到新位置: 6.134864 , 0 , 1.6762818
2025-11-28 20:00:37.6970 (StateSyncRequestHandler.cs:18) 玩家ID:489242989124911105 移动方向: -0.50226235 , 0 , -0.8647152
2025-11-28 20:00:37.6970 (StateSyncRequestHandler.cs:18) 玩家ID:489242989124911105 移动到新位置: 6.0344114 , 0 , 1.5033388
2025-11-28 20:00:37.7978 (StateSyncRequestHandler.cs:18) 玩家ID:489242989124911105 移动方向: 0.25629112 , 0 , -0.9665996
2025-11-28 20:00:37.7978 (StateSyncRequestHandler.cs:18) 玩家ID:489242989124911105 移动到新位置: 6.0856695 , 0 , 1.3100189
2025-11-28 20:00:37.8995 (StateSyncRequestHandler.cs:18) 玩家ID:489242989124911105 移动方向: 0.8647141 , 0 , -0.5022644
2025-11-28 20:00:37.8995 (StateSyncRequestHandler.cs:18) 玩家ID:489242989124911105 移动到新位置: 6.258612 , 0 , 1.209566
2025-11-28 20:00:37.9965 (StateSyncRequestHandler.cs:18) 玩家ID:489242989124911105 移动方向: 0.8647141 , 0 , -0.5022644
2025-11-28 20:00:37.9965 (StateSyncRequestHandler.cs:18) 玩家ID:489242989124911105 移动到新位置: 6.431555 , 0 , 1.1091131
2025-11-28 20:00:38.0988 (StateSyncRequestHandler.cs:18) 玩家ID:489242989124911105 移动方向: 0.8647141 , 0 , -0.5022644
2025-11-28 20:00:38.0988 (StateSyncRequestHandler.cs:18) 玩家ID:489242989124911105 移动到新位置: 6.6044974 , 0 , 1.0086602
2025-11-28 20:00:38.1897 (StateSyncRequestHandler.cs:18) 玩家ID:489242989124911105 移动方向: 0.8647141 , 0 , -0.5022644
2025-11-28 20:00:38.1897 (StateSyncRequestHandler.cs:18) 玩家ID:489242989124911105 移动到新位置: 6.77744 , 0 , 0.9082073
2025-11-28 20:00:38.2924 (StateSyncRequestHandler.cs:18) 玩家ID:489242989124911105 移动方向: 0.8647141 , 0 , -0.5022644
2025-11-28 20:00:38.2924 (StateSyncRequestHandler.cs:18) 玩家ID:489242989124911105 移动到新位置: 6.9503827 , 0 , 0.8077544
2025-11-28 20:00:38.3919 (StateSyncRequestHandler.cs:18) 玩家ID:489242989124911105 移动方向: 0.8647141 , 0 , -0.5022644
2025-11-28 20:00:38.3919 (StateSyncRequestHandler.cs:18) 玩家ID:489242989124911105 移动到新位置: 7.1233253 , 0 , 0.7073015
2025-11-28 20:00:38.4917 (StateSyncRequestHandler.cs:18) 玩家ID:489242989124911105 移动方向: 0.8647141 , 0 , -0.5022644
2025-11-28 20:00:38.4917 (StateSyncRequestHandler.cs:18) 玩家ID:489242989124911105 移动到新位置: 7.296268 , 0 , 0.6068486
2025-11-28 20:00:38.5973 (StateSyncRequestHandler.cs:18) 玩家ID:489242989124911105 移动方向: 0.25629064 , 0 , -0.9665998
2025-11-28 20:00:38.5973 (StateSyncRequestHandler.cs:18) 玩家ID:489242989124911105 移动到新位置: 7.347526 , 0 , 0.41352865
2025-11-28 20:00:38.6932 (StateSyncRequestHandler.cs:18) 玩家ID:489242989124911105 移动方向: -0.5022644 , 0 , -0.86471415
2025-11-28 20:00:38.6932 (StateSyncRequestHandler.cs:18) 玩家ID:489242989124911105 移动到新位置: 7.247073 , 0 , 0.24058583
2025-11-28 20:00:38.7912 (StateSyncRequestHandler.cs:18) 玩家ID:489242989124911105 移动方向: -0.5022644 , 0 , -0.86471415
2025-11-28 20:00:38.7912 (StateSyncRequestHandler.cs:18) 玩家ID:489242989124911105 移动到新位置: 7.1466203 , 0 , 0.06764302
2025-11-28 20:00:38.8967 (StateSyncRequestHandler.cs:18) 玩家ID:489242989124911105 移动方向: -0.5022644 , 0 , -0.86471415
2025-11-28 20:00:38.8967 (StateSyncRequestHandler.cs:18) 玩家ID:489242989124911105 移动到新位置: 7.0461674 , 0 , -0.1052998
2025-11-28 20:00:39.0004 (StateSyncRequestHandler.cs:18) 玩家ID:489242989124911105 移动方向: -0.5022644 , 0 , -0.86471415
2025-11-28 20:00:39.0004 (StateSyncRequestHandler.cs:18) 玩家ID:489242989124911105 移动到新位置: 6.9457145 , 0 , -0.27824262
2025-11-28 20:00:39.0945 (StateSyncRequestHandler.cs:18) 玩家ID:489242989124911105 移动方向: -0.5022644 , 0 , -0.86471415
2025-11-28 20:00:39.0945 (StateSyncRequestHandler.cs:18) 玩家ID:489242989124911105 移动到新位置: 6.8452616 , 0 , -0.45118544
2025-11-28 20:00:39.1920 (StateSyncRequestHandler.cs:18) 玩家ID:489242989124911105 移动方向: -0.5022644 , 0 , -0.86471415
2025-11-28 20:00:39.1920 (StateSyncRequestHandler.cs:18) 玩家ID:489242989124911105 移动到新位置: 6.7448087 , 0 , -0.6241282
2025-11-28 20:00:39.2985 (StateSyncRequestHandler.cs:18) 玩家ID:489242989124911105 移动方向: 0.8647141 , 0 , -0.5022644
2025-11-28 20:00:39.2985 (StateSyncRequestHandler.cs:18) 玩家ID:489242989124911105 移动到新位置: 6.9177513 , 0 , -0.7245811
2025-11-28 20:00:39.3965 (StateSyncRequestHandler.cs:18) 玩家ID:489242989124911105 移动方向: 0.8647141 , 0 , -0.5022644
2025-11-28 20:00:39.3965 (StateSyncRequestHandler.cs:18) 玩家ID:489242989124911105 移动到新位置: 7.090694 , 0 , -0.825034
2025-11-28 20:00:39.4969 (StateSyncRequestHandler.cs:18) 玩家ID:489242989124911105 移动方向: 0.8647141 , 0 , -0.5022644
2025-11-28 20:00:39.4969 (StateSyncRequestHandler.cs:18) 玩家ID:489242989124911105 移动到新位置: 7.2636366 , 0 , -0.9254869
2025-11-28 20:00:39.5967 (StateSyncRequestHandler.cs:18) 玩家ID:489242989124911105 移动方向: 0.8647141 , 0 , -0.5022644
2025-11-28 20:00:39.5967 (StateSyncRequestHandler.cs:18) 玩家ID:489242989124911105 移动到新位置: 7.436579 , 0 , -1.0259398
2025-11-28 20:00:39.6984 (StateSyncRequestHandler.cs:18) 玩家ID:489242989124911105 移动方向: 0.8647141 , 0 , -0.5022644
2025-11-28 20:00:39.6984 (StateSyncRequestHandler.cs:18) 玩家ID:489242989124911105 移动到新位置: 7.609522 , 0 , -1.1263927
2025-11-28 20:00:39.7968 (StateSyncRequestHandler.cs:18) 玩家ID:489242989124911105 移动方向: 0.8647141 , 0 , -0.5022644
2025-11-28 20:00:39.7968 (StateSyncRequestHandler.cs:18) 玩家ID:489242989124911105 移动到新位置: 7.7824645 , 0 , -1.2268456
2025-11-28 20:00:39.8953 (StateSyncRequestHandler.cs:18) 玩家ID:489242989124911105 移动方向: 0.25629064 , 0 , -0.9665998
2025-11-28 20:00:39.8953 (StateSyncRequestHandler.cs:18) 玩家ID:489242989124911105 移动到新位置: 7.8337226 , 0 , -1.4201655
2025-11-28 20:00:40.0006 (StateSyncRequestHandler.cs:18) 玩家ID:489242989124911105 移动方向: -0.5022644 , 0 , -0.86471415
2025-11-28 20:00:40.0006 (StateSyncRequestHandler.cs:18) 玩家ID:489242989124911105 移动到新位置: 7.7332697 , 0 , -1.5931084
2025-11-28 20:00:40.0932 (StateSyncRequestHandler.cs:18) 玩家ID:489242989124911105 移动方向: -0.5022644 , 0 , -0.86471415
2025-11-28 20:00:40.0932 (StateSyncRequestHandler.cs:18) 玩家ID:489242989124911105 移动到新位置: 7.632817 , 0 , -1.7660513
2025-11-28 20:00:40.1960 (StateSyncRequestHandler.cs:18) 玩家ID:489242989124911105 移动方向: -0.5022644 , 0 , -0.86471415
2025-11-28 20:00:40.1960 (StateSyncRequestHandler.cs:18) 玩家ID:489242989124911105 移动到新位置: 7.532364 , 0 , -1.9389942
2025-11-28 20:00:40.2979 (StateSyncRequestHandler.cs:18) 玩家ID:489242989124911105 移动方向: -0.5022644 , 0 , -0.86471415
2025-11-28 20:00:40.2979 (StateSyncRequestHandler.cs:18) 玩家ID:489242989124911105 移动到新位置: 7.431911 , 0 , -2.111937
2025-11-28 20:00:40.3919 (StateSyncRequestHandler.cs:18) 玩家ID:489242989124911105 移动方向: -0.5022644 , 0 , -0.86471415
2025-11-28 20:00:40.3919 (StateSyncRequestHandler.cs:18) 玩家ID:489242989124911105 移动到新位置: 7.331458 , 0 , -2.28488
2025-11-28 20:00:40.4903 (StateSyncRequestHandler.cs:18) 玩家ID:489242989124911105 移动到新位置: 7.331458 , 0 , -2.28488
2025-11-28 20:00:40.5976 (StateSyncRequestHandler.cs:18) 玩家ID:489242989124911105 移动方向: -0.25629064 , 0 , 0.9665998
2025-11-28 20:00:40.5976 (StateSyncRequestHandler.cs:18) 玩家ID:489242989124911105 移动到新位置: 7.2802 , 0 , -2.09156
2025-11-28 20:00:40.6906 (StateSyncRequestHandler.cs:18) 玩家ID:489242989124911105 移动方向: -0.25629064 , 0 , 0.9665998
2025-11-28 20:00:40.6906 (StateSyncRequestHandler.cs:18) 玩家ID:489242989124911105 移动到新位置: 7.228942 , 0 , -1.89824
2025-11-28 20:00:40.7976 (StateSyncRequestHandler.cs:18) 玩家ID:489242989124911105 移动方向: -0.25629064 , 0 , 0.9665998
2025-11-28 20:00:40.7976 (StateSyncRequestHandler.cs:18) 玩家ID:489242989124911105 移动到新位置: 7.177684 , 0 , -1.70492
2025-11-28 20:00:40.8961 (StateSyncRequestHandler.cs:18) 玩家ID:489242989124911105 移动方向: -0.25629064 , 0 , 0.9665998
2025-11-28 20:00:40.8961 (StateSyncRequestHandler.cs:18) 玩家ID:489242989124911105 移动到新位置: 7.1264257 , 0 , -1.5116001
2025-11-28 20:00:40.9908 (StateSyncRequestHandler.cs:18) 玩家ID:489242989124911105 移动方向: -0.25629064 , 0 , 0.9665998
2025-11-28 20:00:40.9908 (StateSyncRequestHandler.cs:18) 玩家ID:489242989124911105 移动到新位置: 7.0751677 , 0 , -1.3182802
2025-11-28 20:00:41.0891 (StateSyncRequestHandler.cs:18) 玩家ID:489242989124911105 移动方向: -0.9665997 , 0 , -0.2562907
2025-11-28 20:00:41.0891 (StateSyncRequestHandler.cs:18) 玩家ID:489242989124911105 移动到新位置: 6.881848 , 0 , -1.3695383
2025-11-28 20:00:41.1984 (StateSyncRequestHandler.cs:18) 玩家ID:489242989124911105 移动方向: -0.5022644 , 0 , -0.86471415
2025-11-28 20:00:41.1984 (StateSyncRequestHandler.cs:18) 玩家ID:489242989124911105 移动到新位置: 6.781395 , 0 , -1.5424812
2025-11-28 20:00:41.2904 (StateSyncRequestHandler.cs:18) 玩家ID:489242989124911105 移动方向: -0.5022644 , 0 , -0.86471415
2025-11-28 20:00:41.2904 (StateSyncRequestHandler.cs:18) 玩家ID:489242989124911105 移动到新位置: 6.680942 , 0 , -1.7154241
2025-11-28 20:00:41.3901 (StateSyncRequestHandler.cs:18) 玩家ID:489242989124911105 移动方向: 0.8647141 , 0 , -0.5022644
2025-11-28 20:00:41.3901 (StateSyncRequestHandler.cs:18) 玩家ID:489242989124911105 移动到新位置: 6.8538847 , 0 , -1.815877
2025-11-28 20:00:41.4990 (StateSyncRequestHandler.cs:18) 玩家ID:489242989124911105 移动方向: 0.8647141 , 0 , -0.5022644
2025-11-28 20:00:41.4990 (StateSyncRequestHandler.cs:18) 玩家ID:489242989124911105 移动到新位置: 7.0268273 , 0 , -1.9163299
2025-11-28 20:00:41.5970 (StateSyncRequestHandler.cs:18) 玩家ID:489242989124911105 移动方向: 0.9665997 , 0 , 0.2562907
2025-11-28 20:00:41.5970 (StateSyncRequestHandler.cs:18) 玩家ID:489242989124911105 移动到新位置: 7.220147 , 0 , -1.8650718
2025-11-28 20:00:41.6911 (StateSyncRequestHandler.cs:18) 玩家ID:489242989124911105 移动方向: 0.9665997 , 0 , 0.2562907
2025-11-28 20:00:41.6911 (StateSyncRequestHandler.cs:18) 玩家ID:489242989124911105 移动到新位置: 7.413467 , 0 , -1.8138137
2025-11-28 20:00:41.7929 (StateSyncRequestHandler.cs:18) 玩家ID:489242989124911105 移动方向: 0.9665997 , 0 , 0.2562907
2025-11-28 20:00:41.7929 (StateSyncRequestHandler.cs:18) 玩家ID:489242989124911105 移动到新位置: 7.6067867 , 0 , -1.7625556
2025-11-28 20:00:41.8985 (StateSyncRequestHandler.cs:18) 玩家ID:489242989124911105 移动方向: 0.8647141 , 0 , -0.5022644
2025-11-28 20:00:41.8985 (StateSyncRequestHandler.cs:18) 玩家ID:489242989124911105 移动到新位置: 7.7797294 , 0 , -1.8630085
2025-11-28 20:00:41.9945 (StateSyncRequestHandler.cs:18) 玩家ID:489242989124911105 移动方向: 0.25629064 , 0 , -0.9665998
2025-11-28 20:00:41.9945 (StateSyncRequestHandler.cs:18) 玩家ID:489242989124911105 移动到新位置: 7.8309875 , 0 , -2.0563285
2025-11-28 20:00:42.0992 (StateSyncRequestHandler.cs:18) 玩家ID:489242989124911105 移动方向: 0.25629064 , 0 , -0.9665998
2025-11-28 20:00:42.0992 (StateSyncRequestHandler.cs:18) 玩家ID:489242989124911105 移动到新位置: 7.8822455 , 0 , -2.2496486
2025-11-28 20:00:42.1903 (StateSyncRequestHandler.cs:18) 玩家ID:489242989124911105 移动方向: -0.5022644 , 0 , -0.86471415
2025-11-28 20:00:42.1903 (StateSyncRequestHandler.cs:18) 玩家ID:489242989124911105 移动到新位置: 7.7817926 , 0 , -2.4225914
2025-11-28 20:00:42.2954 (StateSyncRequestHandler.cs:18) 玩家ID:489242989124911105 移动方向: -0.8647141 , 0 , 0.5022644
2025-11-28 20:00:42.2954 (StateSyncRequestHandler.cs:18) 玩家ID:489242989124911105 移动到新位置: 7.60885 , 0 , -2.3221385
2025-11-28 20:00:42.3990 (StateSyncRequestHandler.cs:18) 玩家ID:489242989124911105 移动方向: -0.8647141 , 0 , 0.5022644
2025-11-28 20:00:42.3990 (StateSyncRequestHandler.cs:18) 玩家ID:489242989124911105 移动到新位置: 7.4359074 , 0 , -2.2216856
2025-11-28 20:00:42.4952 (StateSyncRequestHandler.cs:18) 玩家ID:489242989124911105 移动方向: -0.25629064 , 0 , 0.9665998
2025-11-28 20:00:42.4952 (StateSyncRequestHandler.cs:18) 玩家ID:489242989124911105 移动到新位置: 7.3846493 , 0 , -2.0283656
2025-11-28 20:00:42.5907 (StateSyncRequestHandler.cs:18) 玩家ID:489242989124911105 移动方向: -0.25171444 , 0 , 0.9678016
2025-11-28 20:00:42.5907 (StateSyncRequestHandler.cs:18) 玩家ID:489242989124911105 移动到新位置: 7.3343062 , 0 , -1.8348053
2025-11-28 20:00:42.6968 (StateSyncRequestHandler.cs:18) 玩家ID:489242989124911105 移动方向: -0.8515536 , 0 , 0.5242676
2025-11-28 20:00:42.6968 (StateSyncRequestHandler.cs:18) 玩家ID:489242989124911105 移动到新位置: 7.1639957 , 0 , -1.7299517
2025-11-28 20:00:42.7972 (StateSyncRequestHandler.cs:18) 玩家ID:489242989124911105 移动到新位置: 7.1639957 , 0 , -1.7299517
2025-11-28 20:00:45.6059  创建队伍成功 队伍ID：492059714576973824 玩家ID：489242989124911105
2025-11-28 20:04:13.7741  

==========================================================================
 
  ███████╗ █████╗ ███╗   ██╗████████╗ █████╗  ██████╗ ██╗   ██╗
  ██╔════╝██╔══██╗████╗  ██║╚══██╔══╝██╔══██╗██╔════╝ ╚██╗ ██╔╝
  █████╗  ███████║██╔██╗ ██║   ██║   ███████║╚█████╗   ╚████╔╝ 
  ██╔══╝  ██╔══██║██║╚██╗██║   ██║   ██╔══██║╚════██║   ╚██╔╝  
  ██║     ██║  ██║██║ ╚████║   ██║   ██║  ██║██████╔╝    ██║   
  ╚═╝     ╚═╝  ╚═╝╚═╝  ╚═══╝   ╚═╝   ╚═╝  ╚═╝╚═════╝     ╚═╝   
                                                            
 Version : Fantasy 2.0 Official version
==========================================================================

2025-11-28 20:04:13.8578  Current inner network protocol:TCP
2025-11-28 20:04:13.8578  Max Message Size(byte):1048560
2025-11-28 20:04:13.8578  Current session idle timeout:8000
2025-11-28 20:04:13.8578  Session-check interval:5000 
2025-11-28 20:04:14.5907  dbName:OnlineTest Initialize the db database and connect to the target.
2025-11-28 20:04:14.9799  dbName:OnlineTest Database connection successful.
2025-11-28 20:04:15.3868  SceneConfigId = 1001 networkTarget = Inner TCPServer Listen 127.0.0.1:11002
2025-11-28 20:04:15.7395  SceneConfigId = 1001 networkTarget = Outer KCPServer Listen 0.0.0.0:20000
2025-11-28 20:04:15.7405  Process:1 Startup Complete SceneCount:1
2025-11-28 20:04:20.2279 (LoginRequestHandler.cs:16) 收到登录请求
2025-11-28 20:04:20.4698 (EntryLobbyRequestHandler.cs:32) 进入大厅成功，玩家ID:490676460229754881
2025-11-28 20:04:21.7943 (LobbyPlayerManagerComponentSystem.cs:97) 玩家ID:490676460229754881 移动方向: -0.8477856 , 0 , -0.5303392
2025-11-28 20:04:21.7943 (LobbyPlayerManagerComponentSystem.cs:102) 玩家ID:490676460229754881 移动到新位置: 5.396947 , 0 , 4.6960273
2025-11-28 20:04:21.8787 (LobbyPlayerManagerComponentSystem.cs:97) 玩家ID:490676460229754881 移动方向: -0.15539011 , 0 , -0.98785317
2025-11-28 20:04:21.8787 (LobbyPlayerManagerComponentSystem.cs:102) 玩家ID:490676460229754881 移动到新位置: 5.365869 , 0 , 4.4984565
2025-11-28 20:04:21.9817 (LobbyPlayerManagerComponentSystem.cs:97) 玩家ID:490676460229754881 移动方向: 0.5473254 , 0 , -0.8369199
2025-11-28 20:04:21.9817 (LobbyPlayerManagerComponentSystem.cs:102) 玩家ID:490676460229754881 移动到新位置: 5.475334 , 0 , 4.3310723
2025-11-28 20:04:22.0824 (LobbyPlayerManagerComponentSystem.cs:97) 玩家ID:490676460229754881 移动方向: 0.24020812 , 0 , -0.97072136
2025-11-28 20:04:22.0824 (LobbyPlayerManagerComponentSystem.cs:102) 玩家ID:490676460229754881 移动到新位置: 5.523376 , 0 , 4.136928
2025-11-28 20:04:22.1840 (LobbyPlayerManagerComponentSystem.cs:97) 玩家ID:490676460229754881 移动方向: 0.50190306 , 0 , -0.86492383
2025-11-28 20:04:22.1840 (LobbyPlayerManagerComponentSystem.cs:102) 玩家ID:490676460229754881 移动到新位置: 5.6237564 , 0 , 3.9639432
2025-11-28 20:04:22.2792 (LobbyPlayerManagerComponentSystem.cs:97) 玩家ID:490676460229754881 移动方向: -0.12591575 , 0 , -0.99204093
2025-11-28 20:04:22.2792 (LobbyPlayerManagerComponentSystem.cs:102) 玩家ID:490676460229754881 移动到新位置: 5.598573 , 0 , 3.765535
2025-11-28 20:04:22.3768 (LobbyPlayerManagerComponentSystem.cs:97) 玩家ID:490676460229754881 移动方向: -0.76508206 , 0 , -0.6439328
2025-11-28 20:04:22.3768 (LobbyPlayerManagerComponentSystem.cs:102) 玩家ID:490676460229754881 移动到新位置: 5.4455566 , 0 , 3.6367486
2025-11-28 20:04:22.4806 (LobbyPlayerManagerComponentSystem.cs:97) 玩家ID:490676460229754881 移动方向: -0.8437297 , 0 , -0.5367684
2025-11-28 20:04:22.4806 (LobbyPlayerManagerComponentSystem.cs:102) 玩家ID:490676460229754881 移动到新位置: 5.2768106 , 0 , 3.5293949
2025-11-28 20:04:22.5820 (LobbyPlayerManagerComponentSystem.cs:97) 玩家ID:490676460229754881 移动方向: -0.39418408 , 0 , -0.9190315
2025-11-28 20:04:22.5820 (LobbyPlayerManagerComponentSystem.cs:102) 玩家ID:490676460229754881 移动到新位置: 5.1979737 , 0 , 3.3455887
2025-11-28 20:04:22.6850 (LobbyPlayerManagerComponentSystem.cs:102) 玩家ID:490676460229754881 移动到新位置: 5.1979737 , 0 , 3.3455887
2025-11-28 20:04:22.9804 (LobbyPlayerManagerComponentSystem.cs:97) 玩家ID:490676460229754881 移动方向: 0.8929097 , 0 , 0.45023578
2025-11-28 20:04:22.9804 (LobbyPlayerManagerComponentSystem.cs:102) 玩家ID:490676460229754881 移动到新位置: 5.3765554 , 0 , 3.4356358
2025-11-28 20:04:23.0790 (LobbyPlayerManagerComponentSystem.cs:97) 玩家ID:490676460229754881 移动方向: 0.9992611 , 0 , -0.03843424
2025-11-28 20:04:23.0790 (LobbyPlayerManagerComponentSystem.cs:102) 玩家ID:490676460229754881 移动到新位置: 5.5764074 , 0 , 3.427949
2025-11-28 20:04:23.1823 (LobbyPlayerManagerComponentSystem.cs:97) 玩家ID:490676460229754881 移动方向: 0.92257607 , 0 , -0.3858152
2025-11-28 20:04:23.1823 (LobbyPlayerManagerComponentSystem.cs:102) 玩家ID:490676460229754881 移动到新位置: 5.7609224 , 0 , 3.350786
2025-11-28 20:04:23.2776 (LobbyPlayerManagerComponentSystem.cs:97) 玩家ID:490676460229754881 移动方向: 0.85592794 , 0 , -0.51709515
2025-11-28 20:04:23.2776 (LobbyPlayerManagerComponentSystem.cs:102) 玩家ID:490676460229754881 移动到新位置: 5.932108 , 0 , 3.247367
2025-11-28 20:04:23.3851 (LobbyPlayerManagerComponentSystem.cs:97) 玩家ID:490676460229754881 移动方向: 0.18216377 , 0 , -0.98326814
2025-11-28 20:04:23.3851 (LobbyPlayerManagerComponentSystem.cs:102) 玩家ID:490676460229754881 移动到新位置: 5.9685407 , 0 , 3.0507133
2025-11-28 20:04:23.4815 (LobbyPlayerManagerComponentSystem.cs:97) 玩家ID:490676460229754881 移动方向: 0.1649181 , 0 , -0.98630726
2025-11-28 20:04:23.4815 (LobbyPlayerManagerComponentSystem.cs:102) 玩家ID:490676460229754881 移动到新位置: 6.0015244 , 0 , 2.853452
2025-11-28 20:04:23.5771 (LobbyPlayerManagerComponentSystem.cs:97) 玩家ID:490676460229754881 移动方向: 0.1591416 , 0 , -0.98725575
2025-11-28 20:04:23.5771 (LobbyPlayerManagerComponentSystem.cs:102) 玩家ID:490676460229754881 移动到新位置: 6.033353 , 0 , 2.6560009
2025-11-28 20:04:23.6807 (LobbyPlayerManagerComponentSystem.cs:97) 玩家ID:490676460229754881 移动方向: 0.15722924 , 0 , -0.98756206
2025-11-28 20:04:23.6807 (LobbyPlayerManagerComponentSystem.cs:102) 玩家ID:490676460229754881 移动到新位置: 6.064799 , 0 , 2.4584885
2025-11-28 20:04:23.7785 (LobbyPlayerManagerComponentSystem.cs:97) 玩家ID:490676460229754881 移动方向: 0.15667975 , 0 , -0.98764944
2025-11-28 20:04:23.7785 (LobbyPlayerManagerComponentSystem.cs:102) 玩家ID:490676460229754881 移动到新位置: 6.0961347 , 0 , 2.2609587
2025-11-28 20:04:23.8807 (LobbyPlayerManagerComponentSystem.cs:97) 玩家ID:490676460229754881 移动方向: 0.15650639 , 0 , -0.9876769
2025-11-28 20:04:23.8807 (LobbyPlayerManagerComponentSystem.cs:102) 玩家ID:490676460229754881 移动到新位置: 6.127436 , 0 , 2.0634234
2025-11-28 20:04:23.9806 (LobbyPlayerManagerComponentSystem.cs:97) 玩家ID:490676460229754881 移动方向: 0.156456 , 0 , -0.9876849
2025-11-28 20:04:23.9806 (LobbyPlayerManagerComponentSystem.cs:102) 玩家ID:490676460229754881 移动到新位置: 6.158727 , 0 , 1.8658864
2025-11-28 20:04:24.0835 (LobbyPlayerManagerComponentSystem.cs:97) 玩家ID:490676460229754881 移动方向: 0.15644133 , 0 , -0.98768723
2025-11-28 20:04:24.0841 (LobbyPlayerManagerComponentSystem.cs:102) 玩家ID:490676460229754881 移动到新位置: 6.1900153 , 0 , 1.668349
2025-11-28 20:04:24.1853 (LobbyPlayerManagerComponentSystem.cs:97) 玩家ID:490676460229754881 移动方向: 0.15643728 , 0 , -0.9876879
2025-11-28 20:04:24.1853 (LobbyPlayerManagerComponentSystem.cs:102) 玩家ID:490676460229754881 移动到新位置: 6.221303 , 0 , 1.4708115
2025-11-28 20:04:24.2765 (LobbyPlayerManagerComponentSystem.cs:97) 玩家ID:490676460229754881 移动方向: 0.15643626 , 0 , -0.98768806
2025-11-28 20:04:24.2765 (LobbyPlayerManagerComponentSystem.cs:102) 玩家ID:490676460229754881 移动到新位置: 6.25259 , 0 , 1.2732738
2025-11-28 20:04:24.3843 (LobbyPlayerManagerComponentSystem.cs:97) 玩家ID:490676460229754881 移动方向: 0.15643582 , 0 , -0.9876882
2025-11-28 20:04:24.3843 (LobbyPlayerManagerComponentSystem.cs:102) 玩家ID:490676460229754881 移动到新位置: 6.2838774 , 0 , 1.0757362
2025-11-28 20:04:24.4839 (LobbyPlayerManagerComponentSystem.cs:97) 玩家ID:490676460229754881 移动方向: 0.15643582 , 0 , -0.9876882
2025-11-28 20:04:24.4839 (LobbyPlayerManagerComponentSystem.cs:102) 玩家ID:490676460229754881 移动到新位置: 6.3151646 , 0 , 0.8781985
2025-11-28 20:04:24.5808 (LobbyPlayerManagerComponentSystem.cs:97) 玩家ID:490676460229754881 移动方向: 0.8090178 , 0 , -0.5877841
2025-11-28 20:04:24.5808 (LobbyPlayerManagerComponentSystem.cs:102) 玩家ID:490676460229754881 移动到新位置: 6.4769683 , 0 , 0.7606417
2025-11-28 20:04:24.6762 (LobbyPlayerManagerComponentSystem.cs:97) 玩家ID:490676460229754881 移动方向: 0.98768806 , 0 , 0.15643588
2025-11-28 20:04:24.6762 (LobbyPlayerManagerComponentSystem.cs:102) 玩家ID:490676460229754881 移动到新位置: 6.6745057 , 0 , 0.7919289
2025-11-28 20:04:24.7808 (StateSyncRequestHandler.cs:18) 玩家ID:490676460229754881 移动方向: 0.98768806 , 0 , 0.15643588
2025-11-28 20:04:24.7808 (StateSyncRequestHandler.cs:18) 玩家ID:490676460229754881 移动到新位置: 6.872043 , 0 , 0.8232161
2025-11-28 20:04:24.8774 (StateSyncRequestHandler.cs:18) 玩家ID:490676460229754881 移动方向: 0.8090178 , 0 , -0.5877841
2025-11-28 20:04:24.8774 (StateSyncRequestHandler.cs:18) 玩家ID:490676460229754881 移动到新位置: 7.033847 , 0 , 0.7056593
2025-11-28 20:04:24.9829 (StateSyncRequestHandler.cs:18) 玩家ID:490676460229754881 移动方向: 0.15643588 , 0 , -0.9876882
2025-11-28 20:04:24.9829 (StateSyncRequestHandler.cs:18) 玩家ID:490676460229754881 移动到新位置: 7.065134 , 0 , 0.5081216
2025-11-28 20:04:25.0784 (StateSyncRequestHandler.cs:18) 玩家ID:490676460229754881 移动方向: 0.15643588 , 0 , -0.9876882
2025-11-28 20:04:25.0784 (StateSyncRequestHandler.cs:18) 玩家ID:490676460229754881 移动到新位置: 7.0964212 , 0 , 0.31058398
2025-11-28 20:04:25.1830 (StateSyncRequestHandler.cs:18) 玩家ID:490676460229754881 移动方向: -0.5877841 , 0 , -0.80901784
2025-11-28 20:04:25.1830 (StateSyncRequestHandler.cs:18) 玩家ID:490676460229754881 移动到新位置: 6.978864 , 0 , 0.1487804
2025-11-28 20:04:25.2755 (StateSyncRequestHandler.cs:18) 玩家ID:490676460229754881 移动到新位置: 6.978864 , 0 , 0.1487804
2025-11-28 20:04:27.3568  创建队伍成功 队伍ID：492063528507932672 玩家ID：490676460229754881
2025-11-28 20:05:33.1413  收到登录请求
2025-11-28 20:05:33.1829  进入大厅成功，玩家ID:490676460229754881
2025-11-28 20:05:34.0105 (StateSyncRequestHandler.cs:18) 玩家ID:490676460229754881 移动方向: -0.040392127 , 0 , 0.9991839
2025-11-28 20:05:34.0105 (StateSyncRequestHandler.cs:18) 玩家ID:490676460229754881 移动到新位置: 6.9707856 , 0 , 0.3486172
2025-11-28 20:05:34.1130 (StateSyncRequestHandler.cs:18) 玩家ID:490676460229754881 移动方向: -0.12771365 , 0 , 0.9918111
2025-11-28 20:05:34.1130 (StateSyncRequestHandler.cs:18) 玩家ID:490676460229754881 移动到新位置: 6.945243 , 0 , 0.5469794
2025-11-28 20:05:34.2102 (StateSyncRequestHandler.cs:18) 玩家ID:490676460229754881 移动到新位置: 6.945243 , 0 , 0.5469794
2025-11-28 20:05:35.9874  创建队伍成功 队伍ID：492064696739037184 玩家ID：490676460229754881
2025-11-28 20:19:56.6671  

==========================================================================
 
  ███████╗ █████╗ ███╗   ██╗████████╗ █████╗  ██████╗ ██╗   ██╗
  ██╔════╝██╔══██╗████╗  ██║╚══██╔══╝██╔══██╗██╔════╝ ╚██╗ ██╔╝
  █████╗  ███████║██╔██╗ ██║   ██║   ███████║╚█████╗   ╚████╔╝ 
  ██╔══╝  ██╔══██║██║╚██╗██║   ██║   ██╔══██║╚════██║   ╚██╔╝  
  ██║     ██║  ██║██║ ╚████║   ██║   ██║  ██║██████╔╝    ██║   
  ╚═╝     ╚═╝  ╚═╝╚═╝  ╚═══╝   ╚═╝   ╚═╝  ╚═╝╚═════╝     ╚═╝   
                                                            
 Version : Fantasy 2.0 Official version
==========================================================================

2025-11-28 20:19:56.7254  Current inner network protocol:TCP
2025-11-28 20:19:56.7254  Max Message Size(byte):1048560
2025-11-28 20:19:56.7254  Current session idle timeout:8000
2025-11-28 20:19:56.7254  Session-check interval:5000 
2025-11-28 20:19:57.1207  dbName:OnlineTest Initialize the db database and connect to the target.
2025-11-28 20:19:57.3486  dbName:OnlineTest Database connection successful.
2025-11-28 20:19:57.6786  SceneConfigId = 1001 networkTarget = Inner TCPServer Listen 127.0.0.1:11002
2025-11-28 20:19:57.9624  SceneConfigId = 1001 networkTarget = Outer KCPServer Listen 0.0.0.0:20000
2025-11-28 20:19:57.9624  Process:1 Startup Complete SceneCount:1
2025-11-28 20:20:07.5775 (LoginRequestHandler.cs:16) 收到登录请求
2025-11-28 20:20:07.8183 (EntryLobbyRequestHandler.cs:32) 进入大厅成功，玩家ID:490676460229754881
2025-11-28 20:20:08.8969 (LobbyPlayerManagerComponentSystem.cs:97) 玩家ID:490676460229754881 移动方向: -0.9943683 , 0 , -0.10597937
2025-11-28 20:20:08.8969 (LobbyPlayerManagerComponentSystem.cs:102) 玩家ID:490676460229754881 移动到新位置: 6.7463694 , 0 , 0.52578354
2025-11-28 20:20:08.9831 (LobbyPlayerManagerComponentSystem.cs:97) 玩家ID:490676460229754881 移动方向: -0.8920219 , 0 , -0.45199218
2025-11-28 20:20:08.9831 (LobbyPlayerManagerComponentSystem.cs:102) 玩家ID:490676460229754881 移动到新位置: 6.567965 , 0 , 0.4353851
2025-11-28 20:20:09.0846 (LobbyPlayerManagerComponentSystem.cs:97) 玩家ID:490676460229754881 移动方向: -0.753336 , 0 , -0.65763587
2025-11-28 20:20:09.0846 (LobbyPlayerManagerComponentSystem.cs:102) 玩家ID:490676460229754881 移动到新位置: 6.417298 , 0 , 0.30385792
2025-11-28 20:20:09.1898 (LobbyPlayerManagerComponentSystem.cs:97) 玩家ID:490676460229754881 移动方向: 0.12010226 , 0 , -0.9927615
2025-11-28 20:20:09.1898 (LobbyPlayerManagerComponentSystem.cs:102) 玩家ID:490676460229754881 移动到新位置: 6.4413185 , 0 , 0.10530563
2025-11-28 20:20:09.2930 (LobbyPlayerManagerComponentSystem.cs:97) 玩家ID:490676460229754881 移动方向: -0.3147805 , 0 , -0.9491645
2025-11-28 20:20:09.2930 (LobbyPlayerManagerComponentSystem.cs:102) 玩家ID:490676460229754881 移动到新位置: 6.3783627 , 0 , -0.08452727
2025-11-28 20:20:09.3844 (LobbyPlayerManagerComponentSystem.cs:97) 玩家ID:490676460229754881 移动方向: 0.01615442 , 0 , -0.9998695
2025-11-28 20:20:09.3844 (LobbyPlayerManagerComponentSystem.cs:102) 玩家ID:490676460229754881 移动到新位置: 6.3815937 , 0 , -0.28450117
2025-11-28 20:20:09.4930 (LobbyPlayerManagerComponentSystem.cs:97) 玩家ID:490676460229754881 移动方向: -0.4675144 , 0 , -0.88398546
2025-11-28 20:20:09.4930 (LobbyPlayerManagerComponentSystem.cs:102) 玩家ID:490676460229754881 移动到新位置: 6.2880907 , 0 , -0.46129823
2025-11-28 20:20:09.5847 (LobbyPlayerManagerComponentSystem.cs:97) 玩家ID:490676460229754881 移动方向: -0.92097473 , 0 , -0.3896223
2025-11-28 20:20:09.5847 (LobbyPlayerManagerComponentSystem.cs:102) 玩家ID:490676460229754881 移动到新位置: 6.1038957 , 0 , -0.5392227
2025-11-28 20:20:09.6871 (LobbyPlayerManagerComponentSystem.cs:97) 玩家ID:490676460229754881 移动方向: -0.9119453 , 0 , -0.41031185
2025-11-28 20:20:09.6871 (LobbyPlayerManagerComponentSystem.cs:102) 玩家ID:490676460229754881 移动到新位置: 5.9215064 , 0 , -0.6212851
2025-11-28 20:20:09.7866 (LobbyPlayerManagerComponentSystem.cs:97) 玩家ID:490676460229754881 移动方向: -0.90547895 , 0 , -0.42439118
2025-11-28 20:20:09.7866 (LobbyPlayerManagerComponentSystem.cs:102) 玩家ID:490676460229754881 移动到新位置: 5.740411 , 0 , -0.7061633
2025-11-28 20:20:09.8883 (LobbyPlayerManagerComponentSystem.cs:97) 玩家ID:490676460229754881 移动方向: -0.89273334 , 0 , -0.45058537
2025-11-28 20:20:09.8883 (LobbyPlayerManagerComponentSystem.cs:102) 玩家ID:490676460229754881 移动到新位置: 5.561864 , 0 , -0.7962804
2025-11-28 20:20:09.9887 (LobbyPlayerManagerComponentSystem.cs:97) 玩家ID:490676460229754881 移动方向: -0.89221936 , 0 , -0.45160237
2025-11-28 20:20:09.9887 (LobbyPlayerManagerComponentSystem.cs:102) 玩家ID:490676460229754881 移动到新位置: 5.38342 , 0 , -0.88660085
2025-11-28 20:20:10.0888 (LobbyPlayerManagerComponentSystem.cs:97) 玩家ID:490676460229754881 移动方向: -0.89442545 , 0 , -0.44721708
2025-11-28 20:20:10.0888 (LobbyPlayerManagerComponentSystem.cs:102) 玩家ID:490676460229754881 移动到新位置: 5.204535 , 0 , -0.97604424
2025-11-28 20:20:10.1876 (LobbyPlayerManagerComponentSystem.cs:102) 玩家ID:490676460229754881 移动到新位置: 5.204535 , 0 , -0.97604424
2025-11-28 20:20:10.3858 (LobbyPlayerManagerComponentSystem.cs:97) 玩家ID:490676460229754881 移动方向: 0.443633 , 0 , -0.8962086
2025-11-28 20:20:10.3858 (LobbyPlayerManagerComponentSystem.cs:102) 玩家ID:490676460229754881 移动到新位置: 5.2932615 , 0 , -1.155286
2025-11-28 20:20:10.4835 (LobbyPlayerManagerComponentSystem.cs:97) 玩家ID:490676460229754881 移动方向: 0.44351673 , 0 , -0.8962661
2025-11-28 20:20:10.4835 (LobbyPlayerManagerComponentSystem.cs:102) 玩家ID:490676460229754881 移动到新位置: 5.3819647 , 0 , -1.3345392
2025-11-28 20:20:10.5875 (LobbyPlayerManagerComponentSystem.cs:97) 玩家ID:490676460229754881 移动方向: 0.44347754 , 0 , -0.8962854
2025-11-28 20:20:10.5875 (LobbyPlayerManagerComponentSystem.cs:102) 玩家ID:490676460229754881 移动到新位置: 5.47066 , 0 , -1.5137962
2025-11-28 20:20:10.6858 (LobbyPlayerManagerComponentSystem.cs:97) 玩家ID:490676460229754881 移动方向: 0.44346726 , 0 , -0.8962906
2025-11-28 20:20:10.6858 (LobbyPlayerManagerComponentSystem.cs:102) 玩家ID:490676460229754881 移动到新位置: 5.559354 , 0 , -1.6930543
2025-11-28 20:20:10.7937 (LobbyPlayerManagerComponentSystem.cs:97) 玩家ID:490676460229754881 移动方向: 0.94735056 , 0 , -0.3201983
2025-11-28 20:20:10.7937 (LobbyPlayerManagerComponentSystem.cs:102) 玩家ID:490676460229754881 移动到新位置: 5.748824 , 0 , -1.757094
2025-11-28 20:20:10.8817 (LobbyPlayerManagerComponentSystem.cs:97) 玩家ID:490676460229754881 移动方向: 0.89629287 , 0 , 0.44346258
2025-11-28 20:20:10.8817 (LobbyPlayerManagerComponentSystem.cs:102) 玩家ID:490676460229754881 移动到新位置: 5.9280825 , 0 , -1.6684015
2025-11-28 20:20:10.9858 (LobbyPlayerManagerComponentSystem.cs:97) 玩家ID:490676460229754881 移动方向: 0.8962928 , 0 , 0.4434627
2025-11-28 20:20:10.9858 (LobbyPlayerManagerComponentSystem.cs:102) 玩家ID:490676460229754881 移动到新位置: 6.107341 , 0 , -1.5797089
2025-11-28 20:20:11.0865 (LobbyPlayerManagerComponentSystem.cs:97) 玩家ID:490676460229754881 移动方向: 0.44346258 , 0 , -0.8962928
2025-11-28 20:20:11.0865 (LobbyPlayerManagerComponentSystem.cs:102) 玩家ID:490676460229754881 移动到新位置: 6.1960335 , 0 , -1.7589675
2025-11-28 20:20:11.1832 (LobbyPlayerManagerComponentSystem.cs:97) 玩家ID:490676460229754881 移动方向: -0.32019934 , 0 , -0.94735014
2025-11-28 20:20:11.1832 (LobbyPlayerManagerComponentSystem.cs:102) 玩家ID:490676460229754881 移动到新位置: 6.131994 , 0 , -1.9484376
2025-11-28 20:20:11.2870 (LobbyPlayerManagerComponentSystem.cs:97) 玩家ID:490676460229754881 移动方向: -0.89629287 , 0 , -0.4434626
2025-11-28 20:20:11.2870 (LobbyPlayerManagerComponentSystem.cs:102) 玩家ID:490676460229754881 移动到新位置: 5.9527354 , 0 , -2.03713
2025-11-28 20:20:11.3842 (LobbyPlayerManagerComponentSystem.cs:97) 玩家ID:490676460229754881 移动方向: -0.89629287 , 0 , -0.4434626
2025-11-28 20:20:11.3842 (LobbyPlayerManagerComponentSystem.cs:102) 玩家ID:490676460229754881 移动到新位置: 5.773477 , 0 , -2.1258225
2025-11-28 20:20:11.4857 (LobbyPlayerManagerComponentSystem.cs:102) 玩家ID:490676460229754881 移动到新位置: 5.773477 , 0 , -2.1258225
2025-11-28 20:20:13.1945 (CreateTeamRequestHandler.cs:31) 创建队伍成功 队伍ID：492079780664180736 玩家ID：490676460229754881
2025-11-28 20:20:17.5847 (LobbyPlayerManagerComponentSystem.cs:97) 玩家ID:490676460229754881 移动方向: 0.42419836 , 0 , -0.9055693
2025-11-28 20:20:17.5847 (LobbyPlayerManagerComponentSystem.cs:102) 玩家ID:490676460229754881 移动到新位置: 5.858317 , 0 , -2.3069365
2025-11-28 20:20:17.6910 (LobbyPlayerManagerComponentSystem.cs:97) 玩家ID:490676460229754881 移动方向: 0.38859996 , 0 , -0.9214065
2025-11-28 20:20:17.6910 (LobbyPlayerManagerComponentSystem.cs:102) 玩家ID:490676460229754881 移动到新位置: 5.936037 , 0 , -2.4912179
2025-11-28 20:20:17.7892 (LobbyPlayerManagerComponentSystem.cs:97) 玩家ID:490676460229754881 移动方向: 0.91507417 , 0 , -0.4032854
2025-11-28 20:20:17.7892 (LobbyPlayerManagerComponentSystem.cs:102) 玩家ID:490676460229754881 移动到新位置: 6.119052 , 0 , -2.5718749
2025-11-28 20:20:17.8919 (StateSyncRequestHandler.cs:18) 玩家ID:490676460229754881 移动方向: 0.9396729 , 0 , 0.34207436
2025-11-28 20:20:17.8919 (StateSyncRequestHandler.cs:18) 玩家ID:490676460229754881 移动到新位置: 6.3069863 , 0 , -2.50346
2025-11-28 20:20:17.9889 (StateSyncRequestHandler.cs:18) 玩家ID:490676460229754881 移动方向: 0.9460858 , 0 , 0.32391605
2025-11-28 20:20:17.9889 (StateSyncRequestHandler.cs:18) 玩家ID:490676460229754881 移动到新位置: 6.4962034 , 0 , -2.4386768
2025-11-28 20:20:18.0888 (StateSyncRequestHandler.cs:18) 玩家ID:490676460229754881 移动方向: 0.8911529 , 0 , -0.453703
2025-11-28 20:20:18.0888 (StateSyncRequestHandler.cs:18) 玩家ID:490676460229754881 移动到新位置: 6.674434 , 0 , -2.5294175
2025-11-28 20:20:18.1877 (StateSyncRequestHandler.cs:18) 玩家ID:490676460229754881 移动方向: 0.88768685 , 0 , -0.46044755
2025-11-28 20:20:18.1877 (StateSyncRequestHandler.cs:18) 玩家ID:490676460229754881 移动到新位置: 6.8519716 , 0 , -2.621507
2025-11-28 20:20:18.2876 (StateSyncRequestHandler.cs:18) 玩家ID:490676460229754881 移动方向: 0.29924908 , 0 , -0.954175
2025-11-28 20:20:18.2876 (StateSyncRequestHandler.cs:18) 玩家ID:490676460229754881 移动到新位置: 6.9118214 , 0 , -2.812342
2025-11-28 20:20:18.3903 (StateSyncRequestHandler.cs:18) 玩家ID:490676460229754881 移动方向: 0.29787597 , 0 , -0.9546046
2025-11-28 20:20:18.3903 (StateSyncRequestHandler.cs:18) 玩家ID:490676460229754881 移动到新位置: 6.9713964 , 0 , -3.0032628
2025-11-28 20:20:18.4834 (StateSyncRequestHandler.cs:18) 玩家ID:490676460229754881 移动方向: -0.9690247 , 0 , -0.24696384
2025-11-28 20:20:18.4834 (StateSyncRequestHandler.cs:18) 玩家ID:490676460229754881 移动到新位置: 6.7775917 , 0 , -3.0526555
2025-11-28 20:20:18.5922 (StateSyncRequestHandler.cs:18) 玩家ID:490676460229754881 移动方向: -0.99944246 , 0 , -0.03338639
2025-11-28 20:20:18.5922 (StateSyncRequestHandler.cs:18) 玩家ID:490676460229754881 移动到新位置: 6.577703 , 0 , -3.0593328
2025-11-28 20:20:18.6925 (StateSyncRequestHandler.cs:18) 玩家ID:490676460229754881 移动方向: -0.24237409 , 0 , -0.9701829
2025-11-28 20:20:18.6925 (StateSyncRequestHandler.cs:18) 玩家ID:490676460229754881 移动到新位置: 6.529228 , 0 , -3.2533693
2025-11-28 20:20:18.7871 (StateSyncRequestHandler.cs:18) 玩家ID:490676460229754881 移动方向: 0.3217655 , 0 , -0.9468193
2025-11-28 20:20:18.7871 (StateSyncRequestHandler.cs:18) 玩家ID:490676460229754881 移动到新位置: 6.593581 , 0 , -3.4427333
2025-11-28 20:20:18.8867 (StateSyncRequestHandler.cs:18) 玩家ID:490676460229754881 移动方向: 0.12891588 , 0 , -0.99165547
2025-11-28 20:20:18.8867 (StateSyncRequestHandler.cs:18) 玩家ID:490676460229754881 移动到新位置: 6.6193643 , 0 , -3.6410644
2025-11-28 20:20:18.9910 (StateSyncRequestHandler.cs:18) 玩家ID:490676460229754881 移动方向: -0.023408383 , 0 , -0.99972594
2025-11-28 20:20:18.9910 (StateSyncRequestHandler.cs:18) 玩家ID:490676460229754881 移动到新位置: 6.6146827 , 0 , -3.8410096
2025-11-28 20:20:19.0878 (StateSyncRequestHandler.cs:18) 玩家ID:490676460229754881 移动方向: -0.08763635 , 0 , -0.9961525
2025-11-28 20:20:19.0878 (StateSyncRequestHandler.cs:18) 玩家ID:490676460229754881 移动到新位置: 6.5971556 , 0 , -4.0402403
2025-11-28 20:20:19.1848 (StateSyncRequestHandler.cs:18) 玩家ID:490676460229754881 移动方向: -0.119524896 , 0 , -0.9928312
2025-11-28 20:20:19.1848 (StateSyncRequestHandler.cs:18) 玩家ID:490676460229754881 移动到新位置: 6.573251 , 0 , -4.2388067
2025-11-28 20:20:19.2896 (StateSyncRequestHandler.cs:18) 玩家ID:490676460229754881 移动方向: -0.79922265 , 0 , -0.60103506
2025-11-28 20:20:19.2896 (StateSyncRequestHandler.cs:18) 玩家ID:490676460229754881 移动到新位置: 6.4134064 , 0 , -4.3590136
2025-11-28 20:20:19.3882 (StateSyncRequestHandler.cs:18) 玩家ID:490676460229754881 移动方向: -0.8090676 , 0 , -0.58771557
2025-11-28 20:20:19.3882 (StateSyncRequestHandler.cs:18) 玩家ID:490676460229754881 移动到新位置: 6.2515926 , 0 , -4.476557
2025-11-28 20:20:19.4943 (StateSyncRequestHandler.cs:18) 玩家ID:490676460229754881 移动方向: -0.9761721 , 0 , 0.21699786
2025-11-28 20:20:19.4943 (StateSyncRequestHandler.cs:18) 玩家ID:490676460229754881 移动到新位置: 6.0563583 , 0 , -4.433157
2025-11-28 20:20:19.5917 (StateSyncRequestHandler.cs:18) 玩家ID:490676460229754881 移动方向: -0.9516554 , 0 , 0.30716777
2025-11-28 20:20:19.5917 (StateSyncRequestHandler.cs:18) 玩家ID:490676460229754881 移动到新位置: 5.8660274 , 0 , -4.371723
2025-11-28 20:20:19.6846 (StateSyncRequestHandler.cs:18) 玩家ID:490676460229754881 移动方向: -0.92561984 , 0 , 0.3784545
2025-11-28 20:20:19.6846 (StateSyncRequestHandler.cs:18) 玩家ID:490676460229754881 移动到新位置: 5.6809034 , 0 , -4.2960324
2025-11-28 20:20:19.7888 (StateSyncRequestHandler.cs:18) 玩家ID:490676460229754881 移动方向: -0.9075648 , 0 , 0.419912
2025-11-28 20:20:19.7888 (StateSyncRequestHandler.cs:18) 玩家ID:490676460229754881 移动到新位置: 5.4993906 , 0 , -4.21205
2025-11-28 20:20:19.8823 (StateSyncRequestHandler.cs:18) 玩家ID:490676460229754881 移动方向: -0.9005407 , 0 , 0.43477154
2025-11-28 20:20:19.8823 (StateSyncRequestHandler.cs:18) 玩家ID:490676460229754881 移动到新位置: 5.3192825 , 0 , -4.125096
2025-11-28 20:20:19.9950 (StateSyncRequestHandler.cs:18) 玩家ID:490676460229754881 移动方向: -0.8975671 , 0 , 0.44087785
2025-11-28 20:20:19.9950 (StateSyncRequestHandler.cs:18) 玩家ID:490676460229754881 移动到新位置: 5.139769 , 0 , -4.03692
2025-11-28 20:20:20.0855 (StateSyncRequestHandler.cs:18) 玩家ID:490676460229754881 移动方向: -0.9483026 , 0 , -0.31736758
2025-11-28 20:20:20.0855 (StateSyncRequestHandler.cs:18) 玩家ID:490676460229754881 移动到新位置: 4.9501085 , 0 , -4.100394
2025-11-28 20:20:20.1874 (StateSyncRequestHandler.cs:18) 玩家ID:490676460229754881 移动方向: -0.47217965 , 0 , -0.8815024
2025-11-28 20:20:20.1874 (StateSyncRequestHandler.cs:18) 玩家ID:490676460229754881 移动到新位置: 4.855673 , 0 , -4.2766943
2025-11-28 20:20:20.2831 (StateSyncRequestHandler.cs:18) 玩家ID:490676460229754881 移动方向: 0.26385322 , 0 , -0.9645629
2025-11-28 20:20:20.2831 (StateSyncRequestHandler.cs:18) 玩家ID:490676460229754881 移动到新位置: 4.9084435 , 0 , -4.469607
2025-11-28 20:20:20.3944 (StateSyncRequestHandler.cs:18) 玩家ID:490676460229754881 移动方向: 0.25122315 , 0 , -0.9679292
2025-11-28 20:20:20.3944 (StateSyncRequestHandler.cs:18) 玩家ID:490676460229754881 移动到新位置: 4.9586883 , 0 , -4.6631927
2025-11-28 20:20:20.4843 (StateSyncRequestHandler.cs:18) 玩家ID:490676460229754881 移动方向: 0.24730015 , 0 , -0.9689389
2025-11-28 20:20:20.4843 (StateSyncRequestHandler.cs:18) 玩家ID:490676460229754881 移动到新位置: 5.008148 , 0 , -4.8569803
2025-11-28 20:20:20.5824 (StateSyncRequestHandler.cs:18) 玩家ID:490676460229754881 移动方向: -0.51173025 , 0 , -0.8591462
2025-11-28 20:20:20.5824 (StateSyncRequestHandler.cs:18) 玩家ID:490676460229754881 移动到新位置: 4.9058022 , 0 , -5.0288095
2025-11-28 20:20:20.6859 (StateSyncRequestHandler.cs:18) 玩家ID:490676460229754881 移动方向: -0.96949446 , 0 , -0.2451131
2025-11-28 20:20:20.6859 (StateSyncRequestHandler.cs:18) 玩家ID:490676460229754881 移动到新位置: 4.7119036 , 0 , -5.077832
2025-11-28 20:20:20.7931 (StateSyncRequestHandler.cs:18) 玩家ID:490676460229754881 移动方向: -0.9695361 , 0 , -0.24494848
2025-11-28 20:20:20.7931 (StateSyncRequestHandler.cs:18) 玩家ID:490676460229754881 移动到新位置: 4.5179963 , 0 , -5.126822
2025-11-28 20:20:20.8864 (StateSyncRequestHandler.cs:18) 玩家ID:490676460229754881 移动方向: -0.8587476 , 0 , 0.5123987
2025-11-28 20:20:20.8864 (StateSyncRequestHandler.cs:18) 玩家ID:490676460229754881 移动到新位置: 4.3462467 , 0 , -5.024342
2025-11-28 20:20:20.9817 (StateSyncRequestHandler.cs:18) 玩家ID:490676460229754881 移动方向: -0.8587402 , 0 , 0.51241124
2025-11-28 20:20:20.9817 (StateSyncRequestHandler.cs:18) 玩家ID:490676460229754881 移动到新位置: 4.1744986 , 0 , -4.9218597
2025-11-28 20:20:21.0902 (StateSyncRequestHandler.cs:18) 玩家ID:490676460229754881 移动方向: -0.24488707 , 0 , 0.9695516
2025-11-28 20:20:21.0902 (StateSyncRequestHandler.cs:18) 玩家ID:490676460229754881 移动到新位置: 4.125521 , 0 , -4.7279496
2025-11-28 20:20:21.1846 (StateSyncRequestHandler.cs:18) 玩家ID:490676460229754881 移动到新位置: 4.125521 , 0 , -4.7279496
2025-11-28 20:21:10.7927 (StateSyncRequestHandler.cs:18) 玩家ID:490676460229754881 移动方向: 0.25721878 , 0 , -0.96635324
2025-11-28 20:21:10.7927 (StateSyncRequestHandler.cs:18) 玩家ID:490676460229754881 移动到新位置: 4.1769648 , 0 , -4.9212203
2025-11-28 20:21:10.8843 (StateSyncRequestHandler.cs:18) 玩家ID:490676460229754881 移动方向: -0.3919251 , 0 , -0.9199971
2025-11-28 20:21:10.8843 (StateSyncRequestHandler.cs:18) 玩家ID:490676460229754881 移动到新位置: 4.09858 , 0 , -5.10522
2025-11-28 20:21:10.9861 (StateSyncRequestHandler.cs:18) 玩家ID:490676460229754881 移动方向: -0.1330514 , 0 , -0.99110913
2025-11-28 20:21:10.9861 (StateSyncRequestHandler.cs:18) 玩家ID:490676460229754881 移动到新位置: 4.0719695 , 0 , -5.3034415
2025-11-28 20:21:11.0883 (StateSyncRequestHandler.cs:18) 玩家ID:490676460229754881 移动方向: -0.5871466 , 0 , -0.80948067
2025-11-28 20:21:11.0883 (StateSyncRequestHandler.cs:18) 玩家ID:490676460229754881 移动到新位置: 3.9545403 , 0 , -5.4653378
2025-11-28 20:21:11.1885 (StateSyncRequestHandler.cs:18) 玩家ID:490676460229754881 移动方向: -0.4041418 , 0 , -0.9146963
2025-11-28 20:21:11.1885 (StateSyncRequestHandler.cs:18) 玩家ID:490676460229754881 移动到新位置: 3.8737118 , 0 , -5.648277
2025-11-28 20:21:11.2807 (StateSyncRequestHandler.cs:18) 玩家ID:490676460229754881 移动方向: -0.88190275 , 0 , -0.47143131
2025-11-28 20:21:11.2807 (StateSyncRequestHandler.cs:18) 玩家ID:490676460229754881 移动到新位置: 3.6973312 , 0 , -5.7425632
2025-11-28 20:21:11.3831 (StateSyncRequestHandler.cs:18) 玩家ID:490676460229754881 移动方向: -0.98252034 , 0 , 0.18615523
2025-11-28 20:21:11.3831 (StateSyncRequestHandler.cs:18) 玩家ID:490676460229754881 移动到新位置: 3.500827 , 0 , -5.7053323
2025-11-28 20:21:11.4921 (StateSyncRequestHandler.cs:18) 玩家ID:490676460229754881 移动方向: -0.9920353 , 0 , 0.12595968
2025-11-28 20:21:11.4921 (StateSyncRequestHandler.cs:18) 玩家ID:490676460229754881 移动到新位置: 3.3024201 , 0 , -5.6801405
2025-11-28 20:21:11.5912 (StateSyncRequestHandler.cs:18) 玩家ID:490676460229754881 移动方向: -0.6274406 , 0 , 0.77866447
2025-11-28 20:21:11.5912 (StateSyncRequestHandler.cs:18) 玩家ID:490676460229754881 移动到新位置: 3.176932 , 0 , -5.5244074
2025-11-28 20:21:11.6898 (StateSyncRequestHandler.cs:18) 玩家ID:490676460229754881 移动方向: -0.6322129 , 0 , 0.7747947
2025-11-28 20:21:11.6898 (StateSyncRequestHandler.cs:18) 玩家ID:490676460229754881 移动到新位置: 3.0504894 , 0 , -5.3694487
2025-11-28 20:21:11.7837 (StateSyncRequestHandler.cs:18) 玩家ID:490676460229754881 移动方向: -0.9941436 , 0 , 0.108066924
2025-11-28 20:21:11.7837 (StateSyncRequestHandler.cs:18) 玩家ID:490676460229754881 移动到新位置: 2.8516607 , 0 , -5.347835
2025-11-28 20:21:11.8845 (StateSyncRequestHandler.cs:18) 玩家ID:490676460229754881 移动方向: -0.9849285 , 0 , 0.17296208
2025-11-28 20:21:11.8845 (StateSyncRequestHandler.cs:18) 玩家ID:490676460229754881 移动到新位置: 2.654675 , 0 , -5.3132424
2025-11-28 20:21:11.9871 (StateSyncRequestHandler.cs:18) 玩家ID:490676460229754881 移动到新位置: 2.654675 , 0 , -5.3132424
2025-11-28 20:21:12.6898 (StateSyncRequestHandler.cs:18) 玩家ID:490676460229754881 移动方向: -0.3238934 , 0 , -0.9460936
2025-11-28 20:21:12.6898 (StateSyncRequestHandler.cs:18) 玩家ID:490676460229754881 移动到新位置: 2.5898964 , 0 , -5.502461
2025-11-28 20:21:12.7897 (StateSyncRequestHandler.cs:18) 玩家ID:490676460229754881 移动方向: -0.89802414 , 0 , -0.43994617
2025-11-28 20:21:12.7897 (StateSyncRequestHandler.cs:18) 玩家ID:490676460229754881 移动到新位置: 2.4102917 , 0 , -5.5904503
2025-11-28 20:21:12.8876 (StateSyncRequestHandler.cs:18) 玩家ID:490676460229754881 移动方向: -0.8980263 , 0 , -0.4399417
2025-11-28 20:21:12.8876 (StateSyncRequestHandler.cs:18) 玩家ID:490676460229754881 移动到新位置: 2.2306864 , 0 , -5.6784387
2025-11-28 20:21:12.9886 (StateSyncRequestHandler.cs:18) 玩家ID:490676460229754881 移动方向: -0.90385187 , 0 , -0.42784548
2025-11-28 20:21:12.9886 (StateSyncRequestHandler.cs:18) 玩家ID:490676460229754881 移动到新位置: 2.049916 , 0 , -5.7640076
2025-11-28 20:21:13.0854 (StateSyncRequestHandler.cs:18) 玩家ID:490676460229754881 移动方向: -0.5352987 , 0 , -0.84466285
2025-11-28 20:21:13.0854 (StateSyncRequestHandler.cs:18) 玩家ID:490676460229754881 移动到新位置: 1.9428563 , 0 , -5.93294
2025-11-28 20:21:13.1905 (StateSyncRequestHandler.cs:18) 玩家ID:490676460229754881 移动方向: 0.47466326 , 0 , -0.8801675
2025-11-28 20:21:13.1905 (StateSyncRequestHandler.cs:18) 玩家ID:490676460229754881 移动到新位置: 2.0377889 , 0 , -6.1089735
2025-11-28 20:21:13.2867 (StateSyncRequestHandler.cs:18) 玩家ID:490676460229754881 移动方向: 0.09849551 , 0 , -0.99513745
2025-11-28 20:21:13.2867 (StateSyncRequestHandler.cs:18) 玩家ID:490676460229754881 移动到新位置: 2.057488 , 0 , -6.308001
2025-11-28 20:21:13.3835 (StateSyncRequestHandler.cs:18) 玩家ID:490676460229754881 移动方向: -0.7730075 , 0 , -0.6343969
2025-11-28 20:21:13.3835 (StateSyncRequestHandler.cs:18) 玩家ID:490676460229754881 移动到新位置: 1.9028865 , 0 , -6.4348803
2025-11-28 20:21:13.4862 (StateSyncRequestHandler.cs:18) 玩家ID:490676460229754881 移动方向: -0.82234585 , 0 , -0.56898797
2025-11-28 20:21:13.4862 (StateSyncRequestHandler.cs:18) 玩家ID:490676460229754881 移动到新位置: 1.7384174 , 0 , -6.548678
2025-11-28 20:21:13.5936 (StateSyncRequestHandler.cs:18) 玩家ID:490676460229754881 移动方向: -0.837881 , 0 , -0.54585296
2025-11-28 20:21:13.5936 (StateSyncRequestHandler.cs:18) 玩家ID:490676460229754881 移动到新位置: 1.5708412 , 0 , -6.6578484
2025-11-28 20:21:13.6819 (StateSyncRequestHandler.cs:18) 玩家ID:490676460229754881 移动方向: -0.97686946 , 0 , 0.21383643
2025-11-28 20:21:13.6819 (StateSyncRequestHandler.cs:18) 玩家ID:490676460229754881 移动到新位置: 1.3754673 , 0 , -6.615081
2025-11-28 20:21:13.7917 (StateSyncRequestHandler.cs:18) 玩家ID:490676460229754881 移动方向: -0.98789626 , 0 , 0.15511586
2025-11-28 20:21:13.7917 (StateSyncRequestHandler.cs:18) 玩家ID:490676460229754881 移动到新位置: 1.177888 , 0 , -6.584058
2025-11-28 20:21:13.8851 (StateSyncRequestHandler.cs:18) 玩家ID:490676460229754881 移动方向: -0.99981266 , 0 , 0.019355984
2025-11-28 20:21:13.8851 (StateSyncRequestHandler.cs:18) 玩家ID:490676460229754881 移动到新位置: 0.97792554 , 0 , -6.580187
2025-11-28 20:21:13.9899 (StateSyncRequestHandler.cs:18) 玩家ID:490676460229754881 移动方向: -0.99624044 , 0 , -0.086631425
2025-11-28 20:21:13.9899 (StateSyncRequestHandler.cs:18) 玩家ID:490676460229754881 移动到新位置: 0.77867746 , 0 , -6.597513
2025-11-28 20:21:14.0851 (StateSyncRequestHandler.cs:18) 玩家ID:490676460229754881 移动方向: -0.99168646 , 0 , -0.12867773
2025-11-28 20:21:14.0851 (StateSyncRequestHandler.cs:18) 玩家ID:490676460229754881 移动到新位置: 0.58034015 , 0 , -6.6232486
2025-11-28 20:21:14.1918 (StateSyncRequestHandler.cs:18) 玩家ID:490676460229754881 移动方向: -0.98941433 , 0 , -0.1451183
2025-11-28 20:21:14.1918 (StateSyncRequestHandler.cs:18) 玩家ID:490676460229754881 移动到新位置: 0.3824573 , 0 , -6.652272
2025-11-28 20:21:14.2877 (StateSyncRequestHandler.cs:18) 玩家ID:490676460229754881 移动方向: -0.805254 , 0 , 0.59292996
2025-11-28 20:21:14.2877 (StateSyncRequestHandler.cs:18) 玩家ID:490676460229754881 移动到新位置: 0.22140649 , 0 , -6.533686
2025-11-28 20:21:14.3841 (StateSyncRequestHandler.cs:18) 玩家ID:490676460229754881 移动方向: -0.8062378 , 0 , 0.59159154
2025-11-28 20:21:14.3841 (StateSyncRequestHandler.cs:18) 玩家ID:490676460229754881 移动到新位置: 0.06015894 , 0 , -6.415368
2025-11-28 20:21:14.4906 (StateSyncRequestHandler.cs:18) 玩家ID:490676460229754881 移动方向: -0.8065742 , 0 , 0.5911329
2025-11-28 20:21:14.4906 (StateSyncRequestHandler.cs:18) 玩家ID:490676460229754881 移动到新位置: -0.10115591 , 0 , -6.2971416
2025-11-28 20:21:14.5909 (StateSyncRequestHandler.cs:18) 玩家ID:490676460229754881 移动到新位置: -0.10115591 , 0 , -6.2971416
2025-11-28 20:44:52.4624  

==========================================================================
 
  ███████╗ █████╗ ███╗   ██╗████████╗ █████╗  ██████╗ ██╗   ██╗
  ██╔════╝██╔══██╗████╗  ██║╚══██╔══╝██╔══██╗██╔════╝ ╚██╗ ██╔╝
  █████╗  ███████║██╔██╗ ██║   ██║   ███████║╚█████╗   ╚████╔╝ 
  ██╔══╝  ██╔══██║██║╚██╗██║   ██║   ██╔══██║╚════██║   ╚██╔╝  
  ██║     ██║  ██║██║ ╚████║   ██║   ██║  ██║██████╔╝    ██║   
  ╚═╝     ╚═╝  ╚═╝╚═╝  ╚═══╝   ╚═╝   ╚═╝  ╚═╝╚═════╝     ╚═╝   
                                                            
 Version : Fantasy 2.0 Official version
==========================================================================

2025-11-28 20:44:52.5077  Current inner network protocol:TCP
2025-11-28 20:44:52.5077  Max Message Size(byte):1048560
2025-11-28 20:44:52.5077  Current session idle timeout:8000
2025-11-28 20:44:52.5077  Session-check interval:5000 
2025-11-28 20:44:52.9561  dbName:OnlineTest Initialize the db database and connect to the target.
2025-11-28 20:44:53.2111  dbName:OnlineTest Database connection successful.
2025-11-28 20:44:53.5799  SceneConfigId = 1001 networkTarget = Inner TCPServer Listen 127.0.0.1:11002
2025-11-28 20:44:53.9081  SceneConfigId = 1001 networkTarget = Outer KCPServer Listen 0.0.0.0:20000
2025-11-28 20:44:53.9081  Process:1 Startup Complete SceneCount:1
2025-11-28 20:47:33.9400 (LoginRequestHandler.cs:16) 收到登录请求
2025-11-28 20:47:34.1677 (EntryLobbyRequestHandler.cs:32) 进入大厅成功，玩家ID:490676460229754881
2025-11-28 20:47:35.3299 (LobbyPlayerManagerComponentSystem.cs:97) 玩家ID:490676460229754881 移动方向: -0.9650025 , 0 , -0.26224068
2025-11-28 20:47:35.3299 (LobbyPlayerManagerComponentSystem.cs:102) 玩家ID:490676460229754881 移动到新位置: -0.2941564 , 0 , -6.34959
2025-11-28 20:47:35.4235 (LobbyPlayerManagerComponentSystem.cs:97) 玩家ID:490676460229754881 移动方向: -0.027877867 , 0 , -0.9996114
2025-11-28 20:47:35.4235 (LobbyPlayerManagerComponentSystem.cs:102) 玩家ID:490676460229754881 移动到新位置: -0.29973197 , 0 , -6.549512
2025-11-28 20:47:35.5208 (LobbyPlayerManagerComponentSystem.cs:97) 玩家ID:490676460229754881 移动方向: -0.49418536 , 0 , -0.8693566
2025-11-28 20:47:35.5208 (LobbyPlayerManagerComponentSystem.cs:102) 玩家ID:490676460229754881 移动到新位置: -0.39856905 , 0 , -6.7233834
2025-11-28 20:47:35.6212 (LobbyPlayerManagerComponentSystem.cs:97) 玩家ID:490676460229754881 移动方向: -0.3780378 , 0 , -0.9257902
2025-11-28 20:47:35.6212 (LobbyPlayerManagerComponentSystem.cs:102) 玩家ID:490676460229754881 移动到新位置: -0.47417662 , 0 , -6.9085417
2025-11-28 20:47:35.7198 (LobbyPlayerManagerComponentSystem.cs:97) 玩家ID:490676460229754881 移动方向: -0.9022029 , 0 , -0.4313118
2025-11-28 20:47:35.7198 (LobbyPlayerManagerComponentSystem.cs:102) 玩家ID:490676460229754881 移动到新位置: -0.6546172 , 0 , -6.994804
2025-11-28 20:47:35.8229 (LobbyPlayerManagerComponentSystem.cs:97) 玩家ID:490676460229754881 移动方向: -0.9430316 , 0 , 0.3327031
2025-11-28 20:47:35.8229 (LobbyPlayerManagerComponentSystem.cs:102) 玩家ID:490676460229754881 移动到新位置: -0.8432235 , 0 , -6.928263
2025-11-28 20:47:35.9179 (LobbyPlayerManagerComponentSystem.cs:97) 玩家ID:490676460229754881 移动方向: -0.91010016 , 0 , 0.4143884
2025-11-28 20:47:35.9179 (LobbyPlayerManagerComponentSystem.cs:102) 玩家ID:490676460229754881 移动到新位置: -1.0252435 , 0 , -6.8453856
2025-11-28 20:47:36.0280 (LobbyPlayerManagerComponentSystem.cs:102) 玩家ID:490676460229754881 移动到新位置: -1.0252435 , 0 , -6.8453856
2025-11-28 20:47:36.2267 (LobbyPlayerManagerComponentSystem.cs:97) 玩家ID:490676460229754881 移动方向: -0.6434993 , 0 , 0.7654467
2025-11-28 20:47:36.2267 (LobbyPlayerManagerComponentSystem.cs:102) 玩家ID:490676460229754881 移动到新位置: -1.1539434 , 0 , -6.692296
2025-11-28 20:47:36.3210 (LobbyPlayerManagerComponentSystem.cs:97) 玩家ID:490676460229754881 移动方向: -0.61964875 , 0 , 0.78487927
2025-11-28 20:47:36.3210 (LobbyPlayerManagerComponentSystem.cs:102) 玩家ID:490676460229754881 移动到新位置: -1.2778732 , 0 , -6.5353203
2025-11-28 20:47:36.4249 (LobbyPlayerManagerComponentSystem.cs:102) 玩家ID:490676460229754881 移动到新位置: -1.2778732 , 0 , -6.5353203
2025-11-28 20:48:13.0526 (LoginRequestHandler.cs:16) 收到登录请求
2025-11-28 20:48:13.0984 (EntryLobbyRequestHandler.cs:32) 进入大厅成功，玩家ID:490676460229754881
2025-11-28 20:48:14.3582 (LobbyPlayerManagerComponentSystem.cs:97) 玩家ID:490676460229754881 移动方向: -0.8080904 , 0 , -0.5890586
2025-11-28 20:48:14.3582 (LobbyPlayerManagerComponentSystem.cs:102) 玩家ID:490676460229754881 移动到新位置: -1.4394913 , 0 , -6.653132
2025-11-28 20:48:14.4458 (LobbyPlayerManagerComponentSystem.cs:97) 玩家ID:490676460229754881 移动方向: -0.75166756 , 0 , 0.6595422
2025-11-28 20:48:14.4458 (LobbyPlayerManagerComponentSystem.cs:102) 玩家ID:490676460229754881 移动到新位置: -1.5898248 , 0 , -6.5212235
2025-11-28 20:48:14.5636 (LobbyPlayerManagerComponentSystem.cs:97) 玩家ID:490676460229754881 移动方向: -0.119063735 , 0 , 0.99288666
2025-11-28 20:48:14.5636 (LobbyPlayerManagerComponentSystem.cs:102) 玩家ID:490676460229754881 移动到新位置: -1.6136376 , 0 , -6.322646
2025-11-28 20:48:14.6515 (LobbyPlayerManagerComponentSystem.cs:97) 玩家ID:490676460229754881 移动方向: 0.19676578 , 0 , 0.9804505
2025-11-28 20:48:14.6515 (LobbyPlayerManagerComponentSystem.cs:102) 玩家ID:490676460229754881 移动到新位置: -1.5742844 , 0 , -6.126556
2025-11-28 20:48:14.7502 (LobbyPlayerManagerComponentSystem.cs:97) 玩家ID:490676460229754881 移动方向: 0.6959667 , 0 , 0.71807396
2025-11-28 20:48:14.7502 (LobbyPlayerManagerComponentSystem.cs:102) 玩家ID:490676460229754881 移动到新位置: -1.4350911 , 0 , -5.982941
2025-11-28 20:48:14.8569 (LobbyPlayerManagerComponentSystem.cs:97) 玩家ID:490676460229754881 移动方向: 0.46032277 , 0 , 0.88775164
2025-11-28 20:48:14.8569 (LobbyPlayerManagerComponentSystem.cs:102) 玩家ID:490676460229754881 移动到新位置: -1.3430266 , 0 , -5.805391
2025-11-28 20:48:14.9488 (LobbyPlayerManagerComponentSystem.cs:97) 玩家ID:490676460229754881 移动方向: 0.025790662 , 0 , 0.9996674
2025-11-28 20:48:14.9488 (LobbyPlayerManagerComponentSystem.cs:102) 玩家ID:490676460229754881 移动到新位置: -1.3378685 , 0 , -5.6054573
2025-11-28 20:48:15.0570 (LobbyPlayerManagerComponentSystem.cs:97) 玩家ID:490676460229754881 移动方向: -0.36697868 , 0 , 0.93022937
2025-11-28 20:48:15.0570 (LobbyPlayerManagerComponentSystem.cs:102) 玩家ID:490676460229754881 移动到新位置: -1.4112642 , 0 , -5.4194117
2025-11-28 20:48:15.1470 (LobbyPlayerManagerComponentSystem.cs:97) 玩家ID:490676460229754881 移动方向: -0.13445134 , 0 , 0.9909202
2025-11-28 20:48:15.1470 (LobbyPlayerManagerComponentSystem.cs:102) 玩家ID:490676460229754881 移动到新位置: -1.4381545 , 0 , -5.2212276
2025-11-28 20:48:15.2532 (LobbyPlayerManagerComponentSystem.cs:97) 玩家ID:490676460229754881 移动方向: -0.9983147 , 0 , 0.058032803
2025-11-28 20:48:15.2532 (LobbyPlayerManagerComponentSystem.cs:102) 玩家ID:490676460229754881 移动到新位置: -1.6378174 , 0 , -5.209621
2025-11-28 20:48:15.3549 (LobbyPlayerManagerComponentSystem.cs:97) 玩家ID:490676460229754881 移动方向: -0.98929733 , 0 , 0.14591366
2025-11-28 20:48:15.3549 (LobbyPlayerManagerComponentSystem.cs:102) 玩家ID:490676460229754881 移动到新位置: -1.8356769 , 0 , -5.180438
2025-11-28 20:48:15.4535 (LobbyPlayerManagerComponentSystem.cs:97) 玩家ID:490676460229754881 移动方向: -0.9836143 , 0 , 0.18028557
2025-11-28 20:48:15.4535 (LobbyPlayerManagerComponentSystem.cs:102) 玩家ID:490676460229754881 移动到新位置: -2.0323997 , 0 , -5.144381
2025-11-28 20:48:15.5471 (LobbyPlayerManagerComponentSystem.cs:97) 玩家ID:490676460229754881 移动方向: -0.9813113 , 0 , 0.19242695
2025-11-28 20:48:15.5471 (LobbyPlayerManagerComponentSystem.cs:102) 玩家ID:490676460229754881 移动到新位置: -2.228662 , 0 , -5.1058955
2025-11-28 20:48:15.6530 (LobbyPlayerManagerComponentSystem.cs:97) 玩家ID:490676460229754881 移动方向: -0.9804025 , 0 , 0.19700468
2025-11-28 20:48:15.6530 (LobbyPlayerManagerComponentSystem.cs:102) 玩家ID:490676460229754881 移动到新位置: -2.4247425 , 0 , -5.0664945
2025-11-28 20:48:15.7503 (LobbyPlayerManagerComponentSystem.cs:97) 玩家ID:490676460229754881 移动方向: -0.9814644 , 0 , 0.19164465
2025-11-28 20:48:15.7503 (LobbyPlayerManagerComponentSystem.cs:102) 玩家ID:490676460229754881 移动到新位置: -2.6210353 , 0 , -5.0281653
2025-11-28 20:48:15.8509 (LobbyPlayerManagerComponentSystem.cs:97) 玩家ID:490676460229754881 移动方向: -0.9835946 , 0 , 0.18039322
2025-11-28 20:48:15.8509 (LobbyPlayerManagerComponentSystem.cs:102) 玩家ID:490676460229754881 移动到新位置: -2.8177543 , 0 , -4.992087
2025-11-28 20:48:15.9547 (LobbyPlayerManagerComponentSystem.cs:97) 玩家ID:490676460229754881 移动方向: -0.98743546 , 0 , 0.1580227
2025-11-28 20:48:15.9547 (LobbyPlayerManagerComponentSystem.cs:102) 玩家ID:490676460229754881 移动到新位置: -3.0152414 , 0 , -4.960482
2025-11-28 20:48:16.0527 (StateSyncRequestHandler.cs:18) 玩家ID:490676460229754881 移动方向: -0.7787082 , 0 , -0.6273862
2025-11-28 20:48:16.0527 (StateSyncRequestHandler.cs:18) 玩家ID:490676460229754881 移动到新位置: -3.170983 , 0 , -5.0859594
2025-11-28 20:48:16.1470 (StateSyncRequestHandler.cs:18) 玩家ID:490676460229754881 移动方向: -0.9979687 , 0 , 0.063706204
2025-11-28 20:48:16.1470 (StateSyncRequestHandler.cs:18) 玩家ID:490676460229754881 移动到新位置: -3.3705769 , 0 , -5.0732183
2025-11-28 20:48:16.2488 (StateSyncRequestHandler.cs:18) 玩家ID:490676460229754881 移动方向: -0.6782507 , 0 , 0.7348306
2025-11-28 20:48:16.2488 (StateSyncRequestHandler.cs:18) 玩家ID:490676460229754881 移动到新位置: -3.506227 , 0 , -4.9262524
2025-11-28 20:48:16.3542 (StateSyncRequestHandler.cs:18) 玩家ID:490676460229754881 移动方向: 0.03152608 , 0 , 0.9995029
2025-11-28 20:48:16.3542 (StateSyncRequestHandler.cs:18) 玩家ID:490676460229754881 移动到新位置: -3.4999218 , 0 , -4.7263517
2025-11-28 20:48:16.4460 (StateSyncRequestHandler.cs:18) 玩家ID:490676460229754881 移动方向: 0.6863991 , 0 , -0.727225
2025-11-28 20:48:16.4460 (StateSyncRequestHandler.cs:18) 玩家ID:490676460229754881 移动到新位置: -3.362642 , 0 , -4.8717966
2025-11-28 20:48:16.5473 (StateSyncRequestHandler.cs:18) 玩家ID:490676460229754881 移动方向: 0.68709797 , 0 , -0.7265648
2025-11-28 20:48:16.5473 (StateSyncRequestHandler.cs:18) 玩家ID:490676460229754881 移动到新位置: -3.2252226 , 0 , -5.0171094
2025-11-28 20:48:16.6504 (StateSyncRequestHandler.cs:18) 玩家ID:490676460229754881 移动到新位置: -3.2252226 , 0 , -5.0171094
2025-11-28 20:48:19.3167  创建队伍成功 队伍ID：492108745923624960 玩家ID：490676460229754881
2025-11-28 20:48:31.2503 (StateSyncRequestHandler.cs:18) 玩家ID:490676460229754881 移动方向: 0.14290005 , 0 , 0.98973715
2025-11-28 20:48:31.2503 (StateSyncRequestHandler.cs:18) 玩家ID:490676460229754881 移动到新位置: -3.1966426 , 0 , -4.819162
2025-11-28 20:48:31.3474 (StateSyncRequestHandler.cs:18) 玩家ID:490676460229754881 移动方向: -0.47080672 , 0 , 0.8822364
2025-11-28 20:48:31.3474 (StateSyncRequestHandler.cs:18) 玩家ID:490676460229754881 移动到新位置: -3.290804 , 0 , -4.6427145
2025-11-28 20:48:31.4545 (StateSyncRequestHandler.cs:18) 玩家ID:490676460229754881 移动方向: -0.35610583 , 0 , 0.9344456
2025-11-28 20:48:31.4545 (StateSyncRequestHandler.cs:18) 玩家ID:490676460229754881 移动到新位置: -3.362025 , 0 , -4.4558253
2025-11-28 20:48:31.5497 (StateSyncRequestHandler.cs:18) 玩家ID:490676460229754881 移动方向: -0.6230744 , 0 , 0.78216255
2025-11-28 20:48:31.5497 (StateSyncRequestHandler.cs:18) 玩家ID:490676460229754881 移动到新位置: -3.48664 , 0 , -4.2993927
2025-11-28 20:48:31.6495 (StateSyncRequestHandler.cs:18) 玩家ID:490676460229754881 移动方向: -0.7267855 , 0 , 0.68686444
2025-11-28 20:48:31.6495 (StateSyncRequestHandler.cs:18) 玩家ID:490676460229754881 移动到新位置: -3.631997 , 0 , -4.1620197
2025-11-28 20:48:31.7570 (StateSyncRequestHandler.cs:18) 玩家ID:490676460229754881 移动方向: -0.99665266 , 0 , -0.08175238
2025-11-28 20:48:31.7570 (StateSyncRequestHandler.cs:18) 玩家ID:490676460229754881 移动到新位置: -3.8313277 , 0 , -4.17837
2025-11-28 20:48:31.8474 (StateSyncRequestHandler.cs:18) 玩家ID:490676460229754881 移动方向: -0.99522465 , 0 , -0.09761105
2025-11-28 20:48:31.8474 (StateSyncRequestHandler.cs:18) 玩家ID:490676460229754881 移动到新位置: -4.0303726 , 0 , -4.197892
2025-11-28 20:48:31.9526 (StateSyncRequestHandler.cs:18) 玩家ID:490676460229754881 移动方向: 0.10340798 , 0 , -0.99463904
2025-11-28 20:48:31.9526 (StateSyncRequestHandler.cs:18) 玩家ID:490676460229754881 移动到新位置: -4.009691 , 0 , -4.39682
2025-11-28 20:48:32.0627 (StateSyncRequestHandler.cs:18) 玩家ID:490676460229754881 移动方向: 0.105035454 , 0 , -0.9944685
2025-11-28 20:48:32.0627 (StateSyncRequestHandler.cs:18) 玩家ID:490676460229754881 移动到新位置: -3.9886842 , 0 , -4.5957136
2025-11-28 20:48:32.1560 (StateSyncRequestHandler.cs:18) 玩家ID:490676460229754881 移动方向: 0.105554976 , 0 , -0.9944135
2025-11-28 20:48:32.1560 (StateSyncRequestHandler.cs:18) 玩家ID:490676460229754881 移动到新位置: -3.9675732 , 0 , -4.794596
2025-11-28 20:48:32.2518 (StateSyncRequestHandler.cs:18) 玩家ID:490676460229754881 移动方向: -0.99439245 , 0 , -0.105753005
2025-11-28 20:48:32.2518 (StateSyncRequestHandler.cs:18) 玩家ID:490676460229754881 移动到新位置: -4.1664515 , 0 , -4.815747
2025-11-28 20:48:32.3534 (StateSyncRequestHandler.cs:18) 玩家ID:490676460229754881 移动方向: -0.9945765 , 0 , -0.10400772
2025-11-28 20:48:32.3534 (StateSyncRequestHandler.cs:18) 玩家ID:490676460229754881 移动到新位置: -4.365367 , 0 , -4.8365483
2025-11-28 20:48:32.4505 (StateSyncRequestHandler.cs:18) 玩家ID:490676460229754881 移动方向: -0.10078019 , 0 , 0.9949087
2025-11-28 20:48:32.4505 (StateSyncRequestHandler.cs:18) 玩家ID:490676460229754881 移动到新位置: -4.385523 , 0 , -4.6375666
2025-11-28 20:48:32.5493 (StateSyncRequestHandler.cs:18) 玩家ID:490676460229754881 移动方向: -0.0990482 , 0 , 0.9950826
2025-11-28 20:48:32.5493 (StateSyncRequestHandler.cs:18) 玩家ID:490676460229754881 移动到新位置: -4.4053326 , 0 , -4.43855
2025-11-28 20:48:32.6513 (StateSyncRequestHandler.cs:18) 玩家ID:490676460229754881 移动方向: -0.09836684 , 0 , 0.9951502
2025-11-28 20:48:32.6513 (StateSyncRequestHandler.cs:18) 玩家ID:490676460229754881 移动到新位置: -4.425006 , 0 , -4.23952
2025-11-28 20:48:32.7507 (StateSyncRequestHandler.cs:18) 玩家ID:490676460229754881 移动方向: -0.0981298 , 0 , 0.99517363
2025-11-28 20:48:32.7507 (StateSyncRequestHandler.cs:18) 玩家ID:490676460229754881 移动到新位置: -4.444632 , 0 , -4.0404854
2025-11-28 20:48:32.8523 (StateSyncRequestHandler.cs:18) 玩家ID:490676460229754881 移动方向: -0.09801098 , 0 , 0.9951853
2025-11-28 20:48:32.8523 (StateSyncRequestHandler.cs:18) 玩家ID:490676460229754881 移动到新位置: -4.4642344 , 0 , -3.8414483
2025-11-28 20:48:32.9551 (StateSyncRequestHandler.cs:18) 玩家ID:490676460229754881 移动方向: -0.06593063 , 0 , 0.9978242
2025-11-28 20:48:32.9551 (StateSyncRequestHandler.cs:18) 玩家ID:490676460229754881 移动到新位置: -4.4774203 , 0 , -3.6418834
2025-11-28 20:48:33.0503 (StateSyncRequestHandler.cs:18) 玩家ID:490676460229754881 移动方向: 0.04643405 , 0 , 0.9989214
2025-11-28 20:48:33.0503 (StateSyncRequestHandler.cs:18) 玩家ID:490676460229754881 移动到新位置: -4.4681334 , 0 , -3.442099
2025-11-28 20:48:33.1503 (StateSyncRequestHandler.cs:18) 玩家ID:490676460229754881 移动到新位置: -4.4681334 , 0 , -3.442099
2025-11-28 20:48:33.2449 (StateSyncRequestHandler.cs:18) 玩家ID:490676460229754881 移动方向: -0.3726354 , 0 , -0.92797786
2025-11-28 20:48:33.2449 (StateSyncRequestHandler.cs:18) 玩家ID:490676460229754881 移动到新位置: -4.5426607 , 0 , -3.6276946
2025-11-28 20:48:33.3500 (StateSyncRequestHandler.cs:18) 玩家ID:490676460229754881 移动方向: -0.4844992 , 0 , -0.87479174
2025-11-28 20:48:33.3500 (StateSyncRequestHandler.cs:18) 玩家ID:490676460229754881 移动到新位置: -4.6395607 , 0 , -3.8026528
2025-11-28 20:48:33.4547 (StateSyncRequestHandler.cs:18) 玩家ID:490676460229754881 移动方向: -0.5321391 , 0 , -0.8466569
2025-11-28 20:48:33.4547 (StateSyncRequestHandler.cs:18) 玩家ID:490676460229754881 移动到新位置: -4.7459884 , 0 , -3.9719841
2025-11-28 20:48:33.5451 (StateSyncRequestHandler.cs:18) 玩家ID:490676460229754881 移动方向: -0.5469385 , 0 , -0.8371728
2025-11-28 20:48:33.5451 (StateSyncRequestHandler.cs:18) 玩家ID:490676460229754881 移动到新位置: -4.8553762 , 0 , -4.1394186
2025-11-28 20:48:33.6526 (StateSyncRequestHandler.cs:18) 玩家ID:490676460229754881 移动方向: -0.55292577 , 0 , -0.83323056
2025-11-28 20:48:33.6526 (StateSyncRequestHandler.cs:18) 玩家ID:490676460229754881 移动到新位置: -4.9659615 , 0 , -4.3060646
2025-11-28 20:48:33.7553 (StateSyncRequestHandler.cs:18) 玩家ID:490676460229754881 移动方向: -0.55478984 , 0 , -0.83199054
2025-11-28 20:48:33.7553 (StateSyncRequestHandler.cs:18) 玩家ID:490676460229754881 移动到新位置: -5.0769196 , 0 , -4.4724627
2025-11-28 20:48:33.8462 (StateSyncRequestHandler.cs:18) 玩家ID:490676460229754881 移动方向: -0.8316452 , 0 , 0.5553074
2025-11-28 20:48:33.8462 (StateSyncRequestHandler.cs:18) 玩家ID:490676460229754881 移动到新位置: -5.2432485 , 0 , -4.361401
2025-11-28 20:48:33.9455 (StateSyncRequestHandler.cs:18) 玩家ID:490676460229754881 移动方向: -0.8315218 , 0 , 0.55549216
2025-11-28 20:48:33.9455 (StateSyncRequestHandler.cs:18) 玩家ID:490676460229754881 移动到新位置: -5.4095526 , 0 , -4.250303
2025-11-28 20:48:34.0529 (StateSyncRequestHandler.cs:18) 玩家ID:490676460229754881 移动方向: 0.5555487 , 0 , 0.831484
2025-11-28 20:48:34.0529 (StateSyncRequestHandler.cs:18) 玩家ID:490676460229754881 移动到新位置: -5.298443 , 0 , -4.084006
2025-11-28 20:48:34.1473 (StateSyncRequestHandler.cs:18) 玩家ID:490676460229754881 移动方向: 0.55556375 , 0 , 0.831474
2025-11-28 20:48:34.1473 (StateSyncRequestHandler.cs:18) 玩家ID:490676460229754881 移动到新位置: -5.1873302 , 0 , -3.917711
2025-11-28 20:48:34.2517 (StateSyncRequestHandler.cs:18) 玩家ID:490676460229754881 移动方向: 0.55556834 , 0 , 0.83147085
2025-11-28 20:48:34.2517 (StateSyncRequestHandler.cs:18) 玩家ID:490676460229754881 移动到新位置: -5.0762167 , 0 , -3.751417
2025-11-28 20:48:34.3527 (StateSyncRequestHandler.cs:18) 玩家ID:490676460229754881 移动方向: 0.5555696 , 0 , 0.83147
2025-11-28 20:48:34.3527 (StateSyncRequestHandler.cs:18) 玩家ID:490676460229754881 移动到新位置: -4.9651027 , 0 , -3.5851228
2025-11-28 20:48:34.4536 (StateSyncRequestHandler.cs:18) 玩家ID:490676460229754881 移动方向: 0.55556995 , 0 , 0.8314698
2025-11-28 20:48:34.4536 (StateSyncRequestHandler.cs:18) 玩家ID:490676460229754881 移动到新位置: -4.8539886 , 0 , -3.418829
2025-11-28 20:48:34.5471 (StateSyncRequestHandler.cs:18) 玩家ID:490676460229754881 移动方向: 0.55556995 , 0 , 0.8314698
2025-11-28 20:48:34.5471 (StateSyncRequestHandler.cs:18) 玩家ID:490676460229754881 移动到新位置: -4.7428746 , 0 , -3.252535
2025-11-28 20:48:34.6500 (StateSyncRequestHandler.cs:18) 玩家ID:490676460229754881 移动方向: 0.55556995 , 0 , 0.8314698
2025-11-28 20:48:34.6500 (StateSyncRequestHandler.cs:18) 玩家ID:490676460229754881 移动到新位置: -4.6317606 , 0 , -3.0862412
2025-11-28 20:48:34.7549 (StateSyncRequestHandler.cs:18) 玩家ID:490676460229754881 移动方向: 0.55556995 , 0 , 0.8314698
2025-11-28 20:48:34.7549 (StateSyncRequestHandler.cs:18) 玩家ID:490676460229754881 移动到新位置: -4.5206466 , 0 , -2.9199474
2025-11-28 20:48:34.8452 (StateSyncRequestHandler.cs:18) 玩家ID:490676460229754881 移动方向: 0.55556995 , 0 , 0.8314698
2025-11-28 20:48:34.8452 (StateSyncRequestHandler.cs:18) 玩家ID:490676460229754881 移动到新位置: -4.4095325 , 0 , -2.7536535
2025-11-28 20:48:34.9500 (StateSyncRequestHandler.cs:18) 玩家ID:490676460229754881 移动方向: -0.19509062 , 0 , 0.9807852
2025-11-28 20:48:34.9500 (StateSyncRequestHandler.cs:18) 玩家ID:490676460229754881 移动到新位置: -4.4485507 , 0 , -2.5574965
2025-11-28 20:48:35.0523 (StateSyncRequestHandler.cs:18) 玩家ID:490676460229754881 移动方向: -0.19509062 , 0 , 0.9807852
2025-11-28 20:48:35.0523 (StateSyncRequestHandler.cs:18) 玩家ID:490676460229754881 移动到新位置: -4.487569 , 0 , -2.3613396
2025-11-28 20:48:35.1515 (StateSyncRequestHandler.cs:18) 玩家ID:490676460229754881 移动方向: -0.8314698 , 0 , 0.55557
2025-11-28 20:48:35.1515 (StateSyncRequestHandler.cs:18) 玩家ID:490676460229754881 移动到新位置: -4.653863 , 0 , -2.2502255
2025-11-28 20:48:35.2464 (StateSyncRequestHandler.cs:18) 玩家ID:490676460229754881 移动方向: -0.98078513 , 0 , -0.19509059
2025-11-28 20:48:35.2464 (StateSyncRequestHandler.cs:18) 玩家ID:490676460229754881 移动到新位置: -4.85002 , 0 , -2.2892437
2025-11-28 20:48:35.3476 (StateSyncRequestHandler.cs:18) 玩家ID:490676460229754881 移动方向: -0.55556995 , 0 , -0.8314698
2025-11-28 20:48:35.3476 (StateSyncRequestHandler.cs:18) 玩家ID:490676460229754881 移动到新位置: -4.961134 , 0 , -2.4555376
2025-11-28 20:48:35.4486 (StateSyncRequestHandler.cs:18) 玩家ID:490676460229754881 移动方向: -0.55556995 , 0 , -0.8314698
2025-11-28 20:48:35.4486 (StateSyncRequestHandler.cs:18) 玩家ID:490676460229754881 移动到新位置: -5.072248 , 0 , -2.6218314
2025-11-28 20:48:35.5477 (StateSyncRequestHandler.cs:18) 玩家ID:490676460229754881 移动方向: -0.55556995 , 0 , -0.8314698
2025-11-28 20:48:35.5477 (StateSyncRequestHandler.cs:18) 玩家ID:490676460229754881 移动到新位置: -5.183362 , 0 , -2.7881253
2025-11-28 20:48:35.6503 (StateSyncRequestHandler.cs:18) 玩家ID:490676460229754881 移动方向: -0.55556995 , 0 , -0.8314698
2025-11-28 20:48:35.6503 (StateSyncRequestHandler.cs:18) 玩家ID:490676460229754881 移动到新位置: -5.294476 , 0 , -2.9544191
2025-11-28 20:48:35.7536 (StateSyncRequestHandler.cs:18) 玩家ID:490676460229754881 移动方向: -0.55556995 , 0 , -0.8314698
2025-11-28 20:48:35.7536 (StateSyncRequestHandler.cs:18) 玩家ID:490676460229754881 移动到新位置: -5.40559 , 0 , -3.120713
2025-11-28 20:48:35.8463 (StateSyncRequestHandler.cs:18) 玩家ID:490676460229754881 移动方向: -0.55556995 , 0 , -0.8314698
2025-11-28 20:48:35.8463 (StateSyncRequestHandler.cs:18) 玩家ID:490676460229754881 移动到新位置: -5.516704 , 0 , -3.2870069
2025-11-28 20:48:35.9517 (StateSyncRequestHandler.cs:18) 玩家ID:490676460229754881 移动方向: -0.98078513 , 0 , -0.19509059
2025-11-28 20:48:35.9517 (StateSyncRequestHandler.cs:18) 玩家ID:490676460229754881 移动到新位置: -5.712861 , 0 , -3.326025
2025-11-28 20:48:36.0539 (StateSyncRequestHandler.cs:18) 玩家ID:490676460229754881 移动方向: -0.98078513 , 0 , -0.19509059
2025-11-28 20:48:36.0539 (StateSyncRequestHandler.cs:18) 玩家ID:490676460229754881 移动到新位置: -5.909018 , 0 , -3.3650432
2025-11-28 20:48:36.1455 (StateSyncRequestHandler.cs:18) 玩家ID:490676460229754881 移动方向: -0.8314698 , 0 , 0.55557
2025-11-28 20:48:36.1459 (StateSyncRequestHandler.cs:18) 玩家ID:490676460229754881 移动到新位置: -6.075312 , 0 , -3.2539291
2025-11-28 20:48:36.2566 (StateSyncRequestHandler.cs:18) 玩家ID:490676460229754881 移动方向: 0.55556995 , 0 , 0.8314698
2025-11-28 20:48:36.2566 (StateSyncRequestHandler.cs:18) 玩家ID:490676460229754881 移动到新位置: -5.964198 , 0 , -3.0876353
2025-11-28 20:48:36.3526 (StateSyncRequestHandler.cs:18) 玩家ID:490676460229754881 移动方向: 0.55556995 , 0 , 0.8314698
2025-11-28 20:48:36.3526 (StateSyncRequestHandler.cs:18) 玩家ID:490676460229754881 移动到新位置: -5.853084 , 0 , -2.9213414
2025-11-28 20:48:36.4468 (StateSyncRequestHandler.cs:18) 玩家ID:490676460229754881 移动方向: 0.98078513 , 0 , 0.19509059
2025-11-28 20:48:36.4468 (StateSyncRequestHandler.cs:18) 玩家ID:490676460229754881 移动到新位置: -5.656927 , 0 , -2.8823233
2025-11-28 20:48:36.5489 (StateSyncRequestHandler.cs:18) 玩家ID:490676460229754881 移动方向: 0.98078513 , 0 , 0.19509059
2025-11-28 20:48:36.5489 (StateSyncRequestHandler.cs:18) 玩家ID:490676460229754881 移动到新位置: -5.46077 , 0 , -2.843305
2025-11-28 20:48:36.6522 (StateSyncRequestHandler.cs:18) 玩家ID:490676460229754881 移动方向: 0.98078513 , 0 , 0.19509059
2025-11-28 20:48:36.6522 (StateSyncRequestHandler.cs:18) 玩家ID:490676460229754881 移动到新位置: -5.264613 , 0 , -2.804287
2025-11-28 20:48:36.7542 (StateSyncRequestHandler.cs:18) 玩家ID:490676460229754881 移动方向: 0.55556995 , 0 , 0.8314698
2025-11-28 20:48:36.7542 (StateSyncRequestHandler.cs:18) 玩家ID:490676460229754881 移动到新位置: -5.153499 , 0 , -2.637993
2025-11-28 20:48:36.8478 (StateSyncRequestHandler.cs:18) 玩家ID:490676460229754881 移动方向: -0.19509062 , 0 , 0.9807852
2025-11-28 20:48:36.8478 (StateSyncRequestHandler.cs:18) 玩家ID:490676460229754881 移动到新位置: -5.1925173 , 0 , -2.441836
2025-11-28 20:48:36.9489 (StateSyncRequestHandler.cs:18) 玩家ID:490676460229754881 移动方向: -0.8314698 , 0 , 0.55557
2025-11-28 20:48:36.9489 (StateSyncRequestHandler.cs:18) 玩家ID:490676460229754881 移动到新位置: -5.3588114 , 0 , -2.330722
2025-11-28 20:48:37.0450 (StateSyncRequestHandler.cs:18) 玩家ID:490676460229754881 移动方向: -0.98078513 , 0 , -0.19509059
2025-11-28 20:48:37.0450 (StateSyncRequestHandler.cs:18) 玩家ID:490676460229754881 移动到新位置: -5.5549684 , 0 , -2.3697402
2025-11-28 20:48:37.1454 (StateSyncRequestHandler.cs:18) 玩家ID:490676460229754881 移动方向: -0.55556995 , 0 , -0.8314698
2025-11-28 20:48:37.1459 (StateSyncRequestHandler.cs:18) 玩家ID:490676460229754881 移动到新位置: -5.6660824 , 0 , -2.536034
2025-11-28 20:48:37.2456 (StateSyncRequestHandler.cs:18) 玩家ID:490676460229754881 移动方向: -0.55556995 , 0 , -0.8314698
2025-11-28 20:48:37.2456 (StateSyncRequestHandler.cs:18) 玩家ID:490676460229754881 移动到新位置: -5.7771964 , 0 , -2.702328
2025-11-28 20:48:37.3507 (StateSyncRequestHandler.cs:18) 玩家ID:490676460229754881 移动方向: 0.19509062 , 0 , -0.9807852
2025-11-28 20:48:37.3507 (StateSyncRequestHandler.cs:18) 玩家ID:490676460229754881 移动到新位置: -5.7381783 , 0 , -2.898485
2025-11-28 20:48:37.4511 (StateSyncRequestHandler.cs:18) 玩家ID:490676460229754881 移动方向: 0.19509062 , 0 , -0.9807852
2025-11-28 20:48:37.4511 (StateSyncRequestHandler.cs:18) 玩家ID:490676460229754881 移动到新位置: -5.69916 , 0 , -3.094642
2025-11-28 20:48:37.5497 (StateSyncRequestHandler.cs:18) 玩家ID:490676460229754881 移动方向: 0.19509062 , 0 , -0.9807852
2025-11-28 20:48:37.5497 (StateSyncRequestHandler.cs:18) 玩家ID:490676460229754881 移动到新位置: -5.660142 , 0 , -3.290799
2025-11-28 20:48:37.6519 (StateSyncRequestHandler.cs:18) 玩家ID:490676460229754881 移动方向: -0.55556995 , 0 , -0.8314698
2025-11-28 20:48:37.6519 (StateSyncRequestHandler.cs:18) 玩家ID:490676460229754881 移动到新位置: -5.771256 , 0 , -3.4570928
2025-11-28 20:48:37.7545 (StateSyncRequestHandler.cs:18) 玩家ID:490676460229754881 移动方向: -0.98078513 , 0 , -0.19509059
2025-11-28 20:48:37.7545 (StateSyncRequestHandler.cs:18) 玩家ID:490676460229754881 移动到新位置: -5.967413 , 0 , -3.496111
2025-11-28 20:48:37.8536 (StateSyncRequestHandler.cs:18) 玩家ID:490676460229754881 移动方向: -0.98078513 , 0 , -0.19509059
2025-11-28 20:48:37.8536 (StateSyncRequestHandler.cs:18) 玩家ID:490676460229754881 移动到新位置: -6.16357 , 0 , -3.535129
2025-11-28 20:48:37.9466 (StateSyncRequestHandler.cs:18) 玩家ID:490676460229754881 移动方向: -0.8314698 , 0 , 0.55557
2025-11-28 20:48:37.9466 (StateSyncRequestHandler.cs:18) 玩家ID:490676460229754881 移动到新位置: -6.329864 , 0 , -3.424015
2025-11-28 20:48:38.0496 (StateSyncRequestHandler.cs:18) 玩家ID:490676460229754881 移动方向: -0.19509062 , 0 , 0.9807852
2025-11-28 20:48:38.0496 (StateSyncRequestHandler.cs:18) 玩家ID:490676460229754881 移动到新位置: -6.368882 , 0 , -3.227858
2025-11-28 20:48:38.1498 (StateSyncRequestHandler.cs:18) 玩家ID:490676460229754881 移动方向: 0.55556995 , 0 , 0.8314698
2025-11-28 20:48:38.1498 (StateSyncRequestHandler.cs:18) 玩家ID:490676460229754881 移动到新位置: -6.257768 , 0 , -3.0615642
2025-11-28 20:48:38.2532 (StateSyncRequestHandler.cs:18) 玩家ID:490676460229754881 移动方向: 0.98078513 , 0 , 0.19509059
2025-11-28 20:48:38.2532 (StateSyncRequestHandler.cs:18) 玩家ID:490676460229754881 移动到新位置: -6.061611 , 0 , -3.022546
2025-11-28 20:48:38.3539 (StateSyncRequestHandler.cs:18) 玩家ID:490676460229754881 移动方向: 0.98078513 , 0 , 0.19509059
2025-11-28 20:48:38.3539 (StateSyncRequestHandler.cs:18) 玩家ID:490676460229754881 移动到新位置: -5.865454 , 0 , -2.983528
2025-11-28 20:48:38.4461 (StateSyncRequestHandler.cs:18) 玩家ID:490676460229754881 移动方向: 0.98078513 , 0 , 0.19509059
2025-11-28 20:48:38.4461 (StateSyncRequestHandler.cs:18) 玩家ID:490676460229754881 移动到新位置: -5.669297 , 0 , -2.9445097
2025-11-28 20:48:38.5546 (StateSyncRequestHandler.cs:18) 玩家ID:490676460229754881 移动方向: 0.98079294 , 0 , 0.19505167
2025-11-28 20:48:38.5546 (StateSyncRequestHandler.cs:18) 玩家ID:490676460229754881 移动到新位置: -5.473139 , 0 , -2.9054995
2025-11-28 20:48:38.6532 (StateSyncRequestHandler.cs:18) 玩家ID:490676460229754881 移动方向: -0.19341457 , 0 , 0.9811171
2025-11-28 20:48:38.6532 (StateSyncRequestHandler.cs:18) 玩家ID:490676460229754881 移动到新位置: -5.5118217 , 0 , -2.709276
2025-11-28 20:48:38.7468 (StateSyncRequestHandler.cs:18) 玩家ID:490676460229754881 移动方向: -0.82981694 , 0 , 0.5580358
2025-11-28 20:48:38.7468 (StateSyncRequestHandler.cs:18) 玩家ID:490676460229754881 移动到新位置: -5.677785 , 0 , -2.597669
2025-11-28 20:48:38.8493 (StateSyncRequestHandler.cs:18) 玩家ID:490676460229754881 移动方向: -0.9814805 , 0 , -0.19156218
2025-11-28 20:48:38.8493 (StateSyncRequestHandler.cs:18) 玩家ID:490676460229754881 移动到新位置: -5.874081 , 0 , -2.6359813
2025-11-28 20:48:38.9539 (StateSyncRequestHandler.cs:18) 玩家ID:490676460229754881 移动方向: -0.5587442 , 0 , -0.8293401
2025-11-28 20:48:38.9539 (StateSyncRequestHandler.cs:18) 玩家ID:490676460229754881 移动到新位置: -5.98583 , 0 , -2.8018494
2025-11-28 20:48:39.0472 (StateSyncRequestHandler.cs:18) 玩家ID:490676460229754881 移动方向: 0.19127235 , 0 , -0.981537
2025-11-28 20:48:39.0472 (StateSyncRequestHandler.cs:18) 玩家ID:490676460229754881 移动到新位置: -5.9475756 , 0 , -2.9981568
2025-11-28 20:48:39.1470 (StateSyncRequestHandler.cs:18) 玩家ID:490676460229754881 移动方向: 0.19124806 , 0 , -0.98154175
2025-11-28 20:48:39.1470 (StateSyncRequestHandler.cs:18) 玩家ID:490676460229754881 移动到新位置: -5.909326 , 0 , -3.1944652
2025-11-28 20:48:39.2489 (StateSyncRequestHandler.cs:18) 玩家ID:490676460229754881 移动方向: -0.5588283 , 0 , -0.82928336
2025-11-28 20:48:39.2489 (StateSyncRequestHandler.cs:18) 玩家ID:490676460229754881 移动到新位置: -6.021092 , 0 , -3.3603218
2025-11-28 20:48:39.3544 (StateSyncRequestHandler.cs:18) 玩家ID:490676460229754881 移动方向: -0.8292821 , 0 , 0.55883026
2025-11-28 20:48:39.3544 (StateSyncRequestHandler.cs:18) 玩家ID:490676460229754881 移动到新位置: -6.1869483 , 0 , -3.2485557
2025-11-28 20:48:39.4563 (StateSyncRequestHandler.cs:18) 玩家ID:490676460229754881 移动方向: -0.8292816 , 0 , 0.5588309
2025-11-28 20:48:39.4563 (StateSyncRequestHandler.cs:18) 玩家ID:490676460229754881 移动到新位置: -6.3528047 , 0 , -3.1367896
2025-11-28 20:48:39.5475 (StateSyncRequestHandler.cs:18) 玩家ID:490676460229754881 移动方向: 0.5588309 , 0 , 0.8292816
2025-11-28 20:48:39.5475 (StateSyncRequestHandler.cs:18) 玩家ID:490676460229754881 移动到新位置: -6.2410383 , 0 , -2.9709332
2025-11-28 20:48:39.6470 (StateSyncRequestHandler.cs:18) 玩家ID:490676460229754881 移动方向: 0.9815438 , 0 , 0.19123751
2025-11-28 20:48:39.6470 (StateSyncRequestHandler.cs:18) 玩家ID:490676460229754881 移动到新位置: -6.0447297 , 0 , -2.9326856
2025-11-28 20:48:39.7508 (StateSyncRequestHandler.cs:18) 玩家ID:490676460229754881 移动方向: 0.9815438 , 0 , 0.19123751
2025-11-28 20:48:39.7508 (StateSyncRequestHandler.cs:18) 玩家ID:490676460229754881 移动到新位置: -5.848421 , 0 , -2.894438
2025-11-28 20:48:39.8529 (StateSyncRequestHandler.cs:18) 玩家ID:490676460229754881 移动方向: 0.5588309 , 0 , 0.8292816
2025-11-28 20:48:39.8529 (StateSyncRequestHandler.cs:18) 玩家ID:490676460229754881 移动到新位置: -5.7366548 , 0 , -2.7285817
2025-11-28 20:48:39.9541 (StateSyncRequestHandler.cs:18) 玩家ID:490676460229754881 移动方向: -0.19123754 , 0 , 0.98154384
2025-11-28 20:48:39.9541 (StateSyncRequestHandler.cs:18) 玩家ID:490676460229754881 移动到新位置: -5.7749023 , 0 , -2.5322728
2025-11-28 20:48:40.0550 (StateSyncRequestHandler.cs:18) 玩家ID:490676460229754881 移动方向: -0.19123754 , 0 , 0.98154384
2025-11-28 20:48:40.0550 (StateSyncRequestHandler.cs:18) 玩家ID:490676460229754881 移动到新位置: -5.81315 , 0 , -2.335964
2025-11-28 20:48:40.1542 (StateSyncRequestHandler.cs:18) 玩家ID:490676460229754881 移动方向: -0.19123754 , 0 , 0.98154384
2025-11-28 20:48:40.1542 (StateSyncRequestHandler.cs:18) 玩家ID:490676460229754881 移动到新位置: -5.8513975 , 0 , -2.139655
2025-11-28 20:48:40.2532 (StateSyncRequestHandler.cs:18) 玩家ID:490676460229754881 移动方向: -0.19123754 , 0 , 0.98154384
2025-11-28 20:48:40.2603 (StateSyncRequestHandler.cs:18) 玩家ID:490676460229754881 移动到新位置: -5.889645 , 0 , -1.9433464
2025-11-28 20:48:40.3466 (StateSyncRequestHandler.cs:18) 玩家ID:490676460229754881 移动方向: -0.19123754 , 0 , 0.98154384
2025-11-28 20:48:40.3466 (StateSyncRequestHandler.cs:18) 玩家ID:490676460229754881 移动到新位置: -5.9278927 , 0 , -1.7470376
2025-11-28 20:48:40.4500 (StateSyncRequestHandler.cs:18) 玩家ID:490676460229754881 移动方向: 0.5588309 , 0 , 0.8292816
2025-11-28 20:48:40.4500 (StateSyncRequestHandler.cs:18) 玩家ID:490676460229754881 移动到新位置: -5.8161263 , 0 , -1.5811813
2025-11-28 20:48:40.5511 (StateSyncRequestHandler.cs:18) 玩家ID:490676460229754881 移动到新位置: -5.8161263 , 0 , -1.5811813
2025-11-28 20:48:41.0495 (StateSyncRequestHandler.cs:18) 玩家ID:490676460229754881 移动方向: -0.8271089 , 0 , 0.56204164
2025-11-28 20:48:41.0495 (StateSyncRequestHandler.cs:18) 玩家ID:490676460229754881 移动到新位置: -5.9815483 , 0 , -1.468773
2025-11-28 20:48:41.1550 (StateSyncRequestHandler.cs:18) 玩家ID:490676460229754881 移动方向: -0.8164713 , 0 , 0.5773861
2025-11-28 20:48:41.1550 (StateSyncRequestHandler.cs:18) 玩家ID:490676460229754881 移动到新位置: -6.1448426 , 0 , -1.3532958
2025-11-28 20:48:41.2536 (StateSyncRequestHandler.cs:18) 玩家ID:490676460229754881 移动方向: -0.7455788 , 0 , -0.6664174
2025-11-28 20:48:41.2536 (StateSyncRequestHandler.cs:18) 玩家ID:490676460229754881 移动到新位置: -6.293958 , 0 , -1.4865793
2025-11-28 20:48:41.3457 (StateSyncRequestHandler.cs:18) 玩家ID:490676460229754881 移动方向: -0.921362 , 0 , -0.38870573
2025-11-28 20:48:41.3457 (StateSyncRequestHandler.cs:18) 玩家ID:490676460229754881 移动到新位置: -6.4782305 , 0 , -1.5643204
2025-11-28 20:48:41.4549 (StateSyncRequestHandler.cs:18) 玩家ID:490676460229754881 移动方向: -0.98443764 , 0 , -0.17573436
2025-11-28 20:48:41.4549 (StateSyncRequestHandler.cs:18) 玩家ID:490676460229754881 移动到新位置: -6.675118 , 0 , -1.5994673
2025-11-28 20:48:41.5559 (StateSyncRequestHandler.cs:18) 玩家ID:490676460229754881 移动方向: -0.77395546 , 0 , 0.63324
2025-11-28 20:48:41.5559 (StateSyncRequestHandler.cs:18) 玩家ID:490676460229754881 移动到新位置: -6.829909 , 0 , -1.4728193
2025-11-28 20:48:41.6478 (StateSyncRequestHandler.cs:18) 玩家ID:490676460229754881 移动方向: -0.7571071 , 0 , 0.6532907
2025-11-28 20:48:41.6478 (StateSyncRequestHandler.cs:18) 玩家ID:490676460229754881 移动到新位置: -6.9813304 , 0 , -1.3421612
2025-11-28 20:48:41.7531 (StateSyncRequestHandler.cs:18) 玩家ID:490676460229754881 移动方向: -0.06316842 , 0 , 0.9980029
2025-11-28 20:48:41.7531 (StateSyncRequestHandler.cs:18) 玩家ID:490676460229754881 移动到新位置: -6.993964 , 0 , -1.1425606
2025-11-28 20:48:41.8651 (StateSyncRequestHandler.cs:18) 玩家ID:490676460229754881 移动方向: -0.06016788 , 0 , 0.99818826
2025-11-28 20:48:41.8651 (StateSyncRequestHandler.cs:18) 玩家ID:490676460229754881 移动到新位置: -7.0059977 , 0 , -0.94292295
2025-11-28 20:48:41.9549 (StateSyncRequestHandler.cs:18) 玩家ID:490676460229754881 移动方向: -0.059258163 , 0 , 0.9982427
2025-11-28 20:48:41.9549 (StateSyncRequestHandler.cs:18) 玩家ID:490676460229754881 移动到新位置: -7.0178494 , 0 , -0.74327445
2025-11-28 20:48:42.0522 (StateSyncRequestHandler.cs:18) 玩家ID:490676460229754881 移动方向: -0.058994044 , 0 , 0.99825835
2025-11-28 20:48:42.0522 (StateSyncRequestHandler.cs:18) 玩家ID:490676460229754881 移动到新位置: -7.0296483 , 0 , -0.5436228
2025-11-28 20:48:42.1496 (StateSyncRequestHandler.cs:18) 玩家ID:490676460229754881 移动方向: 0.66422534 , 0 , 0.74753237
2025-11-28 20:48:42.1496 (StateSyncRequestHandler.cs:18) 玩家ID:490676460229754881 移动到新位置: -6.8968034 , 0 , -0.39411634
2025-11-28 20:48:42.2513 (StateSyncRequestHandler.cs:18) 玩家ID:490676460229754881 移动方向: 0.99826497 , 0 , 0.058880813
2025-11-28 20:48:42.2513 (StateSyncRequestHandler.cs:18) 玩家ID:490676460229754881 移动到新位置: -6.69715 , 0 , -0.3823402
2025-11-28 20:48:42.3576 (StateSyncRequestHandler.cs:18) 玩家ID:490676460229754881 移动方向: 0.6642507 , 0 , 0.7475098
2025-11-28 20:48:42.3576 (StateSyncRequestHandler.cs:18) 玩家ID:490676460229754881 移动到新位置: -6.5643 , 0 , -0.23283824
2025-11-28 20:48:42.4501 (StateSyncRequestHandler.cs:18) 玩家ID:490676460229754881 移动方向: -0.05887146 , 0 , 0.9982656
2025-11-28 20:48:42.4501 (StateSyncRequestHandler.cs:18) 玩家ID:490676460229754881 移动到新位置: -6.576074 , 0 , -0.033185124
2025-11-28 20:48:42.5503 (StateSyncRequestHandler.cs:18) 玩家ID:490676460229754881 移动方向: -0.058870964 , 0 , 0.9982656
2025-11-28 20:48:42.5503 (StateSyncRequestHandler.cs:18) 玩家ID:490676460229754881 移动到新位置: -6.587848 , 0 , 0.166468
2025-11-28 20:48:42.6508 (StateSyncRequestHandler.cs:18) 玩家ID:490676460229754881 移动方向: -0.99826556 , 0 , -0.058870953
2025-11-28 20:48:42.6508 (StateSyncRequestHandler.cs:18) 玩家ID:490676460229754881 移动到新位置: -6.7875013 , 0 , 0.15469381
2025-11-28 20:48:42.7512 (StateSyncRequestHandler.cs:18) 玩家ID:490676460229754881 移动方向: -0.99826556 , 0 , -0.058870953
2025-11-28 20:48:42.7512 (StateSyncRequestHandler.cs:18) 玩家ID:490676460229754881 移动到新位置: -6.9871545 , 0 , 0.14291963
2025-11-28 20:48:42.8526 (StateSyncRequestHandler.cs:18) 玩家ID:490676460229754881 移动方向: -0.6642523 , 0 , -0.74750847
2025-11-28 20:48:42.8526 (StateSyncRequestHandler.cs:18) 玩家ID:490676460229754881 移动到新位置: -7.120005 , 0 , -0.0065820664
2025-11-28 20:48:42.9481 (StateSyncRequestHandler.cs:18) 玩家ID:490676460229754881 移动方向: -0.7475084 , 0 , 0.66425234
2025-11-28 20:48:42.9481 (StateSyncRequestHandler.cs:18) 玩家ID:490676460229754881 移动到新位置: -7.269507 , 0 , 0.1262684
2025-11-28 20:48:43.0535 (StateSyncRequestHandler.cs:18) 玩家ID:490676460229754881 移动方向: -0.058870964 , 0 , 0.9982656
2025-11-28 20:48:43.0535 (StateSyncRequestHandler.cs:18) 玩家ID:490676460229754881 移动到新位置: -7.281281 , 0 , 0.32592154
2025-11-28 20:48:43.1522 (StateSyncRequestHandler.cs:18) 玩家ID:490676460229754881 移动方向: 0.6642523 , 0 , 0.74750847
2025-11-28 20:48:43.1522 (StateSyncRequestHandler.cs:18) 玩家ID:490676460229754881 移动到新位置: -7.1484303 , 0 , 0.47542322
2025-11-28 20:48:43.2524 (StateSyncRequestHandler.cs:18) 玩家ID:490676460229754881 移动方向: 0.99826556 , 0 , 0.058870953
2025-11-28 20:48:43.2524 (StateSyncRequestHandler.cs:18) 玩家ID:490676460229754881 移动到新位置: -6.948777 , 0 , 0.4871974
2025-11-28 20:48:43.3471 (StateSyncRequestHandler.cs:18) 玩家ID:490676460229754881 移动方向: 0.99826556 , 0 , 0.058870953
2025-11-28 20:48:43.3471 (StateSyncRequestHandler.cs:18) 玩家ID:490676460229754881 移动到新位置: -6.749124 , 0 , 0.49897158
2025-11-28 20:48:43.4522 (StateSyncRequestHandler.cs:18) 玩家ID:490676460229754881 移动方向: -0.058870964 , 0 , 0.9982656
2025-11-28 20:48:43.4522 (StateSyncRequestHandler.cs:18) 玩家ID:490676460229754881 移动到新位置: -6.760898 , 0 , 0.69862473
2025-11-28 20:48:43.5507 (StateSyncRequestHandler.cs:18) 玩家ID:490676460229754881 移动方向: -0.058870964 , 0 , 0.9982656
2025-11-28 20:48:43.5507 (StateSyncRequestHandler.cs:18) 玩家ID:490676460229754881 移动到新位置: -6.772672 , 0 , 0.8982779
2025-11-28 20:48:43.6463 (StateSyncRequestHandler.cs:18) 玩家ID:490676460229754881 移动方向: -0.99826556 , 0 , -0.058870953
2025-11-28 20:48:43.6463 (StateSyncRequestHandler.cs:18) 玩家ID:490676460229754881 移动到新位置: -6.9723253 , 0 , 0.8865037
2025-11-28 20:48:43.7478 (StateSyncRequestHandler.cs:18) 玩家ID:490676460229754881 移动方向: -0.6642523 , 0 , -0.74750847
2025-11-28 20:48:43.7478 (StateSyncRequestHandler.cs:18) 玩家ID:490676460229754881 移动到新位置: -7.105176 , 0 , 0.737002
2025-11-28 20:48:43.8468 (StateSyncRequestHandler.cs:18) 玩家ID:490676460229754881 移动方向: -0.6642523 , 0 , -0.74750847
2025-11-28 20:48:43.8468 (StateSyncRequestHandler.cs:18) 玩家ID:490676460229754881 移动到新位置: -7.2380266 , 0 , 0.58750033
2025-11-28 20:48:43.9512 (StateSyncRequestHandler.cs:18) 玩家ID:490676460229754881 移动方向: -0.7475084 , 0 , 0.66425234
2025-11-28 20:48:43.9512 (StateSyncRequestHandler.cs:18) 玩家ID:490676460229754881 移动到新位置: -7.3875284 , 0 , 0.7203508
2025-11-28 20:48:44.0548 (StateSyncRequestHandler.cs:18) 玩家ID:490676460229754881 移动方向: -0.058870964 , 0 , 0.9982656
2025-11-28 20:48:44.0548 (StateSyncRequestHandler.cs:18) 玩家ID:490676460229754881 移动到新位置: -7.3993025 , 0 , 0.9200039
2025-11-28 20:48:44.1550 (StateSyncRequestHandler.cs:18) 玩家ID:490676460229754881 移动方向: -0.058870964 , 0 , 0.9982656
2025-11-28 20:48:44.1550 (StateSyncRequestHandler.cs:18) 玩家ID:490676460229754881 移动到新位置: -7.4110765 , 0 , 1.119657
2025-11-28 20:48:44.2479 (StateSyncRequestHandler.cs:18) 玩家ID:490676460229754881 移动方向: 0.99826556 , 0 , 0.058870953
2025-11-28 20:48:44.2479 (StateSyncRequestHandler.cs:18) 玩家ID:490676460229754881 移动到新位置: -7.2114234 , 0 , 1.1314312
2025-11-28 20:48:44.3512 (StateSyncRequestHandler.cs:18) 玩家ID:490676460229754881 移动方向: 0.7475084 , 0 , -0.66425234
2025-11-28 20:48:44.3512 (StateSyncRequestHandler.cs:18) 玩家ID:490676460229754881 移动到新位置: -7.0619216 , 0 , 0.99858075
2025-11-28 20:48:44.4570 (StateSyncRequestHandler.cs:18) 玩家ID:490676460229754881 移动方向: 0.058870964 , 0 , -0.9982656
2025-11-28 20:48:44.4570 (StateSyncRequestHandler.cs:18) 玩家ID:490676460229754881 移动到新位置: -7.0501475 , 0 , 0.79892766
2025-11-28 20:48:44.5532 (StateSyncRequestHandler.cs:18) 玩家ID:490676460229754881 移动方向: -0.058870964 , 0 , 0.9982656
2025-11-28 20:48:44.5532 (StateSyncRequestHandler.cs:18) 玩家ID:490676460229754881 移动到新位置: -7.0619216 , 0 , 0.9985808
2025-11-28 20:48:44.6529 (StateSyncRequestHandler.cs:18) 玩家ID:490676460229754881 移动方向: -0.7475084 , 0 , 0.66425234
2025-11-28 20:48:44.6529 (StateSyncRequestHandler.cs:18) 玩家ID:490676460229754881 移动到新位置: -7.2114234 , 0 , 1.1314313
2025-11-28 20:48:44.7497 (StateSyncRequestHandler.cs:18) 玩家ID:490676460229754881 移动方向: -0.99826556 , 0 , -0.058870953
2025-11-28 20:48:44.7497 (StateSyncRequestHandler.cs:18) 玩家ID:490676460229754881 移动到新位置: -7.4110765 , 0 , 1.1196572
2025-11-28 20:48:44.8479 (StateSyncRequestHandler.cs:18) 玩家ID:490676460229754881 移动方向: -0.6642523 , 0 , -0.74750847
2025-11-28 20:48:44.8479 (StateSyncRequestHandler.cs:18) 玩家ID:490676460229754881 移动到新位置: -7.543927 , 0 , 0.9701555
2025-11-28 20:48:44.9516 (StateSyncRequestHandler.cs:18) 玩家ID:490676460229754881 移动方向: -0.6642523 , 0 , -0.74750847
2025-11-28 20:48:44.9516 (StateSyncRequestHandler.cs:18) 玩家ID:490676460229754881 移动到新位置: -7.676778 , 0 , 0.8206538
2025-11-28 20:48:45.0541 (StateSyncRequestHandler.cs:18) 玩家ID:490676460229754881 移动方向: -0.6642523 , 0 , -0.74750847
2025-11-28 20:48:45.0541 (StateSyncRequestHandler.cs:18) 玩家ID:490676460229754881 移动到新位置: -7.8096285 , 0 , 0.6711521
2025-11-28 20:48:45.1502 (StateSyncRequestHandler.cs:18) 玩家ID:490676460229754881 移动方向: -0.7475084 , 0 , 0.66425234
2025-11-28 20:48:45.1502 (StateSyncRequestHandler.cs:18) 玩家ID:490676460229754881 移动到新位置: -7.9591303 , 0 , 0.8040026
2025-11-28 20:48:45.2558 (StateSyncRequestHandler.cs:18) 玩家ID:490676460229754881 移动方向: -0.058870964 , 0 , 0.9982656
2025-11-28 20:48:45.2558 (StateSyncRequestHandler.cs:18) 玩家ID:490676460229754881 移动到新位置: -7.9709044 , 0 , 1.0036557
2025-11-28 20:48:45.3598 (StateSyncRequestHandler.cs:18) 玩家ID:490676460229754881 移动方向: 0.99826556 , 0 , 0.058870953
2025-11-28 20:48:45.3598 (StateSyncRequestHandler.cs:18) 玩家ID:490676460229754881 移动到新位置: -7.771251 , 0 , 1.0154299
2025-11-28 20:48:45.4482 (StateSyncRequestHandler.cs:18) 玩家ID:490676460229754881 移动方向: 0.99826556 , 0 , 0.058870953
2025-11-28 20:48:45.4482 (StateSyncRequestHandler.cs:18) 玩家ID:490676460229754881 移动到新位置: -7.571598 , 0 , 1.027204
2025-11-28 20:48:45.5573 (StateSyncRequestHandler.cs:18) 玩家ID:490676460229754881 移动到新位置: -7.571598 , 0 , 1.027204
2025-11-28 20:48:45.9541 (StateSyncRequestHandler.cs:18) 玩家ID:490676460229754881 移动方向: -0.059892826 , 0 , 0.9982048
2025-11-28 20:48:45.9541 (StateSyncRequestHandler.cs:18) 玩家ID:490676460229754881 移动到新位置: -7.5835767 , 0 , 1.226845
2025-11-28 20:48:46.0483 (StateSyncRequestHandler.cs:18) 玩家ID:490676460229754881 移动方向: -0.09469629 , 0 , 0.99550617
2025-11-28 20:48:46.0483 (StateSyncRequestHandler.cs:18) 玩家ID:490676460229754881 移动到新位置: -7.602516 , 0 , 1.4259462
2025-11-28 20:48:46.1505 (StateSyncRequestHandler.cs:18) 玩家ID:490676460229754881 移动方向: 0.5918575 , 0 , 0.8060426
2025-11-28 20:48:46.1505 (StateSyncRequestHandler.cs:18) 玩家ID:490676460229754881 移动到新位置: -7.4841447 , 0 , 1.5871547
2025-11-28 20:48:46.2507 (StateSyncRequestHandler.cs:18) 玩家ID:490676460229754881 移动方向: 0.98345286 , 0 , 0.18116425
2025-11-28 20:48:46.2507 (StateSyncRequestHandler.cs:18) 玩家ID:490676460229754881 移动到新位置: -7.287454 , 0 , 1.6233876
2025-11-28 20:48:46.3547 (StateSyncRequestHandler.cs:18) 玩家ID:490676460229754881 移动到新位置: -7.287454 , 0 , 1.6233876
2025-11-28 20:49:04.2471 (StateSyncRequestHandler.cs:18) 玩家ID:490676460229754881 移动方向: -0.9978758 , 0 , 0.06514544
2025-11-28 20:49:04.2471 (StateSyncRequestHandler.cs:18) 玩家ID:490676460229754881 移动到新位置: -7.487029 , 0 , 1.6364167
2025-11-28 20:49:04.3469 (StateSyncRequestHandler.cs:18) 玩家ID:490676460229754881 移动方向: -0.84791255 , 0 , 0.53013605
2025-11-28 20:49:04.3469 (StateSyncRequestHandler.cs:18) 玩家ID:490676460229754881 移动到新位置: -7.6566114 , 0 , 1.7424439
2025-11-28 20:49:04.4515 (StateSyncRequestHandler.cs:18) 玩家ID:490676460229754881 移动方向: -0.36605945 , 0 , 0.9305915
2025-11-28 20:49:04.4515 (StateSyncRequestHandler.cs:18) 玩家ID:490676460229754881 移动到新位置: -7.729823 , 0 , 1.9285622
2025-11-28 20:49:04.5561 (StateSyncRequestHandler.cs:18) 玩家ID:490676460229754881 移动方向: -0.41838282 , 0 , 0.9082708
2025-11-28 20:49:04.5561 (StateSyncRequestHandler.cs:18) 玩家ID:490676460229754881 移动到新位置: -7.8134995 , 0 , 2.1102164
2025-11-28 20:49:04.6472 (StateSyncRequestHandler.cs:18) 玩家ID:490676460229754881 移动方向: 0.9005786 , 0 , 0.43469316
2025-11-28 20:49:04.6472 (StateSyncRequestHandler.cs:18) 玩家ID:490676460229754881 移动到新位置: -7.6333838 , 0 , 2.197155
2025-11-28 20:49:04.7495 (StateSyncRequestHandler.cs:18) 玩家ID:490676460229754881 移动到新位置: -7.6333838 , 0 , 2.197155
