2025-12-05 17:10:02.7414  

==========================================================================
 
  ███████╗ █████╗ ███╗   ██╗████████╗ █████╗  ██████╗ ██╗   ██╗
  ██╔════╝██╔══██╗████╗  ██║╚══██╔══╝██╔══██╗██╔════╝ ╚██╗ ██╔╝
  █████╗  ███████║██╔██╗ ██║   ██║   ███████║╚█████╗   ╚████╔╝ 
  ██╔══╝  ██╔══██║██║╚██╗██║   ██║   ██╔══██║╚════██║   ╚██╔╝  
  ██║     ██║  ██║██║ ╚████║   ██║   ██║  ██║██████╔╝    ██║   
  ╚═╝     ╚═╝  ╚═╝╚═╝  ╚═══╝   ╚═╝   ╚═╝  ╚═╝╚═════╝     ╚═╝   
                                                            
 Version : Fantasy 2.0 Official version
==========================================================================

2025-12-05 17:10:02.8104  Current inner network protocol:TCP
2025-12-05 17:10:02.8104  Max Message Size(byte):1048560
2025-12-05 17:10:02.8104  Current session idle timeout:8000
2025-12-05 17:10:02.8104  Session-check interval:5000 
2025-12-05 17:10:03.3472  dbName:OnlineTest Initialize the db database and connect to the target.
2025-12-05 17:10:03.6571  dbName:OnlineTest Database connection successful.
2025-12-05 17:10:04.0391  SceneConfigId = 1001 networkTarget = Inner TCPServer Listen 127.0.0.1:11002
2025-12-05 17:10:04.3699  SceneConfigId = 1001 networkTarget = Outer KCPServer Listen 0.0.0.0:20000
2025-12-05 17:10:04.3699  Process:1 Startup Complete SceneCount:1
2025-12-05 17:10:18.0809 (LoginRequestHandler.cs:16) 收到登录请求
2025-12-05 17:10:18.3514 (EntryLobbyRequestHandler.cs:32) 进入大厅成功，玩家ID:482734309785206785
2025-12-05 17:10:19.8088 (LobbyPlayerManagerComponentSystem.cs:97) 玩家ID:482734309785206785 移动方向: 0.7060226 , 0 , -0.7081893
2025-12-05 17:10:19.8088 (LobbyPlayerManagerComponentSystem.cs:102) 玩家ID:482734309785206785 移动到新位置: 2.446132 , 0 , -1.4740608
2025-12-05 17:10:19.8937 (LobbyPlayerManagerComponentSystem.cs:97) 玩家ID:482734309785206785 移动方向: 0.88598245 , 0 , -0.46371886
2025-12-05 17:10:19.8937 (LobbyPlayerManagerComponentSystem.cs:102) 玩家ID:482734309785206785 移动到新位置: 2.6233284 , 0 , -1.5668045
2025-12-05 17:10:19.9850 (LobbyPlayerManagerComponentSystem.cs:97) 玩家ID:482734309785206785 移动方向: 0.9320666 , 0 , -0.36228696
2025-12-05 17:10:19.9850 (LobbyPlayerManagerComponentSystem.cs:102) 玩家ID:482734309785206785 移动到新位置: 2.8097417 , 0 , -1.639262
2025-12-05 17:10:20.0886 (LobbyPlayerManagerComponentSystem.cs:97) 玩家ID:482734309785206785 移动方向: 0.9480662 , 0 , -0.3180731
2025-12-05 17:10:20.0886 (LobbyPlayerManagerComponentSystem.cs:102) 玩家ID:482734309785206785 移动到新位置: 2.999355 , 0 , -1.7028766
2025-12-05 17:10:20.1885 (LobbyPlayerManagerComponentSystem.cs:97) 玩家ID:482734309785206785 移动方向: 0.9526286 , 0 , -0.30413598
2025-12-05 17:10:20.1885 (LobbyPlayerManagerComponentSystem.cs:102) 玩家ID:482734309785206785 移动到新位置: 3.1898808 , 0 , -1.7637038
2025-12-05 17:10:20.2917 (LobbyPlayerManagerComponentSystem.cs:97) 玩家ID:482734309785206785 移动方向: 0.954027 , 0 , -0.29972073
2025-12-05 17:10:20.2917 (LobbyPlayerManagerComponentSystem.cs:102) 玩家ID:482734309785206785 移动到新位置: 3.3806863 , 0 , -1.823648
2025-12-05 17:10:20.3944 (LobbyPlayerManagerComponentSystem.cs:97) 玩家ID:482734309785206785 移动方向: 0.46393716 , 0 , -0.88586813
2025-12-05 17:10:20.3944 (LobbyPlayerManagerComponentSystem.cs:102) 玩家ID:482734309785206785 移动到新位置: 3.4734738 , 0 , -2.0008216
2025-12-05 17:10:20.4866 (LobbyPlayerManagerComponentSystem.cs:97) 玩家ID:482734309785206785 移动方向: 0.46428382 , 0 , -0.8856864
2025-12-05 17:10:20.4866 (LobbyPlayerManagerComponentSystem.cs:102) 玩家ID:482734309785206785 移动到新位置: 3.5663304 , 0 , -2.177959
2025-12-05 17:10:20.5913 (LobbyPlayerManagerComponentSystem.cs:97) 玩家ID:482734309785206785 移动方向: 0.46440905 , 0 , -0.8856208
2025-12-05 17:10:20.5913 (LobbyPlayerManagerComponentSystem.cs:102) 玩家ID:482734309785206785 移动到新位置: 3.6592124 , 0 , -2.355083
2025-12-05 17:10:20.6876 (LobbyPlayerManagerComponentSystem.cs:97) 玩家ID:482734309785206785 移动方向: 0.46444082 , 0 , -0.8856042
2025-12-05 17:10:20.6876 (LobbyPlayerManagerComponentSystem.cs:102) 玩家ID:482734309785206785 移动到新位置: 3.7521005 , 0 , -2.532204
2025-12-05 17:10:20.8040 (LobbyPlayerManagerComponentSystem.cs:97) 玩家ID:482734309785206785 移动方向: 0.8855985 , 0 , 0.46445167
2025-12-05 17:10:20.8040 (LobbyPlayerManagerComponentSystem.cs:102) 玩家ID:482734309785206785 移动到新位置: 3.9292202 , 0 , -2.4393137
2025-12-05 17:10:20.8924 (LobbyPlayerManagerComponentSystem.cs:97) 玩家ID:482734309785206785 移动方向: 0.885597 , 0 , 0.46445456
2025-12-05 17:10:20.8924 (LobbyPlayerManagerComponentSystem.cs:102) 玩家ID:482734309785206785 移动到新位置: 4.1063395 , 0 , -2.3464227
2025-12-05 17:10:21.0063 (LobbyPlayerManagerComponentSystem.cs:97) 玩家ID:482734309785206785 移动方向: 0.8855965 , 0 , 0.46445537
2025-12-05 17:10:21.0063 (LobbyPlayerManagerComponentSystem.cs:102) 玩家ID:482734309785206785 移动到新位置: 4.2834587 , 0 , -2.2535317
2025-12-05 17:10:21.0901 (LobbyPlayerManagerComponentSystem.cs:97) 玩家ID:482734309785206785 移动方向: 0.46445534 , 0 , -0.8855965
2025-12-05 17:10:21.0901 (LobbyPlayerManagerComponentSystem.cs:102) 玩家ID:482734309785206785 移动到新位置: 4.37635 , 0 , -2.430651
2025-12-05 17:10:21.1931 (LobbyPlayerManagerComponentSystem.cs:97) 玩家ID:482734309785206785 移动方向: -0.2977918 , 0 , -0.95463085
2025-12-05 17:10:21.1931 (LobbyPlayerManagerComponentSystem.cs:102) 玩家ID:482734309785206785 移动到新位置: 4.3167915 , 0 , -2.621577
2025-12-05 17:10:21.2956 (LobbyPlayerManagerComponentSystem.cs:97) 玩家ID:482734309785206785 移动方向: -0.2977918 , 0 , -0.95463085
2025-12-05 17:10:21.2956 (LobbyPlayerManagerComponentSystem.cs:102) 玩家ID:482734309785206785 移动到新位置: 4.257233 , 0 , -2.812503
2025-12-05 17:10:21.3914 (LobbyPlayerManagerComponentSystem.cs:97) 玩家ID:482734309785206785 移动方向: -0.95463085 , 0 , 0.29779178
2025-12-05 17:10:21.3914 (LobbyPlayerManagerComponentSystem.cs:102) 玩家ID:482734309785206785 移动到新位置: 4.066307 , 0 , -2.7529447
2025-12-05 17:10:21.4879 (LobbyPlayerManagerComponentSystem.cs:97) 玩家ID:482734309785206785 移动方向: -0.95463085 , 0 , 0.29779178
2025-12-05 17:10:21.4879 (LobbyPlayerManagerComponentSystem.cs:102) 玩家ID:482734309785206785 移动到新位置: 3.875381 , 0 , -2.6933863
2025-12-05 17:10:21.5891 (LobbyPlayerManagerComponentSystem.cs:97) 玩家ID:482734309785206785 移动方向: -0.95463085 , 0 , 0.29779178
2025-12-05 17:10:21.5891 (LobbyPlayerManagerComponentSystem.cs:102) 玩家ID:482734309785206785 移动到新位置: 3.684455 , 0 , -2.633828
2025-12-05 17:10:21.6897 (LobbyPlayerManagerComponentSystem.cs:102) 玩家ID:482734309785206785 移动到新位置: 3.684455 , 0 , -2.633828
2025-12-05 17:10:22.9853 (LobbyPlayerManagerComponentSystem.cs:97) 玩家ID:482734309785206785 移动方向: 0.16204095 , 0 , -0.98678404
2025-12-05 17:10:22.9853 (LobbyPlayerManagerComponentSystem.cs:102) 玩家ID:482734309785206785 移动到新位置: 3.7168632 , 0 , -2.8311846
2025-12-05 17:10:23.0908 (LobbyPlayerManagerComponentSystem.cs:97) 玩家ID:482734309785206785 移动方向: 0.15505424 , 0 , -0.9879059
2025-12-05 17:10:23.0908 (LobbyPlayerManagerComponentSystem.cs:102) 玩家ID:482734309785206785 移动到新位置: 3.747874 , 0 , -3.028766
2025-12-05 17:10:23.1979 (LobbyPlayerManagerComponentSystem.cs:97) 玩家ID:482734309785206785 移动方向: 0.80713844 , 0 , -0.5903622
2025-12-05 17:10:23.1979 (LobbyPlayerManagerComponentSystem.cs:102) 玩家ID:482734309785206785 移动到新位置: 3.9093018 , 0 , -3.1468384
2025-12-05 17:10:23.2884 (LobbyPlayerManagerComponentSystem.cs:97) 玩家ID:482734309785206785 移动方向: 0.8068245 , 0 , -0.5907911
2025-12-05 17:10:23.2884 (LobbyPlayerManagerComponentSystem.cs:102) 玩家ID:482734309785206785 移动到新位置: 4.070667 , 0 , -3.2649965
2025-12-05 17:10:23.3914 (LobbyPlayerManagerComponentSystem.cs:97) 玩家ID:482734309785206785 移动方向: 0.15261115 , 0 , -0.9882863
2025-12-05 17:10:23.3914 (LobbyPlayerManagerComponentSystem.cs:102) 玩家ID:482734309785206785 移动到新位置: 4.101189 , 0 , -3.4626539
2025-12-05 17:10:23.4904 (LobbyPlayerManagerComponentSystem.cs:97) 玩家ID:482734309785206785 移动方向: -0.59094435 , 0 , -0.8067123
2025-12-05 17:10:23.4904 (LobbyPlayerManagerComponentSystem.cs:102) 玩家ID:482734309785206785 移动到新位置: 3.9830003 , 0 , -3.6239963
2025-12-05 17:10:23.5887 (LobbyPlayerManagerComponentSystem.cs:97) 玩家ID:482734309785206785 移动方向: -0.9882943 , 0 , -0.15255935
2025-12-05 17:10:23.5887 (LobbyPlayerManagerComponentSystem.cs:102) 玩家ID:482734309785206785 移动到新位置: 3.7853415 , 0 , -3.654508
2025-12-05 17:10:23.6923 (LobbyPlayerManagerComponentSystem.cs:97) 玩家ID:482734309785206785 移动方向: -0.9878513 , 0 , -0.15540195
2025-12-05 17:10:23.6923 (LobbyPlayerManagerComponentSystem.cs:102) 玩家ID:482734309785206785 移动到新位置: 3.5877712 , 0 , -3.6855886
2025-12-05 17:10:23.7908 (LobbyPlayerManagerComponentSystem.cs:97) 玩家ID:482734309785206785 移动方向: -0.16199964 , 0 , 0.98679084
2025-12-05 17:10:23.7908 (LobbyPlayerManagerComponentSystem.cs:102) 玩家ID:482734309785206785 移动到新位置: 3.5553713 , 0 , -3.4882305
2025-12-05 17:10:23.8937 (StateSyncRequestHandler.cs:18) 玩家ID:482734309785206785 移动方向: 0.5800909 , 0 , 0.81455165
2025-12-05 17:10:23.8937 (StateSyncRequestHandler.cs:18) 玩家ID:482734309785206785 移动到新位置: 3.6713896 , 0 , -3.3253202
2025-12-05 17:10:23.9943 (StateSyncRequestHandler.cs:18) 玩家ID:482734309785206785 移动方向: 0.57886183 , 0 , 0.81542563
2025-12-05 17:10:23.9943 (StateSyncRequestHandler.cs:18) 玩家ID:482734309785206785 移动到新位置: 3.7871618 , 0 , -3.162235
2025-12-05 17:10:24.0880 (StateSyncRequestHandler.cs:18) 玩家ID:482734309785206785 移动方向: -0.16778351 , 0 , 0.98582387
2025-12-05 17:10:24.0880 (StateSyncRequestHandler.cs:18) 玩家ID:482734309785206785 移动到新位置: 3.7536051 , 0 , -2.9650702
2025-12-05 17:10:24.1868 (StateSyncRequestHandler.cs:18) 玩家ID:482734309785206785 移动方向: -0.16797419 , 0 , 0.9857914
2025-12-05 17:10:24.1868 (StateSyncRequestHandler.cs:18) 玩家ID:482734309785206785 移动到新位置: 3.7200103 , 0 , -2.767912
2025-12-05 17:10:24.2905 (StateSyncRequestHandler.cs:18) 玩家ID:482734309785206785 移动到新位置: 3.7200103 , 0 , -2.767912
2025-12-05 17:10:35.3879 (StateSyncRequestHandler.cs:18) 玩家ID:482734309785206785 移动方向: -0.8932363 , 0 , -0.44958743
2025-12-05 17:10:35.3879 (StateSyncRequestHandler.cs:18) 玩家ID:482734309785206785 移动到新位置: 3.541363 , 0 , -2.8578293
2025-12-05 17:10:35.4915 (StateSyncRequestHandler.cs:18) 玩家ID:482734309785206785 移动方向: -0.9061804 , 0 , -0.4228914
2025-12-05 17:10:35.4915 (StateSyncRequestHandler.cs:18) 玩家ID:482734309785206785 移动到新位置: 3.360127 , 0 , -2.9424076
2025-12-05 17:10:35.5898 (StateSyncRequestHandler.cs:18) 玩家ID:482734309785206785 移动方向: -0.8875077 , 0 , -0.46079293
2025-12-05 17:10:35.5898 (StateSyncRequestHandler.cs:18) 玩家ID:482734309785206785 移动到新位置: 3.1826255 , 0 , -3.0345662
2025-12-05 17:10:35.6853 (StateSyncRequestHandler.cs:18) 玩家ID:482734309785206785 移动方向: -0.87094766 , 0 , -0.49137574
2025-12-05 17:10:35.6853 (StateSyncRequestHandler.cs:18) 玩家ID:482734309785206785 移动到新位置: 3.008436 , 0 , -3.1328413
2025-12-05 17:10:35.7904 (StateSyncRequestHandler.cs:18) 玩家ID:482734309785206785 移动方向: -0.08678651 , 0 , -0.9962269
2025-12-05 17:10:35.7904 (StateSyncRequestHandler.cs:18) 玩家ID:482734309785206785 移动到新位置: 2.9910786 , 0 , -3.3320868
2025-12-05 17:10:35.8866 (StateSyncRequestHandler.cs:18) 玩家ID:482734309785206785 移动方向: -0.95834184 , 0 , -0.28562367
2025-12-05 17:10:35.8866 (StateSyncRequestHandler.cs:18) 玩家ID:482734309785206785 移动到新位置: 2.7994103 , 0 , -3.3892117
2025-12-05 17:10:35.9914 (StateSyncRequestHandler.cs:18) 玩家ID:482734309785206785 移动方向: -0.9883522 , 0 , 0.15218416
2025-12-05 17:10:35.9914 (StateSyncRequestHandler.cs:18) 玩家ID:482734309785206785 移动到新位置: 2.60174 , 0 , -3.358775
2025-12-05 17:10:36.0918 (StateSyncRequestHandler.cs:18) 玩家ID:482734309785206785 移动方向: -0.7115662 , 0 , 0.702619
2025-12-05 17:10:36.0918 (StateSyncRequestHandler.cs:18) 玩家ID:482734309785206785 移动到新位置: 2.4594266 , 0 , -3.2182512
2025-12-05 17:10:36.1940 (StateSyncRequestHandler.cs:18) 玩家ID:482734309785206785 移动方向: -0.06323416 , 0 , 0.9979988
2025-12-05 17:10:36.1940 (StateSyncRequestHandler.cs:18) 玩家ID:482734309785206785 移动到新位置: 2.4467797 , 0 , -3.0186515
2025-12-05 17:10:36.2925 (StateSyncRequestHandler.cs:18) 玩家ID:482734309785206785 移动到新位置: 2.4467797 , 0 , -3.0186515
2025-12-05 17:10:39.0206  创建队伍成功 队伍ID：1000 玩家ID：482734309785206785
2025-12-05 17:10:55.4240  收到登录请求
2025-12-05 17:10:55.4853  进入大厅成功，玩家ID:482736422909116417
2025-12-05 17:10:55.4853  获取其他玩家数据，玩家ID:482734309785206785
2025-12-05 17:10:57.7665 (StateSyncRequestHandler.cs:18) 玩家ID:482736422909116417 移动方向: 0.7564197 , 0 , -0.6540866
2025-12-05 17:10:57.7665 (StateSyncRequestHandler.cs:18) 玩家ID:482736422909116417 移动到新位置: 2.3121295 , 0 , -0.012198135
2025-12-05 17:10:57.8590 (StateSyncRequestHandler.cs:18) 玩家ID:482736422909116417 移动方向: 0.9916711 , 0 , 0.12879619
2025-12-05 17:10:57.8590 (StateSyncRequestHandler.cs:18) 玩家ID:482736422909116417 移动到新位置: 2.5104637 , 0 , 0.013561102
2025-12-05 17:10:57.9678 (StateSyncRequestHandler.cs:18) 玩家ID:482736422909116417 移动方向: 0.98946047 , 0 , 0.14480355
2025-12-05 17:10:57.9678 (StateSyncRequestHandler.cs:18) 玩家ID:482736422909116417 移动到新位置: 2.708356 , 0 , 0.042521812
2025-12-05 17:10:58.0456 (StateSyncRequestHandler.cs:18) 玩家ID:482736422909116417 移动方向: 0.9875988 , 0 , 0.15699917
2025-12-05 17:10:58.0456 (StateSyncRequestHandler.cs:18) 玩家ID:482736422909116417 移动到新位置: 2.9058757 , 0 , 0.07392165
2025-12-05 17:10:58.1539 (StateSyncRequestHandler.cs:18) 玩家ID:482736422909116417 移动方向: 0.9839233 , 0 , 0.17859176
2025-12-05 17:10:58.1539 (StateSyncRequestHandler.cs:18) 玩家ID:482736422909116417 移动到新位置: 3.1026604 , 0 , 0.10964
2025-12-05 17:10:58.2647 (StateSyncRequestHandler.cs:18) 玩家ID:482736422909116417 移动方向: 0.82785475 , 0 , -0.56094253
2025-12-05 17:10:58.2647 (StateSyncRequestHandler.cs:18) 玩家ID:482736422909116417 移动到新位置: 3.2682314 , 0 , -0.002548501
2025-12-05 17:10:58.3576 (StateSyncRequestHandler.cs:18) 玩家ID:482736422909116417 移动方向: 0.1930218 , 0 , -0.9811945
2025-12-05 17:10:58.3576 (StateSyncRequestHandler.cs:18) 玩家ID:482736422909116417 移动到新位置: 3.3068357 , 0 , -0.19878739
2025-12-05 17:10:58.4502 (StateSyncRequestHandler.cs:18) 玩家ID:482736422909116417 移动方向: -0.5561659 , 0 , -0.8310713
2025-12-05 17:10:58.4502 (StateSyncRequestHandler.cs:18) 玩家ID:482736422909116417 移动到新位置: 3.1956024 , 0 , -0.36500165
2025-12-05 17:10:58.5605 (StateSyncRequestHandler.cs:18) 玩家ID:482736422909116417 移动方向: -0.9808341 , 0 , -0.19484416
2025-12-05 17:10:58.5605 (StateSyncRequestHandler.cs:18) 玩家ID:482736422909116417 移动到新位置: 2.9994357 , 0 , -0.40397048
2025-12-05 17:10:58.6687 (StateSyncRequestHandler.cs:18) 玩家ID:482736422909116417 移动方向: -0.19502795 , 0 , 0.9807977
2025-12-05 17:10:58.6687 (StateSyncRequestHandler.cs:18) 玩家ID:482736422909116417 移动到新位置: 2.9604301 , 0 , -0.20781094
2025-12-05 17:10:58.7471 (StateSyncRequestHandler.cs:18) 玩家ID:482736422909116417 移动方向: -0.19492602 , 0 , 0.9808179
2025-12-05 17:10:58.7471 (StateSyncRequestHandler.cs:18) 玩家ID:482736422909116417 移动到新位置: 2.921445 , 0 , -0.011647359
2025-12-05 17:10:58.8548 (StateSyncRequestHandler.cs:18) 玩家ID:482736422909116417 移动方向: -0.17207238 , 0 , 0.9850843
2025-12-05 17:10:58.8548 (StateSyncRequestHandler.cs:18) 玩家ID:482736422909116417 移动到新位置: 2.8870304 , 0 , 0.1853695
2025-12-05 17:10:58.9612 (StateSyncRequestHandler.cs:18) 玩家ID:482736422909116417 移动方向: -0.14380574 , 0 , 0.9896059
2025-12-05 17:10:58.9612 (StateSyncRequestHandler.cs:18) 玩家ID:482736422909116417 移动到新位置: 2.8582692 , 0 , 0.38329068
2025-12-05 17:10:59.0541 (StateSyncRequestHandler.cs:18) 玩家ID:482736422909116417 移动方向: -0.13076341 , 0 , 0.9914136
2025-12-05 17:10:59.0541 (StateSyncRequestHandler.cs:18) 玩家ID:482736422909116417 移动到新位置: 2.8321166 , 0 , 0.58157337
2025-12-05 17:10:59.1471 (StateSyncRequestHandler.cs:18) 玩家ID:482736422909116417 移动方向: -0.79325 , 0 , 0.608896
2025-12-05 17:10:59.1471 (StateSyncRequestHandler.cs:18) 玩家ID:482736422909116417 移动到新位置: 2.6734667 , 0 , 0.7033526
2025-12-05 17:10:59.2558 (StateSyncRequestHandler.cs:18) 玩家ID:482736422909116417 移动方向: -0.81838685 , 0 , 0.57466763
2025-12-05 17:10:59.2558 (StateSyncRequestHandler.cs:18) 玩家ID:482736422909116417 移动到新位置: 2.5097892 , 0 , 0.81828606
2025-12-05 17:10:59.3484 (StateSyncRequestHandler.cs:18) 玩家ID:482736422909116417 移动方向: -0.88209176 , 0 , 0.47107756
2025-12-05 17:10:59.3492 (StateSyncRequestHandler.cs:18) 玩家ID:482736422909116417 移动到新位置: 2.333371 , 0 , 0.9125016
2025-12-05 17:10:59.4555 (StateSyncRequestHandler.cs:18) 玩家ID:482736422909116417 移动到新位置: 2.333371 , 0 , 0.9125016
2025-12-05 17:10:59.8451 (StateSyncRequestHandler.cs:18) 玩家ID:482736422909116417 移动方向: -0.99912393 , 0 , -0.041849956
2025-12-05 17:10:59.8451 (StateSyncRequestHandler.cs:18) 玩家ID:482736422909116417 移动到新位置: 2.133546 , 0 , 0.9041316
2025-12-05 17:10:59.9685 (StateSyncRequestHandler.cs:18) 玩家ID:482736422909116417 移动方向: -0.998959 , 0 , -0.045617327
2025-12-05 17:10:59.9685 (StateSyncRequestHandler.cs:18) 玩家ID:482736422909116417 移动到新位置: 1.9337543 , 0 , 0.89500815
2025-12-05 17:11:00.0598 (StateSyncRequestHandler.cs:18) 玩家ID:482736422909116417 移动方向: -0.73927855 , 0 , 0.6733997
2025-12-05 17:11:00.0598 (StateSyncRequestHandler.cs:18) 玩家ID:482736422909116417 移动到新位置: 1.7858986 , 0 , 1.0296881
2025-12-05 17:11:00.1504 (StateSyncRequestHandler.cs:18) 玩家ID:482736422909116417 移动方向: -0.739524 , 0 , 0.67313015
2025-12-05 17:11:00.1504 (StateSyncRequestHandler.cs:18) 玩家ID:482736422909116417 移动到新位置: 1.6379938 , 0 , 1.1643142
2025-12-05 17:11:00.2731 (StateSyncRequestHandler.cs:18) 玩家ID:482736422909116417 移动方向: -0.73960453 , 0 , 0.67304164
2025-12-05 17:11:00.2731 (StateSyncRequestHandler.cs:18) 玩家ID:482736422909116417 移动到新位置: 1.490073 , 0 , 1.2989225
2025-12-05 17:11:00.3665 (StateSyncRequestHandler.cs:18) 玩家ID:482736422909116417 移动方向: -0.73962295 , 0 , 0.67302144
2025-12-05 17:11:00.3665 (StateSyncRequestHandler.cs:18) 玩家ID:482736422909116417 移动到新位置: 1.3421484 , 0 , 1.4335269
2025-12-05 17:11:00.4592 (StateSyncRequestHandler.cs:18) 玩家ID:482736422909116417 移动方向: -0.7396286 , 0 , 0.6730152
2025-12-05 17:11:00.4592 (StateSyncRequestHandler.cs:18) 玩家ID:482736422909116417 移动到新位置: 1.1942227 , 0 , 1.5681299
2025-12-05 17:11:00.5527 (StateSyncRequestHandler.cs:18) 玩家ID:482736422909116417 移动方向: -0.9988899 , 0 , -0.047105297
2025-12-05 17:11:00.5527 (StateSyncRequestHandler.cs:18) 玩家ID:482736422909116417 移动到新位置: 0.9944447 , 0 , 1.5587088
2025-12-05 17:11:00.6463 (StateSyncRequestHandler.cs:18) 玩家ID:482736422909116417 移动方向: 0.047105886 , 0 , -0.99888986
2025-12-05 17:11:00.6463 (StateSyncRequestHandler.cs:18) 玩家ID:482736422909116417 移动到新位置: 1.003866 , 0 , 1.3589308
2025-12-05 17:11:00.7696 (StateSyncRequestHandler.cs:18) 玩家ID:482736422909116417 移动方向: 0.047105886 , 0 , -0.99888986
2025-12-05 17:11:00.7696 (StateSyncRequestHandler.cs:18) 玩家ID:482736422909116417 移动到新位置: 1.0132872 , 0 , 1.1591529
2025-12-05 17:11:00.8620 (StateSyncRequestHandler.cs:18) 玩家ID:482736422909116417 移动方向: 0.9988899 , 0 , 0.047105897
2025-12-05 17:11:00.8620 (StateSyncRequestHandler.cs:18) 玩家ID:482736422909116417 移动到新位置: 1.2130651 , 0 , 1.1685741
2025-12-05 17:11:00.9546 (StateSyncRequestHandler.cs:18) 玩家ID:482736422909116417 移动方向: 0.9988899 , 0 , 0.047105897
2025-12-05 17:11:00.9546 (StateSyncRequestHandler.cs:18) 玩家ID:482736422909116417 移动到新位置: 1.4128431 , 0 , 1.1779953
2025-12-05 17:11:01.0616 (StateSyncRequestHandler.cs:18) 玩家ID:482736422909116417 移动方向: 0.673013 , 0 , 0.7396307
2025-12-05 17:11:01.0616 (StateSyncRequestHandler.cs:18) 玩家ID:482736422909116417 移动到新位置: 1.5474457 , 0 , 1.3259214
2025-12-05 17:11:01.1566 (StateSyncRequestHandler.cs:18) 玩家ID:482736422909116417 移动方向: 0.673013 , 0 , 0.7396307
2025-12-05 17:11:01.1566 (StateSyncRequestHandler.cs:18) 玩家ID:482736422909116417 移动到新位置: 1.6820482 , 0 , 1.4738475
2025-12-05 17:11:01.2649 (StateSyncRequestHandler.cs:18) 玩家ID:482736422909116417 移动方向: 0.673013 , 0 , 0.7396307
2025-12-05 17:11:01.2649 (StateSyncRequestHandler.cs:18) 玩家ID:482736422909116417 移动到新位置: 1.8166507 , 0 , 1.6217736
2025-12-05 17:11:01.3575 (StateSyncRequestHandler.cs:18) 玩家ID:482736422909116417 移动方向: 0.673013 , 0 , 0.7396307
2025-12-05 17:11:01.3575 (StateSyncRequestHandler.cs:18) 玩家ID:482736422909116417 移动到新位置: 1.9512533 , 0 , 1.7696997
2025-12-05 17:11:01.4657 (StateSyncRequestHandler.cs:18) 玩家ID:482736422909116417 移动方向: 0.9988899 , 0 , 0.047105897
2025-12-05 17:11:01.4657 (StateSyncRequestHandler.cs:18) 玩家ID:482736422909116417 移动到新位置: 2.1510313 , 0 , 1.7791209
2025-12-05 17:11:01.5579 (StateSyncRequestHandler.cs:18) 玩家ID:482736422909116417 移动方向: 0.9988899 , 0 , 0.047105897
2025-12-05 17:11:01.5579 (StateSyncRequestHandler.cs:18) 玩家ID:482736422909116417 移动到新位置: 2.3508093 , 0 , 1.7885422
2025-12-05 17:11:01.6508 (StateSyncRequestHandler.cs:18) 玩家ID:482736422909116417 移动方向: 0.9988899 , 0 , 0.047105897
2025-12-05 17:11:01.6508 (StateSyncRequestHandler.cs:18) 玩家ID:482736422909116417 移动到新位置: 2.5505874 , 0 , 1.7979634
2025-12-05 17:11:01.7610 (StateSyncRequestHandler.cs:18) 玩家ID:482736422909116417 移动方向: 0.9988899 , 0 , 0.047105897
2025-12-05 17:11:01.7610 (StateSyncRequestHandler.cs:18) 玩家ID:482736422909116417 移动到新位置: 2.7503655 , 0 , 1.8073846
2025-12-05 17:11:01.8687 (StateSyncRequestHandler.cs:18) 玩家ID:482736422909116417 移动方向: 0.9988899 , 0 , 0.047105897
2025-12-05 17:11:01.8687 (StateSyncRequestHandler.cs:18) 玩家ID:482736422909116417 移动到新位置: 2.9501436 , 0 , 1.8168058
2025-12-05 17:11:01.9610 (StateSyncRequestHandler.cs:18) 玩家ID:482736422909116417 移动方向: 0.9988899 , 0 , 0.047105897
2025-12-05 17:11:01.9610 (StateSyncRequestHandler.cs:18) 玩家ID:482736422909116417 移动到新位置: 3.1499217 , 0 , 1.8262271
2025-12-05 17:11:02.0700 (StateSyncRequestHandler.cs:18) 玩家ID:482736422909116417 移动方向: 0.9988899 , 0 , 0.047105897
2025-12-05 17:11:02.0700 (StateSyncRequestHandler.cs:18) 玩家ID:482736422909116417 移动到新位置: 3.3496997 , 0 , 1.8356483
2025-12-05 17:11:02.1467 (StateSyncRequestHandler.cs:18) 玩家ID:482736422909116417 移动方向: 0.7396307 , 0 , -0.67301285
2025-12-05 17:11:02.1467 (StateSyncRequestHandler.cs:18) 玩家ID:482736422909116417 移动到新位置: 3.4976258 , 0 , 1.7010458
2025-12-05 17:11:02.2557 (StateSyncRequestHandler.cs:18) 玩家ID:482736422909116417 移动方向: 0.7396307 , 0 , -0.67301285
2025-12-05 17:11:02.2557 (StateSyncRequestHandler.cs:18) 玩家ID:482736422909116417 移动到新位置: 3.645552 , 0 , 1.5664432
2025-12-05 17:11:02.3654 (StateSyncRequestHandler.cs:18) 玩家ID:482736422909116417 移动方向: 0.047105886 , 0 , -0.99888986
2025-12-05 17:11:02.3654 (StateSyncRequestHandler.cs:18) 玩家ID:482736422909116417 移动到新位置: 3.654973 , 0 , 1.3666652
2025-12-05 17:11:02.4738 (StateSyncRequestHandler.cs:18) 玩家ID:482736422909116417 移动方向: -0.673013 , 0 , -0.7396307
2025-12-05 17:11:02.4745 (StateSyncRequestHandler.cs:18) 玩家ID:482736422909116417 移动到新位置: 3.5203705 , 0 , 1.2187392
2025-12-05 17:11:02.5658 (StateSyncRequestHandler.cs:18) 玩家ID:482736422909116417 移动方向: -0.9988899 , 0 , -0.047105897
2025-12-05 17:11:02.5658 (StateSyncRequestHandler.cs:18) 玩家ID:482736422909116417 移动到新位置: 3.3205924 , 0 , 1.2093179
2025-12-05 17:11:02.6589 (StateSyncRequestHandler.cs:18) 玩家ID:482736422909116417 移动方向: -0.7396307 , 0 , 0.67301285
2025-12-05 17:11:02.6589 (StateSyncRequestHandler.cs:18) 玩家ID:482736422909116417 移动到新位置: 3.1726663 , 0 , 1.3439205
2025-12-05 17:11:02.7679 (StateSyncRequestHandler.cs:18) 玩家ID:482736422909116417 移动方向: -0.7396307 , 0 , 0.67301285
2025-12-05 17:11:02.7679 (StateSyncRequestHandler.cs:18) 玩家ID:482736422909116417 移动到新位置: 3.0247402 , 0 , 1.478523
2025-12-05 17:11:02.8621 (StateSyncRequestHandler.cs:18) 玩家ID:482736422909116417 移动方向: -0.7396307 , 0 , 0.67301285
2025-12-05 17:11:02.8621 (StateSyncRequestHandler.cs:18) 玩家ID:482736422909116417 移动到新位置: 2.8768141 , 0 , 1.6131256
2025-12-05 17:11:02.9549 (StateSyncRequestHandler.cs:18) 玩家ID:482736422909116417 移动方向: -0.7396307 , 0 , 0.67301285
2025-12-05 17:11:02.9549 (StateSyncRequestHandler.cs:18) 玩家ID:482736422909116417 移动到新位置: 2.728888 , 0 , 1.7477281
2025-12-05 17:11:03.0465 (StateSyncRequestHandler.cs:18) 玩家ID:482736422909116417 移动方向: -0.7396307 , 0 , 0.67301285
2025-12-05 17:11:03.0465 (StateSyncRequestHandler.cs:18) 玩家ID:482736422909116417 移动到新位置: 2.580962 , 0 , 1.8823307
2025-12-05 17:11:03.1697 (StateSyncRequestHandler.cs:18) 玩家ID:482736422909116417 移动方向: -0.9988899 , 0 , -0.047105897
2025-12-05 17:11:03.1697 (StateSyncRequestHandler.cs:18) 玩家ID:482736422909116417 移动到新位置: 2.3811839 , 0 , 1.8729094
2025-12-05 17:11:03.2615 (StateSyncRequestHandler.cs:18) 玩家ID:482736422909116417 移动方向: -0.673013 , 0 , -0.7396307
2025-12-05 17:11:03.2615 (StateSyncRequestHandler.cs:18) 玩家ID:482736422909116417 移动到新位置: 2.2465813 , 0 , 1.7249833
2025-12-05 17:11:03.3556 (StateSyncRequestHandler.cs:18) 玩家ID:482736422909116417 移动方向: -0.673013 , 0 , -0.7396307
2025-12-05 17:11:03.3556 (StateSyncRequestHandler.cs:18) 玩家ID:482736422909116417 移动到新位置: 2.1119788 , 0 , 1.5770572
2025-12-05 17:11:03.4493 (StateSyncRequestHandler.cs:18) 玩家ID:482736422909116417 移动方向: -0.673013 , 0 , -0.7396307
2025-12-05 17:11:03.4493 (StateSyncRequestHandler.cs:18) 玩家ID:482736422909116417 移动到新位置: 1.9773762 , 0 , 1.4291312
2025-12-05 17:11:03.5582 (StateSyncRequestHandler.cs:18) 玩家ID:482736422909116417 移动方向: -0.673013 , 0 , -0.7396307
2025-12-05 17:11:03.5582 (StateSyncRequestHandler.cs:18) 玩家ID:482736422909116417 移动到新位置: 1.8427737 , 0 , 1.281205
2025-12-05 17:11:03.6498 (StateSyncRequestHandler.cs:18) 玩家ID:482736422909116417 移动方向: -0.673013 , 0 , -0.7396307
2025-12-05 17:11:03.6498 (StateSyncRequestHandler.cs:18) 玩家ID:482736422909116417 移动到新位置: 1.7081711 , 0 , 1.133279
2025-12-05 17:11:03.7596 (StateSyncRequestHandler.cs:18) 玩家ID:482736422909116417 移动方向: 0.047105886 , 0 , -0.99888986
2025-12-05 17:11:03.7596 (StateSyncRequestHandler.cs:18) 玩家ID:482736422909116417 移动到新位置: 1.7175924 , 0 , 0.933501
2025-12-05 17:11:03.8680 (StateSyncRequestHandler.cs:18) 玩家ID:482736422909116417 移动方向: 0.047105886 , 0 , -0.99888986
2025-12-05 17:11:03.8680 (StateSyncRequestHandler.cs:18) 玩家ID:482736422909116417 移动到新位置: 1.7270136 , 0 , 0.73372304
2025-12-05 17:11:03.9601 (StateSyncRequestHandler.cs:18) 玩家ID:482736422909116417 移动方向: 0.9988899 , 0 , 0.047105897
2025-12-05 17:11:03.9601 (StateSyncRequestHandler.cs:18) 玩家ID:482736422909116417 移动到新位置: 1.9267915 , 0 , 0.7431442
2025-12-05 17:11:04.0679 (StateSyncRequestHandler.cs:18) 玩家ID:482736422909116417 移动方向: 0.9988899 , 0 , 0.047105897
2025-12-05 17:11:04.0679 (StateSyncRequestHandler.cs:18) 玩家ID:482736422909116417 移动到新位置: 2.1265695 , 0 , 0.7525654
2025-12-05 17:11:04.1616 (StateSyncRequestHandler.cs:18) 玩家ID:482736422909116417 移动方向: 0.9988899 , 0 , 0.047105897
2025-12-05 17:11:04.1616 (StateSyncRequestHandler.cs:18) 玩家ID:482736422909116417 移动到新位置: 2.3263476 , 0 , 0.76198655
2025-12-05 17:11:04.2557 (StateSyncRequestHandler.cs:18) 玩家ID:482736422909116417 移动方向: 0.9988899 , 0 , 0.047105897
2025-12-05 17:11:04.2557 (StateSyncRequestHandler.cs:18) 玩家ID:482736422909116417 移动到新位置: 2.5261257 , 0 , 0.7714077
2025-12-05 17:11:04.3648 (StateSyncRequestHandler.cs:18) 玩家ID:482736422909116417 移动方向: 0.9988899 , 0 , 0.047105897
2025-12-05 17:11:04.3648 (StateSyncRequestHandler.cs:18) 玩家ID:482736422909116417 移动到新位置: 2.7259037 , 0 , 0.7808289
2025-12-05 17:11:04.4589 (StateSyncRequestHandler.cs:18) 玩家ID:482736422909116417 移动方向: 0.9988899 , 0 , 0.047105897
2025-12-05 17:11:04.4601 (StateSyncRequestHandler.cs:18) 玩家ID:482736422909116417 移动到新位置: 2.9256818 , 0 , 0.79025006
2025-12-05 17:11:04.5663 (StateSyncRequestHandler.cs:18) 玩家ID:482736422909116417 移动方向: 0.9988899 , 0 , 0.047105897
2025-12-05 17:11:04.5663 (StateSyncRequestHandler.cs:18) 玩家ID:482736422909116417 移动到新位置: 3.12546 , 0 , 0.79967123
2025-12-05 17:11:04.6434 (StateSyncRequestHandler.cs:18) 玩家ID:482736422909116417 移动方向: 0.9988899 , 0 , 0.047105897
2025-12-05 17:11:04.6434 (StateSyncRequestHandler.cs:18) 玩家ID:482736422909116417 移动到新位置: 3.325238 , 0 , 0.8090924
2025-12-05 17:11:04.7654 (StateSyncRequestHandler.cs:18) 玩家ID:482736422909116417 移动方向: 0.047105886 , 0 , -0.99888986
2025-12-05 17:11:04.7654 (StateSyncRequestHandler.cs:18) 玩家ID:482736422909116417 移动到新位置: 3.334659 , 0 , 0.60931444
2025-12-05 17:11:04.8590 (StateSyncRequestHandler.cs:18) 玩家ID:482736422909116417 移动方向: 0.047105886 , 0 , -0.99888986
2025-12-05 17:11:04.8590 (StateSyncRequestHandler.cs:18) 玩家ID:482736422909116417 移动到新位置: 3.3440802 , 0 , 0.40953648
2025-12-05 17:11:04.9670 (StateSyncRequestHandler.cs:18) 玩家ID:482736422909116417 移动方向: -0.9988899 , 0 , -0.047105897
2025-12-05 17:11:04.9670 (StateSyncRequestHandler.cs:18) 玩家ID:482736422909116417 移动到新位置: 3.1443021 , 0 , 0.4001153
2025-12-05 17:11:05.0600 (StateSyncRequestHandler.cs:18) 玩家ID:482736422909116417 移动方向: -0.9988899 , 0 , -0.047105897
2025-12-05 17:11:05.0600 (StateSyncRequestHandler.cs:18) 玩家ID:482736422909116417 移动到新位置: 2.944524 , 0 , 0.39069414
2025-12-05 17:11:05.1525 (StateSyncRequestHandler.cs:18) 玩家ID:482736422909116417 移动方向: -0.9988899 , 0 , -0.047105897
2025-12-05 17:11:05.1525 (StateSyncRequestHandler.cs:18) 玩家ID:482736422909116417 移动到新位置: 2.744746 , 0 , 0.38127297
2025-12-05 17:11:05.2606 (StateSyncRequestHandler.cs:18) 玩家ID:482736422909116417 移动方向: -0.9988899 , 0 , -0.047105897
2025-12-05 17:11:05.2606 (StateSyncRequestHandler.cs:18) 玩家ID:482736422909116417 移动到新位置: 2.544968 , 0 , 0.3718518
2025-12-05 17:11:05.3695 (StateSyncRequestHandler.cs:18) 玩家ID:482736422909116417 移动到新位置: 2.544968 , 0 , 0.3718518
2025-12-05 17:11:09.3958  收到加入队伍请求 玩家ID：482736422909116417 队伍ID：1000
2025-12-05 17:11:09.3958  加入队伍成功 玩家ID：482736422909116417 队伍ID：1000
2025-12-05 17:11:13.3590 (StateSyncRequestHandler.cs:18) 玩家ID:482736422909116417 移动方向: -0.78110886 , 0 , 0.62439495
2025-12-05 17:11:13.3590 (StateSyncRequestHandler.cs:18) 玩家ID:482736422909116417 移动到新位置: 2.388746 , 0 , 0.4967308
2025-12-05 17:11:13.4515 (StateSyncRequestHandler.cs:18) 玩家ID:482736422909116417 移动方向: -0.62386334 , 0 , 0.7815334
2025-12-05 17:11:13.4515 (StateSyncRequestHandler.cs:18) 玩家ID:482736422909116417 移动到新位置: 2.2639732 , 0 , 0.6530375
2025-12-05 17:11:13.5604 (StateSyncRequestHandler.cs:18) 玩家ID:482736422909116417 移动方向: -0.49399284 , 0 , 0.869466
2025-12-05 17:11:13.5604 (StateSyncRequestHandler.cs:18) 玩家ID:482736422909116417 移动到新位置: 2.1651747 , 0 , 0.8269307
2025-12-05 17:11:13.6539 (StateSyncRequestHandler.cs:18) 玩家ID:482736422909116417 移动方向: -0.4448592 , 0 , 0.8956005
2025-12-05 17:11:13.6539 (StateSyncRequestHandler.cs:18) 玩家ID:482736422909116417 移动到新位置: 2.0762029 , 0 , 1.0060508
2025-12-05 17:11:13.7470 (StateSyncRequestHandler.cs:18) 玩家ID:482736422909116417 移动方向: -0.4252111 , 0 , 0.90509427
2025-12-05 17:11:13.7470 (StateSyncRequestHandler.cs:18) 玩家ID:482736422909116417 移动到新位置: 1.9911606 , 0 , 1.1870697
2025-12-05 17:11:13.8536 (StateSyncRequestHandler.cs:18) 玩家ID:482736422909116417 移动方向: -0.41887107 , 0 , 0.90804565
2025-12-05 17:11:13.8536 (StateSyncRequestHandler.cs:18) 玩家ID:482736422909116417 移动到新位置: 1.9073864 , 0 , 1.3686788
2025-12-05 17:11:13.9615 (StateSyncRequestHandler.cs:18) 玩家ID:482736422909116417 移动方向: -0.93721193 , 0 , 0.34876043
2025-12-05 17:11:13.9615 (StateSyncRequestHandler.cs:18) 玩家ID:482736422909116417 移动到新位置: 1.719944 , 0 , 1.4384309
2025-12-05 17:11:14.0682 (StateSyncRequestHandler.cs:18) 玩家ID:482736422909116417 移动方向: -0.9109608 , 0 , -0.41249296
2025-12-05 17:11:14.0682 (StateSyncRequestHandler.cs:18) 玩家ID:482736422909116417 移动到新位置: 1.5377518 , 0 , 1.3559324
2025-12-05 17:11:14.1627 (StateSyncRequestHandler.cs:18) 玩家ID:482736422909116417 移动方向: -0.44581923 , 0 , -0.895123
2025-12-05 17:11:14.1627 (StateSyncRequestHandler.cs:18) 玩家ID:482736422909116417 移动到新位置: 1.4485879 , 0 , 1.1769078
2025-12-05 17:11:14.2546 (StateSyncRequestHandler.cs:18) 玩家ID:482736422909116417 移动方向: -0.104820654 , 0 , -0.99449116
2025-12-05 17:11:14.2546 (StateSyncRequestHandler.cs:18) 玩家ID:482736422909116417 移动到新位置: 1.4276237 , 0 , 0.9780096
2025-12-05 17:11:14.3637 (StateSyncRequestHandler.cs:18) 玩家ID:482736422909116417 移动方向: -0.56426525 , 0 , -0.82559353
2025-12-05 17:11:14.3637 (StateSyncRequestHandler.cs:18) 玩家ID:482736422909116417 移动到新位置: 1.3147707 , 0 , 0.8128909
2025-12-05 17:11:14.4570 (StateSyncRequestHandler.cs:18) 玩家ID:482736422909116417 移动方向: -0.8353484 , 0 , -0.54972094
2025-12-05 17:11:14.4595 (StateSyncRequestHandler.cs:18) 玩家ID:482736422909116417 移动到新位置: 1.147701 , 0 , 0.7029467
2025-12-05 17:11:14.5676 (StateSyncRequestHandler.cs:18) 玩家ID:482736422909116417 移动方向: -0.93622655 , 0 , -0.35139695
2025-12-05 17:11:14.5683 (StateSyncRequestHandler.cs:18) 玩家ID:482736422909116417 移动到新位置: 0.9604557 , 0 , 0.6326673
2025-12-05 17:11:14.6607 (StateSyncRequestHandler.cs:18) 玩家ID:482736422909116417 移动方向: -0.95520467 , 0 , -0.2959461
2025-12-05 17:11:14.6618 (StateSyncRequestHandler.cs:18) 玩家ID:482736422909116417 移动到新位置: 0.7694148 , 0 , 0.5734781
2025-12-05 17:11:14.7522 (StateSyncRequestHandler.cs:18) 玩家ID:482736422909116417 移动方向: -0.9609968 , 0 , -0.2765594
2025-12-05 17:11:14.7522 (StateSyncRequestHandler.cs:18) 玩家ID:482736422909116417 移动到新位置: 0.57721543 , 0 , 0.51816624
2025-12-05 17:11:14.8614 (StateSyncRequestHandler.cs:18) 玩家ID:482736422909116417 移动方向: -0.87597597 , 0 , 0.48235476
2025-12-05 17:11:14.8614 (StateSyncRequestHandler.cs:18) 玩家ID:482736422909116417 移动到新位置: 0.40202025 , 0 , 0.6146372
2025-12-05 17:11:14.9560 (StateSyncRequestHandler.cs:18) 玩家ID:482736422909116417 移动方向: -0.8228418 , 0 , 0.5682704
2025-12-05 17:11:14.9560 (StateSyncRequestHandler.cs:18) 玩家ID:482736422909116417 移动到新位置: 0.23745188 , 0 , 0.7282913
2025-12-05 17:11:15.0633 (StateSyncRequestHandler.cs:18) 玩家ID:482736422909116417 移动方向: 0.07218153 , 0 , 0.99739146
2025-12-05 17:11:15.0633 (StateSyncRequestHandler.cs:18) 玩家ID:482736422909116417 移动到新位置: 0.2518882 , 0 , 0.92776954
2025-12-05 17:11:15.1543 (StateSyncRequestHandler.cs:18) 玩家ID:482736422909116417 移动方向: 0.8974305 , 0 , 0.441156
2025-12-05 17:11:15.1543 (StateSyncRequestHandler.cs:18) 玩家ID:482736422909116417 移动到新位置: 0.43137428 , 0 , 1.0160007
2025-12-05 17:11:15.2614 (StateSyncRequestHandler.cs:18) 玩家ID:482736422909116417 移动方向: 0.88180524 , 0 , -0.4716137
2025-12-05 17:11:15.2614 (StateSyncRequestHandler.cs:18) 玩家ID:482736422909116417 移动到新位置: 0.60773534 , 0 , 0.921678
2025-12-05 17:11:15.3557 (StateSyncRequestHandler.cs:18) 玩家ID:482736422909116417 移动方向: 0.8463276 , 0 , -0.53266275
2025-12-05 17:11:15.3557 (StateSyncRequestHandler.cs:18) 玩家ID:482736422909116417 移动到新位置: 0.77700084 , 0 , 0.8151455
2025-12-05 17:11:15.4626 (StateSyncRequestHandler.cs:18) 玩家ID:482736422909116417 移动方向: 0.19055983 , 0 , -0.9816755
2025-12-05 17:11:15.4626 (StateSyncRequestHandler.cs:18) 玩家ID:482736422909116417 移动到新位置: 0.8151128 , 0 , 0.6188104
2025-12-05 17:11:15.5547 (StateSyncRequestHandler.cs:18) 玩家ID:482736422909116417 移动方向: 0.18071467 , 0 , -0.98353547
2025-12-05 17:11:15.5547 (StateSyncRequestHandler.cs:18) 玩家ID:482736422909116417 移动到新位置: 0.8512558 , 0 , 0.42210335
2025-12-05 17:11:15.6627 (StateSyncRequestHandler.cs:18) 玩家ID:482736422909116417 移动方向: 0.17725256 , 0 , -0.9841653
2025-12-05 17:11:15.6627 (StateSyncRequestHandler.cs:18) 玩家ID:482736422909116417 移动到新位置: 0.8867063 , 0 , 0.2252703
2025-12-05 17:11:15.7542 (StateSyncRequestHandler.cs:18) 玩家ID:482736422909116417 移动方向: 0.17630467 , 0 , -0.98433566
2025-12-05 17:11:15.7542 (StateSyncRequestHandler.cs:18) 玩家ID:482736422909116417 移动到新位置: 0.9219672 , 0 , 0.028403178
2025-12-05 17:11:15.8612 (StateSyncRequestHandler.cs:18) 玩家ID:482736422909116417 移动方向: 0.1759421 , 0 , -0.9844005
2025-12-05 17:11:15.8612 (StateSyncRequestHandler.cs:18) 玩家ID:482736422909116417 移动到新位置: 0.95715564 , 0 , -0.16847692
2025-12-05 17:11:15.9694 (StateSyncRequestHandler.cs:18) 玩家ID:482736422909116417 移动方向: 0.8204246 , 0 , -0.5717547
2025-12-05 17:11:15.9694 (StateSyncRequestHandler.cs:18) 玩家ID:482736422909116417 移动到新位置: 1.1212406 , 0 , -0.28282785
2025-12-05 17:11:16.0624 (StateSyncRequestHandler.cs:18) 玩家ID:482736422909116417 移动方向: 0.98442435 , 0 , 0.17580852
2025-12-05 17:11:16.0624 (StateSyncRequestHandler.cs:18) 玩家ID:482736422909116417 移动到新位置: 1.3181255 , 0 , -0.24766615
2025-12-05 17:11:16.1555 (StateSyncRequestHandler.cs:18) 玩家ID:482736422909116417 移动方向: 0.5717847 , 0 , 0.82040375
2025-12-05 17:11:16.1555 (StateSyncRequestHandler.cs:18) 玩家ID:482736422909116417 移动到新位置: 1.4324825 , 0 , -0.08358541
2025-12-05 17:11:16.2654 (StateSyncRequestHandler.cs:18) 玩家ID:482736422909116417 移动方向: 0.57178694 , 0 , 0.8204022
2025-12-05 17:11:16.2654 (StateSyncRequestHandler.cs:18) 玩家ID:482736422909116417 移动到新位置: 1.5468398 , 0 , 0.080495015
2025-12-05 17:11:16.3557 (StateSyncRequestHandler.cs:18) 玩家ID:482736422909116417 移动方向: -0.17579669 , 0 , 0.98442644
2025-12-05 17:11:16.3557 (StateSyncRequestHandler.cs:18) 玩家ID:482736422909116417 移动到新位置: 1.5116805 , 0 , 0.2773803
2025-12-05 17:11:16.4650 (StateSyncRequestHandler.cs:18) 玩家ID:482736422909116417 移动方向: -0.82040155 , 0 , 0.5717878
2025-12-05 17:11:16.4650 (StateSyncRequestHandler.cs:18) 玩家ID:482736422909116417 移动到新位置: 1.3476002 , 0 , 0.39173785
2025-12-05 17:11:16.5576 (StateSyncRequestHandler.cs:18) 玩家ID:482736422909116417 移动方向: -0.82040155 , 0 , 0.5717878
2025-12-05 17:11:16.5576 (StateSyncRequestHandler.cs:18) 玩家ID:482736422909116417 移动到新位置: 1.18352 , 0 , 0.5060954
2025-12-05 17:11:16.6657 (StateSyncRequestHandler.cs:18) 玩家ID:482736422909116417 移动方向: -0.9844265 , 0 , -0.17579651
2025-12-05 17:11:16.6657 (StateSyncRequestHandler.cs:18) 玩家ID:482736422909116417 移动到新位置: 0.9866347 , 0 , 0.47093612
2025-12-05 17:11:16.7599 (StateSyncRequestHandler.cs:18) 玩家ID:482736422909116417 移动方向: -0.9844265 , 0 , -0.17579651
2025-12-05 17:11:16.7599 (StateSyncRequestHandler.cs:18) 玩家ID:482736422909116417 移动到新位置: 0.7897494 , 0 , 0.43577683
2025-12-05 17:11:16.8679 (StateSyncRequestHandler.cs:18) 玩家ID:482736422909116417 移动方向: -0.9844265 , 0 , -0.17579651
2025-12-05 17:11:16.8679 (StateSyncRequestHandler.cs:18) 玩家ID:482736422909116417 移动到新位置: 0.5928641 , 0 , 0.40061754
2025-12-05 17:11:16.9460 (StateSyncRequestHandler.cs:18) 玩家ID:482736422909116417 移动方向: -0.82040155 , 0 , 0.5717878
2025-12-05 17:11:16.9460 (StateSyncRequestHandler.cs:18) 玩家ID:482736422909116417 移动到新位置: 0.4287838 , 0 , 0.5149751
2025-12-05 17:11:17.0556 (StateSyncRequestHandler.cs:18) 玩家ID:482736422909116417 移动方向: -0.17579651 , 0 , 0.9844265
2025-12-05 17:11:17.0556 (StateSyncRequestHandler.cs:18) 玩家ID:482736422909116417 移动到新位置: 0.3936245 , 0 , 0.71186036
2025-12-05 17:11:17.1625 (StateSyncRequestHandler.cs:18) 玩家ID:482736422909116417 移动方向: 0.5717878 , 0 , 0.82040155
2025-12-05 17:11:17.1625 (StateSyncRequestHandler.cs:18) 玩家ID:482736422909116417 移动到新位置: 0.5079821 , 0 , 0.8759407
2025-12-05 17:11:17.2558 (StateSyncRequestHandler.cs:18) 玩家ID:482736422909116417 移动方向: 0.5717878 , 0 , 0.82040155
2025-12-05 17:11:17.2558 (StateSyncRequestHandler.cs:18) 玩家ID:482736422909116417 移动到新位置: 0.6223396 , 0 , 1.040021
2025-12-05 17:11:17.3492 (StateSyncRequestHandler.cs:18) 玩家ID:482736422909116417 移动方向: 0.82040155 , 0 , -0.5717878
2025-12-05 17:11:17.3492 (StateSyncRequestHandler.cs:18) 玩家ID:482736422909116417 移动到新位置: 0.78641987 , 0 , 0.9256634
2025-12-05 17:11:17.4577 (StateSyncRequestHandler.cs:18) 玩家ID:482736422909116417 移动方向: 0.17579651 , 0 , -0.9844265
2025-12-05 17:11:17.4584 (StateSyncRequestHandler.cs:18) 玩家ID:482736422909116417 移动到新位置: 0.82157916 , 0 , 0.7287781
2025-12-05 17:11:17.5506 (StateSyncRequestHandler.cs:18) 玩家ID:482736422909116417 移动方向: 0.17579651 , 0 , -0.9844265
2025-12-05 17:11:17.5506 (StateSyncRequestHandler.cs:18) 玩家ID:482736422909116417 移动到新位置: 0.85673845 , 0 , 0.53189284
2025-12-05 17:11:17.6576 (StateSyncRequestHandler.cs:18) 玩家ID:482736422909116417 移动方向: 0.17579651 , 0 , -0.9844265
2025-12-05 17:11:17.6576 (StateSyncRequestHandler.cs:18) 玩家ID:482736422909116417 移动到新位置: 0.89189774 , 0 , 0.33500755
2025-12-05 17:11:17.7655 (StateSyncRequestHandler.cs:18) 玩家ID:482736422909116417 移动方向: 0.12784174 , 0 , -0.9917946
2025-12-05 17:11:17.7655 (StateSyncRequestHandler.cs:18) 玩家ID:482736422909116417 移动到新位置: 0.9174661 , 0 , 0.13664864
2025-12-05 17:11:17.8587 (StateSyncRequestHandler.cs:18) 玩家ID:482736422909116417 移动方向: -0.06464264 , 0 , -0.9979085
2025-12-05 17:11:17.8587 (StateSyncRequestHandler.cs:18) 玩家ID:482736422909116417 移动到新位置: 0.90453756 , 0 , -0.06293304
2025-12-05 17:11:17.9665 (StateSyncRequestHandler.cs:18) 玩家ID:482736422909116417 移动方向: 0.56962144 , 0 , -0.82190716
2025-12-05 17:11:17.9665 (StateSyncRequestHandler.cs:18) 玩家ID:482736422909116417 移动到新位置: 1.0184618 , 0 , -0.22731447
2025-12-05 17:11:18.0586 (StateSyncRequestHandler.cs:18) 玩家ID:482736422909116417 移动方向: 0.5280195 , 0 , -0.84923226
2025-12-05 17:11:18.0586 (StateSyncRequestHandler.cs:18) 玩家ID:482736422909116417 移动到新位置: 1.1240658 , 0 , -0.39716092
2025-12-05 17:11:18.1666 (StateSyncRequestHandler.cs:18) 玩家ID:482736422909116417 移动方向: 0.5101318 , 0 , -0.8600963
2025-12-05 17:11:18.1666 (StateSyncRequestHandler.cs:18) 玩家ID:482736422909116417 移动到新位置: 1.2260921 , 0 , -0.56918013
2025-12-05 17:11:18.2583 (StateSyncRequestHandler.cs:18) 玩家ID:482736422909116417 移动方向: 0.9673821 , 0 , -0.25332138
2025-12-05 17:11:18.2583 (StateSyncRequestHandler.cs:18) 玩家ID:482736422909116417 移动到新位置: 1.4195685 , 0 , -0.61984444
2025-12-05 17:11:18.3666 (StateSyncRequestHandler.cs:18) 玩家ID:482736422909116417 移动方向: 0.966848 , 0 , -0.2553526
2025-12-05 17:11:18.3666 (StateSyncRequestHandler.cs:18) 玩家ID:482736422909116417 移动到新位置: 1.6129382 , 0 , -0.67091495
2025-12-05 17:11:18.4599 (StateSyncRequestHandler.cs:18) 玩家ID:482736422909116417 移动方向: 0.96667385 , 0 , -0.2560109
2025-12-05 17:11:18.4599 (StateSyncRequestHandler.cs:18) 玩家ID:482736422909116417 移动到新位置: 1.806273 , 0 , -0.7221171
2025-12-05 17:11:18.5699 (StateSyncRequestHandler.cs:18) 玩家ID:482736422909116417 移动方向: 0.86467296 , 0 , 0.5023353
2025-12-05 17:11:18.5699 (StateSyncRequestHandler.cs:18) 玩家ID:482736422909116417 移动到新位置: 1.9792075 , 0 , -0.6216501
2025-12-05 17:11:18.6617 (StateSyncRequestHandler.cs:18) 玩家ID:482736422909116417 移动方向: 0.86470073 , 0 , 0.5022875
2025-12-05 17:11:18.6617 (StateSyncRequestHandler.cs:18) 玩家ID:482736422909116417 移动到新位置: 2.1521478 , 0 , -0.5211926
2025-12-05 17:11:18.7550 (StateSyncRequestHandler.cs:18) 玩家ID:482736422909116417 移动方向: -0.50227267 , 0 , 0.86470926
2025-12-05 17:11:18.7557 (StateSyncRequestHandler.cs:18) 玩家ID:482736422909116417 移动到新位置: 2.0516932 , 0 , -0.34825075
2025-12-05 17:11:18.8468 (StateSyncRequestHandler.cs:18) 玩家ID:482736422909116417 移动方向: -0.50226796 , 0 , 0.86471206
2025-12-05 17:11:18.8468 (StateSyncRequestHandler.cs:18) 玩家ID:482736422909116417 移动到新位置: 1.9512396 , 0 , -0.17530833
2025-12-05 17:11:18.9555 (StateSyncRequestHandler.cs:18) 玩家ID:482736422909116417 移动方向: -0.96660036 , 0 , 0.2562883
2025-12-05 17:11:18.9555 (StateSyncRequestHandler.cs:18) 玩家ID:482736422909116417 移动到新位置: 1.7579195 , 0 , -0.12405068
2025-12-05 17:11:19.0642 (StateSyncRequestHandler.cs:18) 玩家ID:482736422909116417 移动方向: -0.96660036 , 0 , 0.2562883
2025-12-05 17:11:19.0642 (StateSyncRequestHandler.cs:18) 玩家ID:482736422909116417 移动到新位置: 1.5645995 , 0 , -0.07279302
2025-12-05 17:11:19.1569 (StateSyncRequestHandler.cs:18) 玩家ID:482736422909116417 移动方向: -0.96660036 , 0 , 0.2562883
2025-12-05 17:11:19.1569 (StateSyncRequestHandler.cs:18) 玩家ID:482736422909116417 移动到新位置: 1.3712795 , 0 , -0.021535367
2025-12-05 17:11:19.2650 (StateSyncRequestHandler.cs:18) 玩家ID:482736422909116417 移动方向: -0.50226647 , 0 , 0.8647129
2025-12-05 17:11:19.2650 (StateSyncRequestHandler.cs:18) 玩家ID:482736422909116417 移动到新位置: 1.2708262 , 0 , 0.15140721
2025-12-05 17:11:19.3746 (StateSyncRequestHandler.cs:18) 玩家ID:482736422909116417 移动方向: -0.50226647 , 0 , 0.8647129
2025-12-05 17:11:19.3746 (StateSyncRequestHandler.cs:18) 玩家ID:482736422909116417 移动到新位置: 1.170373 , 0 , 0.3243498
2025-12-05 17:11:19.4669 (StateSyncRequestHandler.cs:18) 玩家ID:482736422909116417 移动方向: 0.25628835 , 0 , 0.9666004
2025-12-05 17:11:19.4669 (StateSyncRequestHandler.cs:18) 玩家ID:482736422909116417 移动到新位置: 1.2216306 , 0 , 0.51766986
2025-12-05 17:11:19.5576 (StateSyncRequestHandler.cs:18) 玩家ID:482736422909116417 移动方向: 0.8647129 , 0 , 0.5022665
2025-12-05 17:11:19.5576 (StateSyncRequestHandler.cs:18) 玩家ID:482736422909116417 移动到新位置: 1.3945732 , 0 , 0.6181232
2025-12-05 17:11:19.6522 (StateSyncRequestHandler.cs:18) 玩家ID:482736422909116417 移动方向: 0.96660036 , 0 , -0.2562883
2025-12-05 17:11:19.6522 (StateSyncRequestHandler.cs:18) 玩家ID:482736422909116417 移动到新位置: 1.5878932 , 0 , 0.5668655
2025-12-05 17:11:19.7585 (StateSyncRequestHandler.cs:18) 玩家ID:482736422909116417 移动方向: 0.50226647 , 0 , -0.8647129
2025-12-05 17:11:19.7585 (StateSyncRequestHandler.cs:18) 玩家ID:482736422909116417 移动到新位置: 1.6883465 , 0 , 0.39392292
2025-12-05 17:11:19.8521 (StateSyncRequestHandler.cs:18) 玩家ID:482736422909116417 移动方向: 0.50226647 , 0 , -0.8647129
2025-12-05 17:11:19.8521 (StateSyncRequestHandler.cs:18) 玩家ID:482736422909116417 移动到新位置: 1.7887998 , 0 , 0.22098035
2025-12-05 17:11:19.9613 (StateSyncRequestHandler.cs:18) 玩家ID:482736422909116417 移动方向: 0.50226647 , 0 , -0.8647129
2025-12-05 17:11:19.9613 (StateSyncRequestHandler.cs:18) 玩家ID:482736422909116417 移动到新位置: 1.889253 , 0 , 0.048037767
2025-12-05 17:11:20.0536 (StateSyncRequestHandler.cs:18) 玩家ID:482736422909116417 移动方向: 0.50226647 , 0 , -0.8647129
2025-12-05 17:11:20.0536 (StateSyncRequestHandler.cs:18) 玩家ID:482736422909116417 移动到新位置: 1.9897063 , 0 , -0.12490481
2025-12-05 17:11:20.1466 (StateSyncRequestHandler.cs:18) 玩家ID:482736422909116417 移动方向: 0.50226647 , 0 , -0.8647129
2025-12-05 17:11:20.1466 (StateSyncRequestHandler.cs:18) 玩家ID:482736422909116417 移动到新位置: 2.0901597 , 0 , -0.2978474
2025-12-05 17:11:20.2545 (StateSyncRequestHandler.cs:18) 玩家ID:482736422909116417 移动方向: 0.50226647 , 0 , -0.8647129
2025-12-05 17:11:20.2559 (StateSyncRequestHandler.cs:18) 玩家ID:482736422909116417 移动到新位置: 2.190613 , 0 , -0.47078997
2025-12-05 17:11:20.3476 (StateSyncRequestHandler.cs:18) 玩家ID:482736422909116417 移动方向: 0.50226647 , 0 , -0.8647129
2025-12-05 17:11:20.3476 (StateSyncRequestHandler.cs:18) 玩家ID:482736422909116417 移动到新位置: 2.2910664 , 0 , -0.64373255
2025-12-05 17:11:20.4540 (StateSyncRequestHandler.cs:18) 玩家ID:482736422909116417 移动方向: 0.50226647 , 0 , -0.8647129
2025-12-05 17:11:20.4540 (StateSyncRequestHandler.cs:18) 玩家ID:482736422909116417 移动到新位置: 2.3915198 , 0 , -0.8166751
2025-12-05 17:11:20.5471 (StateSyncRequestHandler.cs:18) 玩家ID:482736422909116417 移动方向: 0.50226647 , 0 , -0.8647129
2025-12-05 17:11:20.5471 (StateSyncRequestHandler.cs:18) 玩家ID:482736422909116417 移动到新位置: 2.4919732 , 0 , -0.9896177
2025-12-05 17:11:20.6556 (StateSyncRequestHandler.cs:18) 玩家ID:482736422909116417 移动方向: 0.50226647 , 0 , -0.8647129
2025-12-05 17:11:20.6556 (StateSyncRequestHandler.cs:18) 玩家ID:482736422909116417 移动到新位置: 2.5924265 , 0 , -1.1625602
2025-12-05 17:11:20.7653 (StateSyncRequestHandler.cs:18) 玩家ID:482736422909116417 移动方向: 0.50226647 , 0 , -0.8647129
2025-12-05 17:11:20.7653 (StateSyncRequestHandler.cs:18) 玩家ID:482736422909116417 移动到新位置: 2.69288 , 0 , -1.3355029
2025-12-05 17:11:20.8587 (StateSyncRequestHandler.cs:18) 玩家ID:482736422909116417 移动方向: 0.50226647 , 0 , -0.8647129
2025-12-05 17:11:20.8587 (StateSyncRequestHandler.cs:18) 玩家ID:482736422909116417 移动到新位置: 2.7933333 , 0 , -1.5084455
2025-12-05 17:11:20.9665 (StateSyncRequestHandler.cs:18) 玩家ID:482736422909116417 移动方向: 0.50226647 , 0 , -0.8647129
2025-12-05 17:11:20.9665 (StateSyncRequestHandler.cs:18) 玩家ID:482736422909116417 移动到新位置: 2.8937867 , 0 , -1.6813881
2025-12-05 17:11:21.0587 (StateSyncRequestHandler.cs:18) 玩家ID:482736422909116417 移动到新位置: 2.8937867 , 0 , -1.6813881
2025-12-05 17:11:21.8652 (StateSyncRequestHandler.cs:18) 玩家ID:482736422909116417 移动方向: -0.50226647 , 0 , 0.8647129
2025-12-05 17:11:21.8652 (StateSyncRequestHandler.cs:18) 玩家ID:482736422909116417 移动到新位置: 2.7933333 , 0 , -1.5084455
2025-12-05 17:11:21.9580 (StateSyncRequestHandler.cs:18) 玩家ID:482736422909116417 移动方向: -0.50226647 , 0 , 0.8647129
2025-12-05 17:11:21.9587 (StateSyncRequestHandler.cs:18) 玩家ID:482736422909116417 移动到新位置: 2.69288 , 0 , -1.3355029
2025-12-05 17:11:22.0495 (StateSyncRequestHandler.cs:18) 玩家ID:482736422909116417 移动方向: -0.50226647 , 0 , 0.8647129
2025-12-05 17:11:22.0495 (StateSyncRequestHandler.cs:18) 玩家ID:482736422909116417 移动到新位置: 2.5924265 , 0 , -1.1625602
2025-12-05 17:11:22.1589 (StateSyncRequestHandler.cs:18) 玩家ID:482736422909116417 移动到新位置: 2.5924265 , 0 , -1.1625602
2025-12-05 17:11:22.2686 (StateSyncRequestHandler.cs:18) 玩家ID:482736422909116417 移动方向: 0.50226647 , 0 , -0.8647129
2025-12-05 17:11:22.2686 (StateSyncRequestHandler.cs:18) 玩家ID:482736422909116417 移动到新位置: 2.69288 , 0 , -1.3355029
2025-12-05 17:11:22.3610 (StateSyncRequestHandler.cs:18) 玩家ID:482736422909116417 移动方向: 0.50226647 , 0 , -0.8647129
2025-12-05 17:11:22.3610 (StateSyncRequestHandler.cs:18) 玩家ID:482736422909116417 移动到新位置: 2.7933333 , 0 , -1.5084455
2025-12-05 17:11:22.4542 (StateSyncRequestHandler.cs:18) 玩家ID:482736422909116417 移动到新位置: 2.7933333 , 0 , -1.5084455
2025-12-05 17:11:23.0554 (StateSyncRequestHandler.cs:18) 玩家ID:482736422909116417 移动方向: 0.8647129 , 0 , 0.5022665
2025-12-05 17:11:23.0554 (StateSyncRequestHandler.cs:18) 玩家ID:482736422909116417 移动到新位置: 2.966276 , 0 , -1.4079922
2025-12-05 17:11:23.1623 (StateSyncRequestHandler.cs:18) 玩家ID:482736422909116417 移动方向: 0.8647129 , 0 , 0.5022665
2025-12-05 17:11:23.1623 (StateSyncRequestHandler.cs:18) 玩家ID:482736422909116417 移动到新位置: 3.1392186 , 0 , -1.307539
2025-12-05 17:11:23.2550 (StateSyncRequestHandler.cs:18) 玩家ID:482736422909116417 移动到新位置: 3.1392186 , 0 , -1.307539
2025-12-05 17:11:23.3643 (StateSyncRequestHandler.cs:18) 玩家ID:482736422909116417 移动方向: -0.50226647 , 0 , 0.8647129
2025-12-05 17:11:23.3643 (StateSyncRequestHandler.cs:18) 玩家ID:482736422909116417 移动到新位置: 3.0387652 , 0 , -1.1345963
2025-12-05 17:11:23.4578 (StateSyncRequestHandler.cs:18) 玩家ID:482736422909116417 移动方向: -0.50226647 , 0 , 0.8647129
2025-12-05 17:11:23.4578 (StateSyncRequestHandler.cs:18) 玩家ID:482736422909116417 移动到新位置: 2.9383118 , 0 , -0.96165377
2025-12-05 17:11:23.5503 (StateSyncRequestHandler.cs:18) 玩家ID:482736422909116417 移动方向: 0.25628835 , 0 , 0.9666004
2025-12-05 17:11:23.5503 (StateSyncRequestHandler.cs:18) 玩家ID:482736422909116417 移动到新位置: 2.9895694 , 0 , -0.7683337
2025-12-05 17:11:23.6600 (StateSyncRequestHandler.cs:18) 玩家ID:482736422909116417 移动方向: 0.8647129 , 0 , 0.5022665
2025-12-05 17:11:23.6600 (StateSyncRequestHandler.cs:18) 玩家ID:482736422909116417 移动到新位置: 3.162512 , 0 , -0.66788036
2025-12-05 17:11:23.7526 (StateSyncRequestHandler.cs:18) 玩家ID:482736422909116417 移动方向: 0.50226647 , 0 , -0.8647129
2025-12-05 17:11:23.7526 (StateSyncRequestHandler.cs:18) 玩家ID:482736422909116417 移动到新位置: 3.2629654 , 0 , -0.84082294
2025-12-05 17:11:23.8589 (StateSyncRequestHandler.cs:18) 玩家ID:482736422909116417 移动方向: -0.25628835 , 0 , -0.9666004
2025-12-05 17:11:23.8589 (StateSyncRequestHandler.cs:18) 玩家ID:482736422909116417 移动到新位置: 3.2117078 , 0 , -1.034143
2025-12-05 17:11:23.9523 (StateSyncRequestHandler.cs:18) 玩家ID:482736422909116417 移动方向: -0.25628835 , 0 , -0.9666004
2025-12-05 17:11:23.9523 (StateSyncRequestHandler.cs:18) 玩家ID:482736422909116417 移动到新位置: 3.1604502 , 0 , -1.227463
2025-12-05 17:11:24.0591 (StateSyncRequestHandler.cs:18) 玩家ID:482736422909116417 移动方向: -0.8647129 , 0 , -0.5022665
2025-12-05 17:11:24.0591 (StateSyncRequestHandler.cs:18) 玩家ID:482736422909116417 移动到新位置: 2.9875076 , 0 , -1.3279163
2025-12-05 17:11:24.1515 (StateSyncRequestHandler.cs:18) 玩家ID:482736422909116417 移动方向: -0.8647129 , 0 , -0.5022665
2025-12-05 17:11:24.1515 (StateSyncRequestHandler.cs:18) 玩家ID:482736422909116417 移动到新位置: 2.814565 , 0 , -1.4283695
2025-12-05 17:11:24.2593 (StateSyncRequestHandler.cs:18) 玩家ID:482736422909116417 移动方向: -0.96660036 , 0 , 0.2562883
2025-12-05 17:11:24.2593 (StateSyncRequestHandler.cs:18) 玩家ID:482736422909116417 移动到新位置: 2.621245 , 0 , -1.3771119
2025-12-05 17:11:24.3518 (StateSyncRequestHandler.cs:18) 玩家ID:482736422909116417 移动方向: -0.50226647 , 0 , 0.8647129
2025-12-05 17:11:24.3518 (StateSyncRequestHandler.cs:18) 玩家ID:482736422909116417 移动到新位置: 2.5207915 , 0 , -1.2041693
2025-12-05 17:11:24.4596 (StateSyncRequestHandler.cs:18) 玩家ID:482736422909116417 移动到新位置: 2.5207915 , 0 , -1.2041693
2025-12-05 17:11:24.5664 (StateSyncRequestHandler.cs:18) 玩家ID:482736422909116417 移动方向: 0.8647129 , 0 , 0.5022665
2025-12-05 17:11:24.5664 (StateSyncRequestHandler.cs:18) 玩家ID:482736422909116417 移动到新位置: 2.6937342 , 0 , -1.103716
2025-12-05 17:11:24.6599 (StateSyncRequestHandler.cs:18) 玩家ID:482736422909116417 移动方向: 0.96660036 , 0 , -0.2562883
2025-12-05 17:11:24.6599 (StateSyncRequestHandler.cs:18) 玩家ID:482736422909116417 移动到新位置: 2.8870542 , 0 , -1.1549736
2025-12-05 17:11:24.7524 (StateSyncRequestHandler.cs:18) 玩家ID:482736422909116417 移动方向: 0.50226647 , 0 , -0.8647129
2025-12-05 17:11:24.7524 (StateSyncRequestHandler.cs:18) 玩家ID:482736422909116417 移动到新位置: 2.9875076 , 0 , -1.3279161
2025-12-05 17:11:24.8459 (StateSyncRequestHandler.cs:18) 玩家ID:482736422909116417 移动到新位置: 2.9875076 , 0 , -1.3279161
2025-12-05 17:11:25.3671 (StateSyncRequestHandler.cs:18) 玩家ID:482736422909116417 移动方向: -0.81059873 , 0 , -0.5856019
2025-12-05 17:11:25.3671 (StateSyncRequestHandler.cs:18) 玩家ID:482736422909116417 移动到新位置: 2.825388 , 0 , -1.4450365
2025-12-05 17:11:25.4585 (StateSyncRequestHandler.cs:18) 玩家ID:482736422909116417 移动方向: -0.76108724 , 0 , -0.6486496
2025-12-05 17:11:25.4585 (StateSyncRequestHandler.cs:18) 玩家ID:482736422909116417 移动到新位置: 2.6731706 , 0 , -1.5747664
2025-12-05 17:11:25.5682 (StateSyncRequestHandler.cs:18) 玩家ID:482736422909116417 移动到新位置: 2.6731706 , 0 , -1.5747664
2025-12-05 17:11:25.6621 (StateSyncRequestHandler.cs:18) 玩家ID:482736422909116417 移动方向: -0.70153755 , 0 , 0.7126325
2025-12-05 17:11:25.6621 (StateSyncRequestHandler.cs:18) 玩家ID:482736422909116417 移动到新位置: 2.5328631 , 0 , -1.4322399
2025-12-05 17:11:25.7560 (StateSyncRequestHandler.cs:18) 玩家ID:482736422909116417 移动方向: 3.8683414E-05 , 0 , 1
2025-12-05 17:11:25.7560 (StateSyncRequestHandler.cs:18) 玩家ID:482736422909116417 移动到新位置: 2.5328708 , 0 , -1.23224
2025-12-05 17:11:25.8636 (StateSyncRequestHandler.cs:18) 玩家ID:482736422909116417 移动方向: 0.70871013 , 0 , 0.7054998
2025-12-05 17:11:25.8636 (StateSyncRequestHandler.cs:18) 玩家ID:482736422909116417 移动到新位置: 2.6746128 , 0 , -1.09114
2025-12-05 17:11:25.9571 (StateSyncRequestHandler.cs:18) 玩家ID:482736422909116417 移动方向: 0.6924109 , 0 , -0.7215034
2025-12-05 17:11:25.9571 (StateSyncRequestHandler.cs:18) 玩家ID:482736422909116417 移动到新位置: 2.8130949 , 0 , -1.2354407
2025-12-05 17:11:26.0669 (StateSyncRequestHandler.cs:18) 玩家ID:482736422909116417 移动方向: 0.6731992 , 0 , -0.7394612
2025-12-05 17:11:26.0669 (StateSyncRequestHandler.cs:18) 玩家ID:482736422909116417 移动到新位置: 2.9477346 , 0 , -1.383333
2025-12-05 17:11:26.1587 (StateSyncRequestHandler.cs:18) 玩家ID:482736422909116417 移动方向: -0.055804044 , 0 , -0.99844176
2025-12-05 17:11:26.1587 (StateSyncRequestHandler.cs:18) 玩家ID:482736422909116417 移动到新位置: 2.9365737 , 0 , -1.5830213
2025-12-05 17:11:26.2527 (StateSyncRequestHandler.cs:18) 玩家ID:482736422909116417 移动方向: -0.047482967 , 0 , -0.9988721
2025-12-05 17:11:26.2527 (StateSyncRequestHandler.cs:18) 玩家ID:482736422909116417 移动到新位置: 2.927077 , 0 , -1.7827957
2025-12-05 17:11:26.3463 (StateSyncRequestHandler.cs:18) 玩家ID:482736422909116417 移动到新位置: 2.927077 , 0 , -1.7827957
2025-12-05 17:11:35.4774 (SessionDisposeComponentSystem.cs:46) 队伍ID:1000 已经没有成员，不需要发送离开消息
2025-12-05 17:57:29.8342  

==========================================================================
 
  ███████╗ █████╗ ███╗   ██╗████████╗ █████╗  ██████╗ ██╗   ██╗
  ██╔════╝██╔══██╗████╗  ██║╚══██╔══╝██╔══██╗██╔════╝ ╚██╗ ██╔╝
  █████╗  ███████║██╔██╗ ██║   ██║   ███████║╚█████╗   ╚████╔╝ 
  ██╔══╝  ██╔══██║██║╚██╗██║   ██║   ██╔══██║╚════██║   ╚██╔╝  
  ██║     ██║  ██║██║ ╚████║   ██║   ██║  ██║██████╔╝    ██║   
  ╚═╝     ╚═╝  ╚═╝╚═╝  ╚═══╝   ╚═╝   ╚═╝  ╚═╝╚═════╝     ╚═╝   
                                                            
 Version : Fantasy 2.0 Official version
==========================================================================

2025-12-05 17:57:29.8881  Current inner network protocol:TCP
2025-12-05 17:57:29.8881  Max Message Size(byte):1048560
2025-12-05 17:57:29.8881  Current session idle timeout:8000
2025-12-05 17:57:29.8881  Session-check interval:5000 
2025-12-05 17:57:30.4257  dbName:OnlineTest Initialize the db database and connect to the target.
2025-12-05 17:57:30.8211  dbName:OnlineTest Database connection successful.
2025-12-05 17:57:31.2496  SceneConfigId = 1001 networkTarget = Inner TCPServer Listen 127.0.0.1:11002
2025-12-05 17:57:31.6159  SceneConfigId = 1001 networkTarget = Outer KCPServer Listen 0.0.0.0:20000
2025-12-05 17:57:31.6159  Process:1 Startup Complete SceneCount:1
2025-12-05 17:57:38.8097 (LoginRequestHandler.cs:16) 收到登录请求
2025-12-05 17:57:39.0823 (EntryLobbyRequestHandler.cs:32) 进入大厅成功，玩家ID:482736422909116417
2025-12-05 17:57:40.6695 (LobbyPlayerManagerComponentSystem.cs:97) 玩家ID:482736422909116417 移动方向: 0.23199952 , 0 , -0.9727159
2025-12-05 17:57:40.6695 (LobbyPlayerManagerComponentSystem.cs:102) 玩家ID:482736422909116417 移动到新位置: 2.973477 , 0 , -1.9773388
2025-12-05 17:57:40.7574 (LobbyPlayerManagerComponentSystem.cs:97) 玩家ID:482736422909116417 移动方向: 0.42360604 , 0 , -0.90584654
2025-12-05 17:57:40.7574 (LobbyPlayerManagerComponentSystem.cs:102) 玩家ID:482736422909116417 移动到新位置: 3.058198 , 0 , -2.158508
2025-12-05 17:57:40.8510 (LobbyPlayerManagerComponentSystem.cs:97) 玩家ID:482736422909116417 移动方向: -0.24636626 , 0 , -0.96917677
2025-12-05 17:57:40.8510 (LobbyPlayerManagerComponentSystem.cs:102) 玩家ID:482736422909116417 移动到新位置: 3.0089247 , 0 , -2.3523433
2025-12-05 17:57:40.9578 (LobbyPlayerManagerComponentSystem.cs:97) 玩家ID:482736422909116417 移动方向: -0.20074779 , 0 , -0.97964287
2025-12-05 17:57:40.9587 (LobbyPlayerManagerComponentSystem.cs:102) 玩家ID:482736422909116417 移动到新位置: 2.9687753 , 0 , -2.548272
2025-12-05 17:57:41.0552 (LobbyPlayerManagerComponentSystem.cs:97) 玩家ID:482736422909116417 移动方向: -0.82672167 , 0 , -0.56261116
2025-12-05 17:57:41.0552 (LobbyPlayerManagerComponentSystem.cs:102) 玩家ID:482736422909116417 移动到新位置: 2.803431 , 0 , -2.660794
2025-12-05 17:57:41.1520 (LobbyPlayerManagerComponentSystem.cs:97) 玩家ID:482736422909116417 移动方向: -0.8239998 , 0 , -0.56659
2025-12-05 17:57:41.1520 (LobbyPlayerManagerComponentSystem.cs:102) 玩家ID:482736422909116417 移动到新位置: 2.638631 , 0 , -2.774112
2025-12-05 17:57:41.2552 (LobbyPlayerManagerComponentSystem.cs:97) 玩家ID:482736422909116417 移动方向: -0.9836011 , 0 , 0.18035778
2025-12-05 17:57:41.2561 (LobbyPlayerManagerComponentSystem.cs:102) 玩家ID:482736422909116417 移动到新位置: 2.441911 , 0 , -2.7380404
2025-12-05 17:57:41.3576 (LobbyPlayerManagerComponentSystem.cs:97) 玩家ID:482736422909116417 移动方向: -0.983692 , 0 , 0.1798611
2025-12-05 17:57:41.3576 (LobbyPlayerManagerComponentSystem.cs:102) 玩家ID:482736422909116417 移动到新位置: 2.2451725 , 0 , -2.7020683
2025-12-05 17:57:41.4530 (LobbyPlayerManagerComponentSystem.cs:97) 玩家ID:482736422909116417 移动方向: -0.98371685 , 0 , 0.17972535
2025-12-05 17:57:41.4530 (LobbyPlayerManagerComponentSystem.cs:102) 玩家ID:482736422909116417 移动到新位置: 2.048429 , 0 , -2.6661232
2025-12-05 17:57:41.5575 (LobbyPlayerManagerComponentSystem.cs:97) 玩家ID:482736422909116417 移动方向: -0.8226506 , 0 , -0.5685473
2025-12-05 17:57:41.5575 (LobbyPlayerManagerComponentSystem.cs:102) 玩家ID:482736422909116417 移动到新位置: 1.8838989 , 0 , -2.7798326
2025-12-05 17:57:41.6550 (LobbyPlayerManagerComponentSystem.cs:102) 玩家ID:482736422909116417 移动到新位置: 1.8838989 , 0 , -2.7798326
2025-12-05 17:57:43.8543 (LobbyPlayerManagerComponentSystem.cs:97) 玩家ID:482736422909116417 移动方向: -0.107871555 , 0 , -0.9941648
2025-12-05 17:57:43.8543 (LobbyPlayerManagerComponentSystem.cs:102) 玩家ID:482736422909116417 移动到新位置: 1.8623246 , 0 , -2.9786656
2025-12-05 17:57:43.9575 (LobbyPlayerManagerComponentSystem.cs:97) 玩家ID:482736422909116417 移动方向: -0.8613744 , 0 , -0.5079707
2025-12-05 17:57:43.9575 (LobbyPlayerManagerComponentSystem.cs:102) 玩家ID:482736422909116417 移动到新位置: 1.6900498 , 0 , -3.0802598
2025-12-05 17:57:44.0493 (LobbyPlayerManagerComponentSystem.cs:97) 玩家ID:482736422909116417 移动方向: -0.8865755 , 0 , -0.462584
2025-12-05 17:57:44.0493 (LobbyPlayerManagerComponentSystem.cs:102) 玩家ID:482736422909116417 移动到新位置: 1.5127347 , 0 , -3.1727767
2025-12-05 17:57:44.1504 (LobbyPlayerManagerComponentSystem.cs:97) 玩家ID:482736422909116417 移动方向: -0.8956027 , 0 , -0.44485468
2025-12-05 17:57:44.1504 (LobbyPlayerManagerComponentSystem.cs:102) 玩家ID:482736422909116417 移动到新位置: 1.3336141 , 0 , -3.2617476
2025-12-05 17:57:44.2556 (LobbyPlayerManagerComponentSystem.cs:97) 玩家ID:482736422909116417 移动方向: -0.9457436 , 0 , 0.32491383
2025-12-05 17:57:44.2556 (LobbyPlayerManagerComponentSystem.cs:102) 玩家ID:482736422909116417 移动到新位置: 1.1444654 , 0 , -3.196765
2025-12-05 17:57:44.3514 (LobbyPlayerManagerComponentSystem.cs:97) 玩家ID:482736422909116417 移动方向: -0.94509584 , 0 , 0.32679325
2025-12-05 17:57:44.3514 (LobbyPlayerManagerComponentSystem.cs:102) 玩家ID:482736422909116417 移动到新位置: 0.9554463 , 0 , -3.1314063
2025-12-05 17:57:44.4563 (LobbyPlayerManagerComponentSystem.cs:97) 玩家ID:482736422909116417 移动方向: -0.944887 , 0 , 0.32739678
2025-12-05 17:57:44.4563 (LobbyPlayerManagerComponentSystem.cs:102) 玩家ID:482736422909116417 移动到新位置: 0.7664689 , 0 , -3.065927
2025-12-05 17:57:44.5586 (LobbyPlayerManagerComponentSystem.cs:97) 玩家ID:482736422909116417 移动方向: -0.9448291 , 0 , 0.32756376
2025-12-05 17:57:44.5586 (LobbyPlayerManagerComponentSystem.cs:102) 玩家ID:482736422909116417 移动到新位置: 0.5775031 , 0 , -3.0004144
2025-12-05 17:57:44.6570 (LobbyPlayerManagerComponentSystem.cs:97) 玩家ID:482736422909116417 移动方向: -0.94481283 , 0 , 0.3276106
2025-12-05 17:57:44.6570 (LobbyPlayerManagerComponentSystem.cs:102) 玩家ID:482736422909116417 移动到新位置: 0.38854054 , 0 , -2.9348922
2025-12-05 17:57:44.7502 (LobbyPlayerManagerComponentSystem.cs:97) 玩家ID:482736422909116417 移动方向: -0.9448082 , 0 , 0.32762396
2025-12-05 17:57:44.7502 (LobbyPlayerManagerComponentSystem.cs:102) 玩家ID:482736422909116417 移动到新位置: 0.19957891 , 0 , -2.8693674
2025-12-05 17:57:44.8495 (LobbyPlayerManagerComponentSystem.cs:97) 玩家ID:482736422909116417 移动方向: -0.9448067 , 0 , 0.3276283
2025-12-05 17:57:44.8495 (LobbyPlayerManagerComponentSystem.cs:102) 玩家ID:482736422909116417 移动到新位置: 0.010617584 , 0 , -2.8038416
2025-12-05 17:57:44.9511 (LobbyPlayerManagerComponentSystem.cs:97) 玩家ID:482736422909116417 移动方向: -0.32921997 , 0 , -0.94425327
2025-12-05 17:57:44.9511 (LobbyPlayerManagerComponentSystem.cs:102) 玩家ID:482736422909116417 移动到新位置: -0.055226408 , 0 , -2.9926922
2025-12-05 17:57:45.0645 (LobbyPlayerManagerComponentSystem.cs:97) 玩家ID:482736422909116417 移动方向: -0.33244622 , 0 , -0.9431222
2025-12-05 17:57:45.0645 (LobbyPlayerManagerComponentSystem.cs:102) 玩家ID:482736422909116417 移动到新位置: -0.12171565 , 0 , -3.1813166
2025-12-05 17:57:45.1550 (LobbyPlayerManagerComponentSystem.cs:97) 玩家ID:482736422909116417 移动方向: -0.3340843 , 0 , -0.9425432
2025-12-05 17:57:45.1550 (LobbyPlayerManagerComponentSystem.cs:102) 玩家ID:482736422909116417 移动到新位置: -0.1885325 , 0 , -3.3698254
2025-12-05 17:57:45.2510 (LobbyPlayerManagerComponentSystem.cs:97) 玩家ID:482736422909116417 移动方向: -0.33470184 , 0 , -0.9423241
2025-12-05 17:57:45.2510 (LobbyPlayerManagerComponentSystem.cs:102) 玩家ID:482736422909116417 移动到新位置: -0.25547287 , 0 , -3.5582902
2025-12-05 17:57:45.3570 (LobbyPlayerManagerComponentSystem.cs:97) 玩家ID:482736422909116417 移动方向: -0.33493784 , 0 , -0.9422402
2025-12-05 17:57:45.3570 (LobbyPlayerManagerComponentSystem.cs:102) 玩家ID:482736422909116417 移动到新位置: -0.32246044 , 0 , -3.7467382
2025-12-05 17:57:45.4647 (LobbyPlayerManagerComponentSystem.cs:97) 玩家ID:482736422909116417 移动方向: -0.33500743 , 0 , -0.9422155
2025-12-05 17:57:45.4647 (LobbyPlayerManagerComponentSystem.cs:102) 玩家ID:482736422909116417 移动到新位置: -0.38946193 , 0 , -3.9351814
2025-12-05 17:57:45.5552 (StateSyncRequestHandler.cs:18) 玩家ID:482736422909116417 移动方向: -0.9031435 , 0 , -0.42933884
2025-12-05 17:57:45.5552 (StateSyncRequestHandler.cs:18) 玩家ID:482736422909116417 移动到新位置: -0.57009065 , 0 , -4.021049
2025-12-05 17:57:45.6527 (StateSyncRequestHandler.cs:18) 玩家ID:482736422909116417 移动方向: -0.90314674 , 0 , -0.42933202
2025-12-05 17:57:45.6527 (StateSyncRequestHandler.cs:18) 玩家ID:482736422909116417 移动到新位置: -0.75072 , 0 , -4.1069155
2025-12-05 17:57:45.7586 (StateSyncRequestHandler.cs:18) 玩家ID:482736422909116417 移动方向: -0.9031477 , 0 , -0.42933
2025-12-05 17:57:45.7586 (StateSyncRequestHandler.cs:18) 玩家ID:482736422909116417 移动到新位置: -0.9313495 , 0 , -4.1927814
2025-12-05 17:57:45.8516 (StateSyncRequestHandler.cs:18) 玩家ID:482736422909116417 移动方向: -0.9420426 , 0 , 0.3354934
2025-12-05 17:57:45.8516 (StateSyncRequestHandler.cs:18) 玩家ID:482736422909116417 移动到新位置: -1.119758 , 0 , -4.125683
2025-12-05 17:57:45.9520 (StateSyncRequestHandler.cs:18) 玩家ID:482736422909116417 移动方向: -0.93486524 , 0 , 0.35500288
2025-12-05 17:57:45.9520 (StateSyncRequestHandler.cs:18) 玩家ID:482736422909116417 移动到新位置: -1.3067311 , 0 , -4.0546823
2025-12-05 17:57:46.0592 (StateSyncRequestHandler.cs:18) 玩家ID:482736422909116417 移动方向: -0.87382543 , 0 , 0.48623982
2025-12-05 17:57:46.0592 (StateSyncRequestHandler.cs:18) 玩家ID:482736422909116417 移动到新位置: -1.4814962 , 0 , -3.9574342
2025-12-05 17:57:46.1535 (StateSyncRequestHandler.cs:18) 玩家ID:482736422909116417 移动方向: -0.6388259 , 0 , 0.76935136
2025-12-05 17:57:46.1535 (StateSyncRequestHandler.cs:18) 玩家ID:482736422909116417 移动到新位置: -1.6092614 , 0 , -3.8035638
2025-12-05 17:57:46.2550 (StateSyncRequestHandler.cs:18) 玩家ID:482736422909116417 移动方向: -0.29373643 , 0 , 0.9558865
2025-12-05 17:57:46.2557 (StateSyncRequestHandler.cs:18) 玩家ID:482736422909116417 移动到新位置: -1.6680087 , 0 , -3.6123865
2025-12-05 17:57:46.3585 (StateSyncRequestHandler.cs:18) 玩家ID:482736422909116417 移动方向: -0.07104826 , 0 , 0.9974729
2025-12-05 17:57:46.3585 (StateSyncRequestHandler.cs:18) 玩家ID:482736422909116417 移动到新位置: -1.6822183 , 0 , -3.4128919
2025-12-05 17:57:46.4564 (StateSyncRequestHandler.cs:18) 玩家ID:482736422909116417 移动方向: 0.72100484 , 0 , 0.69293
2025-12-05 17:57:46.4564 (StateSyncRequestHandler.cs:18) 玩家ID:482736422909116417 移动到新位置: -1.5380174 , 0 , -3.2743058
2025-12-05 17:57:46.5510 (StateSyncRequestHandler.cs:18) 玩家ID:482736422909116417 移动方向: 0.99855673 , 0 , -0.053706452
2025-12-05 17:57:46.5510 (StateSyncRequestHandler.cs:18) 玩家ID:482736422909116417 移动到新位置: -1.3383061 , 0 , -3.285047
2025-12-05 17:57:46.6493 (StateSyncRequestHandler.cs:18) 玩家ID:482736422909116417 移动方向: 0.9979687 , 0 , -0.063705966
2025-12-05 17:57:46.6493 (StateSyncRequestHandler.cs:18) 玩家ID:482736422909116417 移动到新位置: -1.1387123 , 0 , -3.2977881
2025-12-05 17:57:46.7578 (StateSyncRequestHandler.cs:18) 玩家ID:482736422909116417 移动方向: 0.9994864 , 0 , -0.032046236
2025-12-05 17:57:46.7578 (StateSyncRequestHandler.cs:18) 玩家ID:482736422909116417 移动到新位置: -0.938815 , 0 , -3.3041973
2025-12-05 17:57:46.8532 (StateSyncRequestHandler.cs:18) 玩家ID:482736422909116417 移动方向: 0.7640445 , 0 , -0.64516354
2025-12-05 17:57:46.8532 (StateSyncRequestHandler.cs:18) 玩家ID:482736422909116417 移动到新位置: -0.7860061 , 0 , -3.43323
2025-12-05 17:57:46.9584 (StateSyncRequestHandler.cs:18) 玩家ID:482736422909116417 移动方向: 0.8507001 , 0 , -0.5256514
2025-12-05 17:57:46.9595 (StateSyncRequestHandler.cs:18) 玩家ID:482736422909116417 移动到新位置: -0.61586607 , 0 , -3.53836
2025-12-05 17:57:47.0521 (StateSyncRequestHandler.cs:18) 玩家ID:482736422909116417 移动方向: 0.29866776 , 0 , -0.95435715
2025-12-05 17:57:47.0521 (StateSyncRequestHandler.cs:18) 玩家ID:482736422909116417 移动到新位置: -0.5561325 , 0 , -3.7292316
2025-12-05 17:57:47.1589 (StateSyncRequestHandler.cs:18) 玩家ID:482736422909116417 移动方向: -0.94447595 , 0 , -0.32858047
2025-12-05 17:57:47.1589 (StateSyncRequestHandler.cs:18) 玩家ID:482736422909116417 移动到新位置: -0.74502766 , 0 , -3.7949476
2025-12-05 17:57:47.2586 (StateSyncRequestHandler.cs:18) 玩家ID:482736422909116417 移动方向: -0.94117254 , 0 , -0.33792648
2025-12-05 17:57:47.2586 (StateSyncRequestHandler.cs:18) 玩家ID:482736422909116417 移动到新位置: -0.93326217 , 0 , -3.8625329
2025-12-05 17:57:47.3529 (StateSyncRequestHandler.cs:18) 玩家ID:482736422909116417 移动方向: -0.9401062 , 0 , -0.34088162
2025-12-05 17:57:47.3529 (StateSyncRequestHandler.cs:18) 玩家ID:482736422909116417 移动到新位置: -1.1212834 , 0 , -3.9307091
2025-12-05 17:57:47.4486 (StateSyncRequestHandler.cs:18) 玩家ID:482736422909116417 移动方向: -0.9062736 , 0 , 0.4226916
2025-12-05 17:57:47.4486 (StateSyncRequestHandler.cs:18) 玩家ID:482736422909116417 移动到新位置: -1.3025382 , 0 , -3.846171
2025-12-05 17:57:47.5511 (StateSyncRequestHandler.cs:18) 玩家ID:482736422909116417 移动方向: -0.90642637 , 0 , 0.42236382
2025-12-05 17:57:47.5511 (StateSyncRequestHandler.cs:18) 玩家ID:482736422909116417 移动到新位置: -1.4838234 , 0 , -3.7616982
2025-12-05 17:57:47.6490 (StateSyncRequestHandler.cs:18) 玩家ID:482736422909116417 移动方向: -0.90647256 , 0 , 0.4222647
2025-12-05 17:57:47.6490 (StateSyncRequestHandler.cs:18) 玩家ID:482736422909116417 移动到新位置: -1.665118 , 0 , -3.6772454
2025-12-05 17:57:47.7533 (StateSyncRequestHandler.cs:18) 玩家ID:482736422909116417 移动方向: -0.93954766 , 0 , -0.34241828
2025-12-05 17:57:47.7533 (StateSyncRequestHandler.cs:18) 玩家ID:482736422909116417 移动到新位置: -1.8530275 , 0 , -3.745729
2025-12-05 17:57:47.8528 (StateSyncRequestHandler.cs:18) 玩家ID:482736422909116417 移动方向: -0.935939 , 0 , -0.35216215
2025-12-05 17:57:47.8528 (StateSyncRequestHandler.cs:18) 玩家ID:482736422909116417 移动到新位置: -2.0402153 , 0 , -3.8161614
2025-12-05 17:57:47.9545 (StateSyncRequestHandler.cs:18) 玩家ID:482736422909116417 移动方向: -0.9488316 , 0 , 0.31578234
2025-12-05 17:57:47.9545 (StateSyncRequestHandler.cs:18) 玩家ID:482736422909116417 移动到新位置: -2.2299817 , 0 , -3.753005
2025-12-05 17:57:48.0503 (StateSyncRequestHandler.cs:18) 玩家ID:482736422909116417 移动方向: -0.5509041 , 0 , 0.8345686
2025-12-05 17:57:48.0503 (StateSyncRequestHandler.cs:18) 玩家ID:482736422909116417 移动到新位置: -2.3401625 , 0 , -3.5860913
2025-12-05 17:57:48.1495 (StateSyncRequestHandler.cs:18) 玩家ID:482736422909116417 移动方向: -0.60158765 , 0 , 0.7988067
2025-12-05 17:57:48.1495 (StateSyncRequestHandler.cs:18) 玩家ID:482736422909116417 移动到新位置: -2.46048 , 0 , -3.4263299
2025-12-05 17:57:48.2544 (StateSyncRequestHandler.cs:18) 玩家ID:482736422909116417 移动方向: 0.11446929 , 0 , 0.9934268
2025-12-05 17:57:48.2544 (StateSyncRequestHandler.cs:18) 玩家ID:482736422909116417 移动到新位置: -2.437586 , 0 , -3.2276444
2025-12-05 17:57:48.3544 (StateSyncRequestHandler.cs:18) 玩家ID:482736422909116417 移动方向: 0.7776109 , 0 , 0.6287458
2025-12-05 17:57:48.3544 (StateSyncRequestHandler.cs:18) 玩家ID:482736422909116417 移动到新位置: -2.282064 , 0 , -3.1018953
2025-12-05 17:57:48.4577 (StateSyncRequestHandler.cs:18) 玩家ID:482736422909116417 移动方向: 0.9973761 , 0 , -0.07239464
2025-12-05 17:57:48.4577 (StateSyncRequestHandler.cs:18) 玩家ID:482736422909116417 移动到新位置: -2.0825887 , 0 , -3.1163743
2025-12-05 17:57:48.5552 (StateSyncRequestHandler.cs:18) 玩家ID:482736422909116417 移动方向: 0.9998051 , 0 , 0.019741625
2025-12-05 17:57:48.5552 (StateSyncRequestHandler.cs:18) 玩家ID:482736422909116417 移动到新位置: -1.8826277 , 0 , -3.112426
2025-12-05 17:57:48.6572 (StateSyncRequestHandler.cs:18) 玩家ID:482736422909116417 移动方向: 0.96258175 , 0 , 0.27099144
2025-12-05 17:57:48.6572 (StateSyncRequestHandler.cs:18) 玩家ID:482736422909116417 移动到新位置: -1.6901114 , 0 , -3.0582278
2025-12-05 17:57:48.7544 (StateSyncRequestHandler.cs:18) 玩家ID:482736422909116417 移动方向: 0.7639918 , 0 , 0.64522594
2025-12-05 17:57:48.7544 (StateSyncRequestHandler.cs:18) 玩家ID:482736422909116417 移动到新位置: -1.537313 , 0 , -2.9291825
2025-12-05 17:57:48.8541 (StateSyncRequestHandler.cs:18) 玩家ID:482736422909116417 移动方向: 0.51492196 , 0 , 0.8572371
2025-12-05 17:57:48.8541 (StateSyncRequestHandler.cs:18) 玩家ID:482736422909116417 移动到新位置: -1.4343286 , 0 , -2.757735
2025-12-05 17:57:48.9533 (StateSyncRequestHandler.cs:18) 玩家ID:482736422909116417 移动方向: 0.38304695 , 0 , 0.9237288
2025-12-05 17:57:48.9533 (StateSyncRequestHandler.cs:18) 玩家ID:482736422909116417 移动到新位置: -1.3577192 , 0 , -2.5729892
2025-12-05 17:57:49.0491 (StateSyncRequestHandler.cs:18) 玩家ID:482736422909116417 移动方向: 0.34286165 , 0 , 0.9393859
2025-12-05 17:57:49.0491 (StateSyncRequestHandler.cs:18) 玩家ID:482736422909116417 移动到新位置: -1.2891469 , 0 , -2.385112
2025-12-05 17:57:49.1517 (StateSyncRequestHandler.cs:18) 玩家ID:482736422909116417 移动方向: -0.34317878 , 0 , 0.9392701
2025-12-05 17:57:49.1517 (StateSyncRequestHandler.cs:18) 玩家ID:482736422909116417 移动到新位置: -1.3577826 , 0 , -2.197258
2025-12-05 17:57:49.2499 (StateSyncRequestHandler.cs:18) 玩家ID:482736422909116417 移动方向: -0.07604866 , 0 , 0.9971041
2025-12-05 17:57:49.2499 (StateSyncRequestHandler.cs:18) 玩家ID:482736422909116417 移动到新位置: -1.3729923 , 0 , -1.9978372
2025-12-05 17:57:49.3549 (StateSyncRequestHandler.cs:18) 玩家ID:482736422909116417 移动方向: 0.25097415 , 0 , 0.96799374
2025-12-05 17:57:49.3549 (StateSyncRequestHandler.cs:18) 玩家ID:482736422909116417 移动到新位置: -1.3227974 , 0 , -1.8042384
2025-12-05 17:57:49.4481 (StateSyncRequestHandler.cs:18) 玩家ID:482736422909116417 移动方向: 0.6201992 , 0 , 0.7844444
2025-12-05 17:57:49.4481 (StateSyncRequestHandler.cs:18) 玩家ID:482736422909116417 移动到新位置: -1.1987575 , 0 , -1.6473496
2025-12-05 17:57:49.5527 (StateSyncRequestHandler.cs:18) 玩家ID:482736422909116417 移动方向: 0.91569155 , 0 , 0.40188175
2025-12-05 17:57:49.5527 (StateSyncRequestHandler.cs:18) 玩家ID:482736422909116417 移动到新位置: -1.0156193 , 0 , -1.5669732
2025-12-05 17:57:49.6518 (StateSyncRequestHandler.cs:18) 玩家ID:482736422909116417 移动方向: 0.9969507 , 0 , 0.07803366
2025-12-05 17:57:49.6518 (StateSyncRequestHandler.cs:18) 玩家ID:482736422909116417 移动到新位置: -0.81622916 , 0 , -1.5513664
2025-12-05 17:57:49.7551 (StateSyncRequestHandler.cs:18) 玩家ID:482736422909116417 移动方向: 0.9926972 , 0 , -0.12063299
2025-12-05 17:57:49.7551 (StateSyncRequestHandler.cs:18) 玩家ID:482736422909116417 移动到新位置: -0.6176897 , 0 , -1.5754931
2025-12-05 17:57:49.8565 (StateSyncRequestHandler.cs:18) 玩家ID:482736422909116417 移动方向: 0.97743064 , 0 , -0.21125668
2025-12-05 17:57:49.8565 (StateSyncRequestHandler.cs:18) 玩家ID:482736422909116417 移动到新位置: -0.4222036 , 0 , -1.6177444
2025-12-05 17:57:49.9507 (StateSyncRequestHandler.cs:18) 玩家ID:482736422909116417 移动方向: 0.9690163 , 0 , -0.24699664
2025-12-05 17:57:49.9507 (StateSyncRequestHandler.cs:18) 玩家ID:482736422909116417 移动到新位置: -0.22840035 , 0 , -1.6671438
2025-12-05 17:57:50.0567 (StateSyncRequestHandler.cs:18) 玩家ID:482736422909116417 移动方向: 0.98673964 , 0 , -0.16231124
2025-12-05 17:57:50.0567 (StateSyncRequestHandler.cs:18) 玩家ID:482736422909116417 移动到新位置: -0.031052426 , 0 , -1.6996061
2025-12-05 17:57:50.1576 (StateSyncRequestHandler.cs:18) 玩家ID:482736422909116417 移动方向: 0.96013373 , 0 , 0.27954105
2025-12-05 17:57:50.1576 (StateSyncRequestHandler.cs:18) 玩家ID:482736422909116417 移动到新位置: 0.16097431 , 0 , -1.6436979
2025-12-05 17:57:50.2572 (StateSyncRequestHandler.cs:18) 玩家ID:482736422909116417 移动方向: 0.55736357 , 0 , 0.8302685
2025-12-05 17:57:50.2572 (StateSyncRequestHandler.cs:18) 玩家ID:482736422909116417 移动到新位置: 0.27244702 , 0 , -1.4776442
2025-12-05 17:57:50.3573 (StateSyncRequestHandler.cs:18) 玩家ID:482736422909116417 移动方向: -0.13659947 , 0 , 0.99062634
2025-12-05 17:57:50.3573 (StateSyncRequestHandler.cs:18) 玩家ID:482736422909116417 移动到新位置: 0.24512713 , 0 , -1.279519
2025-12-05 17:57:50.4592 (StateSyncRequestHandler.cs:18) 玩家ID:482736422909116417 移动方向: -0.5803448 , 0 , 0.81437093
2025-12-05 17:57:50.4592 (StateSyncRequestHandler.cs:18) 玩家ID:482736422909116417 移动到新位置: 0.12905818 , 0 , -1.1166447
2025-12-05 17:57:50.5538 (StateSyncRequestHandler.cs:18) 玩家ID:482736422909116417 移动方向: -0.7586033 , 0 , 0.6515528
2025-12-05 17:57:50.5538 (StateSyncRequestHandler.cs:18) 玩家ID:482736422909116417 移动到新位置: -0.022662476 , 0 , -0.9863342
2025-12-05 17:57:50.6553 (StateSyncRequestHandler.cs:18) 玩家ID:482736422909116417 移动方向: -0.8129871 , 0 , 0.5822817
2025-12-05 17:57:50.6553 (StateSyncRequestHandler.cs:18) 玩家ID:482736422909116417 移动到新位置: -0.1852599 , 0 , -0.8698779
2025-12-05 17:57:50.7519 (StateSyncRequestHandler.cs:18) 玩家ID:482736422909116417 移动到新位置: -0.1852599 , 0 , -0.8698779
2025-12-05 17:57:52.8525 (StateSyncRequestHandler.cs:18) 玩家ID:482736422909116417 移动方向: 0.374117 , 0 , 0.9273815
2025-12-05 17:57:52.8525 (StateSyncRequestHandler.cs:18) 玩家ID:482736422909116417 移动到新位置: -0.1104365 , 0 , -0.6844016
2025-12-05 17:57:52.9501 (StateSyncRequestHandler.cs:18) 玩家ID:482736422909116417 移动方向: 0.35609713 , 0 , 0.9344489
2025-12-05 17:57:52.9501 (StateSyncRequestHandler.cs:18) 玩家ID:482736422909116417 移动到新位置: -0.039217077 , 0 , -0.4975118
2025-12-05 17:57:53.0593 (StateSyncRequestHandler.cs:18) 玩家ID:482736422909116417 移动方向: 0.38646227 , 0 , 0.92230517
2025-12-05 17:57:53.0593 (StateSyncRequestHandler.cs:18) 玩家ID:482736422909116417 移动到新位置: 0.03807538 , 0 , -0.31305078
2025-12-05 17:57:53.1514 (StateSyncRequestHandler.cs:18) 玩家ID:482736422909116417 移动方向: 0.5231051 , 0 , 0.85226816
2025-12-05 17:57:53.1514 (StateSyncRequestHandler.cs:18) 玩家ID:482736422909116417 移动到新位置: 0.1426964 , 0 , -0.14259715
2025-12-05 17:57:53.2506 (StateSyncRequestHandler.cs:18) 玩家ID:482736422909116417 移动方向: 0.67629564 , 0 , 0.7366303
2025-12-05 17:57:53.2506 (StateSyncRequestHandler.cs:18) 玩家ID:482736422909116417 移动到新位置: 0.27795553 , 0 , 0.0047288984
2025-12-05 17:57:53.3532 (StateSyncRequestHandler.cs:18) 玩家ID:482736422909116417 移动方向: 0.78273344 , 0 , 0.62235713
2025-12-05 17:57:53.3532 (StateSyncRequestHandler.cs:18) 玩家ID:482736422909116417 移动到新位置: 0.4345022 , 0 , 0.12920031
2025-12-05 17:57:53.4622 (StateSyncRequestHandler.cs:18) 玩家ID:482736422909116417 移动方向: 0.8814383 , 0 , 0.4722991
2025-12-05 17:57:53.4622 (StateSyncRequestHandler.cs:18) 玩家ID:482736422909116417 移动到新位置: 0.6107899 , 0 , 0.22366013
2025-12-05 17:57:53.5553 (StateSyncRequestHandler.cs:18) 玩家ID:482736422909116417 移动方向: 0.9458499 , 0 , 0.32460436
2025-12-05 17:57:53.5553 (StateSyncRequestHandler.cs:18) 玩家ID:482736422909116417 移动到新位置: 0.7999599 , 0 , 0.288581
2025-12-05 17:57:53.6572 (StateSyncRequestHandler.cs:18) 玩家ID:482736422909116417 移动方向: 0.97301924 , 0 , 0.2307242
2025-12-05 17:57:53.6572 (StateSyncRequestHandler.cs:18) 玩家ID:482736422909116417 移动到新位置: 0.9945637 , 0 , 0.33472586
2025-12-05 17:57:53.7497 (StateSyncRequestHandler.cs:18) 玩家ID:482736422909116417 移动方向: 0.5588394 , 0 , 0.82927585
2025-12-05 17:57:53.7497 (StateSyncRequestHandler.cs:18) 玩家ID:482736422909116417 移动到新位置: 1.1063316 , 0 , 0.500581
2025-12-05 17:57:53.8484 (StateSyncRequestHandler.cs:18) 玩家ID:482736422909116417 移动方向: -0.15605305 , 0 , 0.9877486
2025-12-05 17:57:53.8484 (StateSyncRequestHandler.cs:18) 玩家ID:482736422909116417 移动到新位置: 1.0751209 , 0 , 0.6981307
2025-12-05 17:57:53.9544 (StateSyncRequestHandler.cs:18) 玩家ID:482736422909116417 移动方向: -0.12203693 , 0 , 0.9925256
2025-12-05 17:57:53.9544 (StateSyncRequestHandler.cs:18) 玩家ID:482736422909116417 移动到新位置: 1.0507135 , 0 , 0.89663583
2025-12-05 17:57:54.0554 (StateSyncRequestHandler.cs:18) 玩家ID:482736422909116417 移动方向: -0.77859396 , 0 , 0.627528
2025-12-05 17:57:54.0554 (StateSyncRequestHandler.cs:18) 玩家ID:482736422909116417 移动到新位置: 0.89499474 , 0 , 1.0221415
2025-12-05 17:57:54.1582 (StateSyncRequestHandler.cs:18) 玩家ID:482736422909116417 移动方向: -0.63215274 , 0 , -0.7748438
2025-12-05 17:57:54.1582 (StateSyncRequestHandler.cs:18) 玩家ID:482736422909116417 移动到新位置: 0.7685642 , 0 , 0.8671727
2025-12-05 17:57:54.2518 (StateSyncRequestHandler.cs:18) 玩家ID:482736422909116417 移动方向: -0.63362235 , 0 , -0.7736425
2025-12-05 17:57:54.2518 (StateSyncRequestHandler.cs:18) 玩家ID:482736422909116417 移动到新位置: 0.64183974 , 0 , 0.71244425
2025-12-05 17:57:54.3528 (StateSyncRequestHandler.cs:18) 玩家ID:482736422909116417 移动方向: -0.63416404 , 0 , -0.77319854
2025-12-05 17:57:54.3528 (StateSyncRequestHandler.cs:18) 玩家ID:482736422909116417 移动到新位置: 0.5150069 , 0 , 0.5578045
2025-12-05 17:57:54.4575 (StateSyncRequestHandler.cs:18) 玩家ID:482736422909116417 移动方向: 0.09810487 , 0 , -0.99517614
2025-12-05 17:57:54.4575 (StateSyncRequestHandler.cs:18) 玩家ID:482736422909116417 移动到新位置: 0.53462785 , 0 , 0.3587693
2025-12-05 17:57:54.5599 (StateSyncRequestHandler.cs:18) 玩家ID:482736422909116417 移动方向: 0.09800321 , 0 , -0.9951861
2025-12-05 17:57:54.5599 (StateSyncRequestHandler.cs:18) 玩家ID:482736422909116417 移动到新位置: 0.5542285 , 0 , 0.15973209
2025-12-05 17:57:54.6548 (StateSyncRequestHandler.cs:18) 玩家ID:482736422909116417 移动方向: -0.995865 , 0 , -0.09084564
2025-12-05 17:57:54.6548 (StateSyncRequestHandler.cs:18) 玩家ID:482736422909116417 移动到新位置: 0.35505548 , 0 , 0.14156297
2025-12-05 17:57:54.7568 (StateSyncRequestHandler.cs:18) 玩家ID:482736422909116417 移动方向: -0.76244664 , 0 , 0.647051
2025-12-05 17:57:54.7568 (StateSyncRequestHandler.cs:18) 玩家ID:482736422909116417 移动到新位置: 0.20256615 , 0 , 0.27097315
2025-12-05 17:57:54.8565 (StateSyncRequestHandler.cs:18) 玩家ID:482736422909116417 移动方向: -0.7594621 , 0 , 0.65055144
2025-12-05 17:57:54.8565 (StateSyncRequestHandler.cs:18) 玩家ID:482736422909116417 移动到新位置: 0.050673723 , 0 , 0.4010834
2025-12-05 17:57:54.9490 (StateSyncRequestHandler.cs:18) 玩家ID:482736422909116417 移动方向: -0.7584331 , 0 , 0.65175086
2025-12-05 17:57:54.9490 (StateSyncRequestHandler.cs:18) 玩家ID:482736422909116417 移动到新位置: -0.1010129 , 0 , 0.5314336
2025-12-05 17:57:55.0513 (StateSyncRequestHandler.cs:18) 玩家ID:482736422909116417 移动方向: -0.7580345 , 0 , 0.65221447
2025-12-05 17:57:55.0513 (StateSyncRequestHandler.cs:18) 玩家ID:482736422909116417 移动到新位置: -0.2526198 , 0 , 0.66187644
2025-12-05 17:57:55.1484 (StateSyncRequestHandler.cs:18) 玩家ID:482736422909116417 移动方向: -0.99721104 , 0 , -0.07463274
2025-12-05 17:57:55.1484 (StateSyncRequestHandler.cs:18) 玩家ID:482736422909116417 移动到新位置: -0.452062 , 0 , 0.6469499
2025-12-05 17:57:55.2559 (StateSyncRequestHandler.cs:18) 玩家ID:482736422909116417 移动方向: -0.65240973 , 0 , -0.75786644
2025-12-05 17:57:55.2559 (StateSyncRequestHandler.cs:18) 玩家ID:482736422909116417 移动到新位置: -0.58254397 , 0 , 0.4953766
2025-12-05 17:57:55.3495 (StateSyncRequestHandler.cs:18) 玩家ID:482736422909116417 移动方向: -0.6524229 , 0 , -0.75785506
2025-12-05 17:57:55.3495 (StateSyncRequestHandler.cs:18) 玩家ID:482736422909116417 移动到新位置: -0.71302855 , 0 , 0.34380558
2025-12-05 17:57:55.4545 (StateSyncRequestHandler.cs:18) 玩家ID:482736422909116417 移动方向: -0.65242714 , 0 , -0.7578514
2025-12-05 17:57:55.4545 (StateSyncRequestHandler.cs:18) 玩家ID:482736422909116417 移动到新位置: -0.84351397 , 0 , 0.1922353
2025-12-05 17:57:55.5559 (StateSyncRequestHandler.cs:18) 玩家ID:482736422909116417 移动方向: -0.6524285 , 0 , -0.7578503
2025-12-05 17:57:55.5559 (StateSyncRequestHandler.cs:18) 玩家ID:482736422909116417 移动到新位置: -0.9739997 , 0 , 0.040665254
2025-12-05 17:57:55.6489 (StateSyncRequestHandler.cs:18) 玩家ID:482736422909116417 移动方向: -0.9972177 , 0 , -0.07454423
2025-12-05 17:57:55.6489 (StateSyncRequestHandler.cs:18) 玩家ID:482736422909116417 移动到新位置: -1.1734432 , 0 , 0.025756408
2025-12-05 17:57:55.7568 (StateSyncRequestHandler.cs:18) 玩家ID:482736422909116417 移动方向: -0.9972177 , 0 , -0.07454423
2025-12-05 17:57:55.7568 (StateSyncRequestHandler.cs:18) 玩家ID:482736422909116417 移动到新位置: -1.3728868 , 0 , 0.010847562
2025-12-05 17:57:55.8520 (StateSyncRequestHandler.cs:18) 玩家ID:482736422909116417 移动方向: -0.9972177 , 0 , -0.07454423
2025-12-05 17:57:55.8520 (StateSyncRequestHandler.cs:18) 玩家ID:482736422909116417 移动到新位置: -1.5723304 , 0 , -0.0040612835
2025-12-05 17:57:55.9595 (StateSyncRequestHandler.cs:18) 玩家ID:482736422909116417 移动方向: -0.6524287 , 0 , -0.7578501
2025-12-05 17:57:55.9595 (StateSyncRequestHandler.cs:18) 玩家ID:482736422909116417 移动到新位置: -1.7028161 , 0 , -0.1556313
2025-12-05 17:57:56.0571 (StateSyncRequestHandler.cs:18) 玩家ID:482736422909116417 移动方向: -0.6524287 , 0 , -0.7578501
2025-12-05 17:57:56.0571 (StateSyncRequestHandler.cs:18) 玩家ID:482736422909116417 移动到新位置: -1.8333019 , 0 , -0.30720133
2025-12-05 17:57:56.1616 (StateSyncRequestHandler.cs:18) 玩家ID:482736422909116417 移动方向: -0.6524287 , 0 , -0.7578501
2025-12-05 17:57:56.1616 (StateSyncRequestHandler.cs:18) 玩家ID:482736422909116417 移动到新位置: -1.9637877 , 0 , -0.45877135
2025-12-05 17:57:56.2638 (StateSyncRequestHandler.cs:18) 玩家ID:482736422909116417 移动到新位置: -1.9637877 , 0 , -0.45877135
2025-12-05 17:58:04.8141 (StateSyncRequestHandler.cs:18) 玩家ID:482736422909116417 移动方向: 0.5753025 , 0 , -0.8179407
2025-12-05 17:58:04.8141 (StateSyncRequestHandler.cs:18) 玩家ID:482736422909116417 移动到新位置: -1.8487272 , 0 , -0.6223595
2025-12-05 17:58:04.9164 (StateSyncRequestHandler.cs:18) 玩家ID:482736422909116417 移动方向: 0.82543457 , 0 , -0.5644978
2025-12-05 17:58:04.9164 (StateSyncRequestHandler.cs:18) 玩家ID:482736422909116417 移动到新位置: -1.6836404 , 0 , -0.73525906
2025-12-05 17:58:05.0181 (StateSyncRequestHandler.cs:18) 玩家ID:482736422909116417 移动方向: 0.93794197 , 0 , -0.3467922
2025-12-05 17:58:05.0181 (StateSyncRequestHandler.cs:18) 玩家ID:482736422909116417 移动到新位置: -1.496052 , 0 , -0.8046175
2025-12-05 17:58:05.1155 (StateSyncRequestHandler.cs:18) 玩家ID:482736422909116417 移动方向: 0.96786565 , 0 , -0.25146782
2025-12-05 17:58:05.1155 (StateSyncRequestHandler.cs:18) 玩家ID:482736422909116417 移动到新位置: -1.3024789 , 0 , -0.8549111
2025-12-05 17:58:05.2290 (StateSyncRequestHandler.cs:18) 玩家ID:482736422909116417 移动方向: 0.9753951 , 0 , -0.22046426
2025-12-05 17:58:05.2290 (StateSyncRequestHandler.cs:18) 玩家ID:482736422909116417 移动到新位置: -1.1074 , 0 , -0.8990039
2025-12-05 17:58:05.3145 (StateSyncRequestHandler.cs:18) 玩家ID:482736422909116417 移动方向: 0.9787418 , 0 , -0.20509632
2025-12-05 17:58:05.3145 (StateSyncRequestHandler.cs:18) 玩家ID:482736422909116417 移动到新位置: -0.9116516 , 0 , -0.9400232
2025-12-05 17:58:05.4186 (StateSyncRequestHandler.cs:18) 玩家ID:482736422909116417 移动方向: 0.5647111 , 0 , -0.8252886
2025-12-05 17:58:05.4186 (StateSyncRequestHandler.cs:18) 玩家ID:482736422909116417 移动到新位置: -0.7987094 , 0 , -1.1050808
2025-12-05 17:58:05.5155 (StateSyncRequestHandler.cs:18) 玩家ID:482736422909116417 移动方向: 0.58714056 , 0 , -0.8094849
2025-12-05 17:58:05.5155 (StateSyncRequestHandler.cs:18) 玩家ID:482736422909116417 移动到新位置: -0.68128127 , 0 , -1.2669778
2025-12-05 17:58:05.6188 (StateSyncRequestHandler.cs:18) 玩家ID:482736422909116417 移动方向: 0.60336894 , 0 , -0.79746217
2025-12-05 17:58:05.6188 (StateSyncRequestHandler.cs:18) 玩家ID:482736422909116417 移动到新位置: -0.5606075 , 0 , -1.4264703
2025-12-05 17:58:05.7128 (StateSyncRequestHandler.cs:18) 玩家ID:482736422909116417 移动方向: -0.12783775 , 0 , -0.9917951
2025-12-05 17:58:05.7128 (StateSyncRequestHandler.cs:18) 玩家ID:482736422909116417 移动到新位置: -0.586175 , 0 , -1.6248293
2025-12-05 17:58:05.8175 (StateSyncRequestHandler.cs:18) 玩家ID:482736422909116417 移动方向: -0.12361622 , 0 , -0.9923301
2025-12-05 17:58:05.8175 (StateSyncRequestHandler.cs:18) 玩家ID:482736422909116417 移动到新位置: -0.61089826 , 0 , -1.8232954
2025-12-05 17:58:05.9119 (StateSyncRequestHandler.cs:18) 玩家ID:482736422909116417 移动方向: -0.12215221 , 0 , -0.9925114
2025-12-05 17:58:05.9119 (StateSyncRequestHandler.cs:18) 玩家ID:482736422909116417 移动到新位置: -0.6353287 , 0 , -2.0217977
2025-12-05 17:58:06.0173 (StateSyncRequestHandler.cs:18) 玩家ID:482736422909116417 移动方向: -0.7878773 , 0 , -0.61583227
2025-12-05 17:58:06.0173 (StateSyncRequestHandler.cs:18) 玩家ID:482736422909116417 移动到新位置: -0.79290414 , 0 , -2.1449642
2025-12-05 17:58:06.1178 (StateSyncRequestHandler.cs:18) 玩家ID:482736422909116417 移动方向: -0.991521 , 0 , 0.12994632
2025-12-05 17:58:06.1178 (StateSyncRequestHandler.cs:18) 玩家ID:482736422909116417 移动到新位置: -0.9912083 , 0 , -2.118975
2025-12-05 17:58:06.2163 (StateSyncRequestHandler.cs:18) 玩家ID:482736422909116417 移动方向: -0.9712368 , 0 , 0.23811571
2025-12-05 17:58:06.2163 (StateSyncRequestHandler.cs:18) 玩家ID:482736422909116417 移动到新位置: -1.1854557 , 0 , -2.0713518
2025-12-05 17:58:06.3128 (StateSyncRequestHandler.cs:18) 玩家ID:482736422909116417 移动方向: -0.9018559 , 0 , 0.43203712
2025-12-05 17:58:06.3128 (StateSyncRequestHandler.cs:18) 玩家ID:482736422909116417 移动到新位置: -1.3658268 , 0 , -1.9849443
2025-12-05 17:58:06.4147 (StateSyncRequestHandler.cs:18) 玩家ID:482736422909116417 移动方向: -0.8372839 , 0 , 0.5467684
2025-12-05 17:58:06.4147 (StateSyncRequestHandler.cs:18) 玩家ID:482736422909116417 移动到新位置: -1.5332836 , 0 , -1.8755907
2025-12-05 17:58:06.5159 (StateSyncRequestHandler.cs:18) 玩家ID:482736422909116417 移动方向: -0.8056843 , 0 , 0.59234524
2025-12-05 17:58:06.5159 (StateSyncRequestHandler.cs:18) 玩家ID:482736422909116417 移动到新位置: -1.6944205 , 0 , -1.7571217
2025-12-05 17:58:06.6177 (StateSyncRequestHandler.cs:18) 玩家ID:482736422909116417 移动方向: -0.75471604 , 0 , 0.65605164
2025-12-05 17:58:06.6177 (StateSyncRequestHandler.cs:18) 玩家ID:482736422909116417 移动到新位置: -1.8453636 , 0 , -1.6259114
2025-12-05 17:58:06.7132 (StateSyncRequestHandler.cs:18) 玩家ID:482736422909116417 移动方向: -0.5727124 , 0 , 0.8197564
2025-12-05 17:58:06.7132 (StateSyncRequestHandler.cs:18) 玩家ID:482736422909116417 移动到新位置: -1.9599061 , 0 , -1.4619601
2025-12-05 17:58:06.8176 (StateSyncRequestHandler.cs:18) 玩家ID:482736422909116417 移动方向: -0.31445718 , 0 , 0.9492717
2025-12-05 17:58:06.8176 (StateSyncRequestHandler.cs:18) 玩家ID:482736422909116417 移动到新位置: -2.0227976 , 0 , -1.2721057
2025-12-05 17:58:06.9202 (StateSyncRequestHandler.cs:18) 玩家ID:482736422909116417 移动方向: -0.13132252 , 0 , 0.9913397
2025-12-05 17:58:06.9202 (StateSyncRequestHandler.cs:18) 玩家ID:482736422909116417 移动到新位置: -2.049062 , 0 , -1.0738378
2025-12-05 17:58:07.0193 (StateSyncRequestHandler.cs:18) 玩家ID:482736422909116417 移动方向: -0.9984493 , 0 , 0.055667654
2025-12-05 17:58:07.0193 (StateSyncRequestHandler.cs:18) 玩家ID:482736422909116417 移动到新位置: -2.2487519 , 0 , -1.0627042
2025-12-05 17:58:07.1212 (StateSyncRequestHandler.cs:18) 玩家ID:482736422909116417 移动方向: -0.8794823 , 0 , -0.47593153
2025-12-05 17:58:07.1212 (StateSyncRequestHandler.cs:18) 玩家ID:482736422909116417 移动到新位置: -2.4246483 , 0 , -1.1578906
2025-12-05 17:58:07.2278 (StateSyncRequestHandler.cs:18) 玩家ID:482736422909116417 移动方向: -0.43490532 , 0 , -0.90047616
2025-12-05 17:58:07.2278 (StateSyncRequestHandler.cs:18) 玩家ID:482736422909116417 移动到新位置: -2.5116293 , 0 , -1.3379858
2025-12-05 17:58:07.3235 (StateSyncRequestHandler.cs:18) 玩家ID:482736422909116417 移动方向: -0.49405703 , 0 , -0.8694295
2025-12-05 17:58:07.3235 (StateSyncRequestHandler.cs:18) 玩家ID:482736422909116417 移动到新位置: -2.6104407 , 0 , -1.5118717
2025-12-05 17:58:07.4145 (StateSyncRequestHandler.cs:18) 玩家ID:482736422909116417 移动方向: -0.51878804 , 0 , -0.8549029
2025-12-05 17:58:07.4145 (StateSyncRequestHandler.cs:18) 玩家ID:482736422909116417 移动到新位置: -2.7141984 , 0 , -1.6828523
2025-12-05 17:58:07.5312 (StateSyncRequestHandler.cs:18) 玩家ID:482736422909116417 移动方向: -0.5250004 , 0 , -0.85110193
2025-12-05 17:58:07.5312 (StateSyncRequestHandler.cs:18) 玩家ID:482736422909116417 移动到新位置: -2.8191984 , 0 , -1.8530726
2025-12-05 17:58:07.6148 (StateSyncRequestHandler.cs:18) 玩家ID:482736422909116417 移动到新位置: -2.8191984 , 0 , -1.8530726
2025-12-05 17:58:10.9173 (StateSyncRequestHandler.cs:18) 玩家ID:482736422909116417 移动方向: 0.46616223 , 0 , -0.8846992
2025-12-05 17:58:10.9173 (StateSyncRequestHandler.cs:18) 玩家ID:482736422909116417 移动到新位置: -2.725966 , 0 , -2.0300124
2025-12-05 17:58:11.0196 (StateSyncRequestHandler.cs:18) 玩家ID:482736422909116417 移动方向: 0.52241117 , 0 , -0.85269374
2025-12-05 17:58:11.0196 (StateSyncRequestHandler.cs:18) 玩家ID:482736422909116417 移动到新位置: -2.6214838 , 0 , -2.200551
2025-12-05 17:58:11.1153 (StateSyncRequestHandler.cs:18) 玩家ID:482736422909116417 移动方向: 0.9877236 , 0 , -0.15621188
2025-12-05 17:58:11.1153 (StateSyncRequestHandler.cs:18) 玩家ID:482736422909116417 移动到新位置: -2.423939 , 0 , -2.2317934
2025-12-05 17:58:11.2269 (StateSyncRequestHandler.cs:18) 玩家ID:482736422909116417 移动方向: 0.9963938 , 0 , -0.08484894
2025-12-05 17:58:11.2269 (StateSyncRequestHandler.cs:18) 玩家ID:482736422909116417 移动到新位置: -2.2246602 , 0 , -2.248763
2025-12-05 17:58:11.3254 (StateSyncRequestHandler.cs:18) 玩家ID:482736422909116417 移动方向: 0.99999964 , 0 , -0.00081291795
2025-12-05 17:58:11.3254 (StateSyncRequestHandler.cs:18) 玩家ID:482736422909116417 移动到新位置: -2.02466 , 0 , -2.2489257
2025-12-05 17:58:11.4127 (StateSyncRequestHandler.cs:18) 玩家ID:482736422909116417 移动方向: 0.998827 , 0 , 0.048421532
2025-12-05 17:58:11.4127 (StateSyncRequestHandler.cs:18) 玩家ID:482736422909116417 移动到新位置: -1.8248947 , 0 , -2.2392414
2025-12-05 17:58:11.5171 (StateSyncRequestHandler.cs:18) 玩家ID:482736422909116417 移动方向: 0.75544 , 0 , -0.6552179
2025-12-05 17:58:11.5171 (StateSyncRequestHandler.cs:18) 玩家ID:482736422909116417 移动到新位置: -1.6738067 , 0 , -2.370285
2025-12-05 17:58:11.6139 (StateSyncRequestHandler.cs:18) 玩家ID:482736422909116417 移动方向: 0.078666955 , 0 , -0.99690104
2025-12-05 17:58:11.6144 (StateSyncRequestHandler.cs:18) 玩家ID:482736422909116417 移动到新位置: -1.6580733 , 0 , -2.5696652
2025-12-05 17:58:11.7164 (StateSyncRequestHandler.cs:18) 玩家ID:482736422909116417 移动方向: -0.64731616 , 0 , -0.76222163
2025-12-05 17:58:11.7164 (StateSyncRequestHandler.cs:18) 玩家ID:482736422909116417 移动到新位置: -1.7875365 , 0 , -2.7221096
2025-12-05 17:58:11.8182 (StateSyncRequestHandler.cs:18) 玩家ID:482736422909116417 移动方向: -0.6467236 , 0 , -0.76272446
2025-12-05 17:58:11.8182 (StateSyncRequestHandler.cs:18) 玩家ID:482736422909116417 移动到新位置: -1.9168812 , 0 , -2.8746545
2025-12-05 17:58:11.9166 (StateSyncRequestHandler.cs:18) 玩家ID:482736422909116417 移动方向: -0.7628825 , 0 , 0.64653724
2025-12-05 17:58:11.9166 (StateSyncRequestHandler.cs:18) 玩家ID:482736422909116417 移动到新位置: -2.0694578 , 0 , -2.745347
2025-12-05 17:58:12.0128 (StateSyncRequestHandler.cs:18) 玩家ID:482736422909116417 移动方向: -0.7629297 , 0 , 0.6464815
2025-12-05 17:58:12.0128 (StateSyncRequestHandler.cs:18) 玩家ID:482736422909116417 移动到新位置: -2.2220438 , 0 , -2.6160507
2025-12-05 17:58:12.1137 (StateSyncRequestHandler.cs:18) 玩家ID:482736422909116417 移动方向: -0.066194326 , 0 , 0.99780667
2025-12-05 17:58:12.1137 (StateSyncRequestHandler.cs:18) 玩家ID:482736422909116417 移动到新位置: -2.2352827 , 0 , -2.4164894
2025-12-05 17:58:12.2140 (StateSyncRequestHandler.cs:18) 玩家ID:482736422909116417 移动方向: 0.048535734 , 0 , 0.9988215
2025-12-05 17:58:12.2140 (StateSyncRequestHandler.cs:18) 玩家ID:482736422909116417 移动到新位置: -2.2255754 , 0 , -2.216725
2025-12-05 17:58:12.3234 (StateSyncRequestHandler.cs:18) 玩家ID:482736422909116417 移动方向: 0.3245206 , 0 , 0.9458786
2025-12-05 17:58:12.3234 (StateSyncRequestHandler.cs:18) 玩家ID:482736422909116417 移动到新位置: -2.1606712 , 0 , -2.0275493
2025-12-05 17:58:12.4153 (StateSyncRequestHandler.cs:18) 玩家ID:482736422909116417 移动方向: 0.56312704 , 0 , 0.82637036
2025-12-05 17:58:12.4153 (StateSyncRequestHandler.cs:18) 玩家ID:482736422909116417 移动到新位置: -2.0480459 , 0 , -1.8622752
2025-12-05 17:58:12.5160 (StateSyncRequestHandler.cs:18) 玩家ID:482736422909116417 移动方向: 0.06378615 , 0 , 0.9979636
2025-12-05 17:58:12.5160 (StateSyncRequestHandler.cs:18) 玩家ID:482736422909116417 移动到新位置: -2.0352886 , 0 , -1.6626825
2025-12-05 17:58:12.6193 (StateSyncRequestHandler.cs:18) 玩家ID:482736422909116417 移动方向: 0.27531427 , 0 , 0.9613543
2025-12-05 17:58:12.6193 (StateSyncRequestHandler.cs:18) 玩家ID:482736422909116417 移动到新位置: -1.9802257 , 0 , -1.4704117
2025-12-05 17:58:12.7146 (StateSyncRequestHandler.cs:18) 玩家ID:482736422909116417 移动方向: -0.3399688 , 0 , 0.9404367
2025-12-05 17:58:12.7146 (StateSyncRequestHandler.cs:18) 玩家ID:482736422909116417 移动到新位置: -2.0482194 , 0 , -1.2823243
2025-12-05 17:58:12.8139 (StateSyncRequestHandler.cs:18) 玩家ID:482736422909116417 移动方向: -0.87733537 , 0 , 0.4798777
2025-12-05 17:58:12.8139 (StateSyncRequestHandler.cs:18) 玩家ID:482736422909116417 移动到新位置: -2.2236865 , 0 , -1.1863488
2025-12-05 17:58:12.9163 (StateSyncRequestHandler.cs:18) 玩家ID:482736422909116417 移动方向: -0.8605755 , 0 , 0.50932294
2025-12-05 17:58:12.9163 (StateSyncRequestHandler.cs:18) 玩家ID:482736422909116417 移动到新位置: -2.3958015 , 0 , -1.0844842
2025-12-05 17:58:13.0200 (StateSyncRequestHandler.cs:18) 玩家ID:482736422909116417 移动方向: -0.5325196 , 0 , -0.8464177
2025-12-05 17:58:13.0200 (StateSyncRequestHandler.cs:18) 玩家ID:482736422909116417 移动到新位置: -2.5023055 , 0 , -1.2537677
2025-12-05 17:58:13.1191 (StateSyncRequestHandler.cs:18) 玩家ID:482736422909116417 移动方向: -0.5408437 , 0 , -0.84112304
2025-12-05 17:58:13.1191 (StateSyncRequestHandler.cs:18) 玩家ID:482736422909116417 移动到新位置: -2.6104743 , 0 , -1.4219923
2025-12-05 17:58:13.2269 (StateSyncRequestHandler.cs:18) 玩家ID:482736422909116417 移动方向: -0.5441048 , 0 , -0.8390173
2025-12-05 17:58:13.2269 (StateSyncRequestHandler.cs:18) 玩家ID:482736422909116417 移动到新位置: -2.7192953 , 0 , -1.5897957
2025-12-05 17:58:13.3207 (StateSyncRequestHandler.cs:18) 玩家ID:482736422909116417 移动方向: -0.9782959 , 0 , -0.20721292
2025-12-05 17:58:13.3207 (StateSyncRequestHandler.cs:18) 玩家ID:482736422909116417 移动到新位置: -2.9149544 , 0 , -1.6312383
2025-12-05 17:58:13.4267 (StateSyncRequestHandler.cs:18) 玩家ID:482736422909116417 移动方向: -0.9783801 , 0 , -0.20681539
2025-12-05 17:58:13.4267 (StateSyncRequestHandler.cs:18) 玩家ID:482736422909116417 移动到新位置: -3.1106305 , 0 , -1.6726015
2025-12-05 17:58:13.5236 (StateSyncRequestHandler.cs:18) 玩家ID:482736422909116417 移动方向: -0.83798796 , 0 , 0.5456887
2025-12-05 17:58:13.5236 (StateSyncRequestHandler.cs:18) 玩家ID:482736422909116417 移动到新位置: -3.278228 , 0 , -1.5634637
2025-12-05 17:58:13.6201 (StateSyncRequestHandler.cs:18) 玩家ID:482736422909116417 移动方向: -0.20664805 , 0 , 0.9784153
2025-12-05 17:58:13.6201 (StateSyncRequestHandler.cs:18) 玩家ID:482736422909116417 移动到新位置: -3.3195577 , 0 , -1.3677807
2025-12-05 17:58:13.7125 (StateSyncRequestHandler.cs:18) 玩家ID:482736422909116417 移动方向: 0.54573107 , 0 , 0.83796036
2025-12-05 17:58:13.7125 (StateSyncRequestHandler.cs:18) 玩家ID:482736422909116417 移动到新位置: -3.2104115 , 0 , -1.2001886
2025-12-05 17:58:13.8193 (StateSyncRequestHandler.cs:18) 玩家ID:482736422909116417 移动方向: 0.54688704 , 0 , 0.8372064
2025-12-05 17:58:13.8193 (StateSyncRequestHandler.cs:18) 玩家ID:482736422909116417 移动到新位置: -3.1010342 , 0 , -1.0327474
2025-12-05 17:58:13.9196 (StateSyncRequestHandler.cs:18) 玩家ID:482736422909116417 移动方向: 0.6064349 , 0 , 0.7951331
2025-12-05 17:58:13.9196 (StateSyncRequestHandler.cs:18) 玩家ID:482736422909116417 移动到新位置: -2.9797473 , 0 , -0.87372077
2025-12-05 17:58:14.0148 (StateSyncRequestHandler.cs:18) 玩家ID:482736422909116417 移动方向: 0.76172155 , 0 , 0.6479045
2025-12-05 17:58:14.0148 (StateSyncRequestHandler.cs:18) 玩家ID:482736422909116417 移动到新位置: -2.827403 , 0 , -0.74413985
2025-12-05 17:58:14.1187 (StateSyncRequestHandler.cs:18) 玩家ID:482736422909116417 移动方向: 0.37355283 , 0 , 0.92760885
2025-12-05 17:58:14.1187 (StateSyncRequestHandler.cs:18) 玩家ID:482736422909116417 移动到新位置: -2.7526925 , 0 , -0.55861807
2025-12-05 17:58:14.2186 (StateSyncRequestHandler.cs:18) 玩家ID:482736422909116417 移动方向: -0.21463759 , 0 , 0.97669375
2025-12-05 17:58:14.2186 (StateSyncRequestHandler.cs:18) 玩家ID:482736422909116417 移动到新位置: -2.79562 , 0 , -0.36327934
2025-12-05 17:58:14.3257 (StateSyncRequestHandler.cs:18) 玩家ID:482736422909116417 移动方向: -0.12998593 , 0 , 0.9915158
2025-12-05 17:58:14.3257 (StateSyncRequestHandler.cs:18) 玩家ID:482736422909116417 移动到新位置: -2.8216171 , 0 , -0.16497618
2025-12-05 17:58:14.4233 (StateSyncRequestHandler.cs:18) 玩家ID:482736422909116417 移动方向: -0.7579761 , 0 , 0.65228224
2025-12-05 17:58:14.4233 (StateSyncRequestHandler.cs:18) 玩家ID:482736422909116417 移动到新位置: -2.9732122 , 0 , -0.034519732
2025-12-05 17:58:14.5125 (StateSyncRequestHandler.cs:18) 玩家ID:482736422909116417 移动方向: -0.9987206 , 0 , -0.050567895
2025-12-05 17:58:14.5125 (StateSyncRequestHandler.cs:18) 玩家ID:482736422909116417 移动到新位置: -3.1729565 , 0 , -0.04463331
2025-12-05 17:58:14.6204 (StateSyncRequestHandler.cs:18) 玩家ID:482736422909116417 移动方向: -0.9991839 , 0 , -0.04039218
2025-12-05 17:58:14.6204 (StateSyncRequestHandler.cs:18) 玩家ID:482736422909116417 移动到新位置: -3.3727932 , 0 , -0.052711748
2025-12-05 17:58:14.7121 (StateSyncRequestHandler.cs:18) 玩家ID:482736422909116417 移动方向: -0.9993146 , 0 , -0.037017774
2025-12-05 17:58:14.7121 (StateSyncRequestHandler.cs:18) 玩家ID:482736422909116417 移动到新位置: -3.5726562 , 0 , -0.0601153
2025-12-05 17:58:14.8196 (StateSyncRequestHandler.cs:18) 玩家ID:482736422909116417 移动方向: -0.9993584 , 0 , -0.03581531
2025-12-05 17:58:14.8196 (StateSyncRequestHandler.cs:18) 玩家ID:482736422909116417 移动到新位置: -3.772528 , 0 , -0.06727836
2025-12-05 17:58:14.9231 (StateSyncRequestHandler.cs:18) 玩家ID:482736422909116417 移动方向: -0.7317603 , 0 , 0.681562
2025-12-05 17:58:14.9231 (StateSyncRequestHandler.cs:18) 玩家ID:482736422909116417 移动到新位置: -3.91888 , 0 , 0.06903403
2025-12-05 17:58:15.0214 (StateSyncRequestHandler.cs:18) 玩家ID:482736422909116417 移动方向: -0.73168075 , 0 , 0.6816474
2025-12-05 17:58:15.0214 (StateSyncRequestHandler.cs:18) 玩家ID:482736422909116417 移动到新位置: -4.065216 , 0 , 0.20536351
2025-12-05 17:58:15.1190 (StateSyncRequestHandler.cs:18) 玩家ID:482736422909116417 移动方向: -0.03535024 , 0 , 0.999375
2025-12-05 17:58:15.1190 (StateSyncRequestHandler.cs:18) 玩家ID:482736422909116417 移动到新位置: -4.072286 , 0 , 0.4052385
2025-12-05 17:58:15.2146 (StateSyncRequestHandler.cs:18) 玩家ID:482736422909116417 移动方向: -0.035341438 , 0 , 0.9993753
2025-12-05 17:58:15.2146 (StateSyncRequestHandler.cs:18) 玩家ID:482736422909116417 移动到新位置: -4.0793543 , 0 , 0.60511357
2025-12-05 17:58:15.3139 (StateSyncRequestHandler.cs:18) 玩家ID:482736422909116417 移动方向: -0.035338245 , 0 , 0.9993754
2025-12-05 17:58:15.3139 (StateSyncRequestHandler.cs:18) 玩家ID:482736422909116417 移动到新位置: -4.086422 , 0 , 0.8049886
2025-12-05 17:58:15.4224 (StateSyncRequestHandler.cs:18) 玩家ID:482736422909116417 移动方向: 0.68167776 , 0 , 0.7316525
2025-12-05 17:58:15.4224 (StateSyncRequestHandler.cs:18) 玩家ID:482736422909116417 移动到新位置: -3.9500864 , 0 , 0.9513191
2025-12-05 17:58:15.5205 (StateSyncRequestHandler.cs:18) 玩家ID:482736422909116417 移动方向: 0.68167776 , 0 , 0.7316525
2025-12-05 17:58:15.5205 (StateSyncRequestHandler.cs:18) 玩家ID:482736422909116417 移动到新位置: -3.8137507 , 0 , 1.0976496
2025-12-05 17:58:15.6149 (StateSyncRequestHandler.cs:18) 玩家ID:482736422909116417 移动方向: 0.68167776 , 0 , 0.7316525
2025-12-05 17:58:15.6149 (StateSyncRequestHandler.cs:18) 玩家ID:482736422909116417 移动到新位置: -3.6774151 , 0 , 1.24398
2025-12-05 17:58:15.7261 (StateSyncRequestHandler.cs:18) 玩家ID:482736422909116417 移动方向: 0.9993754 , 0 , 0.035337396
2025-12-05 17:58:15.7261 (StateSyncRequestHandler.cs:18) 玩家ID:482736422909116417 移动到新位置: -3.47754 , 0 , 1.2510475
2025-12-05 17:58:15.8168 (StateSyncRequestHandler.cs:18) 玩家ID:482736422909116417 移动方向: 0.9993754 , 0 , 0.035337396
2025-12-05 17:58:15.8168 (StateSyncRequestHandler.cs:18) 玩家ID:482736422909116417 移动到新位置: -3.277665 , 0 , 1.2581149
2025-12-05 17:58:15.9183 (StateSyncRequestHandler.cs:18) 玩家ID:482736422909116417 移动方向: 0.9993754 , 0 , 0.035337396
2025-12-05 17:58:15.9183 (StateSyncRequestHandler.cs:18) 玩家ID:482736422909116417 移动到新位置: -3.0777898 , 0 , 1.2651824
2025-12-05 17:58:16.0155 (StateSyncRequestHandler.cs:18) 玩家ID:482736422909116417 移动方向: 0.9993754 , 0 , 0.035337396
2025-12-05 17:58:16.0155 (StateSyncRequestHandler.cs:18) 玩家ID:482736422909116417 移动到新位置: -2.8779147 , 0 , 1.2722498
2025-12-05 17:58:16.1149 (StateSyncRequestHandler.cs:18) 玩家ID:482736422909116417 移动方向: 0.9993754 , 0 , 0.035337396
2025-12-05 17:58:16.1149 (StateSyncRequestHandler.cs:18) 玩家ID:482736422909116417 移动到新位置: -2.6780396 , 0 , 1.2793173
2025-12-05 17:58:16.2178 (StateSyncRequestHandler.cs:18) 玩家ID:482736422909116417 移动方向: 0.9993754 , 0 , 0.035337396
2025-12-05 17:58:16.2178 (StateSyncRequestHandler.cs:18) 玩家ID:482736422909116417 移动到新位置: -2.4781644 , 0 , 1.2863847
2025-12-05 17:58:16.3151 (StateSyncRequestHandler.cs:18) 玩家ID:482736422909116417 移动方向: 0.9993754 , 0 , 0.035337396
2025-12-05 17:58:16.3151 (StateSyncRequestHandler.cs:18) 玩家ID:482736422909116417 移动到新位置: -2.2782893 , 0 , 1.2934521
2025-12-05 17:58:16.4153 (StateSyncRequestHandler.cs:18) 玩家ID:482736422909116417 移动方向: 0.9993754 , 0 , 0.035337396
2025-12-05 17:58:16.4153 (StateSyncRequestHandler.cs:18) 玩家ID:482736422909116417 移动到新位置: -2.0784142 , 0 , 1.3005196
2025-12-05 17:58:16.5138 (StateSyncRequestHandler.cs:18) 玩家ID:482736422909116417 移动方向: 0.73165244 , 0 , -0.6816778
2025-12-05 17:58:16.5138 (StateSyncRequestHandler.cs:18) 玩家ID:482736422909116417 移动到新位置: -1.9320837 , 0 , 1.1641841
2025-12-05 17:58:16.6132 (StateSyncRequestHandler.cs:18) 玩家ID:482736422909116417 移动方向: 0.73165244 , 0 , -0.6816778
2025-12-05 17:58:16.6132 (StateSyncRequestHandler.cs:18) 玩家ID:482736422909116417 移动到新位置: -1.7857533 , 0 , 1.0278485
2025-12-05 17:58:16.7124 (StateSyncRequestHandler.cs:18) 玩家ID:482736422909116417 移动方向: 0.73165244 , 0 , -0.6816778
2025-12-05 17:58:16.7124 (StateSyncRequestHandler.cs:18) 玩家ID:482736422909116417 移动到新位置: -1.6394228 , 0 , 0.89151293
2025-12-05 17:58:16.8211 (StateSyncRequestHandler.cs:18) 玩家ID:482736422909116417 移动方向: 0.68167776 , 0 , 0.7316525
2025-12-05 17:58:16.8211 (StateSyncRequestHandler.cs:18) 玩家ID:482736422909116417 移动到新位置: -1.5030873 , 0 , 1.0378435
2025-12-05 17:58:16.9150 (StateSyncRequestHandler.cs:18) 玩家ID:482736422909116417 移动方向: -0.0353374 , 0 , 0.99937546
2025-12-05 17:58:16.9150 (StateSyncRequestHandler.cs:18) 玩家ID:482736422909116417 移动到新位置: -1.5101547 , 0 , 1.2377186
2025-12-05 17:58:17.0217 (StateSyncRequestHandler.cs:18) 玩家ID:482736422909116417 移动方向: -0.03533722 , 0 , 0.99937546
2025-12-05 17:58:17.0217 (StateSyncRequestHandler.cs:18) 玩家ID:482736422909116417 移动到新位置: -1.5172222 , 0 , 1.4375937
2025-12-05 17:58:17.1291 (StateSyncRequestHandler.cs:18) 玩家ID:482736422909116417 移动方向: -0.73165226 , 0 , 0.681678
2025-12-05 17:58:17.1291 (StateSyncRequestHandler.cs:18) 玩家ID:482736422909116417 移动到新位置: -1.6635526 , 0 , 1.5739293
2025-12-05 17:58:17.2167 (StateSyncRequestHandler.cs:18) 玩家ID:482736422909116417 移动方向: -0.73165226 , 0 , 0.681678
2025-12-05 17:58:17.2167 (StateSyncRequestHandler.cs:18) 玩家ID:482736422909116417 移动到新位置: -1.8098831 , 0 , 1.7102649
2025-12-05 17:58:17.3155 (StateSyncRequestHandler.cs:18) 玩家ID:482736422909116417 移动方向: -0.73165226 , 0 , 0.681678
2025-12-05 17:58:17.3155 (StateSyncRequestHandler.cs:18) 玩家ID:482736422909116417 移动到新位置: -1.9562136 , 0 , 1.8466005
2025-12-05 17:58:17.4200 (StateSyncRequestHandler.cs:18) 玩家ID:482736422909116417 移动方向: -0.73165226 , 0 , 0.681678
2025-12-05 17:58:17.4200 (StateSyncRequestHandler.cs:18) 玩家ID:482736422909116417 移动到新位置: -2.102544 , 0 , 1.9829361
2025-12-05 17:58:17.5147 (StateSyncRequestHandler.cs:18) 玩家ID:482736422909116417 移动方向: -0.73165226 , 0 , 0.681678
2025-12-05 17:58:17.5147 (StateSyncRequestHandler.cs:18) 玩家ID:482736422909116417 移动到新位置: -2.2488744 , 0 , 2.1192718
2025-12-05 17:58:17.6155 (StateSyncRequestHandler.cs:18) 玩家ID:482736422909116417 移动方向: -0.03533722 , 0 , 0.99937546
2025-12-05 17:58:17.6155 (StateSyncRequestHandler.cs:18) 玩家ID:482736422909116417 移动到新位置: -2.2559419 , 0 , 2.3191469
2025-12-05 17:58:17.7139 (StateSyncRequestHandler.cs:18) 玩家ID:482736422909116417 移动方向: -0.03533722 , 0 , 0.99937546
2025-12-05 17:58:17.7139 (StateSyncRequestHandler.cs:18) 玩家ID:482736422909116417 移动到新位置: -2.2630093 , 0 , 2.519022
2025-12-05 17:58:17.8203 (StateSyncRequestHandler.cs:18) 玩家ID:482736422909116417 移动方向: 0.68167794 , 0 , 0.7316523
2025-12-05 17:58:17.8203 (StateSyncRequestHandler.cs:18) 玩家ID:482736422909116417 移动到新位置: -2.1266737 , 0 , 2.6653523
2025-12-05 17:58:17.9116 (StateSyncRequestHandler.cs:18) 玩家ID:482736422909116417 移动方向: 0.9993754 , 0 , 0.035337213
2025-12-05 17:58:17.9116 (StateSyncRequestHandler.cs:18) 玩家ID:482736422909116417 移动到新位置: -1.9267986 , 0 , 2.6724198
2025-12-05 17:58:18.0167 (StateSyncRequestHandler.cs:18) 玩家ID:482736422909116417 移动方向: 0.9993754 , 0 , 0.035337213
2025-12-05 17:58:18.0167 (StateSyncRequestHandler.cs:18) 玩家ID:482736422909116417 移动到新位置: -1.7269235 , 0 , 2.6794872
2025-12-05 17:58:18.1160 (StateSyncRequestHandler.cs:18) 玩家ID:482736422909116417 移动方向: 0.9993754 , 0 , 0.035337213
2025-12-05 17:58:18.1160 (StateSyncRequestHandler.cs:18) 玩家ID:482736422909116417 移动到新位置: -1.5270483 , 0 , 2.6865547
2025-12-05 17:58:18.2150 (StateSyncRequestHandler.cs:18) 玩家ID:482736422909116417 移动方向: 0.9994407 , 0 , 0.03343946
2025-12-05 17:58:18.2150 (StateSyncRequestHandler.cs:18) 玩家ID:482736422909116417 移动到新位置: -1.3271602 , 0 , 2.6932425
2025-12-05 17:58:18.3214 (StateSyncRequestHandler.cs:18) 玩家ID:482736422909116417 移动方向: 0.7653859 , 0 , 0.6435715
2025-12-05 17:58:18.3214 (StateSyncRequestHandler.cs:18) 玩家ID:482736422909116417 移动到新位置: -1.174083 , 0 , 2.8219569
2025-12-05 17:58:18.4220 (StateSyncRequestHandler.cs:18) 玩家ID:482736422909116417 移动方向: 0.3854892 , 0 , 0.9227123
2025-12-05 17:58:18.4220 (StateSyncRequestHandler.cs:18) 玩家ID:482736422909116417 移动到新位置: -1.0969851 , 0 , 3.0064993
2025-12-05 17:58:18.5168 (StateSyncRequestHandler.cs:18) 玩家ID:482736422909116417 移动方向: 0.6430259 , 0 , 0.76584446
2025-12-05 17:58:18.5168 (StateSyncRequestHandler.cs:18) 玩家ID:482736422909116417 移动到新位置: -0.9683799 , 0 , 3.1596682
2025-12-05 17:58:18.6150 (StateSyncRequestHandler.cs:18) 玩家ID:482736422909116417 移动方向: 0.7855047 , 0 , 0.61885566
2025-12-05 17:58:18.6150 (StateSyncRequestHandler.cs:18) 玩家ID:482736422909116417 移动到新位置: -0.811279 , 0 , 3.2834394
2025-12-05 17:58:18.7256 (StateSyncRequestHandler.cs:18) 玩家ID:482736422909116417 移动方向: 0.86037475 , 0 , 0.509662
2025-12-05 17:58:18.7256 (StateSyncRequestHandler.cs:18) 玩家ID:482736422909116417 移动到新位置: -0.639204 , 0 , 3.3853717
2025-12-05 17:58:18.8248 (StateSyncRequestHandler.cs:18) 玩家ID:482736422909116417 移动方向: 0.8964476 , 0 , 0.44314972
2025-12-05 17:58:18.8248 (StateSyncRequestHandler.cs:18) 玩家ID:482736422909116417 移动到新位置: -0.4599145 , 0 , 3.4740016
2025-12-05 17:58:18.9190 (StateSyncRequestHandler.cs:18) 玩家ID:482736422909116417 移动方向: 0.9230093 , 0 , -0.3847776
2025-12-05 17:58:18.9190 (StateSyncRequestHandler.cs:18) 玩家ID:482736422909116417 移动到新位置: -0.27531266 , 0 , 3.397046
2025-12-05 17:58:19.0257 (StateSyncRequestHandler.cs:18) 玩家ID:482736422909116417 移动方向: 0.31500974 , 0 , -0.94908845
2025-12-05 17:58:19.0257 (StateSyncRequestHandler.cs:18) 玩家ID:482736422909116417 移动到新位置: -0.21231072 , 0 , 3.2072284
2025-12-05 17:58:19.1136 (StateSyncRequestHandler.cs:18) 玩家ID:482736422909116417 移动方向: 0.27188027 , 0 , -0.9623311
2025-12-05 17:58:19.1136 (StateSyncRequestHandler.cs:18) 玩家ID:482736422909116417 移动到新位置: -0.15793467 , 0 , 3.0147622
2025-12-05 17:58:19.2167 (StateSyncRequestHandler.cs:18) 玩家ID:482736422909116417 移动方向: 0.22040007 , 0 , -0.97540957
2025-12-05 17:58:19.2167 (StateSyncRequestHandler.cs:18) 玩家ID:482736422909116417 移动到新位置: -0.11385465 , 0 , 2.8196802
2025-12-05 17:58:19.3173 (StateSyncRequestHandler.cs:18) 玩家ID:482736422909116417 移动方向: 0.98942286 , 0 , 0.14505966
2025-12-05 17:58:19.3173 (StateSyncRequestHandler.cs:18) 玩家ID:482736422909116417 移动到新位置: 0.08402993 , 0 , 2.8486922
2025-12-05 17:58:19.4183 (StateSyncRequestHandler.cs:18) 玩家ID:482736422909116417 移动方向: 0.99606574 , 0 , 0.08861694
2025-12-05 17:58:19.4183 (StateSyncRequestHandler.cs:18) 玩家ID:482736422909116417 移动到新位置: 0.28324306 , 0 , 2.8664155
2025-12-05 17:58:19.5252 (StateSyncRequestHandler.cs:18) 玩家ID:482736422909116417 移动方向: 0.9979195 , 0 , 0.06447266
2025-12-05 17:58:19.5252 (StateSyncRequestHandler.cs:18) 玩家ID:482736422909116417 移动到新位置: 0.48282695 , 0 , 2.8793101
2025-12-05 17:58:19.6195 (StateSyncRequestHandler.cs:18) 玩家ID:482736422909116417 移动方向: 0.99845207 , 0 , 0.055619996
2025-12-05 17:58:19.6195 (StateSyncRequestHandler.cs:18) 玩家ID:482736422909116417 移动到新位置: 0.68251735 , 0 , 2.890434
2025-12-05 17:58:19.7214 (StateSyncRequestHandler.cs:18) 玩家ID:482736422909116417 移动方向: 0.99862313 , 0 , 0.052458897
2025-12-05 17:58:19.7214 (StateSyncRequestHandler.cs:18) 玩家ID:482736422909116417 移动到新位置: 0.88224196 , 0 , 2.9009259
2025-12-05 17:58:19.8191 (StateSyncRequestHandler.cs:18) 玩家ID:482736422909116417 移动到新位置: 0.88224196 , 0 , 2.9009259
2025-12-05 17:58:21.7153 (StateSyncRequestHandler.cs:18) 玩家ID:482736422909116417 移动方向: -0.051028173 , 0 , 0.9986972
2025-12-05 17:58:21.7153 (StateSyncRequestHandler.cs:18) 玩家ID:482736422909116417 移动到新位置: 0.87203634 , 0 , 3.1006653
2025-12-05 17:58:21.8147 (StateSyncRequestHandler.cs:18) 玩家ID:482736422909116417 移动方向: -0.051028173 , 0 , 0.9986972
2025-12-05 17:58:21.8147 (StateSyncRequestHandler.cs:18) 玩家ID:482736422909116417 移动到新位置: 0.8618307 , 0 , 3.3004048
2025-12-05 17:58:21.9201 (StateSyncRequestHandler.cs:18) 玩家ID:482736422909116417 移动方向: -0.74226797 , 0 , 0.6701032
2025-12-05 17:58:21.9201 (StateSyncRequestHandler.cs:18) 玩家ID:482736422909116417 移动到新位置: 0.7133771 , 0 , 3.4344254
2025-12-05 17:58:22.0117 (StateSyncRequestHandler.cs:18) 玩家ID:482736422909116417 移动方向: -0.74226797 , 0 , 0.6701032
2025-12-05 17:58:22.0117 (StateSyncRequestHandler.cs:18) 玩家ID:482736422909116417 移动到新位置: 0.5649235 , 0 , 3.568446
2025-12-05 17:58:22.1165 (StateSyncRequestHandler.cs:18) 玩家ID:482736422909116417 移动方向: -0.051028173 , 0 , 0.9986972
2025-12-05 17:58:22.1165 (StateSyncRequestHandler.cs:18) 玩家ID:482736422909116417 移动到新位置: 0.5547179 , 0 , 3.7681854
2025-12-05 17:58:22.2213 (StateSyncRequestHandler.cs:18) 玩家ID:482736422909116417 移动方向: 0.6701032 , 0 , 0.74226797
2025-12-05 17:58:22.2213 (StateSyncRequestHandler.cs:18) 玩家ID:482736422909116417 移动到新位置: 0.6887385 , 0 , 3.9166389
2025-12-05 17:58:22.3186 (StateSyncRequestHandler.cs:18) 玩家ID:482736422909116417 移动方向: 0.6701032 , 0 , 0.74226797
2025-12-05 17:58:22.3186 (StateSyncRequestHandler.cs:18) 玩家ID:482736422909116417 移动到新位置: 0.82275915 , 0 , 4.0650926
2025-12-05 17:58:22.4206 (StateSyncRequestHandler.cs:18) 玩家ID:482736422909116417 移动方向: 0.6701032 , 0 , 0.74226797
2025-12-05 17:58:22.4206 (StateSyncRequestHandler.cs:18) 玩家ID:482736422909116417 移动到新位置: 0.9567798 , 0 , 4.2135463
2025-12-05 17:58:22.5196 (StateSyncRequestHandler.cs:18) 玩家ID:482736422909116417 移动方向: 0.9986972 , 0 , 0.05102817
2025-12-05 17:58:22.5196 (StateSyncRequestHandler.cs:18) 玩家ID:482736422909116417 移动到新位置: 1.1565192 , 0 , 4.223752
2025-12-05 17:58:22.6126 (StateSyncRequestHandler.cs:18) 玩家ID:482736422909116417 移动方向: 0.74226797 , 0 , -0.6701032
2025-12-05 17:58:22.6126 (StateSyncRequestHandler.cs:18) 玩家ID:482736422909116417 移动到新位置: 1.3049728 , 0 , 4.089731
2025-12-05 17:58:22.7180 (StateSyncRequestHandler.cs:18) 玩家ID:482736422909116417 移动方向: 0.051028173 , 0 , -0.9986972
2025-12-05 17:58:22.7180 (StateSyncRequestHandler.cs:18) 玩家ID:482736422909116417 移动到新位置: 1.3151784 , 0 , 3.8899918
2025-12-05 17:58:22.8186 (StateSyncRequestHandler.cs:18) 玩家ID:482736422909116417 移动方向: 0.051028173 , 0 , -0.9986972
2025-12-05 17:58:22.8186 (StateSyncRequestHandler.cs:18) 玩家ID:482736422909116417 移动到新位置: 1.325384 , 0 , 3.6902523
2025-12-05 17:58:22.9164 (StateSyncRequestHandler.cs:18) 玩家ID:482736422909116417 移动方向: 0.051028173 , 0 , -0.9986972
2025-12-05 17:58:22.9164 (StateSyncRequestHandler.cs:18) 玩家ID:482736422909116417 移动到新位置: 1.3355896 , 0 , 3.4905128
2025-12-05 17:58:23.0167 (StateSyncRequestHandler.cs:18) 玩家ID:482736422909116417 移动方向: 0.74226797 , 0 , -0.6701032
2025-12-05 17:58:23.0167 (StateSyncRequestHandler.cs:18) 玩家ID:482736422909116417 移动到新位置: 1.4840432 , 0 , 3.3564923
2025-12-05 17:58:23.1139 (StateSyncRequestHandler.cs:18) 玩家ID:482736422909116417 移动方向: 0.9999967 , 0 , 0.002563148
2025-12-05 17:58:23.1139 (StateSyncRequestHandler.cs:18) 玩家ID:482736422909116417 移动到新位置: 1.6840426 , 0 , 3.357005
2025-12-05 17:58:23.2216 (StateSyncRequestHandler.cs:18) 玩家ID:482736422909116417 移动方向: 0.9486118 , 0 , -0.3164421
2025-12-05 17:58:23.2216 (StateSyncRequestHandler.cs:18) 玩家ID:482736422909116417 移动到新位置: 1.8737649 , 0 , 3.2937164
2025-12-05 17:58:23.3189 (StateSyncRequestHandler.cs:18) 玩家ID:482736422909116417 移动方向: 0.9963943 , 0 , 0.084843904
2025-12-05 17:58:23.3189 (StateSyncRequestHandler.cs:18) 玩家ID:482736422909116417 移动到新位置: 2.0730438 , 0 , 3.3106852
2025-12-05 17:58:23.4186 (StateSyncRequestHandler.cs:18) 玩家ID:482736422909116417 移动方向: 0.7523823 , 0 , 0.6587268
2025-12-05 17:58:23.4186 (StateSyncRequestHandler.cs:18) 玩家ID:482736422909116417 移动到新位置: 2.2235203 , 0 , 3.4424305
2025-12-05 17:58:23.5190 (StateSyncRequestHandler.cs:18) 玩家ID:482736422909116417 移动方向: 0.7847528 , 0 , 0.61980885
2025-12-05 17:58:23.5190 (StateSyncRequestHandler.cs:18) 玩家ID:482736422909116417 移动到新位置: 2.3804708 , 0 , 3.5663922
2025-12-05 17:58:23.6192 (StateSyncRequestHandler.cs:18) 玩家ID:482736422909116417 移动方向: 0.77556366 , 0 , 0.6312694
2025-12-05 17:58:23.6192 (StateSyncRequestHandler.cs:18) 玩家ID:482736422909116417 移动到新位置: 2.5355835 , 0 , 3.692646
2025-12-05 17:58:23.7192 (StateSyncRequestHandler.cs:18) 玩家ID:482736422909116417 移动方向: 0.9888297 , 0 , -0.14905024
2025-12-05 17:58:23.7192 (StateSyncRequestHandler.cs:18) 玩家ID:482736422909116417 移动到新位置: 2.7333493 , 0 , 3.662836
2025-12-05 17:58:23.8154 (StateSyncRequestHandler.cs:18) 玩家ID:482736422909116417 移动方向: 0.5547518 , 0 , -0.83201593
2025-12-05 17:58:23.8154 (StateSyncRequestHandler.cs:18) 玩家ID:482736422909116417 移动到新位置: 2.8442998 , 0 , 3.4964328
2025-12-05 17:58:23.9156 (StateSyncRequestHandler.cs:18) 玩家ID:482736422909116417 移动方向: 0.5315695 , 0 , -0.8470146
2025-12-05 17:58:23.9156 (StateSyncRequestHandler.cs:18) 玩家ID:482736422909116417 移动到新位置: 2.9506137 , 0 , 3.32703
2025-12-05 17:58:24.0213 (StateSyncRequestHandler.cs:18) 玩家ID:482736422909116417 移动方向: -0.85229707 , 0 , -0.52305806
2025-12-05 17:58:24.0213 (StateSyncRequestHandler.cs:18) 玩家ID:482736422909116417 移动到新位置: 2.7801542 , 0 , 3.2224183
2025-12-05 17:58:24.1193 (StateSyncRequestHandler.cs:18) 玩家ID:482736422909116417 移动方向: -0.8538377 , 0 , -0.5205393
2025-12-05 17:58:24.1193 (StateSyncRequestHandler.cs:18) 玩家ID:482736422909116417 移动到新位置: 2.6093867 , 0 , 3.1183105
2025-12-05 17:58:24.2244 (StateSyncRequestHandler.cs:18) 玩家ID:482736422909116417 移动方向: -0.85443157 , 0 , -0.519564
2025-12-05 17:58:24.2244 (StateSyncRequestHandler.cs:18) 玩家ID:482736422909116417 移动到新位置: 2.4385004 , 0 , 3.0143976
2025-12-05 17:58:24.3138 (StateSyncRequestHandler.cs:18) 玩家ID:482736422909116417 移动方向: -0.27009898 , 0 , -0.96283245
2025-12-05 17:58:24.3138 (StateSyncRequestHandler.cs:18) 玩家ID:482736422909116417 移动到新位置: 2.3844807 , 0 , 2.8218312
2025-12-05 17:58:24.4221 (StateSyncRequestHandler.cs:18) 玩家ID:482736422909116417 移动方向: 0.23290294 , 0 , -0.97249997
2025-12-05 17:58:24.4221 (StateSyncRequestHandler.cs:18) 玩家ID:482736422909116417 移动到新位置: 2.4310613 , 0 , 2.6273313
2025-12-05 17:58:24.5217 (StateSyncRequestHandler.cs:18) 玩家ID:482736422909116417 移动方向: 0.56353295 , 0 , -0.82609355
2025-12-05 17:58:24.5217 (StateSyncRequestHandler.cs:18) 玩家ID:482736422909116417 移动到新位置: 2.543768 , 0 , 2.4621124
2025-12-05 17:58:24.6206 (StateSyncRequestHandler.cs:18) 玩家ID:482736422909116417 移动方向: 0.9124653 , 0 , -0.40915418
2025-12-05 17:58:24.6206 (StateSyncRequestHandler.cs:18) 玩家ID:482736422909116417 移动到新位置: 2.726261 , 0 , 2.3802817
2025-12-05 17:58:24.7262 (StateSyncRequestHandler.cs:18) 玩家ID:482736422909116417 移动方向: 0.87218314 , 0 , -0.48917958
2025-12-05 17:58:24.7262 (StateSyncRequestHandler.cs:18) 玩家ID:482736422909116417 移动到新位置: 2.9006975 , 0 , 2.2824457
2025-12-05 17:58:24.8121 (StateSyncRequestHandler.cs:18) 玩家ID:482736422909116417 移动方向: 0.85721165 , 0 , -0.5149643
2025-12-05 17:58:24.8121 (StateSyncRequestHandler.cs:18) 玩家ID:482736422909116417 移动到新位置: 3.0721397 , 0 , 2.179453
2025-12-05 17:58:24.9218 (StateSyncRequestHandler.cs:18) 玩家ID:482736422909116417 移动方向: 0.23039722 , 0 , -0.9730966
2025-12-05 17:58:24.9218 (StateSyncRequestHandler.cs:18) 玩家ID:482736422909116417 移动到新位置: 3.1182191 , 0 , 1.9848336
2025-12-05 17:58:25.0128 (StateSyncRequestHandler.cs:18) 玩家ID:482736422909116417 移动方向: 0.22737408 , 0 , -0.9738075
2025-12-05 17:58:25.0128 (StateSyncRequestHandler.cs:18) 玩家ID:482736422909116417 移动到新位置: 3.163694 , 0 , 1.7900721
2025-12-05 17:58:25.1191 (StateSyncRequestHandler.cs:18) 玩家ID:482736422909116417 移动方向: -0.52881294 , 0 , -0.8487383
2025-12-05 17:58:25.1191 (StateSyncRequestHandler.cs:18) 玩家ID:482736422909116417 移动到新位置: 3.0579314 , 0 , 1.6203244
2025-12-05 17:58:25.2126 (StateSyncRequestHandler.cs:18) 玩家ID:482736422909116417 移动方向: -0.52905864 , 0 , -0.84858525
2025-12-05 17:58:25.2126 (StateSyncRequestHandler.cs:18) 玩家ID:482736422909116417 移动到新位置: 2.9521196 , 0 , 1.4506073
2025-12-05 17:58:25.3150 (StateSyncRequestHandler.cs:18) 玩家ID:482736422909116417 移动方向: -0.8485323 , 0 , 0.5291436
2025-12-05 17:58:25.3150 (StateSyncRequestHandler.cs:18) 玩家ID:482736422909116417 移动到新位置: 2.782413 , 0 , 1.5564361
2025-12-05 17:58:25.4182 (StateSyncRequestHandler.cs:18) 玩家ID:482736422909116417 移动方向: -0.9741708 , 0 , -0.2258122
2025-12-05 17:58:25.4182 (StateSyncRequestHandler.cs:18) 玩家ID:482736422909116417 移动到新位置: 2.5875788 , 0 , 1.5112736
2025-12-05 17:58:25.5118 (StateSyncRequestHandler.cs:18) 玩家ID:482736422909116417 移动方向: -0.5291767 , 0 , -0.84851164
2025-12-05 17:58:25.5118 (StateSyncRequestHandler.cs:18) 玩家ID:482736422909116417 移动到新位置: 2.4817433 , 0 , 1.3415713
2025-12-05 17:58:25.6229 (StateSyncRequestHandler.cs:18) 玩家ID:482736422909116417 移动方向: -0.52917796 , 0 , -0.84851086
2025-12-05 17:58:25.6229 (StateSyncRequestHandler.cs:18) 玩家ID:482736422909116417 移动到新位置: 2.3759077 , 0 , 1.1718692
2025-12-05 17:58:25.7199 (StateSyncRequestHandler.cs:18) 玩家ID:482736422909116417 移动方向: 0.84851086 , 0 , -0.52917796
2025-12-05 17:58:25.7199 (StateSyncRequestHandler.cs:18) 玩家ID:482736422909116417 移动到新位置: 2.54561 , 0 , 1.0660336
2025-12-05 17:58:25.8182 (StateSyncRequestHandler.cs:18) 玩家ID:482736422909116417 移动方向: 0.84851086 , 0 , -0.52917796
2025-12-05 17:58:25.8182 (StateSyncRequestHandler.cs:18) 玩家ID:482736422909116417 移动到新位置: 2.715312 , 0 , 0.96019804
2025-12-05 17:58:25.9202 (StateSyncRequestHandler.cs:18) 玩家ID:482736422909116417 移动方向: 0.84851086 , 0 , -0.52917796
2025-12-05 17:58:25.9202 (StateSyncRequestHandler.cs:18) 玩家ID:482736422909116417 移动到新位置: 2.885014 , 0 , 0.8543625
2025-12-05 17:58:26.0199 (StateSyncRequestHandler.cs:18) 玩家ID:482736422909116417 移动方向: 0.84851086 , 0 , -0.52917796
2025-12-05 17:58:26.0199 (StateSyncRequestHandler.cs:18) 玩家ID:482736422909116417 移动到新位置: 3.054716 , 0 , 0.74852693
2025-12-05 17:58:26.1150 (StateSyncRequestHandler.cs:18) 玩家ID:482736422909116417 移动方向: 0.22580242 , 0 , -0.97417307
2025-12-05 17:58:26.1150 (StateSyncRequestHandler.cs:18) 玩家ID:482736422909116417 移动到新位置: 3.0998766 , 0 , 0.55369234
2025-12-05 17:58:26.2248 (StateSyncRequestHandler.cs:18) 玩家ID:482736422909116417 移动方向: -0.52917796 , 0 , -0.84851086
2025-12-05 17:58:26.2248 (StateSyncRequestHandler.cs:18) 玩家ID:482736422909116417 移动到新位置: 2.994041 , 0 , 0.38399017
2025-12-05 17:58:26.3193 (StateSyncRequestHandler.cs:18) 玩家ID:482736422909116417 移动方向: -0.85060203 , 0 , 0.52580994
2025-12-05 17:58:26.3193 (StateSyncRequestHandler.cs:18) 玩家ID:482736422909116417 移动到新位置: 2.8239205 , 0 , 0.48915213
2025-12-05 17:58:26.4381 (StateSyncRequestHandler.cs:18) 玩家ID:482736422909116417 移动方向: -0.8942804 , 0 , 0.4475071
2025-12-05 17:58:26.4381 (StateSyncRequestHandler.cs:18) 玩家ID:482736422909116417 移动到新位置: 2.6450644 , 0 , 0.5786536
2025-12-05 17:58:26.5240 (StateSyncRequestHandler.cs:18) 玩家ID:482736422909116417 移动方向: -0.7406745 , 0 , 0.67186403
2025-12-05 17:58:26.5240 (StateSyncRequestHandler.cs:18) 玩家ID:482736422909116417 移动到新位置: 2.4969294 , 0 , 0.7130264
2025-12-05 17:58:26.6132 (StateSyncRequestHandler.cs:18) 玩家ID:482736422909116417 移动方向: -0.90180993 , 0 , 0.4321329
2025-12-05 17:58:26.6132 (StateSyncRequestHandler.cs:18) 玩家ID:482736422909116417 移动到新位置: 2.3165674 , 0 , 0.79945296
2025-12-05 17:58:26.7152 (StateSyncRequestHandler.cs:18) 玩家ID:482736422909116417 移动方向: -0.32439977 , 0 , -0.9459201
2025-12-05 17:58:26.7152 (StateSyncRequestHandler.cs:18) 玩家ID:482736422909116417 移动到新位置: 2.2516875 , 0 , 0.61026895
2025-12-05 17:58:26.8255 (StateSyncRequestHandler.cs:18) 玩家ID:482736422909116417 移动方向: -0.27740705 , 0 , -0.9607525
2025-12-05 17:58:26.8255 (StateSyncRequestHandler.cs:18) 玩家ID:482736422909116417 移动到新位置: 2.196206 , 0 , 0.41811848
2025-12-05 17:58:26.9137 (StateSyncRequestHandler.cs:18) 玩家ID:482736422909116417 移动方向: -0.26351026 , 0 , -0.9646566
2025-12-05 17:58:26.9137 (StateSyncRequestHandler.cs:18) 玩家ID:482736422909116417 移动到新位置: 2.1435041 , 0 , 0.22518717
2025-12-05 17:58:27.0123 (StateSyncRequestHandler.cs:18) 玩家ID:482736422909116417 移动方向: -0.8658143 , 0 , -0.50036544
2025-12-05 17:58:27.0123 (StateSyncRequestHandler.cs:18) 玩家ID:482736422909116417 移动到新位置: 1.9703413 , 0 , 0.12511408
2025-12-05 17:58:27.1198 (StateSyncRequestHandler.cs:18) 玩家ID:482736422909116417 移动方向: -0.96644205 , 0 , 0.2568845
2025-12-05 17:58:27.1198 (StateSyncRequestHandler.cs:18) 玩家ID:482736422909116417 移动到新位置: 1.7770529 , 0 , 0.17649098
2025-12-05 17:58:27.2176 (StateSyncRequestHandler.cs:18) 玩家ID:482736422909116417 移动方向: -0.9665469 , 0 , 0.25648972
2025-12-05 17:58:27.2176 (StateSyncRequestHandler.cs:18) 玩家ID:482736422909116417 移动到新位置: 1.5837436 , 0 , 0.22778893
2025-12-05 17:58:27.3152 (StateSyncRequestHandler.cs:18) 玩家ID:482736422909116417 移动方向: -0.96658516 , 0 , 0.25634578
2025-12-05 17:58:27.3152 (StateSyncRequestHandler.cs:18) 玩家ID:482736422909116417 移动到新位置: 1.3904265 , 0 , 0.27905807
2025-12-05 17:58:27.4125 (StateSyncRequestHandler.cs:18) 玩家ID:482736422909116417 移动方向: -0.25630707 , 0 , -0.9665954
2025-12-05 17:58:27.4125 (StateSyncRequestHandler.cs:18) 玩家ID:482736422909116417 移动到新位置: 1.3391651 , 0 , 0.08573899
2025-12-05 17:58:27.5132 (StateSyncRequestHandler.cs:18) 玩家ID:482736422909116417 移动方向: -0.25629508 , 0 , -0.9665986
2025-12-05 17:58:27.5132 (StateSyncRequestHandler.cs:18) 玩家ID:482736422909116417 移动到新位置: 1.287906 , 0 , -0.10758072
2025-12-05 17:58:27.6216 (StateSyncRequestHandler.cs:18) 玩家ID:482736422909116417 移动方向: -0.86471426 , 0 , -0.5022641
2025-12-05 17:58:27.6216 (StateSyncRequestHandler.cs:18) 玩家ID:482736422909116417 移动到新位置: 1.1149632 , 0 , -0.20803353
2025-12-05 17:58:27.7194 (StateSyncRequestHandler.cs:18) 玩家ID:482736422909116417 移动方向: -0.86471426 , 0 , -0.5022641
2025-12-05 17:58:27.7194 (StateSyncRequestHandler.cs:18) 玩家ID:482736422909116417 移动到新位置: 0.9420203 , 0 , -0.30848634
2025-12-05 17:58:27.8140 (StateSyncRequestHandler.cs:18) 玩家ID:482736422909116417 移动方向: -0.86471426 , 0 , -0.5022641
2025-12-05 17:58:27.8140 (StateSyncRequestHandler.cs:18) 玩家ID:482736422909116417 移动到新位置: 0.7690774 , 0 , -0.40893915
2025-12-05 17:58:27.9208 (StateSyncRequestHandler.cs:18) 玩家ID:482736422909116417 移动方向: -0.86471426 , 0 , -0.5022641
2025-12-05 17:58:27.9208 (StateSyncRequestHandler.cs:18) 玩家ID:482736422909116417 移动到新位置: 0.59613454 , 0 , -0.50939196
2025-12-05 17:58:28.0151 (StateSyncRequestHandler.cs:18) 玩家ID:482736422909116417 移动方向: -0.86471426 , 0 , -0.5022641
2025-12-05 17:58:28.0151 (StateSyncRequestHandler.cs:18) 玩家ID:482736422909116417 移动到新位置: 0.42319167 , 0 , -0.6098448
2025-12-05 17:58:28.1120 (StateSyncRequestHandler.cs:18) 玩家ID:482736422909116417 移动方向: -0.86471426 , 0 , -0.5022641
2025-12-05 17:58:28.1120 (StateSyncRequestHandler.cs:18) 玩家ID:482736422909116417 移动到新位置: 0.2502488 , 0 , -0.71029764
2025-12-05 17:58:28.2173 (StateSyncRequestHandler.cs:18) 玩家ID:482736422909116417 移动方向: 0.5022641 , 0 , -0.8647142
2025-12-05 17:58:28.2173 (StateSyncRequestHandler.cs:18) 玩家ID:482736422909116417 移动到新位置: 0.3507016 , 0 , -0.88324046
2025-12-05 17:58:28.3247 (StateSyncRequestHandler.cs:18) 玩家ID:482736422909116417 移动方向: 0.5022641 , 0 , -0.8647142
2025-12-05 17:58:28.3247 (StateSyncRequestHandler.cs:18) 玩家ID:482736422909116417 移动到新位置: 0.4511544 , 0 , -1.0561833
2025-12-05 17:58:28.4205 (StateSyncRequestHandler.cs:18) 玩家ID:482736422909116417 移动方向: 0.86471426 , 0 , 0.5022641
2025-12-05 17:58:28.4205 (StateSyncRequestHandler.cs:18) 玩家ID:482736422909116417 移动到新位置: 0.6240973 , 0 , -0.9557305
2025-12-05 17:58:28.5177 (StateSyncRequestHandler.cs:18) 玩家ID:482736422909116417 移动方向: 0.86471426 , 0 , 0.5022641
2025-12-05 17:58:28.5177 (StateSyncRequestHandler.cs:18) 玩家ID:482736422909116417 移动到新位置: 0.79704016 , 0 , -0.85527766
2025-12-05 17:58:28.6155 (StateSyncRequestHandler.cs:18) 玩家ID:482736422909116417 移动方向: 0.86471426 , 0 , 0.5022641
2025-12-05 17:58:28.6155 (StateSyncRequestHandler.cs:18) 玩家ID:482736422909116417 移动到新位置: 0.96998304 , 0 , -0.7548248
2025-12-05 17:58:28.7148 (StateSyncRequestHandler.cs:18) 玩家ID:482736422909116417 移动方向: 0.25629097 , 0 , 0.9665996
2025-12-05 17:58:28.7148 (StateSyncRequestHandler.cs:18) 玩家ID:482736422909116417 移动到新位置: 1.0212412 , 0 , -0.5615049
2025-12-05 17:58:28.8189 (StateSyncRequestHandler.cs:18) 玩家ID:482736422909116417 移动方向: 0.25629097 , 0 , 0.9665996
2025-12-05 17:58:28.8189 (StateSyncRequestHandler.cs:18) 玩家ID:482736422909116417 移动到新位置: 1.0724994 , 0 , -0.36818498
2025-12-05 17:58:28.9153 (StateSyncRequestHandler.cs:18) 玩家ID:482736422909116417 移动方向: 0.25629097 , 0 , 0.9665996
2025-12-05 17:58:28.9153 (StateSyncRequestHandler.cs:18) 玩家ID:482736422909116417 移动到新位置: 1.1237576 , 0 , -0.17486507
2025-12-05 17:58:29.0215 (StateSyncRequestHandler.cs:18) 玩家ID:482736422909116417 移动方向: 0.25629097 , 0 , 0.9665996
2025-12-05 17:58:29.0215 (StateSyncRequestHandler.cs:18) 玩家ID:482736422909116417 移动到新位置: 1.1750158 , 0 , 0.01845485
2025-12-05 17:58:29.1138 (StateSyncRequestHandler.cs:18) 玩家ID:482736422909116417 移动方向: 0.25629097 , 0 , 0.9665996
2025-12-05 17:58:29.1138 (StateSyncRequestHandler.cs:18) 玩家ID:482736422909116417 移动到新位置: 1.226274 , 0 , 0.21177477
2025-12-05 17:58:29.2142 (StateSyncRequestHandler.cs:18) 玩家ID:482736422909116417 移动方向: 0.96659964 , 0 , -0.2562909
2025-12-05 17:58:29.2142 (StateSyncRequestHandler.cs:18) 玩家ID:482736422909116417 移动到新位置: 1.4195939 , 0 , 0.16051659
2025-12-05 17:58:29.3132 (StateSyncRequestHandler.cs:18) 玩家ID:482736422909116417 移动方向: 0.96659964 , 0 , -0.2562909
2025-12-05 17:58:29.3132 (StateSyncRequestHandler.cs:18) 玩家ID:482736422909116417 移动到新位置: 1.6129138 , 0 , 0.109258406
2025-12-05 17:58:29.4229 (StateSyncRequestHandler.cs:18) 玩家ID:482736422909116417 移动方向: 0.96659964 , 0 , -0.2562909
2025-12-05 17:58:29.4229 (StateSyncRequestHandler.cs:18) 玩家ID:482736422909116417 移动到新位置: 1.8062338 , 0 , 0.05800022
2025-12-05 17:58:29.5167 (StateSyncRequestHandler.cs:18) 玩家ID:482736422909116417 移动方向: 0.96659964 , 0 , -0.2562909
2025-12-05 17:58:29.5167 (StateSyncRequestHandler.cs:18) 玩家ID:482736422909116417 移动到新位置: 1.9995537 , 0 , 0.006742038
2025-12-05 17:58:29.6192 (StateSyncRequestHandler.cs:18) 玩家ID:482736422909116417 移动方向: 0.96659964 , 0 , -0.2562909
2025-12-05 17:58:29.6192 (StateSyncRequestHandler.cs:18) 玩家ID:482736422909116417 移动到新位置: 2.1928735 , 0 , -0.044516146
2025-12-05 17:58:29.7176 (StateSyncRequestHandler.cs:18) 玩家ID:482736422909116417 移动方向: 0.96659964 , 0 , -0.2562909
2025-12-05 17:58:29.7176 (StateSyncRequestHandler.cs:18) 玩家ID:482736422909116417 移动到新位置: 2.3861933 , 0 , -0.09577433
2025-12-05 17:58:29.8130 (StateSyncRequestHandler.cs:18) 玩家ID:482736422909116417 移动方向: 0.96659964 , 0 , -0.2562909
2025-12-05 17:58:29.8130 (StateSyncRequestHandler.cs:18) 玩家ID:482736422909116417 移动到新位置: 2.579513 , 0 , -0.14703251
2025-12-05 17:58:29.9183 (StateSyncRequestHandler.cs:18) 玩家ID:482736422909116417 移动方向: 0.86471426 , 0 , 0.5022641
2025-12-05 17:58:29.9183 (StateSyncRequestHandler.cs:18) 玩家ID:482736422909116417 移动到新位置: 2.752456 , 0 , -0.046579696
2025-12-05 17:58:30.0197 (StateSyncRequestHandler.cs:18) 玩家ID:482736422909116417 移动方向: 0.25629097 , 0 , 0.9665996
2025-12-05 17:58:30.0197 (StateSyncRequestHandler.cs:18) 玩家ID:482736422909116417 移动到新位置: 2.803714 , 0 , 0.14674023
2025-12-05 17:58:30.1347 (StateSyncRequestHandler.cs:18) 玩家ID:482736422909116417 移动方向: 0.25629097 , 0 , 0.9665996
2025-12-05 17:58:30.1347 (StateSyncRequestHandler.cs:18) 玩家ID:482736422909116417 移动到新位置: 2.8549721 , 0 , 0.34006014
2025-12-05 17:58:30.2145 (StateSyncRequestHandler.cs:18) 玩家ID:482736422909116417 移动方向: 0.25629097 , 0 , 0.9665996
2025-12-05 17:58:30.2145 (StateSyncRequestHandler.cs:18) 玩家ID:482736422909116417 移动到新位置: 2.9062302 , 0 , 0.53338003
2025-12-05 17:58:30.3172 (StateSyncRequestHandler.cs:18) 玩家ID:482736422909116417 移动方向: 0.25629097 , 0 , 0.9665996
2025-12-05 17:58:30.3172 (StateSyncRequestHandler.cs:18) 玩家ID:482736422909116417 移动到新位置: 2.9574883 , 0 , 0.72669995
2025-12-05 17:58:30.4179 (StateSyncRequestHandler.cs:18) 玩家ID:482736422909116417 移动方向: 0.25629097 , 0 , 0.9665996
2025-12-05 17:58:30.4179 (StateSyncRequestHandler.cs:18) 玩家ID:482736422909116417 移动到新位置: 3.0087464 , 0 , 0.92001987
2025-12-05 17:58:30.5306 (StateSyncRequestHandler.cs:18) 玩家ID:482736422909116417 移动方向: 0.86471426 , 0 , 0.5022641
2025-12-05 17:58:30.5306 (StateSyncRequestHandler.cs:18) 玩家ID:482736422909116417 移动到新位置: 3.1816893 , 0 , 1.0204726
2025-12-05 17:58:30.6172 (StateSyncRequestHandler.cs:18) 玩家ID:482736422909116417 移动方向: 0.96659964 , 0 , -0.2562909
2025-12-05 17:58:30.6172 (StateSyncRequestHandler.cs:18) 玩家ID:482736422909116417 移动到新位置: 3.375009 , 0 , 0.96921444
2025-12-05 17:58:30.7168 (StateSyncRequestHandler.cs:18) 玩家ID:482736422909116417 移动方向: 0.96659964 , 0 , -0.2562909
2025-12-05 17:58:30.7168 (StateSyncRequestHandler.cs:18) 玩家ID:482736422909116417 移动到新位置: 3.5683289 , 0 , 0.91795623
2025-12-05 17:58:30.8157 (StateSyncRequestHandler.cs:18) 玩家ID:482736422909116417 移动方向: 0.5022641 , 0 , -0.8647142
2025-12-05 17:58:30.8157 (StateSyncRequestHandler.cs:18) 玩家ID:482736422909116417 移动到新位置: 3.6687818 , 0 , 0.74501336
2025-12-05 17:58:30.9157 (StateSyncRequestHandler.cs:18) 玩家ID:482736422909116417 移动方向: 0.5022641 , 0 , -0.8647142
2025-12-05 17:58:30.9157 (StateSyncRequestHandler.cs:18) 玩家ID:482736422909116417 移动到新位置: 3.7692347 , 0 , 0.5720705
2025-12-05 17:58:31.0169 (StateSyncRequestHandler.cs:18) 玩家ID:482736422909116417 移动方向: -0.25629097 , 0 , -0.9665996
2025-12-05 17:58:31.0169 (StateSyncRequestHandler.cs:18) 玩家ID:482736422909116417 移动到新位置: 3.7179766 , 0 , 0.37875056
2025-12-05 17:58:31.1188 (StateSyncRequestHandler.cs:18) 玩家ID:482736422909116417 移动方向: -0.25629097 , 0 , -0.9665996
2025-12-05 17:58:31.1188 (StateSyncRequestHandler.cs:18) 玩家ID:482736422909116417 移动到新位置: 3.6667185 , 0 , 0.18543065
2025-12-05 17:58:31.2187 (StateSyncRequestHandler.cs:18) 玩家ID:482736422909116417 移动方向: -0.25629097 , 0 , -0.9665996
2025-12-05 17:58:31.2187 (StateSyncRequestHandler.cs:18) 玩家ID:482736422909116417 移动到新位置: 3.6154604 , 0 , -0.007889271
2025-12-05 17:58:31.3250 (StateSyncRequestHandler.cs:18) 玩家ID:482736422909116417 移动方向: -0.25629097 , 0 , -0.9665996
2025-12-05 17:58:31.3250 (StateSyncRequestHandler.cs:18) 玩家ID:482736422909116417 移动到新位置: 3.5642023 , 0 , -0.20120919
2025-12-05 17:58:31.4147 (StateSyncRequestHandler.cs:18) 玩家ID:482736422909116417 移动方向: -0.25629097 , 0 , -0.9665996
2025-12-05 17:58:31.4147 (StateSyncRequestHandler.cs:18) 玩家ID:482736422909116417 移动到新位置: 3.5129442 , 0 , -0.3945291
2025-12-05 17:58:31.5265 (StateSyncRequestHandler.cs:18) 玩家ID:482736422909116417 移动方向: -0.25629097 , 0 , -0.9665996
2025-12-05 17:58:31.5265 (StateSyncRequestHandler.cs:18) 玩家ID:482736422909116417 移动到新位置: 3.4616861 , 0 , -0.587849
2025-12-05 17:58:31.6145 (StateSyncRequestHandler.cs:18) 玩家ID:482736422909116417 移动方向: 0.5022641 , 0 , -0.8647142
2025-12-05 17:58:31.6145 (StateSyncRequestHandler.cs:18) 玩家ID:482736422909116417 移动到新位置: 3.562139 , 0 , -0.7607919
2025-12-05 17:58:31.7127 (StateSyncRequestHandler.cs:18) 玩家ID:482736422909116417 移动方向: 0.5022641 , 0 , -0.8647142
2025-12-05 17:58:31.7127 (StateSyncRequestHandler.cs:18) 玩家ID:482736422909116417 移动到新位置: 3.662592 , 0 , -0.9337348
2025-12-05 17:58:31.8160 (StateSyncRequestHandler.cs:18) 玩家ID:482736422909116417 移动方向: 0.96659964 , 0 , -0.2562909
2025-12-05 17:58:31.8160 (StateSyncRequestHandler.cs:18) 玩家ID:482736422909116417 移动到新位置: 3.8559117 , 0 , -0.984993
2025-12-05 17:58:31.9177 (StateSyncRequestHandler.cs:18) 玩家ID:482736422909116417 移动方向: 0.86471426 , 0 , 0.5022641
2025-12-05 17:58:31.9177 (StateSyncRequestHandler.cs:18) 玩家ID:482736422909116417 移动到新位置: 4.0288544 , 0 , -0.88454014
2025-12-05 17:58:32.0164 (StateSyncRequestHandler.cs:18) 玩家ID:482736422909116417 移动方向: 0.86471426 , 0 , 0.5022641
2025-12-05 17:58:32.0164 (StateSyncRequestHandler.cs:18) 玩家ID:482736422909116417 移动到新位置: 4.201797 , 0 , -0.7840873
2025-12-05 17:58:32.1205 (StateSyncRequestHandler.cs:18) 玩家ID:482736422909116417 移动方向: 0.86471426 , 0 , 0.5022641
2025-12-05 17:58:32.1205 (StateSyncRequestHandler.cs:18) 玩家ID:482736422909116417 移动到新位置: 4.3747396 , 0 , -0.68363446
2025-12-05 17:58:32.2147 (StateSyncRequestHandler.cs:18) 玩家ID:482736422909116417 移动方向: 0.25629097 , 0 , 0.9665997
2025-12-05 17:58:32.2147 (StateSyncRequestHandler.cs:18) 玩家ID:482736422909116417 移动到新位置: 4.4259977 , 0 , -0.49031454
2025-12-05 17:58:32.3126 (StateSyncRequestHandler.cs:18) 玩家ID:482736422909116417 移动方向: 0.25629097 , 0 , 0.9665997
2025-12-05 17:58:32.3126 (StateSyncRequestHandler.cs:18) 玩家ID:482736422909116417 移动到新位置: 4.477256 , 0 , -0.29699463
2025-12-05 17:58:32.4248 (StateSyncRequestHandler.cs:18) 玩家ID:482736422909116417 移动方向: 0.25629097 , 0 , 0.9665997
2025-12-05 17:58:32.4248 (StateSyncRequestHandler.cs:18) 玩家ID:482736422909116417 移动到新位置: 4.528514 , 0 , -0.103674695
2025-12-05 17:58:32.5169 (StateSyncRequestHandler.cs:18) 玩家ID:482736422909116417 移动方向: 0.86471426 , 0 , 0.5022641
2025-12-05 17:58:32.5169 (StateSyncRequestHandler.cs:18) 玩家ID:482736422909116417 移动到新位置: 4.7014565 , 0 , -0.003221877
2025-12-05 17:58:32.6134 (StateSyncRequestHandler.cs:18) 玩家ID:482736422909116417 移动方向: 0.96659964 , 0 , -0.25629103
2025-12-05 17:58:32.6134 (StateSyncRequestHandler.cs:18) 玩家ID:482736422909116417 移动到新位置: 4.8947763 , 0 , -0.054480083
2025-12-05 17:58:32.7151 (StateSyncRequestHandler.cs:18) 玩家ID:482736422909116417 移动方向: 0.96659964 , 0 , -0.25629103
2025-12-05 17:58:32.7151 (StateSyncRequestHandler.cs:18) 玩家ID:482736422909116417 移动到新位置: 5.088096 , 0 , -0.10573829
2025-12-05 17:58:32.8174 (StateSyncRequestHandler.cs:18) 玩家ID:482736422909116417 移动方向: 0.96659964 , 0 , -0.25629103
2025-12-05 17:58:32.8174 (StateSyncRequestHandler.cs:18) 玩家ID:482736422909116417 移动到新位置: 5.281416 , 0 , -0.15699649
2025-12-05 17:58:32.9153 (StateSyncRequestHandler.cs:18) 玩家ID:482736422909116417 移动方向: 0.86471426 , 0 , 0.5022641
2025-12-05 17:58:32.9153 (StateSyncRequestHandler.cs:18) 玩家ID:482736422909116417 移动到新位置: 5.4543586 , 0 , -0.05654367
2025-12-05 17:58:33.0176 (StateSyncRequestHandler.cs:18) 玩家ID:482736422909116417 移动方向: 0.86471426 , 0 , 0.5022641
2025-12-05 17:58:33.0176 (StateSyncRequestHandler.cs:18) 玩家ID:482736422909116417 移动到新位置: 5.627301 , 0 , 0.043909147
2025-12-05 17:58:33.1151 (StateSyncRequestHandler.cs:18) 玩家ID:482736422909116417 移动方向: 0.25629097 , 0 , 0.9665997
2025-12-05 17:58:33.1151 (StateSyncRequestHandler.cs:18) 玩家ID:482736422909116417 移动到新位置: 5.6785593 , 0 , 0.23722908
2025-12-05 17:58:33.2228 (StateSyncRequestHandler.cs:18) 玩家ID:482736422909116417 移动方向: 0.25629097 , 0 , 0.9665997
2025-12-05 17:58:33.2228 (StateSyncRequestHandler.cs:18) 玩家ID:482736422909116417 移动到新位置: 5.7298174 , 0 , 0.43054903
2025-12-05 17:58:33.3120 (StateSyncRequestHandler.cs:18) 玩家ID:482736422909116417 移动方向: 0.86471426 , 0 , 0.5022641
2025-12-05 17:58:33.3120 (StateSyncRequestHandler.cs:18) 玩家ID:482736422909116417 移动到新位置: 5.90276 , 0 , 0.53100187
2025-12-05 17:58:33.4148 (StateSyncRequestHandler.cs:18) 玩家ID:482736422909116417 移动方向: 0.86471426 , 0 , 0.5022641
2025-12-05 17:58:33.4148 (StateSyncRequestHandler.cs:18) 玩家ID:482736422909116417 移动到新位置: 6.0757027 , 0 , 0.6314547
2025-12-05 17:58:33.5135 (StateSyncRequestHandler.cs:18) 玩家ID:482736422909116417 移动方向: 0.96659964 , 0 , -0.25629103
2025-12-05 17:58:33.5135 (StateSyncRequestHandler.cs:18) 玩家ID:482736422909116417 移动到新位置: 6.2690225 , 0 , 0.5801965
2025-12-05 17:58:33.6171 (StateSyncRequestHandler.cs:18) 玩家ID:482736422909116417 移动方向: 0.86471426 , 0 , 0.5022641
2025-12-05 17:58:33.6171 (StateSyncRequestHandler.cs:18) 玩家ID:482736422909116417 移动到新位置: 6.441965 , 0 , 0.68064934
2025-12-05 17:58:33.7132 (StateSyncRequestHandler.cs:18) 玩家ID:482736422909116417 移动方向: 0.86471426 , 0 , 0.5022641
2025-12-05 17:58:33.7132 (StateSyncRequestHandler.cs:18) 玩家ID:482736422909116417 移动到新位置: 6.6149077 , 0 , 0.7811022
2025-12-05 17:58:33.8157 (StateSyncRequestHandler.cs:18) 玩家ID:482736422909116417 移动方向: 0.86471426 , 0 , 0.5022641
2025-12-05 17:58:33.8157 (StateSyncRequestHandler.cs:18) 玩家ID:482736422909116417 移动到新位置: 6.7878504 , 0 , 0.881555
2025-12-05 17:58:33.9294 (StateSyncRequestHandler.cs:18) 玩家ID:482736422909116417 移动方向: 0.86471426 , 0 , 0.5022641
2025-12-05 17:58:33.9294 (StateSyncRequestHandler.cs:18) 玩家ID:482736422909116417 移动到新位置: 6.960793 , 0 , 0.98200786
2025-12-05 17:58:34.0136 (StateSyncRequestHandler.cs:18) 玩家ID:482736422909116417 移动方向: 0.86471426 , 0 , 0.5022641
2025-12-05 17:58:34.0136 (StateSyncRequestHandler.cs:18) 玩家ID:482736422909116417 移动到新位置: 7.1337357 , 0 , 1.0824606
2025-12-05 17:58:34.1220 (StateSyncRequestHandler.cs:18) 玩家ID:482736422909116417 移动方向: 0.86471426 , 0 , 0.5022641
2025-12-05 17:58:34.1220 (StateSyncRequestHandler.cs:18) 玩家ID:482736422909116417 移动到新位置: 7.3066783 , 0 , 1.1829134
2025-12-05 17:58:34.2247 (StateSyncRequestHandler.cs:18) 玩家ID:482736422909116417 移动方向: 0.86471426 , 0 , 0.5022641
2025-12-05 17:58:34.2247 (StateSyncRequestHandler.cs:18) 玩家ID:482736422909116417 移动到新位置: 7.479621 , 0 , 1.2833662
2025-12-05 17:58:34.3213 (StateSyncRequestHandler.cs:18) 玩家ID:482736422909116417 移动方向: 0.86471426 , 0 , 0.5022641
2025-12-05 17:58:34.3213 (StateSyncRequestHandler.cs:18) 玩家ID:482736422909116417 移动到新位置: 7.6525636 , 0 , 1.383819
2025-12-05 17:58:34.4178 (StateSyncRequestHandler.cs:18) 玩家ID:482736422909116417 移动方向: 0.25629097 , 0 , 0.9665997
2025-12-05 17:58:34.4178 (StateSyncRequestHandler.cs:18) 玩家ID:482736422909116417 移动到新位置: 7.7038217 , 0 , 1.5771389
2025-12-05 17:58:34.5168 (StateSyncRequestHandler.cs:18) 玩家ID:482736422909116417 移动方向: -0.5022641 , 0 , 0.8647143
2025-12-05 17:58:34.5168 (StateSyncRequestHandler.cs:18) 玩家ID:482736422909116417 移动到新位置: 7.6033688 , 0 , 1.7500818
2025-12-05 17:58:34.6148 (StateSyncRequestHandler.cs:18) 玩家ID:482736422909116417 移动方向: -0.96659964 , 0 , 0.25629103
2025-12-05 17:58:34.6148 (StateSyncRequestHandler.cs:18) 玩家ID:482736422909116417 移动到新位置: 7.410049 , 0 , 1.80134
2025-12-05 17:58:34.7134 (StateSyncRequestHandler.cs:18) 玩家ID:482736422909116417 移动方向: -0.96659964 , 0 , 0.25629103
2025-12-05 17:58:34.7134 (StateSyncRequestHandler.cs:18) 玩家ID:482736422909116417 移动到新位置: 7.216729 , 0 , 1.8525982
2025-12-05 17:58:34.8148 (StateSyncRequestHandler.cs:18) 玩家ID:482736422909116417 移动方向: -0.86471426 , 0 , -0.5022641
2025-12-05 17:58:34.8148 (StateSyncRequestHandler.cs:18) 玩家ID:482736422909116417 移动到新位置: 7.0437865 , 0 , 1.7521454
2025-12-05 17:58:34.9211 (StateSyncRequestHandler.cs:18) 玩家ID:482736422909116417 移动方向: -0.86471426 , 0 , -0.5022641
2025-12-05 17:58:34.9211 (StateSyncRequestHandler.cs:18) 玩家ID:482736422909116417 移动到新位置: 6.870844 , 0 , 1.6516926
2025-12-05 17:58:35.0268 (StateSyncRequestHandler.cs:18) 玩家ID:482736422909116417 移动方向: -0.8645926 , 0 , -0.5024735
2025-12-05 17:58:35.0268 (StateSyncRequestHandler.cs:18) 玩家ID:482736422909116417 移动到新位置: 6.6979256 , 0 , 1.5511979
2025-12-05 17:58:35.1146 (StateSyncRequestHandler.cs:18) 玩家ID:482736422909116417 移动方向: -0.9852603 , 0 , 0.1710617
2025-12-05 17:58:35.1146 (StateSyncRequestHandler.cs:18) 玩家ID:482736422909116417 移动到新位置: 6.5008736 , 0 , 1.5854102
2025-12-05 17:58:35.2180 (StateSyncRequestHandler.cs:18) 玩家ID:482736422909116417 移动方向: -0.9181452 , 0 , 0.39624423
2025-12-05 17:58:35.2180 (StateSyncRequestHandler.cs:18) 玩家ID:482736422909116417 移动到新位置: 6.3172445 , 0 , 1.664659
2025-12-05 17:58:35.3185 (StateSyncRequestHandler.cs:18) 玩家ID:482736422909116417 移动方向: -0.9611608 , 0 , 0.275989
2025-12-05 17:58:35.3185 (StateSyncRequestHandler.cs:18) 玩家ID:482736422909116417 移动到新位置: 6.1250124 , 0 , 1.7198569
2025-12-05 17:58:35.4205 (StateSyncRequestHandler.cs:18) 玩家ID:482736422909116417 移动方向: -0.97747445 , 0 , -0.21105355
2025-12-05 17:58:35.4205 (StateSyncRequestHandler.cs:18) 玩家ID:482736422909116417 移动到新位置: 5.9295177 , 0 , 1.6776462
2025-12-05 17:58:35.5179 (StateSyncRequestHandler.cs:18) 玩家ID:482736422909116417 移动方向: -0.91178274 , 0 , -0.41067287
2025-12-05 17:58:35.5179 (StateSyncRequestHandler.cs:18) 玩家ID:482736422909116417 移动到新位置: 5.7471614 , 0 , 1.5955116
2025-12-05 17:58:35.6131 (StateSyncRequestHandler.cs:18) 玩家ID:482736422909116417 移动方向: -0.8773011 , 0 , -0.4799404
2025-12-05 17:58:35.6131 (StateSyncRequestHandler.cs:18) 玩家ID:482736422909116417 移动到新位置: 5.571701 , 0 , 1.4995235
2025-12-05 17:58:35.7180 (StateSyncRequestHandler.cs:18) 玩家ID:482736422909116417 移动方向: -0.38791278 , 0 , -0.9216961
2025-12-05 17:58:35.7180 (StateSyncRequestHandler.cs:18) 玩家ID:482736422909116417 移动到新位置: 5.4941187 , 0 , 1.3151844
2025-12-05 17:58:35.8145 (StateSyncRequestHandler.cs:18) 玩家ID:482736422909116417 移动方向: -0.09734315 , 0 , -0.9952508
2025-12-05 17:58:35.8145 (StateSyncRequestHandler.cs:18) 玩家ID:482736422909116417 移动到新位置: 5.47465 , 0 , 1.1161342
2025-12-05 17:58:35.9129 (StateSyncRequestHandler.cs:18) 玩家ID:482736422909116417 移动方向: 0.013693533 , 0 , -0.99990624
2025-12-05 17:58:35.9129 (StateSyncRequestHandler.cs:18) 玩家ID:482736422909116417 移动到新位置: 5.4773884 , 0 , 0.91615295
2025-12-05 17:58:36.0177 (StateSyncRequestHandler.cs:18) 玩家ID:482736422909116417 移动方向: -0.4665958 , 0 , -0.88447064
2025-12-05 17:58:36.0177 (StateSyncRequestHandler.cs:18) 玩家ID:482736422909116417 移动到新位置: 5.3840694 , 0 , 0.7392588
2025-12-05 17:58:36.1220 (StateSyncRequestHandler.cs:18) 玩家ID:482736422909116417 移动方向: -0.6839618 , 0 , -0.7295178
2025-12-05 17:58:36.1220 (StateSyncRequestHandler.cs:18) 玩家ID:482736422909116417 移动到新位置: 5.2472773 , 0 , 0.5933553
2025-12-05 17:58:36.2173 (StateSyncRequestHandler.cs:18) 玩家ID:482736422909116417 移动方向: -0.16130438 , 0 , -0.98690474
2025-12-05 17:58:36.2173 (StateSyncRequestHandler.cs:18) 玩家ID:482736422909116417 移动到新位置: 5.2150164 , 0 , 0.39597434
2025-12-05 17:58:36.3195 (StateSyncRequestHandler.cs:18) 玩家ID:482736422909116417 移动方向: -0.8693591 , 0 , -0.49418095
2025-12-05 17:58:36.3195 (StateSyncRequestHandler.cs:18) 玩家ID:482736422909116417 移动到新位置: 5.0411444 , 0 , 0.29713815
2025-12-05 17:58:36.4136 (StateSyncRequestHandler.cs:18) 玩家ID:482736422909116417 移动方向: -0.88872397 , 0 , -0.45844263
2025-12-05 17:58:36.4136 (StateSyncRequestHandler.cs:18) 玩家ID:482736422909116417 移动到新位置: 4.8633995 , 0 , 0.20544964
2025-12-05 17:58:36.5161 (StateSyncRequestHandler.cs:18) 玩家ID:482736422909116417 移动方向: -0.88145465 , 0 , -0.47226867
2025-12-05 17:58:36.5161 (StateSyncRequestHandler.cs:18) 玩家ID:482736422909116417 移动到新位置: 4.6871085 , 0 , 0.11099591
2025-12-05 17:58:36.6170 (StateSyncRequestHandler.cs:18) 玩家ID:482736422909116417 移动方向: -0.97144043 , 0 , 0.23728326
2025-12-05 17:58:36.6170 (StateSyncRequestHandler.cs:18) 玩家ID:482736422909116417 移动到新位置: 4.4928203 , 0 , 0.15845257
2025-12-05 17:58:36.7155 (StateSyncRequestHandler.cs:18) 玩家ID:482736422909116417 移动方向: -0.9786632 , 0 , 0.20547119
2025-12-05 17:58:36.7155 (StateSyncRequestHandler.cs:18) 玩家ID:482736422909116417 移动到新位置: 4.2970877 , 0 , 0.19954681
2025-12-05 17:58:36.8124 (StateSyncRequestHandler.cs:18) 玩家ID:482736422909116417 移动方向: -0.82940507 , 0 , -0.5586477
2025-12-05 17:58:36.8124 (StateSyncRequestHandler.cs:18) 玩家ID:482736422909116417 移动到新位置: 4.1312065 , 0 , 0.087817274
2025-12-05 17:58:36.9176 (StateSyncRequestHandler.cs:18) 玩家ID:482736422909116417 移动方向: -0.82646775 , 0 , -0.5629841
2025-12-05 17:58:36.9176 (StateSyncRequestHandler.cs:18) 玩家ID:482736422909116417 移动到新位置: 3.965913 , 0 , -0.024779543
2025-12-05 17:58:37.0157 (StateSyncRequestHandler.cs:18) 玩家ID:482736422909116417 移动方向: -0.8253182 , 0 , -0.564668
2025-12-05 17:58:37.0157 (StateSyncRequestHandler.cs:18) 玩家ID:482736422909116417 移动到新位置: 3.8008494 , 0 , -0.13771313
2025-12-05 17:58:37.1153 (StateSyncRequestHandler.cs:18) 玩家ID:482736422909116417 移动到新位置: 3.8008494 , 0 , -0.13771313
2025-12-05 17:58:53.4224 (StateSyncRequestHandler.cs:18) 玩家ID:482736422909116417 移动方向: 0.5653262 , 0 , -0.8248674
2025-12-05 17:58:53.4224 (StateSyncRequestHandler.cs:18) 玩家ID:482736422909116417 移动到新位置: 3.9139147 , 0 , -0.3026866
2025-12-05 17:58:53.5191 (StateSyncRequestHandler.cs:18) 玩家ID:482736422909116417 移动方向: 0.5653262 , 0 , -0.8248674
2025-12-05 17:58:53.5191 (StateSyncRequestHandler.cs:18) 玩家ID:482736422909116417 移动到新位置: 4.02698 , 0 , -0.46766007
2025-12-05 17:58:53.6245 (StateSyncRequestHandler.cs:18) 玩家ID:482736422909116417 移动方向: 0.98301536 , 0 , -0.18352342
2025-12-05 17:58:53.6245 (StateSyncRequestHandler.cs:18) 玩家ID:482736422909116417 移动到新位置: 4.223583 , 0 , -0.5043647
2025-12-05 17:58:53.7173 (StateSyncRequestHandler.cs:18) 玩家ID:482736422909116417 移动方向: 0.8248674 , 0 , 0.56532615
2025-12-05 17:58:53.7173 (StateSyncRequestHandler.cs:18) 玩家ID:482736422909116417 移动到新位置: 4.3885565 , 0 , -0.3912995
2025-12-05 17:58:53.8154 (StateSyncRequestHandler.cs:18) 玩家ID:482736422909116417 移动方向: 0.18352336 , 0 , 0.9830153
2025-12-05 17:58:53.8154 (StateSyncRequestHandler.cs:18) 玩家ID:482736422909116417 移动到新位置: 4.425261 , 0 , -0.19469643
2025-12-05 17:58:53.9124 (StateSyncRequestHandler.cs:18) 玩家ID:482736422909116417 移动方向: 0.18352336 , 0 , 0.9830153
2025-12-05 17:58:53.9124 (StateSyncRequestHandler.cs:18) 玩家ID:482736422909116417 移动到新位置: 4.4619656 , 0 , 0.0019066334
2025-12-05 17:58:54.0131 (StateSyncRequestHandler.cs:18) 玩家ID:482736422909116417 移动方向: 0.98301536 , 0 , -0.18352342
2025-12-05 17:58:54.0131 (StateSyncRequestHandler.cs:18) 玩家ID:482736422909116417 移动到新位置: 4.658569 , 0 , -0.03479805
2025-12-05 17:58:54.1254 (StateSyncRequestHandler.cs:18) 玩家ID:482736422909116417 移动方向: 0.98301536 , 0 , -0.18352342
2025-12-05 17:58:54.1254 (StateSyncRequestHandler.cs:18) 玩家ID:482736422909116417 移动到新位置: 4.855172 , 0 , -0.07150273
2025-12-05 17:58:54.2181 (StateSyncRequestHandler.cs:18) 玩家ID:482736422909116417 移动方向: 0.5653262 , 0 , -0.8248674
2025-12-05 17:58:54.2181 (StateSyncRequestHandler.cs:18) 玩家ID:482736422909116417 移动到新位置: 4.9682374 , 0 , -0.2364762
2025-12-05 17:58:54.3174 (StateSyncRequestHandler.cs:18) 玩家ID:482736422909116417 移动方向: 0.5653262 , 0 , -0.8248674
2025-12-05 17:58:54.3174 (StateSyncRequestHandler.cs:18) 玩家ID:482736422909116417 移动到新位置: 5.0813026 , 0 , -0.40144968
2025-12-05 17:58:54.4208 (StateSyncRequestHandler.cs:18) 玩家ID:482736422909116417 移动方向: 0.5653262 , 0 , -0.8248674
2025-12-05 17:58:54.4208 (StateSyncRequestHandler.cs:18) 玩家ID:482736422909116417 移动到新位置: 5.194368 , 0 , -0.5664232
2025-12-05 17:58:54.5199 (StateSyncRequestHandler.cs:18) 玩家ID:482736422909116417 移动方向: 0.5653262 , 0 , -0.8248674
2025-12-05 17:58:54.5199 (StateSyncRequestHandler.cs:18) 玩家ID:482736422909116417 移动到新位置: 5.307433 , 0 , -0.7313967
2025-12-05 17:58:54.6207 (StateSyncRequestHandler.cs:18) 玩家ID:482736422909116417 移动方向: 0.5653262 , 0 , -0.8248674
2025-12-05 17:58:54.6207 (StateSyncRequestHandler.cs:18) 玩家ID:482736422909116417 移动到新位置: 5.4204984 , 0 , -0.8963702
2025-12-05 17:58:54.7181 (StateSyncRequestHandler.cs:18) 玩家ID:482736422909116417 移动方向: 0.5653262 , 0 , -0.8248674
2025-12-05 17:58:54.7181 (StateSyncRequestHandler.cs:18) 玩家ID:482736422909116417 移动到新位置: 5.5335636 , 0 , -1.0613437
2025-12-05 17:58:54.8183 (StateSyncRequestHandler.cs:18) 玩家ID:482736422909116417 移动方向: 0.5653262 , 0 , -0.8248674
2025-12-05 17:58:54.8183 (StateSyncRequestHandler.cs:18) 玩家ID:482736422909116417 移动到新位置: 5.646629 , 0 , -1.2263172
2025-12-05 17:58:54.9191 (StateSyncRequestHandler.cs:18) 玩家ID:482736422909116417 移动方向: 0.5653262 , 0 , -0.8248674
2025-12-05 17:58:54.9191 (StateSyncRequestHandler.cs:18) 玩家ID:482736422909116417 移动到新位置: 5.759694 , 0 , -1.3912907
2025-12-05 17:58:55.0141 (StateSyncRequestHandler.cs:18) 玩家ID:482736422909116417 移动方向: 0.5653262 , 0 , -0.8248674
2025-12-05 17:58:55.0141 (StateSyncRequestHandler.cs:18) 玩家ID:482736422909116417 移动到新位置: 5.8727593 , 0 , -1.5562642
2025-12-05 17:58:55.1235 (StateSyncRequestHandler.cs:18) 玩家ID:482736422909116417 移动方向: 0.5653262 , 0 , -0.8248674
2025-12-05 17:58:55.1235 (StateSyncRequestHandler.cs:18) 玩家ID:482736422909116417 移动到新位置: 5.9858246 , 0 , -1.7212377
2025-12-05 17:58:55.2130 (StateSyncRequestHandler.cs:18) 玩家ID:482736422909116417 移动方向: 0.5653262 , 0 , -0.8248674
2025-12-05 17:58:55.2130 (StateSyncRequestHandler.cs:18) 玩家ID:482736422909116417 移动到新位置: 6.09889 , 0 , -1.8862112
2025-12-05 17:58:55.3180 (StateSyncRequestHandler.cs:18) 玩家ID:482736422909116417 移动方向: 0.5653262 , 0 , -0.8248674
2025-12-05 17:58:55.3180 (StateSyncRequestHandler.cs:18) 玩家ID:482736422909116417 移动到新位置: 6.211955 , 0 , -2.0511847
2025-12-05 17:58:55.4176 (StateSyncRequestHandler.cs:18) 玩家ID:482736422909116417 移动方向: 0.5653262 , 0 , -0.8248674
2025-12-05 17:58:55.4176 (StateSyncRequestHandler.cs:18) 玩家ID:482736422909116417 移动到新位置: 6.3250203 , 0 , -2.2161582
2025-12-05 17:58:55.5149 (StateSyncRequestHandler.cs:18) 玩家ID:482736422909116417 移动方向: 0.5653262 , 0 , -0.8248674
2025-12-05 17:58:55.5149 (StateSyncRequestHandler.cs:18) 玩家ID:482736422909116417 移动到新位置: 6.4380856 , 0 , -2.3811316
2025-12-05 17:58:55.6171 (StateSyncRequestHandler.cs:18) 玩家ID:482736422909116417 移动方向: 0.8248674 , 0 , 0.56532615
2025-12-05 17:58:55.6171 (StateSyncRequestHandler.cs:18) 玩家ID:482736422909116417 移动到新位置: 6.603059 , 0 , -2.2680664
2025-12-05 17:58:55.7213 (StateSyncRequestHandler.cs:18) 玩家ID:482736422909116417 移动方向: 0.8248674 , 0 , 0.56532615
2025-12-05 17:58:55.7213 (StateSyncRequestHandler.cs:18) 玩家ID:482736422909116417 移动到新位置: 6.768032 , 0 , -2.1550012
2025-12-05 17:58:55.8280 (StateSyncRequestHandler.cs:18) 玩家ID:482736422909116417 移动方向: 0.18352336 , 0 , 0.9830153
2025-12-05 17:58:55.8280 (StateSyncRequestHandler.cs:18) 玩家ID:482736422909116417 移动到新位置: 6.8047366 , 0 , -1.9583981
2025-12-05 17:58:55.9217 (StateSyncRequestHandler.cs:18) 玩家ID:482736422909116417 移动方向: 0.18352336 , 0 , 0.9830153
2025-12-05 17:58:55.9217 (StateSyncRequestHandler.cs:18) 玩家ID:482736422909116417 移动到新位置: 6.841441 , 0 , -1.761795
2025-12-05 17:58:56.0151 (StateSyncRequestHandler.cs:18) 玩家ID:482736422909116417 移动方向: 0.18352336 , 0 , 0.9830153
2025-12-05 17:58:56.0151 (StateSyncRequestHandler.cs:18) 玩家ID:482736422909116417 移动到新位置: 6.8781457 , 0 , -1.565192
2025-12-05 17:58:56.1132 (StateSyncRequestHandler.cs:18) 玩家ID:482736422909116417 移动方向: 0.18352336 , 0 , 0.9830153
2025-12-05 17:58:56.1132 (StateSyncRequestHandler.cs:18) 玩家ID:482736422909116417 移动到新位置: 6.91485 , 0 , -1.3685889
2025-12-05 17:58:56.2209 (StateSyncRequestHandler.cs:18) 玩家ID:482736422909116417 移动方向: 0.18352336 , 0 , 0.9830153
2025-12-05 17:58:56.2209 (StateSyncRequestHandler.cs:18) 玩家ID:482736422909116417 移动到新位置: 6.951555 , 0 , -1.1719859
2025-12-05 17:58:56.3147 (StateSyncRequestHandler.cs:18) 玩家ID:482736422909116417 移动方向: -0.5653262 , 0 , 0.8248674
2025-12-05 17:58:56.3147 (StateSyncRequestHandler.cs:18) 玩家ID:482736422909116417 移动到新位置: 6.8384895 , 0 , -1.0070124
2025-12-05 17:58:56.4211 (StateSyncRequestHandler.cs:18) 玩家ID:482736422909116417 移动方向: -0.5653262 , 0 , 0.8248674
2025-12-05 17:58:56.4211 (StateSyncRequestHandler.cs:18) 玩家ID:482736422909116417 移动到新位置: 6.7254243 , 0 , -0.84203887
2025-12-05 17:58:56.5312 (StateSyncRequestHandler.cs:18) 玩家ID:482736422909116417 移动方向: -0.98301536 , 0 , 0.18352342
2025-12-05 17:58:56.5312 (StateSyncRequestHandler.cs:18) 玩家ID:482736422909116417 移动到新位置: 6.528821 , 0 , -0.8053342
2025-12-05 17:58:56.6162 (StateSyncRequestHandler.cs:18) 玩家ID:482736422909116417 移动方向: -0.98301536 , 0 , 0.18352342
2025-12-05 17:58:56.6162 (StateSyncRequestHandler.cs:18) 玩家ID:482736422909116417 移动到新位置: 6.3322177 , 0 , -0.76862955
2025-12-05 17:58:56.7139 (StateSyncRequestHandler.cs:18) 玩家ID:482736422909116417 移动方向: -0.8248674 , 0 , -0.56532615
2025-12-05 17:58:56.7139 (StateSyncRequestHandler.cs:18) 玩家ID:482736422909116417 移动到新位置: 6.1672444 , 0 , -0.8816948
2025-12-05 17:58:56.8153 (StateSyncRequestHandler.cs:18) 玩家ID:482736422909116417 移动方向: -0.8248674 , 0 , -0.56532615
2025-12-05 17:58:56.8153 (StateSyncRequestHandler.cs:18) 玩家ID:482736422909116417 移动到新位置: 6.002271 , 0 , -0.99476004
2025-12-05 17:58:56.9193 (StateSyncRequestHandler.cs:18) 玩家ID:482736422909116417 移动方向: -0.8248674 , 0 , -0.56532615
2025-12-05 17:58:56.9193 (StateSyncRequestHandler.cs:18) 玩家ID:482736422909116417 移动到新位置: 5.837298 , 0 , -1.1078253
2025-12-05 17:58:57.0147 (StateSyncRequestHandler.cs:18) 玩家ID:482736422909116417 移动方向: -0.8248674 , 0 , -0.56532615
2025-12-05 17:58:57.0147 (StateSyncRequestHandler.cs:18) 玩家ID:482736422909116417 移动到新位置: 5.6723247 , 0 , -1.2208905
2025-12-05 17:58:57.1161 (StateSyncRequestHandler.cs:18) 玩家ID:482736422909116417 移动方向: -0.8248674 , 0 , -0.56532615
2025-12-05 17:58:57.1161 (StateSyncRequestHandler.cs:18) 玩家ID:482736422909116417 移动到新位置: 5.5073514 , 0 , -1.3339558
2025-12-05 17:58:57.2169 (StateSyncRequestHandler.cs:18) 玩家ID:482736422909116417 移动方向: -0.8248674 , 0 , -0.56532615
2025-12-05 17:58:57.2169 (StateSyncRequestHandler.cs:18) 玩家ID:482736422909116417 移动到新位置: 5.342378 , 0 , -1.447021
2025-12-05 17:58:57.3132 (StateSyncRequestHandler.cs:18) 玩家ID:482736422909116417 移动方向: -0.8248674 , 0 , -0.56532615
2025-12-05 17:58:57.3132 (StateSyncRequestHandler.cs:18) 玩家ID:482736422909116417 移动到新位置: 5.177405 , 0 , -1.5600863
2025-12-05 17:58:57.4146 (StateSyncRequestHandler.cs:18) 玩家ID:482736422909116417 移动方向: -0.8248674 , 0 , -0.56532615
2025-12-05 17:58:57.4146 (StateSyncRequestHandler.cs:18) 玩家ID:482736422909116417 移动到新位置: 5.0124316 , 0 , -1.6731515
2025-12-05 17:58:57.5117 (StateSyncRequestHandler.cs:18) 玩家ID:482736422909116417 移动到新位置: 5.0124316 , 0 , -1.6731515
