2025-12-05 18:36:34.3687  

==========================================================================
 
  ███████╗ █████╗ ███╗   ██╗████████╗ █████╗  ██████╗ ██╗   ██╗
  ██╔════╝██╔══██╗████╗  ██║╚══██╔══╝██╔══██╗██╔════╝ ╚██╗ ██╔╝
  █████╗  ███████║██╔██╗ ██║   ██║   ███████║╚█████╗   ╚████╔╝ 
  ██╔══╝  ██╔══██║██║╚██╗██║   ██║   ██╔══██║╚════██║   ╚██╔╝  
  ██║     ██║  ██║██║ ╚████║   ██║   ██║  ██║██████╔╝    ██║   
  ╚═╝     ╚═╝  ╚═╝╚═╝  ╚═══╝   ╚═╝   ╚═╝  ╚═╝╚═════╝     ╚═╝   
                                                            
 Version : Fantasy 2.0 Official version
==========================================================================

2025-12-05 18:36:34.4131  Current inner network protocol:TCP
2025-12-05 18:36:34.4131  Max Message Size(byte):1048560
2025-12-05 18:36:34.4131  Current session idle timeout:8000
2025-12-05 18:36:34.4131  Session-check interval:5000 
2025-12-05 18:36:34.8726  dbName:OnlineTest Initialize the db database and connect to the target.
2025-12-05 18:36:35.2020  dbName:OnlineTest Database connection successful.
2025-12-05 18:36:35.6216  SceneConfigId = 1001 networkTarget = Inner TCPServer Listen 127.0.0.1:11002
2025-12-05 18:36:35.9754  SceneConfigId = 1001 networkTarget = Outer KCPServer Listen 0.0.0.0:20000
2025-12-05 18:36:35.9754  Process:1 Startup Complete SceneCount:1
2025-12-05 18:36:42.6475 (LoginRequestHandler.cs:16) 收到登录请求
2025-12-05 18:36:42.8975 (EntryLobbyRequestHandler.cs:32) 进入大厅成功，玩家ID:482736422909116417
2025-12-05 18:36:45.0715 (LobbyPlayerManagerComponentSystem.cs:109) 玩家ID:482736422909116417 移动方向: 0.85065687 , 0 , -0.5257214
2025-12-05 18:36:45.0715 (LobbyPlayerManagerComponentSystem.cs:119) 玩家ID:482736422909116417 移动到新位置: 5.0124316 , 0 , -1.6731515
2025-12-05 18:36:45.1608 (LobbyPlayerManagerComponentSystem.cs:109) 玩家ID:482736422909116417 移动方向: 0.91081357 , 0 , -0.41281796
2025-12-05 18:36:45.1615 (LobbyPlayerManagerComponentSystem.cs:119) 玩家ID:482736422909116417 移动到新位置: 5.0124316 , 0 , -1.6731515
2025-12-05 18:36:45.2612 (LobbyPlayerManagerComponentSystem.cs:109) 玩家ID:482736422909116417 移动方向: 0.9286101 , 0 , -0.371057
2025-12-05 18:36:45.2612 (LobbyPlayerManagerComponentSystem.cs:119) 玩家ID:482736422909116417 移动到新位置: 5.0124316 , 0 , -1.6731515
2025-12-05 18:36:45.3584 (LobbyPlayerManagerComponentSystem.cs:109) 玩家ID:482736422909116417 移动方向: 0.9340755 , 0 , -0.35707554
2025-12-05 18:36:45.3584 (LobbyPlayerManagerComponentSystem.cs:119) 玩家ID:482736422909116417 移动到新位置: 5.0124316 , 0 , -1.6731515
2025-12-05 18:36:45.4543 (LobbyPlayerManagerComponentSystem.cs:109) 玩家ID:482736422909116417 移动方向: 0.41292882 , 0 , -0.91076326
2025-12-05 18:36:45.4543 (LobbyPlayerManagerComponentSystem.cs:119) 玩家ID:482736422909116417 移动到新位置: 5.0124316 , 0 , -1.6731515
2025-12-05 18:36:45.5535 (LobbyPlayerManagerComponentSystem.cs:109) 玩家ID:482736422909116417 移动方向: -0.35050446 , 0 , -0.93656105
2025-12-05 18:36:45.5535 (LobbyPlayerManagerComponentSystem.cs:119) 玩家ID:482736422909116417 移动到新位置: 5.0124316 , 0 , -1.6731515
2025-12-05 18:36:45.6639 (LobbyPlayerManagerComponentSystem.cs:109) 玩家ID:482736422909116417 移动方向: -0.34999678 , 0 , -0.9367509
2025-12-05 18:36:45.6639 (LobbyPlayerManagerComponentSystem.cs:119) 玩家ID:482736422909116417 移动到新位置: 5.0124316 , 0 , -1.6731515
2025-12-05 18:36:45.7666 (LobbyPlayerManagerComponentSystem.cs:109) 玩家ID:482736422909116417 移动方向: -0.3498574 , 0 , -0.9368029
2025-12-05 18:36:45.7666 (LobbyPlayerManagerComponentSystem.cs:119) 玩家ID:482736422909116417 移动到新位置: 5.0124316 , 0 , -1.6731515
2025-12-05 18:36:45.8552 (LobbyPlayerManagerComponentSystem.cs:109) 玩家ID:482736422909116417 移动方向: -0.34981716 , 0 , -0.936818
2025-12-05 18:36:45.8552 (LobbyPlayerManagerComponentSystem.cs:119) 玩家ID:482736422909116417 移动到新位置: 5.0124316 , 0 , -1.6731515
2025-12-05 18:36:45.9570 (LobbyPlayerManagerComponentSystem.cs:109) 玩家ID:482736422909116417 移动方向: -0.90978247 , 0 , -0.41508538
2025-12-05 18:36:45.9570 (LobbyPlayerManagerComponentSystem.cs:119) 玩家ID:482736422909116417 移动到新位置: 5.0124316 , 0 , -1.6731515
2025-12-05 18:36:46.0532 (LobbyPlayerManagerComponentSystem.cs:109) 玩家ID:482736422909116417 移动方向: -0.9368244 , 0 , 0.34980005
2025-12-05 18:36:46.0532 (LobbyPlayerManagerComponentSystem.cs:119) 玩家ID:482736422909116417 移动到新位置: 5.0124316 , 0 , -1.6731515
2025-12-05 18:36:46.1548 (LobbyPlayerManagerComponentSystem.cs:109) 玩家ID:482736422909116417 移动方向: -0.93682474 , 0 , 0.3497991
2025-12-05 18:36:46.1548 (LobbyPlayerManagerComponentSystem.cs:119) 玩家ID:482736422909116417 移动到新位置: 5.0124316 , 0 , -1.6731515
2025-12-05 18:36:46.2551 (LobbyPlayerManagerComponentSystem.cs:109) 玩家ID:482736422909116417 移动方向: -0.93682474 , 0 , 0.3497991
2025-12-05 18:36:46.2551 (LobbyPlayerManagerComponentSystem.cs:119) 玩家ID:482736422909116417 移动到新位置: 5.0124316 , 0 , -1.6731515
2025-12-05 18:36:46.3594 (LobbyPlayerManagerComponentSystem.cs:109) 玩家ID:482736422909116417 移动方向: -0.90978044 , 0 , -0.4150898
2025-12-05 18:36:46.3594 (LobbyPlayerManagerComponentSystem.cs:119) 玩家ID:482736422909116417 移动到新位置: 5.0124316 , 0 , -1.6731515
2025-12-05 18:36:46.4534 (LobbyPlayerManagerComponentSystem.cs:109) 玩家ID:482736422909116417 移动方向: -0.3497991 , 0 , -0.93682474
2025-12-05 18:36:46.4534 (LobbyPlayerManagerComponentSystem.cs:119) 玩家ID:482736422909116417 移动到新位置: 5.0124316 , 0 , -1.6731515
2025-12-05 18:36:46.5613 (LobbyPlayerManagerComponentSystem.cs:109) 玩家ID:482736422909116417 移动方向: -0.3497991 , 0 , -0.93682474
2025-12-05 18:36:46.5613 (LobbyPlayerManagerComponentSystem.cs:119) 玩家ID:482736422909116417 移动到新位置: 5.0124316 , 0 , -1.6731515
2025-12-05 18:36:46.6555 (LobbyPlayerManagerComponentSystem.cs:109) 玩家ID:482736422909116417 移动方向: 0.93682474 , 0 , -0.3497991
2025-12-05 18:36:46.6555 (LobbyPlayerManagerComponentSystem.cs:119) 玩家ID:482736422909116417 移动到新位置: 5.0124316 , 0 , -1.6731515
2025-12-05 18:36:46.7604 (LobbyPlayerManagerComponentSystem.cs:109) 玩家ID:482736422909116417 移动方向: 0.93682474 , 0 , -0.3497991
2025-12-05 18:36:46.7604 (LobbyPlayerManagerComponentSystem.cs:119) 玩家ID:482736422909116417 移动到新位置: 5.0124316 , 0 , -1.6731515
2025-12-05 18:36:46.8520 (LobbyPlayerManagerComponentSystem.cs:109) 玩家ID:482736422909116417 移动方向: 0.93682474 , 0 , -0.3497991
2025-12-05 18:36:46.8520 (LobbyPlayerManagerComponentSystem.cs:119) 玩家ID:482736422909116417 移动到新位置: 5.0124316 , 0 , -1.6731515
2025-12-05 18:36:46.9547 (LobbyPlayerManagerComponentSystem.cs:109) 玩家ID:482736422909116417 移动方向: 0.4150898 , 0 , -0.90978044
2025-12-05 18:36:46.9547 (LobbyPlayerManagerComponentSystem.cs:119) 玩家ID:482736422909116417 移动到新位置: 5.0124316 , 0 , -1.6731515
2025-12-05 18:36:47.0564 (LobbyPlayerManagerComponentSystem.cs:109) 玩家ID:482736422909116417 移动方向: 0.4150898 , 0 , -0.90978044
2025-12-05 18:36:47.0564 (LobbyPlayerManagerComponentSystem.cs:119) 玩家ID:482736422909116417 移动到新位置: 5.0124316 , 0 , -1.6731515
2025-12-05 18:36:47.1522 (LobbyPlayerManagerComponentSystem.cs:109) 玩家ID:482736422909116417 移动方向: -0.3497991 , 0 , -0.93682474
2025-12-05 18:36:47.1522 (LobbyPlayerManagerComponentSystem.cs:119) 玩家ID:482736422909116417 移动到新位置: 5.0124316 , 0 , -1.6731515
2025-12-05 18:36:47.2596 (LobbyPlayerManagerComponentSystem.cs:109) 玩家ID:482736422909116417 移动方向: -0.3497991 , 0 , -0.93682474
2025-12-05 18:36:47.2596 (LobbyPlayerManagerComponentSystem.cs:119) 玩家ID:482736422909116417 移动到新位置: 5.0124316 , 0 , -1.6731515
2025-12-05 18:36:47.3545 (LobbyPlayerManagerComponentSystem.cs:109) 玩家ID:482736422909116417 移动方向: -0.3497991 , 0 , -0.93682474
2025-12-05 18:36:47.3545 (LobbyPlayerManagerComponentSystem.cs:119) 玩家ID:482736422909116417 移动到新位置: 5.0124316 , 0 , -1.6731515
2025-12-05 18:36:47.4574 (LobbyPlayerManagerComponentSystem.cs:109) 玩家ID:482736422909116417 移动方向: -0.3497991 , 0 , -0.93682474
2025-12-05 18:36:47.4574 (LobbyPlayerManagerComponentSystem.cs:119) 玩家ID:482736422909116417 移动到新位置: 5.0124316 , 0 , -1.6731515
2025-12-05 18:36:47.5532 (LobbyPlayerManagerComponentSystem.cs:109) 玩家ID:482736422909116417 移动方向: -0.3497991 , 0 , -0.93682474
2025-12-05 18:36:47.5532 (LobbyPlayerManagerComponentSystem.cs:119) 玩家ID:482736422909116417 移动到新位置: 5.0124316 , 0 , -1.6731515
2025-12-05 18:36:47.6607 (LobbyPlayerManagerComponentSystem.cs:109) 玩家ID:482736422909116417 移动方向: 0.93682474 , 0 , -0.3497991
2025-12-05 18:36:47.6607 (LobbyPlayerManagerComponentSystem.cs:119) 玩家ID:482736422909116417 移动到新位置: 5.0124316 , 0 , -1.6731515
2025-12-05 18:36:47.7558 (LobbyPlayerManagerComponentSystem.cs:109) 玩家ID:482736422909116417 移动方向: 0.93682474 , 0 , -0.3497991
2025-12-05 18:36:47.7558 (LobbyPlayerManagerComponentSystem.cs:119) 玩家ID:482736422909116417 移动到新位置: 5.0124316 , 0 , -1.6731515
2025-12-05 18:36:47.8722 (StateSyncRequestHandler.cs:17) 玩家ID:482736422909116417 移动方向: 0.93682474 , 0 , -0.3497991
2025-12-05 18:36:47.8722 (StateSyncRequestHandler.cs:17) 玩家ID:482736422909116417 移动到新位置: 5.0124316 , 0 , -1.6731515
2025-12-05 18:36:47.9534 (StateSyncRequestHandler.cs:17) 玩家ID:482736422909116417 移动方向: 0.93682474 , 0 , -0.3497991
2025-12-05 18:36:47.9534 (StateSyncRequestHandler.cs:17) 玩家ID:482736422909116417 移动到新位置: 5.0124316 , 0 , -1.6731515
2025-12-05 18:36:48.0553 (StateSyncRequestHandler.cs:17) 玩家ID:482736422909116417 移动方向: 0.93682474 , 0 , -0.3497991
2025-12-05 18:36:48.0553 (StateSyncRequestHandler.cs:17) 玩家ID:482736422909116417 移动到新位置: 5.0124316 , 0 , -1.6731515
2025-12-05 18:36:48.1613 (StateSyncRequestHandler.cs:17) 玩家ID:482736422909116417 移动方向: 0.93682474 , 0 , -0.3497991
2025-12-05 18:36:48.1613 (StateSyncRequestHandler.cs:17) 玩家ID:482736422909116417 移动到新位置: 5.0124316 , 0 , -1.6731515
2025-12-05 18:36:48.2617 (StateSyncRequestHandler.cs:17) 玩家ID:482736422909116417 移动方向: 0.93682474 , 0 , -0.3497991
2025-12-05 18:36:48.2617 (StateSyncRequestHandler.cs:17) 玩家ID:482736422909116417 移动到新位置: 5.0124316 , 0 , -1.6731515
2025-12-05 18:36:48.3556 (StateSyncRequestHandler.cs:17) 玩家ID:482736422909116417 移动方向: 0.93682474 , 0 , -0.3497991
2025-12-05 18:36:48.3556 (StateSyncRequestHandler.cs:17) 玩家ID:482736422909116417 移动到新位置: 5.0124316 , 0 , -1.6731515
2025-12-05 18:36:48.4620 (StateSyncRequestHandler.cs:17) 玩家ID:482736422909116417 移动方向: 0.93682474 , 0 , -0.3497991
2025-12-05 18:36:48.4620 (StateSyncRequestHandler.cs:17) 玩家ID:482736422909116417 移动到新位置: 5.0124316 , 0 , -1.6731515
2025-12-05 18:36:48.5543 (StateSyncRequestHandler.cs:17) 玩家ID:482736422909116417 移动方向: -0.3497991 , 0 , -0.93682474
2025-12-05 18:36:48.5543 (StateSyncRequestHandler.cs:17) 玩家ID:482736422909116417 移动到新位置: 5.0124316 , 0 , -1.6731515
2025-12-05 18:36:48.6570 (StateSyncRequestHandler.cs:17) 玩家ID:482736422909116417 移动方向: -0.3497991 , 0 , -0.93682474
2025-12-05 18:36:48.6570 (StateSyncRequestHandler.cs:17) 玩家ID:482736422909116417 移动到新位置: 5.0124316 , 0 , -1.6731515
2025-12-05 18:36:48.7577 (StateSyncRequestHandler.cs:17) 玩家ID:482736422909116417 移动方向: -0.3497991 , 0 , -0.93682474
2025-12-05 18:36:48.7577 (StateSyncRequestHandler.cs:17) 玩家ID:482736422909116417 移动到新位置: 5.0124316 , 0 , -1.6731515
2025-12-05 18:36:48.8584 (StateSyncRequestHandler.cs:17) 玩家ID:482736422909116417 移动方向: -0.3497991 , 0 , -0.93682474
2025-12-05 18:36:48.8584 (StateSyncRequestHandler.cs:17) 玩家ID:482736422909116417 移动到新位置: 5.0124316 , 0 , -1.6731515
2025-12-05 18:36:48.9558 (StateSyncRequestHandler.cs:17) 玩家ID:482736422909116417 移动方向: -0.3497991 , 0 , -0.93682474
2025-12-05 18:36:48.9558 (StateSyncRequestHandler.cs:17) 玩家ID:482736422909116417 移动到新位置: 5.0124316 , 0 , -1.6731515
2025-12-05 18:36:49.0590 (StateSyncRequestHandler.cs:17) 玩家ID:482736422909116417 移动方向: -0.3497991 , 0 , -0.93682474
2025-12-05 18:36:49.0590 (StateSyncRequestHandler.cs:17) 玩家ID:482736422909116417 移动到新位置: 5.0124316 , 0 , -1.6731515
2025-12-05 18:36:49.1595 (StateSyncRequestHandler.cs:17) 玩家ID:482736422909116417 移动方向: -0.3497991 , 0 , -0.93682474
2025-12-05 18:36:49.1595 (StateSyncRequestHandler.cs:17) 玩家ID:482736422909116417 移动到新位置: 5.0124316 , 0 , -1.6731515
2025-12-05 18:36:49.2616 (StateSyncRequestHandler.cs:17) 玩家ID:482736422909116417 移动方向: -0.3497991 , 0 , -0.93682474
2025-12-05 18:36:49.2616 (StateSyncRequestHandler.cs:17) 玩家ID:482736422909116417 移动到新位置: 5.0124316 , 0 , -1.6731515
2025-12-05 18:36:49.3554 (StateSyncRequestHandler.cs:17) 玩家ID:482736422909116417 移动方向: 0.93682474 , 0 , -0.3497991
2025-12-05 18:36:49.3554 (StateSyncRequestHandler.cs:17) 玩家ID:482736422909116417 移动到新位置: 5.0124316 , 0 , -1.6731515
2025-12-05 18:36:49.4557 (StateSyncRequestHandler.cs:17) 玩家ID:482736422909116417 移动方向: 0.93682474 , 0 , -0.3497991
2025-12-05 18:36:49.4557 (StateSyncRequestHandler.cs:17) 玩家ID:482736422909116417 移动到新位置: 5.0124316 , 0 , -1.6731515
2025-12-05 18:36:49.5545 (StateSyncRequestHandler.cs:17) 玩家ID:482736422909116417 移动方向: 0.93682474 , 0 , -0.3497991
2025-12-05 18:36:49.5545 (StateSyncRequestHandler.cs:17) 玩家ID:482736422909116417 移动到新位置: 5.0124316 , 0 , -1.6731515
2025-12-05 18:36:49.6553 (StateSyncRequestHandler.cs:17) 玩家ID:482736422909116417 移动方向: 0.93682474 , 0 , -0.3497991
2025-12-05 18:36:49.6553 (StateSyncRequestHandler.cs:17) 玩家ID:482736422909116417 移动到新位置: 5.0124316 , 0 , -1.6731515
2025-12-05 18:36:49.7528 (StateSyncRequestHandler.cs:17) 玩家ID:482736422909116417 移动方向: 0.93682474 , 0 , -0.3497991
2025-12-05 18:36:49.7528 (StateSyncRequestHandler.cs:17) 玩家ID:482736422909116417 移动到新位置: 5.0124316 , 0 , -1.6731515
2025-12-05 18:36:49.8535 (StateSyncRequestHandler.cs:17) 玩家ID:482736422909116417 移动到新位置: 5.0124316 , 0 , -1.6731515
2025-12-05 18:38:26.3823  收到登录请求
2025-12-05 18:38:26.4135  进入大厅成功，玩家ID:482736422909116417
2025-12-05 18:38:27.7013 (StateSyncRequestHandler.cs:17) 玩家ID:482736422909116417 移动方向: -0.9927313 , 0 , -0.12035205
2025-12-05 18:38:27.7013 (StateSyncRequestHandler.cs:17) 玩家ID:482736422909116417 移动到新位置: 5.0124316 , 0 , -1.6731515
2025-12-05 18:38:27.7969 (StateSyncRequestHandler.cs:17) 玩家ID:482736422909116417 移动方向: -0.9828028 , 0 , -0.18465804
2025-12-05 18:38:27.7969 (StateSyncRequestHandler.cs:17) 玩家ID:482736422909116417 移动到新位置: 5.0124316 , 0 , -1.6731515
2025-12-05 18:38:27.8954 (StateSyncRequestHandler.cs:17) 玩家ID:482736422909116417 移动方向: -0.97614884 , 0 , -0.21710242
2025-12-05 18:38:27.8959 (StateSyncRequestHandler.cs:17) 玩家ID:482736422909116417 移动到新位置: 5.0124316 , 0 , -1.6731515
2025-12-05 18:38:27.9959 (StateSyncRequestHandler.cs:17) 玩家ID:482736422909116417 移动方向: -0.97303987 , 0 , -0.23063698
2025-12-05 18:38:27.9959 (StateSyncRequestHandler.cs:17) 玩家ID:482736422909116417 移动到新位置: 5.0124316 , 0 , -1.6731515
2025-12-05 18:38:28.0950 (StateSyncRequestHandler.cs:17) 玩家ID:482736422909116417 移动方向: -0.97198385 , 0 , -0.23504758
2025-12-05 18:38:28.0950 (StateSyncRequestHandler.cs:17) 玩家ID:482736422909116417 移动到新位置: 5.0124316 , 0 , -1.6731515
2025-12-05 18:38:28.2028 (StateSyncRequestHandler.cs:17) 玩家ID:482736422909116417 移动方向: -0.9715961 , 0 , -0.23664525
2025-12-05 18:38:28.2028 (StateSyncRequestHandler.cs:17) 玩家ID:482736422909116417 移动到新位置: 5.0124316 , 0 , -1.6731515
2025-12-05 18:38:28.2956 (StateSyncRequestHandler.cs:17) 玩家ID:482736422909116417 移动方向: -0.9714966 , 0 , -0.23705357
2025-12-05 18:38:28.2956 (StateSyncRequestHandler.cs:17) 玩家ID:482736422909116417 移动到新位置: 5.0124316 , 0 , -1.6731515
2025-12-05 18:38:28.3979 (StateSyncRequestHandler.cs:17) 玩家ID:482736422909116417 移动方向: -0.971461 , 0 , -0.23719941
2025-12-05 18:38:28.3979 (StateSyncRequestHandler.cs:17) 玩家ID:482736422909116417 移动到新位置: 5.0124316 , 0 , -1.6731515
2025-12-05 18:38:28.4957 (StateSyncRequestHandler.cs:17) 玩家ID:482736422909116417 移动方向: -0.97145015 , 0 , -0.23724373
2025-12-05 18:38:28.4957 (StateSyncRequestHandler.cs:17) 玩家ID:482736422909116417 移动到新位置: 5.0124316 , 0 , -1.6731515
2025-12-05 18:38:28.5973 (StateSyncRequestHandler.cs:17) 玩家ID:482736422909116417 移动方向: -0.971447 , 0 , -0.23725681
2025-12-05 18:38:28.5973 (StateSyncRequestHandler.cs:17) 玩家ID:482736422909116417 移动到新位置: 5.0124316 , 0 , -1.6731515
2025-12-05 18:38:28.6980 (StateSyncRequestHandler.cs:17) 玩家ID:482736422909116417 移动方向: -0.97144604 , 0 , -0.2372605
2025-12-05 18:38:28.6980 (StateSyncRequestHandler.cs:17) 玩家ID:482736422909116417 移动到新位置: 5.0124316 , 0 , -1.6731515
2025-12-05 18:38:28.7965 (StateSyncRequestHandler.cs:17) 玩家ID:482736422909116417 移动方向: -0.51914656 , 0 , -0.8546852
2025-12-05 18:38:28.7965 (StateSyncRequestHandler.cs:17) 玩家ID:482736422909116417 移动到新位置: 5.0124316 , 0 , -1.6731515
2025-12-05 18:38:28.8960 (StateSyncRequestHandler.cs:17) 玩家ID:482736422909116417 移动方向: 0.23726194 , 0 , -0.9714457
2025-12-05 18:38:28.8960 (StateSyncRequestHandler.cs:17) 玩家ID:482736422909116417 移动到新位置: 5.0124316 , 0 , -1.6731515
2025-12-05 18:38:28.9954 (StateSyncRequestHandler.cs:17) 玩家ID:482736422909116417 移动方向: 0.237262 , 0 , -0.9714457
2025-12-05 18:38:28.9954 (StateSyncRequestHandler.cs:17) 玩家ID:482736422909116417 移动到新位置: 5.0124316 , 0 , -1.6731515
2025-12-05 18:38:29.0991 (StateSyncRequestHandler.cs:17) 玩家ID:482736422909116417 移动方向: 0.85468537 , 0 , -0.5191462
2025-12-05 18:38:29.0991 (StateSyncRequestHandler.cs:17) 玩家ID:482736422909116417 移动到新位置: 5.0124316 , 0 , -1.6731515
2025-12-05 18:38:29.1972 (StateSyncRequestHandler.cs:17) 玩家ID:482736422909116417 移动方向: 0.9714457 , 0 , 0.23726201
2025-12-05 18:38:29.1972 (StateSyncRequestHandler.cs:17) 玩家ID:482736422909116417 移动到新位置: 5.0124316 , 0 , -1.6731515
2025-12-05 18:38:29.2990 (StateSyncRequestHandler.cs:17) 玩家ID:482736422909116417 移动方向: 0.51914626 , 0 , 0.8546854
2025-12-05 18:38:29.2990 (StateSyncRequestHandler.cs:17) 玩家ID:482736422909116417 移动到新位置: 5.0124316 , 0 , -1.6731515
2025-12-05 18:38:29.3949 (StateSyncRequestHandler.cs:17) 玩家ID:482736422909116417 移动方向: -0.237262 , 0 , 0.9714457
2025-12-05 18:38:29.3949 (StateSyncRequestHandler.cs:17) 玩家ID:482736422909116417 移动到新位置: 5.0124316 , 0 , -1.6731515
2025-12-05 18:38:29.4959 (StateSyncRequestHandler.cs:17) 玩家ID:482736422909116417 移动到新位置: 5.0124316 , 0 , -1.6731515
2025-12-05 18:38:30.8001 (StateSyncRequestHandler.cs:17) 玩家ID:482736422909116417 移动方向: 0.237262 , 0 , -0.9714457
2025-12-05 18:38:30.8001 (StateSyncRequestHandler.cs:17) 玩家ID:482736422909116417 移动到新位置: 5.0124316 , 0 , -1.6731515
2025-12-05 18:38:30.8996 (StateSyncRequestHandler.cs:17) 玩家ID:482736422909116417 移动方向: 0.237262 , 0 , -0.9714457
2025-12-05 18:38:30.8996 (StateSyncRequestHandler.cs:17) 玩家ID:482736422909116417 移动到新位置: 5.0124316 , 0 , -1.6731515
2025-12-05 18:38:31.0002 (StateSyncRequestHandler.cs:17) 玩家ID:482736422909116417 移动方向: 0.237262 , 0 , -0.9714457
2025-12-05 18:38:31.0002 (StateSyncRequestHandler.cs:17) 玩家ID:482736422909116417 移动到新位置: 5.0124316 , 0 , -1.6731515
2025-12-05 18:38:31.0986 (StateSyncRequestHandler.cs:17) 玩家ID:482736422909116417 移动方向: -0.51914626 , 0 , -0.8546854
2025-12-05 18:38:31.0993 (StateSyncRequestHandler.cs:17) 玩家ID:482736422909116417 移动到新位置: 5.0124316 , 0 , -1.6731515
2025-12-05 18:38:31.1988 (StateSyncRequestHandler.cs:17) 玩家ID:482736422909116417 移动方向: -0.9714457 , 0 , -0.23726201
2025-12-05 18:38:31.1988 (StateSyncRequestHandler.cs:17) 玩家ID:482736422909116417 移动到新位置: 5.0124316 , 0 , -1.6731515
2025-12-05 18:38:31.3082 (StateSyncRequestHandler.cs:17) 玩家ID:482736422909116417 移动方向: -0.9714457 , 0 , -0.23726201
2025-12-05 18:38:31.3082 (StateSyncRequestHandler.cs:17) 玩家ID:482736422909116417 移动到新位置: 5.0124316 , 0 , -1.6731515
2025-12-05 18:38:31.3996 (StateSyncRequestHandler.cs:17) 玩家ID:482736422909116417 移动方向: -0.237262 , 0 , 0.9714457
2025-12-05 18:38:31.3996 (StateSyncRequestHandler.cs:17) 玩家ID:482736422909116417 移动到新位置: 5.0124316 , 0 , -1.6731515
2025-12-05 18:38:31.5010 (StateSyncRequestHandler.cs:17) 玩家ID:482736422909116417 移动方向: -0.237262 , 0 , 0.9714457
2025-12-05 18:38:31.5010 (StateSyncRequestHandler.cs:17) 玩家ID:482736422909116417 移动到新位置: 5.0124316 , 0 , -1.6731515
2025-12-05 18:38:31.6007 (StateSyncRequestHandler.cs:17) 玩家ID:482736422909116417 移动方向: 0.51914626 , 0 , 0.8546854
2025-12-05 18:38:31.6007 (StateSyncRequestHandler.cs:17) 玩家ID:482736422909116417 移动到新位置: 5.0124316 , 0 , -1.6731515
2025-12-05 18:38:31.7017 (StateSyncRequestHandler.cs:17) 玩家ID:482736422909116417 移动方向: 0.51914626 , 0 , 0.8546854
2025-12-05 18:38:31.7017 (StateSyncRequestHandler.cs:17) 玩家ID:482736422909116417 移动到新位置: 5.0124316 , 0 , -1.6731515
2025-12-05 18:38:31.7953 (StateSyncRequestHandler.cs:17) 玩家ID:482736422909116417 移动方向: -0.85468537 , 0 , 0.5191462
2025-12-05 18:38:31.7953 (StateSyncRequestHandler.cs:17) 玩家ID:482736422909116417 移动到新位置: 5.0124316 , 0 , -1.6731515
2025-12-05 18:38:31.8957 (StateSyncRequestHandler.cs:17) 玩家ID:482736422909116417 移动方向: -0.85468537 , 0 , 0.5191462
2025-12-05 18:38:31.8957 (StateSyncRequestHandler.cs:17) 玩家ID:482736422909116417 移动到新位置: 5.0124316 , 0 , -1.6731515
2025-12-05 18:38:31.9963 (StateSyncRequestHandler.cs:17) 玩家ID:482736422909116417 移动方向: -0.85468537 , 0 , 0.5191462
2025-12-05 18:38:31.9963 (StateSyncRequestHandler.cs:17) 玩家ID:482736422909116417 移动到新位置: 5.0124316 , 0 , -1.6731515
2025-12-05 18:38:32.1019 (StateSyncRequestHandler.cs:17) 玩家ID:482736422909116417 移动方向: -0.85468537 , 0 , 0.5191462
2025-12-05 18:38:32.1019 (StateSyncRequestHandler.cs:17) 玩家ID:482736422909116417 移动到新位置: 5.0124316 , 0 , -1.6731515
2025-12-05 18:38:32.2004 (StateSyncRequestHandler.cs:17) 玩家ID:482736422909116417 移动方向: -0.237262 , 0 , 0.9714457
2025-12-05 18:38:32.2004 (StateSyncRequestHandler.cs:17) 玩家ID:482736422909116417 移动到新位置: 5.0124316 , 0 , -1.6731515
2025-12-05 18:38:32.2975 (StateSyncRequestHandler.cs:17) 玩家ID:482736422909116417 移动方向: 0.51914626 , 0 , 0.8546854
2025-12-05 18:38:32.2975 (StateSyncRequestHandler.cs:17) 玩家ID:482736422909116417 移动到新位置: 5.0124316 , 0 , -1.6731515
2025-12-05 18:38:32.3972 (StateSyncRequestHandler.cs:17) 玩家ID:482736422909116417 移动方向: 0.51914626 , 0 , 0.8546854
2025-12-05 18:38:32.3972 (StateSyncRequestHandler.cs:17) 玩家ID:482736422909116417 移动到新位置: 5.0124316 , 0 , -1.6731515
2025-12-05 18:38:32.4999 (StateSyncRequestHandler.cs:17) 玩家ID:482736422909116417 移动方向: 0.51914626 , 0 , 0.8546854
2025-12-05 18:38:32.4999 (StateSyncRequestHandler.cs:17) 玩家ID:482736422909116417 移动到新位置: 5.0124316 , 0 , -1.6731515
2025-12-05 18:38:32.6030 (StateSyncRequestHandler.cs:17) 玩家ID:482736422909116417 移动方向: -0.237262 , 0 , 0.9714457
2025-12-05 18:38:32.6030 (StateSyncRequestHandler.cs:17) 玩家ID:482736422909116417 移动到新位置: 5.0124316 , 0 , -1.6731515
2025-12-05 18:38:32.6995 (StateSyncRequestHandler.cs:17) 玩家ID:482736422909116417 移动到新位置: 5.0124316 , 0 , -1.6731515
2025-12-05 18:42:16.0259  收到登录请求
2025-12-05 18:42:16.0630  进入大厅成功，玩家ID:482736422909116417
2025-12-05 18:42:17.2828 (StateSyncRequestHandler.cs:17) 玩家ID:482736422909116417 移动方向: 0.10148584 , 0 , -0.994837
2025-12-05 18:42:17.2828 (StateSyncRequestHandler.cs:17) 玩家ID:482736422909116417 移动到新位置: 5.0327287 , 0 , -1.872119
2025-12-05 18:42:17.3777 (StateSyncRequestHandler.cs:17) 玩家ID:482736422909116417 移动方向: 0.10178713 , 0 , -0.9948062
2025-12-05 18:42:17.3777 (StateSyncRequestHandler.cs:17) 玩家ID:482736422909116417 移动到新位置: 5.0530863 , 0 , -2.0710802
2025-12-05 18:42:17.4763 (StateSyncRequestHandler.cs:17) 玩家ID:482736422909116417 移动方向: 0.101882875 , 0 , -0.99479645
2025-12-05 18:42:17.4763 (StateSyncRequestHandler.cs:17) 玩家ID:482736422909116417 移动到新位置: 5.073463 , 0 , -2.2700396
2025-12-05 18:42:17.5814 (StateSyncRequestHandler.cs:17) 玩家ID:482736422909116417 移动方向: 0.101912566 , 0 , -0.99479336
2025-12-05 18:42:17.5814 (StateSyncRequestHandler.cs:17) 玩家ID:482736422909116417 移动到新位置: 5.0938454 , 0 , -2.4689982
2025-12-05 18:42:17.6863 (StateSyncRequestHandler.cs:17) 玩家ID:482736422909116417 移动方向: 0.10192126 , 0 , -0.99479246
2025-12-05 18:42:17.6863 (StateSyncRequestHandler.cs:17) 玩家ID:482736422909116417 移动到新位置: 5.1142297 , 0 , -2.6679566
2025-12-05 18:42:17.7780 (StateSyncRequestHandler.cs:17) 玩家ID:482736422909116417 移动方向: -0.63135356 , 0 , -0.7754951
2025-12-05 18:42:17.7780 (StateSyncRequestHandler.cs:17) 玩家ID:482736422909116417 移动到新位置: 4.987959 , 0 , -2.8230555
2025-12-05 18:42:17.8802 (StateSyncRequestHandler.cs:17) 玩家ID:482736422909116417 移动方向: -0.631353 , 0 , -0.7754955
2025-12-05 18:42:17.8802 (StateSyncRequestHandler.cs:17) 玩家ID:482736422909116417 移动到新位置: 4.861688 , 0 , -2.9781547
2025-12-05 18:42:17.9810 (StateSyncRequestHandler.cs:17) 玩家ID:482736422909116417 移动方向: -0.99479216 , 0 , -0.101924375
2025-12-05 18:42:17.9810 (StateSyncRequestHandler.cs:17) 玩家ID:482736422909116417 移动到新位置: 4.6627297 , 0 , -2.9985394
2025-12-05 18:42:18.0808 (StateSyncRequestHandler.cs:17) 玩家ID:482736422909116417 移动方向: -0.99479216 , 0 , -0.10192445
2025-12-05 18:42:18.0808 (StateSyncRequestHandler.cs:17) 玩家ID:482736422909116417 移动到新位置: 4.4637713 , 0 , -3.0189242
2025-12-05 18:42:18.1794 (StateSyncRequestHandler.cs:17) 玩家ID:482736422909116417 移动方向: -0.77549577 , 0 , 0.6313527
2025-12-05 18:42:18.1794 (StateSyncRequestHandler.cs:17) 玩家ID:482736422909116417 移动到新位置: 4.308672 , 0 , -2.8926537
2025-12-05 18:42:18.2768 (StateSyncRequestHandler.cs:17) 玩家ID:482736422909116417 移动方向: -0.7757951 , 0 , 0.6309849
2025-12-05 18:42:18.2768 (StateSyncRequestHandler.cs:17) 玩家ID:482736422909116417 移动到新位置: 4.153513 , 0 , -2.7664566
2025-12-05 18:42:18.3795 (StateSyncRequestHandler.cs:17) 玩家ID:482736422909116417 移动方向: -0.8071346 , 0 , 0.5903674
2025-12-05 18:42:18.3795 (StateSyncRequestHandler.cs:17) 玩家ID:482736422909116417 移动到新位置: 3.992086 , 0 , -2.6483831
2025-12-05 18:42:18.4735 (StateSyncRequestHandler.cs:17) 玩家ID:482736422909116417 移动方向: -0.9413923 , 0 , -0.33731377
2025-12-05 18:42:18.4735 (StateSyncRequestHandler.cs:17) 玩家ID:482736422909116417 移动到新位置: 3.8038075 , 0 , -2.7158458
2025-12-05 18:42:18.5798 (StateSyncRequestHandler.cs:17) 玩家ID:482736422909116417 移动方向: 0.6202863 , 0 , -0.7843755
2025-12-05 18:42:18.5798 (StateSyncRequestHandler.cs:17) 玩家ID:482736422909116417 移动到新位置: 3.9278648 , 0 , -2.872721
2025-12-05 18:42:18.6740 (StateSyncRequestHandler.cs:17) 玩家ID:482736422909116417 移动方向: 0.8064331 , 0 , -0.59132534
2025-12-05 18:42:18.6740 (StateSyncRequestHandler.cs:17) 玩家ID:482736422909116417 移动到新位置: 4.0891514 , 0 , -2.990986
2025-12-05 18:42:18.7764 (StateSyncRequestHandler.cs:17) 玩家ID:482736422909116417 移动方向: 0.8804006 , 0 , -0.47423074
2025-12-05 18:42:18.7764 (StateSyncRequestHandler.cs:17) 玩家ID:482736422909116417 移动到新位置: 4.2652316 , 0 , -3.0858324
2025-12-05 18:42:18.8820 (StateSyncRequestHandler.cs:17) 玩家ID:482736422909116417 移动方向: 0.3369925 , 0 , -0.94150734
2025-12-05 18:42:18.8820 (StateSyncRequestHandler.cs:17) 玩家ID:482736422909116417 移动到新位置: 4.33263 , 0 , -3.274134
2025-12-05 18:42:18.9758 (StateSyncRequestHandler.cs:17) 玩家ID:482736422909116417 移动方向: 0.35244232 , 0 , -0.9358335
2025-12-05 18:42:18.9758 (StateSyncRequestHandler.cs:17) 玩家ID:482736422909116417 移动到新位置: 4.4031186 , 0 , -3.4613006
2025-12-05 18:42:19.0744 (StateSyncRequestHandler.cs:17) 玩家ID:482736422909116417 移动方向: -0.4068842 , 0 , -0.9134797
2025-12-05 18:42:19.0744 (StateSyncRequestHandler.cs:17) 玩家ID:482736422909116417 移动到新位置: 4.3217416 , 0 , -3.6439965
2025-12-05 18:42:19.1818 (StateSyncRequestHandler.cs:17) 玩家ID:482736422909116417 移动方向: -0.93340516 , 0 , -0.3588243
2025-12-05 18:42:19.1818 (StateSyncRequestHandler.cs:17) 玩家ID:482736422909116417 移动到新位置: 4.135061 , 0 , -3.7157614
2025-12-05 18:42:19.2810 (StateSyncRequestHandler.cs:17) 玩家ID:482736422909116417 移动方向: -0.9421826 , 0 , -0.33509982
2025-12-05 18:42:19.2810 (StateSyncRequestHandler.cs:17) 玩家ID:482736422909116417 移动到新位置: 3.852406 , 0 , -3.8162913
2025-12-05 18:42:19.3894 (StateSyncRequestHandler.cs:17) 玩家ID:482736422909116417 移动方向: -0.9569261 , 0 , -0.29033157
2025-12-05 18:42:19.3894 (StateSyncRequestHandler.cs:17) 玩家ID:482736422909116417 移动到新位置: 3.5653281 , 0 , -3.903391
2025-12-05 18:42:19.4790 (StateSyncRequestHandler.cs:17) 玩家ID:482736422909116417 移动方向: -0.9712968 , 0 , -0.23787096
2025-12-05 18:42:19.4790 (StateSyncRequestHandler.cs:17) 玩家ID:482736422909116417 移动到新位置: 3.2739391 , 0 , -3.9747522
2025-12-05 18:42:19.5743 (StateSyncRequestHandler.cs:17) 玩家ID:482736422909116417 移动方向: -0.97940964 , 0 , -0.20188308
2025-12-05 18:42:19.5743 (StateSyncRequestHandler.cs:17) 玩家ID:482736422909116417 移动到新位置: 2.9801164 , 0 , -4.035317
2025-12-05 18:42:19.6786 (StateSyncRequestHandler.cs:17) 玩家ID:482736422909116417 移动方向: -0.9826728 , 0 , -0.18534902
2025-12-05 18:42:19.6786 (StateSyncRequestHandler.cs:17) 玩家ID:482736422909116417 移动到新位置: 2.6853147 , 0 , -4.090922
2025-12-05 18:42:19.7802 (StateSyncRequestHandler.cs:17) 玩家ID:482736422909116417 移动方向: -0.5693583 , 0 , -0.8220895
2025-12-05 18:42:19.7802 (StateSyncRequestHandler.cs:17) 玩家ID:482736422909116417 移动到新位置: 2.5145073 , 0 , -4.3375487
2025-12-05 18:42:19.8800 (StateSyncRequestHandler.cs:17) 玩家ID:482736422909116417 移动方向: -0.5876086 , 0 , -0.8091454
2025-12-05 18:42:19.8800 (StateSyncRequestHandler.cs:17) 玩家ID:482736422909116417 移动到新位置: 2.3382246 , 0 , -4.580292
2025-12-05 18:42:19.9765 (StateSyncRequestHandler.cs:17) 玩家ID:482736422909116417 移动方向: -0.61223495 , 0 , -0.79067594
2025-12-05 18:42:19.9765 (StateSyncRequestHandler.cs:17) 玩家ID:482736422909116417 移动到新位置: 2.1545541 , 0 , -4.817495
2025-12-05 18:42:20.0863 (StateSyncRequestHandler.cs:17) 玩家ID:482736422909116417 移动方向: -0.6286369 , 0 , -0.777699
2025-12-05 18:42:20.0863 (StateSyncRequestHandler.cs:17) 玩家ID:482736422909116417 移动到新位置: 1.9659631 , 0 , -5.0508046
2025-12-05 18:42:20.1857 (StateSyncRequestHandler.cs:17) 玩家ID:482736422909116417 移动方向: -0.65386164 , 0 , -0.7566142
2025-12-05 18:42:20.1857 (StateSyncRequestHandler.cs:17) 玩家ID:482736422909116417 移动到新位置: 1.7698046 , 0 , -5.277789
2025-12-05 18:42:20.2748 (StateSyncRequestHandler.cs:17) 玩家ID:482736422909116417 移动方向: -0.6870102 , 0 , -0.72664773
2025-12-05 18:42:20.2748 (StateSyncRequestHandler.cs:17) 玩家ID:482736422909116417 移动到新位置: 1.5637015 , 0 , -5.4957833
2025-12-05 18:42:20.3746 (StateSyncRequestHandler.cs:17) 玩家ID:482736422909116417 移动方向: -0.706607 , 0 , -0.7076062
2025-12-05 18:42:20.3746 (StateSyncRequestHandler.cs:17) 玩家ID:482736422909116417 移动到新位置: 1.3517194 , 0 , -5.708065
2025-12-05 18:42:20.4774 (StateSyncRequestHandler.cs:17) 玩家ID:482736422909116417 移动方向: -0.7171185 , 0 , -0.69695127
2025-12-05 18:42:20.4774 (StateSyncRequestHandler.cs:17) 玩家ID:482736422909116417 移动到新位置: 1.1365838 , 0 , -5.9171505
2025-12-05 18:42:20.5783 (StateSyncRequestHandler.cs:17) 玩家ID:482736422909116417 移动方向: -0.72882235 , 0 , -0.6847028
2025-12-05 18:42:20.5783 (StateSyncRequestHandler.cs:17) 玩家ID:482736422909116417 移动到新位置: 0.9179371 , 0 , -6.1225615
2025-12-05 18:42:20.6763 (StateSyncRequestHandler.cs:17) 玩家ID:482736422909116417 移动方向: -0.66869754 , 0 , 0.7435345
2025-12-05 18:42:20.6763 (StateSyncRequestHandler.cs:17) 玩家ID:482736422909116417 移动到新位置: 0.71732783 , 0 , -5.8995013
2025-12-05 18:42:20.7786 (StateSyncRequestHandler.cs:17) 玩家ID:482736422909116417 移动方向: -0.66035664 , 0 , 0.7509522
2025-12-05 18:42:20.7786 (StateSyncRequestHandler.cs:17) 玩家ID:482736422909116417 移动到新位置: 0.5192208 , 0 , -5.674216
2025-12-05 18:42:20.8826 (StateSyncRequestHandler.cs:17) 玩家ID:482736422909116417 移动方向: 0.06849703 , 0 , 0.9976512
2025-12-05 18:42:20.8826 (StateSyncRequestHandler.cs:17) 玩家ID:482736422909116417 移动到新位置: 0.53976995 , 0 , -5.3749204
2025-12-05 18:42:20.9751 (StateSyncRequestHandler.cs:17) 玩家ID:482736422909116417 移动方向: 0.06989434 , 0 , 0.99755436
2025-12-05 18:42:20.9751 (StateSyncRequestHandler.cs:17) 玩家ID:482736422909116417 移动到新位置: 0.56073827 , 0 , -5.075654
2025-12-05 18:42:21.0775 (StateSyncRequestHandler.cs:17) 玩家ID:482736422909116417 移动方向: 0.07039884 , 0 , 0.9975189
2025-12-05 18:42:21.0775 (StateSyncRequestHandler.cs:17) 玩家ID:482736422909116417 移动到新位置: 0.5818579 , 0 , -4.776398
2025-12-05 18:42:21.1866 (StateSyncRequestHandler.cs:17) 玩家ID:482736422909116417 移动方向: 0.07055578 , 0 , 0.9975078
2025-12-05 18:42:21.1866 (StateSyncRequestHandler.cs:17) 玩家ID:482736422909116417 移动到新位置: 0.60302466 , 0 , -4.4771457
2025-12-05 18:42:21.2851 (StateSyncRequestHandler.cs:17) 玩家ID:482736422909116417 移动方向: 0.07060623 , 0 , 0.9975042
2025-12-05 18:42:21.2851 (StateSyncRequestHandler.cs:17) 玩家ID:482736422909116417 移动到新位置: 0.62420654 , 0 , -4.1778946
2025-12-05 18:42:21.3760 (StateSyncRequestHandler.cs:17) 玩家ID:482736422909116417 移动方向: 0.07061967 , 0 , 0.9975033
2025-12-05 18:42:21.3760 (StateSyncRequestHandler.cs:17) 玩家ID:482736422909116417 移动到新位置: 0.6453924 , 0 , -3.8786435
2025-12-05 18:42:21.4815 (StateSyncRequestHandler.cs:17) 玩家ID:482736422909116417 移动方向: -0.9975029 , 0 , 0.07062438
2025-12-05 18:42:21.4815 (StateSyncRequestHandler.cs:17) 玩家ID:482736422909116417 移动到新位置: 0.34614155 , 0 , -3.8574562
2025-12-05 18:42:21.5769 (StateSyncRequestHandler.cs:17) 玩家ID:482736422909116417 移动方向: -0.9975029 , 0 , 0.070625335
2025-12-05 18:42:21.5769 (StateSyncRequestHandler.cs:17) 玩家ID:482736422909116417 移动到新位置: 0.046890676 , 0 , -3.8362687
2025-12-05 18:42:21.6787 (StateSyncRequestHandler.cs:17) 玩家ID:482736422909116417 移动方向: -0.9975029 , 0 , 0.07062578
2025-12-05 18:42:21.6787 (StateSyncRequestHandler.cs:17) 玩家ID:482736422909116417 移动到新位置: -0.2523602 , 0 , -3.815081
2025-12-05 18:42:21.7801 (StateSyncRequestHandler.cs:17) 玩家ID:482736422909116417 移动方向: -0.75528103 , 0 , -0.6554011
2025-12-05 18:42:21.7801 (StateSyncRequestHandler.cs:17) 玩家ID:482736422909116417 移动到新位置: -0.47894448 , 0 , -4.011701
2025-12-05 18:42:21.8784 (StateSyncRequestHandler.cs:17) 玩家ID:482736422909116417 移动方向: -0.75528103 , 0 , -0.6554011
2025-12-05 18:42:21.8784 (StateSyncRequestHandler.cs:17) 玩家ID:482736422909116417 移动到新位置: -0.7055288 , 0 , -4.2083216
2025-12-05 18:42:21.9829 (StateSyncRequestHandler.cs:17) 玩家ID:482736422909116417 移动方向: -0.75528103 , 0 , -0.6554011
2025-12-05 18:42:21.9829 (StateSyncRequestHandler.cs:17) 玩家ID:482736422909116417 移动到新位置: -0.9321131 , 0 , -4.404942
2025-12-05 18:42:22.0781 (StateSyncRequestHandler.cs:17) 玩家ID:482736422909116417 移动方向: -0.75528103 , 0 , -0.6554011
2025-12-05 18:42:22.0781 (StateSyncRequestHandler.cs:17) 玩家ID:482736422909116417 移动到新位置: -1.1586974 , 0 , -4.6015625
2025-12-05 18:42:22.1759 (StateSyncRequestHandler.cs:17) 玩家ID:482736422909116417 移动方向: -0.75528103 , 0 , -0.6554011
2025-12-05 18:42:22.1759 (StateSyncRequestHandler.cs:17) 玩家ID:482736422909116417 移动到新位置: -1.3852817 , 0 , -4.798183
2025-12-05 18:42:22.2884 (StateSyncRequestHandler.cs:17) 玩家ID:482736422909116417 移动方向: -0.7552943 , 0 , -0.65538573
2025-12-05 18:42:22.2884 (StateSyncRequestHandler.cs:17) 玩家ID:482736422909116417 移动到新位置: -1.6118699 , 0 , -4.9947987
2025-12-05 18:42:22.3889 (StateSyncRequestHandler.cs:17) 玩家ID:482736422909116417 移动方向: -0.7565384 , 0 , -0.65394926
2025-12-05 18:42:22.3889 (StateSyncRequestHandler.cs:17) 玩家ID:482736422909116417 移动到新位置: -1.8388314 , 0 , -5.1909833
2025-12-05 18:42:22.4797 (StateSyncRequestHandler.cs:17) 玩家ID:482736422909116417 移动方向: -0.10931209 , 0 , -0.99400747
2025-12-05 18:42:22.4797 (StateSyncRequestHandler.cs:17) 玩家ID:482736422909116417 移动到新位置: -1.8716251 , 0 , -5.4891853
2025-12-05 18:42:22.5799 (StateSyncRequestHandler.cs:17) 玩家ID:482736422909116417 移动方向: -0.24008957 , 0 , -0.97075075
2025-12-05 18:42:22.5799 (StateSyncRequestHandler.cs:17) 玩家ID:482736422909116417 移动到新位置: -1.9436519 , 0 , -5.780411
2025-12-05 18:42:22.6803 (StateSyncRequestHandler.cs:17) 玩家ID:482736422909116417 移动方向: -0.35280016 , 0 , -0.93569875
2025-12-05 18:42:22.6803 (StateSyncRequestHandler.cs:17) 玩家ID:482736422909116417 移动到新位置: -2.049492 , 0 , -6.0611205
2025-12-05 18:42:22.7825 (StateSyncRequestHandler.cs:17) 玩家ID:482736422909116417 移动方向: -0.4022754 , 0 , -0.91551864
2025-12-05 18:42:22.7825 (StateSyncRequestHandler.cs:17) 玩家ID:482736422909116417 移动到新位置: -2.1701746 , 0 , -6.3357763
2025-12-05 18:42:22.8819 (StateSyncRequestHandler.cs:17) 玩家ID:482736422909116417 移动方向: -0.42042828 , 0 , -0.9073258
2025-12-05 18:42:22.8819 (StateSyncRequestHandler.cs:17) 玩家ID:482736422909116417 移动到新位置: -2.296303 , 0 , -6.607974
2025-12-05 18:42:22.9818 (StateSyncRequestHandler.cs:17) 玩家ID:482736422909116417 移动方向: -0.9411692 , 0 , -0.33793563
2025-12-05 18:42:22.9818 (StateSyncRequestHandler.cs:17) 玩家ID:482736422909116417 移动到新位置: -2.5786538 , 0 , -6.709355
2025-12-05 18:42:23.0839 (StateSyncRequestHandler.cs:17) 玩家ID:482736422909116417 移动方向: -0.9418494 , 0 , -0.33603528
2025-12-05 18:42:23.0839 (StateSyncRequestHandler.cs:17) 玩家ID:482736422909116417 移动到新位置: -2.8612087 , 0 , -6.8101654
2025-12-05 18:42:23.1788 (StateSyncRequestHandler.cs:17) 玩家ID:482736422909116417 移动方向: -0.3353172 , 0 , 0.9421053
2025-12-05 18:42:23.1788 (StateSyncRequestHandler.cs:17) 玩家ID:482736422909116417 移动到新位置: -2.961804 , 0 , -6.527534
2025-12-05 18:42:23.2795 (StateSyncRequestHandler.cs:17) 玩家ID:482736422909116417 移动方向: -0.33512706 , 0 , 0.94217294
2025-12-05 18:42:23.2795 (StateSyncRequestHandler.cs:17) 玩家ID:482736422909116417 移动到新位置: -3.062342 , 0 , -6.244882
2025-12-05 18:42:23.3805 (StateSyncRequestHandler.cs:17) 玩家ID:482736422909116417 移动方向: -0.33506697 , 0 , 0.9421943
2025-12-05 18:42:23.3805 (StateSyncRequestHandler.cs:17) 玩家ID:482736422909116417 移动到新位置: -3.162862 , 0 , -5.962224
2025-12-05 18:42:23.4802 (StateSyncRequestHandler.cs:17) 玩家ID:482736422909116417 移动方向: 0.42932165 , 0 , 0.90315163
2025-12-05 18:42:23.4802 (StateSyncRequestHandler.cs:17) 玩家ID:482736422909116417 移动到新位置: -3.0340655 , 0 , -5.6912785
2025-12-05 18:42:23.5754 (StateSyncRequestHandler.cs:17) 玩家ID:482736422909116417 移动方向: 0.42932615 , 0 , 0.9031495
2025-12-05 18:42:23.5754 (StateSyncRequestHandler.cs:17) 玩家ID:482736422909116417 移动到新位置: -2.9052677 , 0 , -5.4203334
2025-12-05 18:42:23.6806 (StateSyncRequestHandler.cs:17) 玩家ID:482736422909116417 移动方向: 0.42932785 , 0 , 0.90314865
2025-12-05 18:42:23.6806 (StateSyncRequestHandler.cs:17) 玩家ID:482736422909116417 移动到新位置: -2.7764695 , 0 , -5.149389
2025-12-05 18:42:23.7752 (StateSyncRequestHandler.cs:17) 玩家ID:482736422909116417 移动方向: 0.4293282 , 0 , 0.90314853
2025-12-05 18:42:23.7752 (StateSyncRequestHandler.cs:17) 玩家ID:482736422909116417 移动到新位置: -2.647671 , 0 , -4.878444
2025-12-05 18:42:23.8759 (StateSyncRequestHandler.cs:17) 玩家ID:482736422909116417 移动方向: -0.3350415 , 0 , 0.9422034
2025-12-05 18:42:23.8759 (StateSyncRequestHandler.cs:17) 玩家ID:482736422909116417 移动到新位置: -2.7481835 , 0 , -4.595783
2025-12-05 18:42:23.9745 (StateSyncRequestHandler.cs:17) 玩家ID:482736422909116417 移动方向: -0.90314853 , 0 , 0.42932832
2025-12-05 18:42:23.9745 (StateSyncRequestHandler.cs:17) 玩家ID:482736422909116417 移动到新位置: -3.019128 , 0 , -4.4669847
2025-12-05 18:42:24.0771 (StateSyncRequestHandler.cs:17) 玩家ID:482736422909116417 移动方向: -0.90314853 , 0 , 0.42932832
2025-12-05 18:42:24.0771 (StateSyncRequestHandler.cs:17) 玩家ID:482736422909116417 移动到新位置: -3.2900727 , 0 , -4.3381863
2025-12-05 18:42:24.1816 (StateSyncRequestHandler.cs:17) 玩家ID:482736422909116417 移动方向: -0.90267414 , 0 , 0.43032473
2025-12-05 18:42:24.1816 (StateSyncRequestHandler.cs:17) 玩家ID:482736422909116417 移动到新位置: -3.560875 , 0 , -4.209089
2025-12-05 18:42:24.2773 (StateSyncRequestHandler.cs:17) 玩家ID:482736422909116417 移动方向: -0.8832494 , 0 , 0.4689034
2025-12-05 18:42:24.2773 (StateSyncRequestHandler.cs:17) 玩家ID:482736422909116417 移动到新位置: -3.8258498 , 0 , -4.0684175
2025-12-05 18:42:24.3768 (StateSyncRequestHandler.cs:17) 玩家ID:482736422909116417 移动方向: -0.17513524 , 0 , 0.9845444
2025-12-05 18:42:24.3768 (StateSyncRequestHandler.cs:17) 玩家ID:482736422909116417 移动到新位置: -3.8783903 , 0 , -3.7730541
2025-12-05 18:42:24.4799 (StateSyncRequestHandler.cs:17) 玩家ID:482736422909116417 移动方向: -0.039558895 , 0 , 0.9992172
2025-12-05 18:42:24.4799 (StateSyncRequestHandler.cs:17) 玩家ID:482736422909116417 移动到新位置: -3.890258 , 0 , -3.473289
2025-12-05 18:42:24.5879 (StateSyncRequestHandler.cs:17) 玩家ID:482736422909116417 移动方向: 0.035707686 , 0 , 0.9993623
2025-12-05 18:42:24.5879 (StateSyncRequestHandler.cs:17) 玩家ID:482736422909116417 移动到新位置: -3.8795457 , 0 , -3.1734803
2025-12-05 18:42:24.6758 (StateSyncRequestHandler.cs:17) 玩家ID:482736422909116417 移动方向: 0.06410001 , 0 , 0.99794346
2025-12-05 18:42:24.6758 (StateSyncRequestHandler.cs:17) 玩家ID:482736422909116417 移动到新位置: -3.8603158 , 0 , -2.8740973
2025-12-05 18:42:24.7742 (StateSyncRequestHandler.cs:17) 玩家ID:482736422909116417 移动方向: 0.07649062 , 0 , 0.99707025
2025-12-05 18:42:24.7742 (StateSyncRequestHandler.cs:17) 玩家ID:482736422909116417 移动到新位置: -3.8373687 , 0 , -2.5749762
2025-12-05 18:42:24.8810 (StateSyncRequestHandler.cs:17) 玩家ID:482736422909116417 移动方向: 0.08064579 , 0 , 0.99674284
2025-12-05 18:42:24.8810 (StateSyncRequestHandler.cs:17) 玩家ID:482736422909116417 移动到新位置: -3.813175 , 0 , -2.2759533
2025-12-05 18:42:24.9752 (StateSyncRequestHandler.cs:17) 玩家ID:482736422909116417 移动方向: 0.08181272 , 0 , 0.9966477
2025-12-05 18:42:24.9752 (StateSyncRequestHandler.cs:17) 玩家ID:482736422909116417 移动到新位置: -3.7886312 , 0 , -1.976959
2025-12-05 18:42:25.0792 (StateSyncRequestHandler.cs:17) 玩家ID:482736422909116417 移动方向: 0.08220771 , 0 , 0.99661523
2025-12-05 18:42:25.0792 (StateSyncRequestHandler.cs:17) 玩家ID:482736422909116417 移动到新位置: -3.763969 , 0 , -1.6779745
2025-12-05 18:42:25.1816 (StateSyncRequestHandler.cs:17) 玩家ID:482736422909116417 移动方向: 0.08232621 , 0 , 0.99660546
2025-12-05 18:42:25.1816 (StateSyncRequestHandler.cs:17) 玩家ID:482736422909116417 移动到新位置: -3.7392712 , 0 , -1.3789928
2025-12-05 18:42:25.2777 (StateSyncRequestHandler.cs:17) 玩家ID:482736422909116417 移动方向: 0.082358174 , 0 , 0.9966028
2025-12-05 18:42:25.2777 (StateSyncRequestHandler.cs:17) 玩家ID:482736422909116417 移动到新位置: -3.7145636 , 0 , -1.080012
2025-12-05 18:42:25.3795 (StateSyncRequestHandler.cs:17) 玩家ID:482736422909116417 移动方向: 0.08236841 , 0 , 0.996602
2025-12-05 18:42:25.3795 (StateSyncRequestHandler.cs:17) 玩家ID:482736422909116417 移动到新位置: -3.6898532 , 0 , -0.78103137
2025-12-05 18:42:25.4784 (StateSyncRequestHandler.cs:17) 玩家ID:482736422909116417 移动方向: 0.07239085 , 0 , 0.9973763
2025-12-05 18:42:25.4784 (StateSyncRequestHandler.cs:17) 玩家ID:482736422909116417 移动到新位置: -3.668136 , 0 , -0.4818185
2025-12-05 18:42:25.5786 (StateSyncRequestHandler.cs:17) 玩家ID:482736422909116417 移动方向: -0.09260948 , 0 , 0.9957025
2025-12-05 18:42:25.5786 (StateSyncRequestHandler.cs:17) 玩家ID:482736422909116417 移动到新位置: -3.6959188 , 0 , -0.18310776
2025-12-05 18:42:25.6808 (StateSyncRequestHandler.cs:17) 玩家ID:482736422909116417 移动方向: -0.27580667 , 0 , 0.9612132
2025-12-05 18:42:25.6808 (StateSyncRequestHandler.cs:17) 玩家ID:482736422909116417 移动到新位置: -3.7786608 , 0 , 0.1052562
2025-12-05 18:42:25.7796 (StateSyncRequestHandler.cs:17) 玩家ID:482736422909116417 移动方向: -0.3525317 , 0 , 0.93579984
2025-12-05 18:42:25.7796 (StateSyncRequestHandler.cs:17) 玩家ID:482736422909116417 移动到新位置: -3.8844204 , 0 , 0.38599613
2025-12-05 18:42:25.8846 (StateSyncRequestHandler.cs:17) 玩家ID:482736422909116417 移动方向: -0.38145792 , 0 , 0.9243862
2025-12-05 18:42:25.8846 (StateSyncRequestHandler.cs:17) 玩家ID:482736422909116417 移动到新位置: -3.9988577 , 0 , 0.66331196
2025-12-05 18:42:25.9834 (StateSyncRequestHandler.cs:17) 玩家ID:482736422909116417 移动方向: -0.39220598 , 0 , 0.91987747
2025-12-05 18:42:25.9834 (StateSyncRequestHandler.cs:17) 玩家ID:482736422909116417 移动到新位置: -4.1165195 , 0 , 0.9392752
2025-12-05 18:42:26.0748 (StateSyncRequestHandler.cs:17) 玩家ID:482736422909116417 移动方向: -0.39554486 , 0 , 0.91844666
2025-12-05 18:42:26.0748 (StateSyncRequestHandler.cs:17) 玩家ID:482736422909116417 移动到新位置: -4.235183 , 0 , 1.2148092
2025-12-05 18:42:26.1756 (StateSyncRequestHandler.cs:17) 玩家ID:482736422909116417 移动方向: -0.39666784 , 0 , 0.9179622
2025-12-05 18:42:26.1756 (StateSyncRequestHandler.cs:17) 玩家ID:482736422909116417 移动到新位置: -4.354183 , 0 , 1.4901979
2025-12-05 18:42:26.2823 (StateSyncRequestHandler.cs:17) 玩家ID:482736422909116417 移动方向: -0.397016 , 0 , 0.91781163
2025-12-05 18:42:26.2823 (StateSyncRequestHandler.cs:17) 玩家ID:482736422909116417 移动到新位置: -4.473288 , 0 , 1.7655413
2025-12-05 18:42:26.3785 (StateSyncRequestHandler.cs:17) 玩家ID:482736422909116417 移动到新位置: -4.473288 , 0 , 1.7655413
2025-12-05 18:42:35.4817 (StateSyncRequestHandler.cs:17) 玩家ID:482736422909116417 移动方向: 0.9972267 , 0 , 0.07442367
2025-12-05 18:42:35.4817 (StateSyncRequestHandler.cs:17) 玩家ID:482736422909116417 移动到新位置: -4.273843 , 0 , 1.780426
2025-12-05 18:42:35.5796 (StateSyncRequestHandler.cs:17) 玩家ID:482736422909116417 移动方向: 0.9830676 , 0 , 0.18324353
2025-12-05 18:42:35.5796 (StateSyncRequestHandler.cs:17) 玩家ID:482736422909116417 移动到新位置: -4.0772295 , 0 , 1.8170748
2025-12-05 18:42:35.6843 (StateSyncRequestHandler.cs:17) 玩家ID:482736422909116417 移动方向: 0.97433716 , 0 , 0.22509351
2025-12-05 18:42:35.6843 (StateSyncRequestHandler.cs:17) 玩家ID:482736422909116417 移动到新位置: -3.8823621 , 0 , 1.8620934
2025-12-05 18:42:35.7743 (StateSyncRequestHandler.cs:17) 玩家ID:482736422909116417 移动方向: 0.9687993 , 0 , 0.24784653
2025-12-05 18:42:35.7743 (StateSyncRequestHandler.cs:17) 玩家ID:482736422909116417 移动到新位置: -3.6886022 , 0 , 1.9116627
2025-12-05 18:42:35.8785 (StateSyncRequestHandler.cs:17) 玩家ID:482736422909116417 移动方向: 0.96339095 , 0 , 0.2681006
2025-12-05 18:42:35.8785 (StateSyncRequestHandler.cs:17) 玩家ID:482736422909116417 移动到新位置: -3.495924 , 0 , 1.9652828
2025-12-05 18:42:35.9851 (StateSyncRequestHandler.cs:17) 玩家ID:482736422909116417 移动方向: 0.4823683 , 0 , 0.8759685
2025-12-05 18:42:35.9851 (StateSyncRequestHandler.cs:17) 玩家ID:482736422909116417 移动到新位置: -3.3994503 , 0 , 2.1404765
2025-12-05 18:42:36.0812 (StateSyncRequestHandler.cs:17) 玩家ID:482736422909116417 移动方向: 0.9675288 , 0 , 0.25276077
2025-12-05 18:42:36.0812 (StateSyncRequestHandler.cs:17) 玩家ID:482736422909116417 移动到新位置: -3.2059445 , 0 , 2.1910286
2025-12-05 18:42:36.1781 (StateSyncRequestHandler.cs:17) 玩家ID:482736422909116417 移动方向: 0.9777894 , 0 , 0.20958978
2025-12-05 18:42:36.1781 (StateSyncRequestHandler.cs:17) 玩家ID:482736422909116417 移动到新位置: -3.0103867 , 0 , 2.2329466
2025-12-05 18:42:36.2795 (StateSyncRequestHandler.cs:17) 玩家ID:482736422909116417 移动方向: 0.5551294 , 0 , 0.831764
2025-12-05 18:42:36.2795 (StateSyncRequestHandler.cs:17) 玩家ID:482736422909116417 移动到新位置: -2.899361 , 0 , 2.3992994
2025-12-05 18:42:36.3757 (StateSyncRequestHandler.cs:17) 玩家ID:482736422909116417 移动方向: 0.5560949 , 0 , 0.8311187
2025-12-05 18:42:36.3757 (StateSyncRequestHandler.cs:17) 玩家ID:482736422909116417 移动到新位置: -2.788142 , 0 , 2.5655231
2025-12-05 18:42:36.4748 (StateSyncRequestHandler.cs:17) 玩家ID:482736422909116417 移动方向: 0.98092896 , 0 , 0.19436659
2025-12-05 18:42:36.4748 (StateSyncRequestHandler.cs:17) 玩家ID:482736422909116417 移动到新位置: -2.5919561 , 0 , 2.6043966
2025-12-05 18:42:36.5748 (StateSyncRequestHandler.cs:17) 玩家ID:482736422909116417 移动方向: 0.98272294 , 0 , 0.1850827
2025-12-05 18:42:36.5748 (StateSyncRequestHandler.cs:17) 玩家ID:482736422909116417 移动到新位置: -2.3954115 , 0 , 2.6414132
2025-12-05 18:42:36.6866 (StateSyncRequestHandler.cs:17) 玩家ID:482736422909116417 移动方向: 0.9852902 , 0 , 0.17088915
2025-12-05 18:42:36.6866 (StateSyncRequestHandler.cs:17) 玩家ID:482736422909116417 移动到新位置: -2.1983535 , 0 , 2.675591
2025-12-05 18:42:36.7761 (StateSyncRequestHandler.cs:17) 玩家ID:482736422909116417 移动方向: 0.81202567 , 0 , -0.58362174
2025-12-05 18:42:36.7761 (StateSyncRequestHandler.cs:17) 玩家ID:482736422909116417 移动到新位置: -2.0359483 , 0 , 2.5588667
2025-12-05 18:42:36.8800 (StateSyncRequestHandler.cs:17) 玩家ID:482736422909116417 移动方向: 0.80329955 , 0 , -0.5955753
2025-12-05 18:42:36.8800 (StateSyncRequestHandler.cs:17) 玩家ID:482736422909116417 移动到新位置: -1.8752884 , 0 , 2.4397516
2025-12-05 18:42:36.9758 (StateSyncRequestHandler.cs:17) 玩家ID:482736422909116417 移动方向: 0.77723086 , 0 , -0.62921566
2025-12-05 18:42:36.9758 (StateSyncRequestHandler.cs:17) 玩家ID:482736422909116417 移动到新位置: -1.7198422 , 0 , 2.3139086
2025-12-05 18:42:37.0769 (StateSyncRequestHandler.cs:17) 玩家ID:482736422909116417 移动方向: 0.7185847 , 0 , -0.6954394
2025-12-05 18:42:37.0769 (StateSyncRequestHandler.cs:17) 玩家ID:482736422909116417 移动到新位置: -1.5761253 , 0 , 2.1748207
2025-12-05 18:42:37.1802 (StateSyncRequestHandler.cs:17) 玩家ID:482736422909116417 移动方向: 0.7620526 , 0 , 0.6475151
2025-12-05 18:42:37.1802 (StateSyncRequestHandler.cs:17) 玩家ID:482736422909116417 移动到新位置: -1.4237148 , 0 , 2.3043237
2025-12-05 18:42:37.2803 (StateSyncRequestHandler.cs:17) 玩家ID:482736422909116417 移动方向: 0.16083227 , 0 , 0.98698175
2025-12-05 18:42:37.2803 (StateSyncRequestHandler.cs:17) 玩家ID:482736422909116417 移动到新位置: -1.3915483 , 0 , 2.50172
2025-12-05 18:42:37.3794 (StateSyncRequestHandler.cs:17) 玩家ID:482736422909116417 移动方向: 0.23468764 , 0 , 0.9720708
2025-12-05 18:42:37.3794 (StateSyncRequestHandler.cs:17) 玩家ID:482736422909116417 移动到新位置: -1.3446107 , 0 , 2.696134
2025-12-05 18:42:37.4851 (StateSyncRequestHandler.cs:17) 玩家ID:482736422909116417 移动方向: -0.9545807 , 0 , 0.29795235
2025-12-05 18:42:37.4851 (StateSyncRequestHandler.cs:17) 玩家ID:482736422909116417 移动到新位置: -1.5355269 , 0 , 2.7557247
2025-12-05 18:42:37.5780 (StateSyncRequestHandler.cs:17) 玩家ID:482736422909116417 移动方向: -0.94467705 , 0 , 0.3280019
2025-12-05 18:42:37.5780 (StateSyncRequestHandler.cs:17) 玩家ID:482736422909116417 移动到新位置: -1.7244623 , 0 , 2.821325
2025-12-05 18:42:37.6805 (StateSyncRequestHandler.cs:17) 玩家ID:482736422909116417 移动方向: -0.9405239 , 0 , 0.3397276
2025-12-05 18:42:37.6805 (StateSyncRequestHandler.cs:17) 玩家ID:482736422909116417 移动到新位置: -1.912567 , 0 , 2.8892705
2025-12-05 18:42:37.7826 (StateSyncRequestHandler.cs:17) 玩家ID:482736422909116417 移动方向: -0.9389423 , 0 , 0.34407455
2025-12-05 18:42:37.7826 (StateSyncRequestHandler.cs:17) 玩家ID:482736422909116417 移动到新位置: -2.1003554 , 0 , 2.9580855
2025-12-05 18:42:37.8792 (StateSyncRequestHandler.cs:17) 玩家ID:482736422909116417 移动方向: -0.9384179 , 0 , 0.34550217
2025-12-05 18:42:37.8792 (StateSyncRequestHandler.cs:17) 玩家ID:482736422909116417 移动到新位置: -2.288039 , 0 , 3.027186
2025-12-05 18:42:37.9797 (StateSyncRequestHandler.cs:17) 玩家ID:482736422909116417 移动方向: -0.41884708 , 0 , 0.9080568
2025-12-05 18:42:37.9797 (StateSyncRequestHandler.cs:17) 玩家ID:482736422909116417 移动到新位置: -2.3718083 , 0 , 3.2087972
2025-12-05 18:42:38.0818 (StateSyncRequestHandler.cs:17) 玩家ID:482736422909116417 移动方向: 0.34605396 , 0 , 0.9382146
2025-12-05 18:42:38.0818 (StateSyncRequestHandler.cs:17) 玩家ID:482736422909116417 移动到新位置: -2.3025975 , 0 , 3.39644
2025-12-05 18:42:38.1785 (StateSyncRequestHandler.cs:17) 玩家ID:482736422909116417 移动方向: 0.9081337 , 0 , 0.41868028
2025-12-05 18:42:38.1785 (StateSyncRequestHandler.cs:17) 玩家ID:482736422909116417 移动到新位置: -2.1209707 , 0 , 3.480176
2025-12-05 18:42:38.2796 (StateSyncRequestHandler.cs:17) 玩家ID:482736422909116417 移动方向: 0.9081526 , 0 , 0.41863924
2025-12-05 18:42:38.2796 (StateSyncRequestHandler.cs:17) 玩家ID:482736422909116417 移动到新位置: -1.9393402 , 0 , 3.5639038
2025-12-05 18:42:38.3832 (StateSyncRequestHandler.cs:17) 玩家ID:482736422909116417 移动方向: 0.9148079 , 0 , 0.40388918
2025-12-05 18:42:38.3832 (StateSyncRequestHandler.cs:17) 玩家ID:482736422909116417 移动到新位置: -1.6648979 , 0 , 3.6850705
2025-12-05 18:42:38.4829 (StateSyncRequestHandler.cs:17) 玩家ID:482736422909116417 移动方向: 0.9338629 , 0 , 0.35763106
2025-12-05 18:42:38.4829 (StateSyncRequestHandler.cs:17) 玩家ID:482736422909116417 移动到新位置: -1.384739 , 0 , 3.7923598
2025-12-05 18:42:38.5764 (StateSyncRequestHandler.cs:17) 玩家ID:482736422909116417 移动方向: 0.9511449 , 0 , 0.3087449
2025-12-05 18:42:38.5764 (StateSyncRequestHandler.cs:17) 玩家ID:482736422909116417 移动到新位置: -1.0993955 , 0 , 3.8849833
2025-12-05 18:42:38.6765 (StateSyncRequestHandler.cs:17) 玩家ID:482736422909116417 移动方向: 0.9585694 , 0 , 0.28485906
2025-12-05 18:42:38.6770 (StateSyncRequestHandler.cs:17) 玩家ID:482736422909116417 移动到新位置: -0.8118247 , 0 , 3.970441
2025-12-05 18:42:38.7769 (StateSyncRequestHandler.cs:17) 玩家ID:482736422909116417 移动方向: 0.9611588 , 0 , 0.27599576
2025-12-05 18:42:38.7769 (StateSyncRequestHandler.cs:17) 玩家ID:482736422909116417 移动到新位置: -0.5234771 , 0 , 4.05324
2025-12-05 18:42:38.8799 (StateSyncRequestHandler.cs:17) 玩家ID:482736422909116417 移动方向: 0.9620344 , 0 , 0.27292806
2025-12-05 18:42:38.8799 (StateSyncRequestHandler.cs:17) 玩家ID:482736422909116417 移动到新位置: -0.23486674 , 0 , 4.135118
2025-12-05 18:42:38.9793 (StateSyncRequestHandler.cs:17) 玩家ID:482736422909116417 移动方向: 0.96232736 , 0 , 0.2718932
2025-12-05 18:42:38.9793 (StateSyncRequestHandler.cs:17) 玩家ID:482736422909116417 移动到新位置: 0.053831458 , 0 , 4.216686
2025-12-05 18:42:39.0791 (StateSyncRequestHandler.cs:17) 玩家ID:482736422909116417 移动方向: 0.96241605 , 0 , 0.271579
2025-12-05 18:42:39.0791 (StateSyncRequestHandler.cs:17) 玩家ID:482736422909116417 移动到新位置: 0.34255627 , 0 , 4.2981596
2025-12-05 18:42:39.1774 (StateSyncRequestHandler.cs:17) 玩家ID:482736422909116417 移动方向: 0.962442 , 0 , 0.27148733
2025-12-05 18:42:39.1774 (StateSyncRequestHandler.cs:17) 玩家ID:482736422909116417 移动到新位置: 0.6312889 , 0 , 4.379606
2025-12-05 18:42:39.2778 (StateSyncRequestHandler.cs:17) 玩家ID:482736422909116417 移动方向: 0.96245056 , 0 , 0.27145702
2025-12-05 18:42:39.2778 (StateSyncRequestHandler.cs:17) 玩家ID:482736422909116417 移动到新位置: 0.92002404 , 0 , 4.461043
2025-12-05 18:42:39.3863 (StateSyncRequestHandler.cs:17) 玩家ID:482736422909116417 移动方向: 0.96245307 , 0 , 0.27144822
2025-12-05 18:42:39.3863 (StateSyncRequestHandler.cs:17) 玩家ID:482736422909116417 移动到新位置: 1.20876 , 0 , 4.542477
2025-12-05 18:42:39.4800 (StateSyncRequestHandler.cs:17) 玩家ID:482736422909116417 移动方向: 0.87249863 , 0 , -0.48861662
2025-12-05 18:42:39.4800 (StateSyncRequestHandler.cs:17) 玩家ID:482736422909116417 移动到新位置: 1.4705096 , 0 , 4.395892
2025-12-05 18:42:39.5802 (StateSyncRequestHandler.cs:17) 玩家ID:482736422909116417 移动方向: 0.2714452 , 0 , -0.96245384
2025-12-05 18:42:39.5802 (StateSyncRequestHandler.cs:17) 玩家ID:482736422909116417 移动到新位置: 1.5519432 , 0 , 4.107156
2025-12-05 18:42:39.6847 (StateSyncRequestHandler.cs:17) 玩家ID:482736422909116417 移动方向: 0.2714452 , 0 , -0.96245384
2025-12-05 18:42:39.6847 (StateSyncRequestHandler.cs:17) 玩家ID:482736422909116417 移动到新位置: 1.6333767 , 0 , 3.8184197
2025-12-05 18:42:39.7797 (StateSyncRequestHandler.cs:17) 玩家ID:482736422909116417 移动方向: 0.2714452 , 0 , -0.96245384
2025-12-05 18:42:39.7797 (StateSyncRequestHandler.cs:17) 玩家ID:482736422909116417 移动到新位置: 1.7148103 , 0 , 3.5296836
2025-12-05 18:42:39.8782 (StateSyncRequestHandler.cs:17) 玩家ID:482736422909116417 移动方向: 0.2714452 , 0 , -0.96245384
2025-12-05 18:42:39.8782 (StateSyncRequestHandler.cs:17) 玩家ID:482736422909116417 移动到新位置: 1.7962438 , 0 , 3.2409475
2025-12-05 18:42:39.9825 (StateSyncRequestHandler.cs:17) 玩家ID:482736422909116417 移动方向: 0.87249845 , 0 , -0.48861697
2025-12-05 18:42:39.9825 (StateSyncRequestHandler.cs:17) 玩家ID:482736422909116417 移动到新位置: 2.0579934 , 0 , 3.0943625
2025-12-05 18:42:40.0785 (StateSyncRequestHandler.cs:17) 玩家ID:482736422909116417 移动方向: 0.87249845 , 0 , -0.48861697
2025-12-05 18:42:40.0785 (StateSyncRequestHandler.cs:17) 玩家ID:482736422909116417 移动到新位置: 2.319743 , 0 , 2.9477775
2025-12-05 18:42:40.1892 (StateSyncRequestHandler.cs:17) 玩家ID:482736422909116417 移动到新位置: 2.319743 , 0 , 2.9477775
2025-12-05 18:43:05.4559  收到登录请求
2025-12-05 18:43:05.4846  进入大厅成功，玩家ID:482736422909116417
2025-12-05 18:43:06.9637 (StateSyncRequestHandler.cs:17) 玩家ID:482736422909116417 移动方向: 0.8852093 , 0 , -0.4651928
2025-12-05 18:43:06.9637 (StateSyncRequestHandler.cs:17) 玩家ID:482736422909116417 移动到新位置: 2.4967847 , 0 , 2.854739
2025-12-05 18:43:07.0631 (StateSyncRequestHandler.cs:17) 玩家ID:482736422909116417 移动方向: 0.92531353 , 0 , -0.379203
2025-12-05 18:43:07.0631 (StateSyncRequestHandler.cs:17) 玩家ID:482736422909116417 移动到新位置: 2.6818473 , 0 , 2.7788982
2025-12-05 18:43:07.1553 (StateSyncRequestHandler.cs:17) 玩家ID:482736422909116417 移动方向: 0.9362577 , 0 , -0.35131386
2025-12-05 18:43:07.1553 (StateSyncRequestHandler.cs:17) 玩家ID:482736422909116417 移动到新位置: 2.869099 , 0 , 2.7086356
2025-12-05 18:43:07.2639 (StateSyncRequestHandler.cs:17) 玩家ID:482736422909116417 移动方向: 0.94054496 , 0 , -0.33966923
2025-12-05 18:43:07.2639 (StateSyncRequestHandler.cs:17) 玩家ID:482736422909116417 移动到新位置: 3.0572078 , 0 , 2.6407018
2025-12-05 18:43:07.3596 (StateSyncRequestHandler.cs:17) 玩家ID:482736422909116417 移动方向: -0.33652705 , 0 , -0.9416738
2025-12-05 18:43:07.3596 (StateSyncRequestHandler.cs:17) 玩家ID:482736422909116417 移动到新位置: 2.9899025 , 0 , 2.452367
2025-12-05 18:43:07.4583 (StateSyncRequestHandler.cs:17) 玩家ID:482736422909116417 移动方向: -0.33722395 , 0 , -0.9414245
2025-12-05 18:43:07.4583 (StateSyncRequestHandler.cs:17) 玩家ID:482736422909116417 移动到新位置: 2.9224577 , 0 , 2.2640822
2025-12-05 18:43:07.5587 (StateSyncRequestHandler.cs:17) 玩家ID:482736422909116417 移动方向: -0.9141811 , 0 , -0.4053058
2025-12-05 18:43:07.5587 (StateSyncRequestHandler.cs:17) 玩家ID:482736422909116417 移动到新位置: 2.7396214 , 0 , 2.183021
2025-12-05 18:43:07.6637 (StateSyncRequestHandler.cs:17) 玩家ID:482736422909116417 移动方向: -0.4126936 , 0 , -0.91086984
2025-12-05 18:43:07.6637 (StateSyncRequestHandler.cs:17) 玩家ID:482736422909116417 移动到新位置: 2.6570828 , 0 , 2.000847
2025-12-05 18:43:07.7562 (StateSyncRequestHandler.cs:17) 玩家ID:482736422909116417 移动方向: -0.4627875 , 0 , -0.8864693
2025-12-05 18:43:07.7562 (StateSyncRequestHandler.cs:17) 玩家ID:482736422909116417 移动到新位置: 2.5645254 , 0 , 1.8235532
2025-12-05 18:43:07.8560 (StateSyncRequestHandler.cs:17) 玩家ID:482736422909116417 移动方向: 0.22319597 , 0 , -0.9747735
2025-12-05 18:43:07.8560 (StateSyncRequestHandler.cs:17) 玩家ID:482736422909116417 移动到新位置: 2.6091645 , 0 , 1.6285985
2025-12-05 18:43:07.9605 (StateSyncRequestHandler.cs:17) 玩家ID:482736422909116417 移动方向: 0.10854 , 0 , -0.99409205
2025-12-05 18:43:07.9605 (StateSyncRequestHandler.cs:17) 玩家ID:482736422909116417 移动到新位置: 2.6308725 , 0 , 1.42978
2025-12-05 18:43:08.0526 (StateSyncRequestHandler.cs:17) 玩家ID:482736422909116417 移动方向: 0.017484367 , 0 , -0.9998471
2025-12-05 18:43:08.0526 (StateSyncRequestHandler.cs:17) 玩家ID:482736422909116417 移动到新位置: 2.6361177 , 0 , 1.1298258
2025-12-05 18:43:08.1527 (StateSyncRequestHandler.cs:17) 玩家ID:482736422909116417 移动方向: -0.038737 , 0 , -0.9992494
2025-12-05 18:43:08.1527 (StateSyncRequestHandler.cs:17) 玩家ID:482736422909116417 移动到新位置: 2.6244967 , 0 , 0.83005106
2025-12-05 18:43:08.2569 (StateSyncRequestHandler.cs:17) 玩家ID:482736422909116417 移动方向: -0.062507 , 0 , -0.9980445
2025-12-05 18:43:08.2569 (StateSyncRequestHandler.cs:17) 玩家ID:482736422909116417 移动到新位置: 2.6057446 , 0 , 0.53063774
2025-12-05 18:43:08.3547 (StateSyncRequestHandler.cs:17) 玩家ID:482736422909116417 移动方向: -0.070583135 , 0 , -0.9975059
2025-12-05 18:43:08.3547 (StateSyncRequestHandler.cs:17) 玩家ID:482736422909116417 移动到新位置: 2.5845697 , 0 , 0.23138598
2025-12-05 18:43:08.4566 (StateSyncRequestHandler.cs:17) 玩家ID:482736422909116417 移动方向: -0.0733026 , 0 , -0.99730974
2025-12-05 18:43:08.4566 (StateSyncRequestHandler.cs:17) 玩家ID:482736422909116417 移动到新位置: 2.562579 , 0 , -0.06780696
2025-12-05 18:43:08.5577 (StateSyncRequestHandler.cs:17) 玩家ID:482736422909116417 移动方向: -0.07415512 , 0 , -0.9972466
2025-12-05 18:43:08.5577 (StateSyncRequestHandler.cs:17) 玩家ID:482736422909116417 移动到新位置: 2.5403323 , 0 , -0.36698094
2025-12-05 18:43:08.6616 (StateSyncRequestHandler.cs:17) 玩家ID:482736422909116417 移动方向: -0.07442981 , 0 , -0.9972263
2025-12-05 18:43:08.6616 (StateSyncRequestHandler.cs:17) 玩家ID:482736422909116417 移动到新位置: 2.5180035 , 0 , -0.66614884
2025-12-05 18:43:08.7545 (StateSyncRequestHandler.cs:17) 玩家ID:482736422909116417 移动方向: -0.07451013 , 0 , -0.9972203
2025-12-05 18:43:08.7545 (StateSyncRequestHandler.cs:17) 玩家ID:482736422909116417 移动到新位置: 2.4956505 , 0 , -0.9653149
2025-12-05 18:43:08.8648 (StateSyncRequestHandler.cs:17) 玩家ID:482736422909116417 移动方向: -0.061949015 , 0 , -0.99807936
2025-12-05 18:43:08.8648 (StateSyncRequestHandler.cs:17) 玩家ID:482736422909116417 移动到新位置: 2.4770658 , 0 , -1.2647387
2025-12-05 18:43:08.9582 (StateSyncRequestHandler.cs:17) 玩家ID:482736422909116417 移动方向: -0.6668349 , 0 , -0.7452055
2025-12-05 18:43:08.9582 (StateSyncRequestHandler.cs:17) 玩家ID:482736422909116417 移动到新位置: 2.2770154 , 0 , -1.4883003
2025-12-05 18:43:09.0619 (StateSyncRequestHandler.cs:17) 玩家ID:482736422909116417 移动方向: -0.9538866 , 0 , -0.30016708
2025-12-05 18:43:09.0619 (StateSyncRequestHandler.cs:17) 玩家ID:482736422909116417 移动到新位置: 1.9908495 , 0 , -1.5783504
2025-12-05 18:43:09.1604 (StateSyncRequestHandler.cs:17) 玩家ID:482736422909116417 移动方向: -0.88907015 , 0 , -0.45777103
2025-12-05 18:43:09.1604 (StateSyncRequestHandler.cs:17) 玩家ID:482736422909116417 移动到新位置: 1.7241285 , 0 , -1.7156818
2025-12-05 18:43:09.2607 (StateSyncRequestHandler.cs:17) 玩家ID:482736422909116417 移动方向: -0.9726655 , 0 , 0.23221071
2025-12-05 18:43:09.2607 (StateSyncRequestHandler.cs:17) 玩家ID:482736422909116417 移动到新位置: 1.4323288 , 0 , -1.6460186
2025-12-05 18:43:09.3698 (StateSyncRequestHandler.cs:17) 玩家ID:482736422909116417 移动方向: -0.9787862 , 0 , 0.2048846
2025-12-05 18:43:09.3698 (StateSyncRequestHandler.cs:17) 玩家ID:482736422909116417 移动到新位置: 1.138693 , 0 , -1.5845532
2025-12-05 18:43:09.4689 (StateSyncRequestHandler.cs:17) 玩家ID:482736422909116417 移动方向: -0.9806752 , 0 , 0.19564286
2025-12-05 18:43:09.4689 (StateSyncRequestHandler.cs:17) 玩家ID:482736422909116417 移动到新位置: 0.8444904 , 0 , -1.5258604
2025-12-05 18:43:09.5609 (StateSyncRequestHandler.cs:17) 玩家ID:482736422909116417 移动方向: -0.9812802 , 0 , 0.19258535
2025-12-05 18:43:09.5609 (StateSyncRequestHandler.cs:17) 玩家ID:482736422909116417 移动到新位置: 0.55010635 , 0 , -1.4680848
2025-12-05 18:43:09.6617 (StateSyncRequestHandler.cs:17) 玩家ID:482736422909116417 移动方向: -0.8295113 , 0 , -0.5584899
2025-12-05 18:43:09.6617 (StateSyncRequestHandler.cs:17) 玩家ID:482736422909116417 移动到新位置: 0.30125296 , 0 , -1.6356318
2025-12-05 18:43:09.7544 (StateSyncRequestHandler.cs:17) 玩家ID:482736422909116417 移动方向: -0.19137062 , 0 , -0.98151785
2025-12-05 18:43:09.7544 (StateSyncRequestHandler.cs:17) 玩家ID:482736422909116417 移动到新位置: 0.24384177 , 0 , -1.9300871
2025-12-05 18:43:09.8558 (StateSyncRequestHandler.cs:17) 玩家ID:482736422909116417 移动方向: -0.19127537 , 0 , -0.9815364
2025-12-05 18:43:09.8558 (StateSyncRequestHandler.cs:17) 玩家ID:482736422909116417 移动到新位置: 0.18645915 , 0 , -2.2245479
2025-12-05 18:43:09.9526 (StateSyncRequestHandler.cs:17) 玩家ID:482736422909116417 移动方向: 0.55882156 , 0 , -0.8292879
2025-12-05 18:43:09.9526 (StateSyncRequestHandler.cs:17) 玩家ID:482736422909116417 移动到新位置: 0.3541056 , 0 , -2.4733343
2025-12-05 18:43:10.0528 (StateSyncRequestHandler.cs:17) 玩家ID:482736422909116417 移动方向: 0.5588285 , 0 , -0.82928324
2025-12-05 18:43:10.0528 (StateSyncRequestHandler.cs:17) 玩家ID:482736422909116417 移动到新位置: 0.52175415 , 0 , -2.7221193
2025-12-05 18:43:10.1551 (StateSyncRequestHandler.cs:17) 玩家ID:482736422909116417 移动方向: 0.5588304 , 0 , -0.829282
2025-12-05 18:43:10.1551 (StateSyncRequestHandler.cs:17) 玩家ID:482736422909116417 移动到新位置: 0.6894033 , 0 , -2.9709039
2025-12-05 18:43:10.2572 (StateSyncRequestHandler.cs:17) 玩家ID:482736422909116417 移动方向: 0.5588306 , 0 , -0.8292818
2025-12-05 18:43:10.2572 (StateSyncRequestHandler.cs:17) 玩家ID:482736422909116417 移动到新位置: 0.85705245 , 0 , -3.2196884
2025-12-05 18:43:10.3531 (StateSyncRequestHandler.cs:17) 玩家ID:482736422909116417 移动方向: 0.5588306 , 0 , -0.8292818
2025-12-05 18:43:10.3531 (StateSyncRequestHandler.cs:17) 玩家ID:482736422909116417 移动到新位置: 1.0247016 , 0 , -3.468473
2025-12-05 18:43:10.4575 (StateSyncRequestHandler.cs:17) 玩家ID:482736422909116417 移动方向: -0.19123785 , 0 , -0.9815437
2025-12-05 18:43:10.4575 (StateSyncRequestHandler.cs:17) 玩家ID:482736422909116417 移动到新位置: 0.9673302 , 0 , -3.762936
2025-12-05 18:43:10.5565 (StateSyncRequestHandler.cs:17) 玩家ID:482736422909116417 移动方向: -0.19123785 , 0 , -0.9815437
2025-12-05 18:43:10.5565 (StateSyncRequestHandler.cs:17) 玩家ID:482736422909116417 移动到新位置: 0.90995884 , 0 , -4.0573993
2025-12-05 18:43:10.6540 (StateSyncRequestHandler.cs:17) 玩家ID:482736422909116417 移动方向: -0.8292818 , 0 , -0.5588306
2025-12-05 18:43:10.6540 (StateSyncRequestHandler.cs:17) 玩家ID:482736422909116417 移动到新位置: 0.6611743 , 0 , -4.2250485
2025-12-05 18:43:10.7547 (StateSyncRequestHandler.cs:17) 玩家ID:482736422909116417 移动方向: -0.8292818 , 0 , -0.5588306
2025-12-05 18:43:10.7547 (StateSyncRequestHandler.cs:17) 玩家ID:482736422909116417 移动到新位置: 0.41238976 , 0 , -4.392698
2025-12-05 18:43:10.8570 (StateSyncRequestHandler.cs:17) 玩家ID:482736422909116417 移动方向: -0.8292818 , 0 , -0.5588306
2025-12-05 18:43:10.8570 (StateSyncRequestHandler.cs:17) 玩家ID:482736422909116417 移动到新位置: 0.16360523 , 0 , -4.560347
2025-12-05 18:43:10.9552 (StateSyncRequestHandler.cs:17) 玩家ID:482736422909116417 移动方向: -0.8292818 , 0 , -0.5588306
2025-12-05 18:43:10.9552 (StateSyncRequestHandler.cs:17) 玩家ID:482736422909116417 移动到新位置: -0.0851793 , 0 , -4.7279963
2025-12-05 18:43:11.0564 (StateSyncRequestHandler.cs:17) 玩家ID:482736422909116417 移动方向: -0.8292818 , 0 , -0.5588306
2025-12-05 18:43:11.0564 (StateSyncRequestHandler.cs:17) 玩家ID:482736422909116417 移动到新位置: -0.3339638 , 0 , -4.8956456
2025-12-05 18:43:11.1580 (StateSyncRequestHandler.cs:17) 玩家ID:482736422909116417 移动方向: -0.8292818 , 0 , -0.5588306
2025-12-05 18:43:11.1580 (StateSyncRequestHandler.cs:17) 玩家ID:482736422909116417 移动到新位置: -0.58274835 , 0 , -5.063295
2025-12-05 18:43:11.2627 (StateSyncRequestHandler.cs:17) 玩家ID:482736422909116417 移动方向: -0.82949924 , 0 , -0.55850774
2025-12-05 18:43:11.2627 (StateSyncRequestHandler.cs:17) 玩家ID:482736422909116417 移动到新位置: -0.8315981 , 0 , -5.2308474
2025-12-05 18:43:11.3574 (StateSyncRequestHandler.cs:17) 玩家ID:482736422909116417 移动方向: -0.86338055 , 0 , -0.5045532
2025-12-05 18:43:11.3574 (StateSyncRequestHandler.cs:17) 玩家ID:482736422909116417 移动到新位置: -1.0906123 , 0 , -5.382213
2025-12-05 18:43:11.4582 (StateSyncRequestHandler.cs:17) 玩家ID:482736422909116417 移动方向: -0.5397759 , 0 , -0.8418088
2025-12-05 18:43:11.4582 (StateSyncRequestHandler.cs:17) 玩家ID:482736422909116417 移动到新位置: -1.2525451 , 0 , -5.6347556
2025-12-05 18:43:11.5536 (StateSyncRequestHandler.cs:17) 玩家ID:482736422909116417 移动方向: -0.77704126 , 0 , -0.62944967
2025-12-05 18:43:11.5536 (StateSyncRequestHandler.cs:17) 玩家ID:482736422909116417 移动到新位置: -1.4856575 , 0 , -5.8235903
2025-12-05 18:43:11.6621 (StateSyncRequestHandler.cs:17) 玩家ID:482736422909116417 移动方向: -0.88890666 , 0 , -0.45808843
2025-12-05 18:43:11.6621 (StateSyncRequestHandler.cs:17) 玩家ID:482736422909116417 移动到新位置: -1.7523295 , 0 , -5.9610167
2025-12-05 18:43:11.7611 (StateSyncRequestHandler.cs:17) 玩家ID:482736422909116417 移动方向: -0.37079218 , 0 , -0.92871577
2025-12-05 18:43:11.7611 (StateSyncRequestHandler.cs:17) 玩家ID:482736422909116417 移动到新位置: -1.8635671 , 0 , -6.239631
2025-12-05 18:43:11.8540 (StateSyncRequestHandler.cs:17) 玩家ID:482736422909116417 移动方向: -0.39210397 , 0 , -0.91992086
2025-12-05 18:43:11.8540 (StateSyncRequestHandler.cs:17) 玩家ID:482736422909116417 移动到新位置: -1.9811983 , 0 , -6.5156074
2025-12-05 18:43:11.9611 (StateSyncRequestHandler.cs:17) 玩家ID:482736422909116417 移动方向: -0.93127114 , 0 , -0.36432683
2025-12-05 18:43:11.9611 (StateSyncRequestHandler.cs:17) 玩家ID:482736422909116417 移动到新位置: -2.2605796 , 0 , -6.6249056
2025-12-05 18:43:12.0625 (StateSyncRequestHandler.cs:17) 玩家ID:482736422909116417 移动方向: -0.9322191 , 0 , -0.36189437
2025-12-05 18:43:12.0625 (StateSyncRequestHandler.cs:17) 玩家ID:482736422909116417 移动到新位置: -2.5402453 , 0 , -6.733474
2025-12-05 18:43:12.1605 (StateSyncRequestHandler.cs:17) 玩家ID:482736422909116417 移动方向: -0.92693526 , 0 , -0.37522137
2025-12-05 18:43:12.1605 (StateSyncRequestHandler.cs:17) 玩家ID:482736422909116417 移动到新位置: -2.8183258 , 0 , -6.8460402
2025-12-05 18:43:12.2546 (StateSyncRequestHandler.cs:17) 玩家ID:482736422909116417 移动方向: -0.8761949 , 0 , -0.481957
2025-12-05 18:43:12.2546 (StateSyncRequestHandler.cs:17) 玩家ID:482736422909116417 移动到新位置: -3.0811841 , 0 , -6.9906273
2025-12-05 18:43:12.3539 (StateSyncRequestHandler.cs:17) 玩家ID:482736422909116417 移动方向: -0.99122864 , 0 , 0.13215849
2025-12-05 18:43:12.3539 (StateSyncRequestHandler.cs:17) 玩家ID:482736422909116417 移动到新位置: -3.3785527 , 0 , -6.9509797
2025-12-05 18:43:12.4519 (StateSyncRequestHandler.cs:17) 玩家ID:482736422909116417 移动方向: -0.9982507 , 0 , 0.0591217
2025-12-05 18:43:12.4519 (StateSyncRequestHandler.cs:17) 玩家ID:482736422909116417 移动到新位置: -3.6780279 , 0 , -6.9332433
2025-12-05 18:43:12.5540 (StateSyncRequestHandler.cs:17) 玩家ID:482736422909116417 移动方向: -0.6870957 , 0 , 0.726567
2025-12-05 18:43:12.5540 (StateSyncRequestHandler.cs:17) 玩家ID:482736422909116417 移动到新位置: -3.8841567 , 0 , -6.7152734
2025-12-05 18:43:12.6545 (StateSyncRequestHandler.cs:17) 玩家ID:482736422909116417 移动方向: -0.72763675 , 0 , 0.6859626
2025-12-05 18:43:12.6545 (StateSyncRequestHandler.cs:17) 玩家ID:482736422909116417 移动到新位置: -4.1024475 , 0 , -6.509485
2025-12-05 18:43:12.7628 (StateSyncRequestHandler.cs:17) 玩家ID:482736422909116417 移动方向: -0.78093374 , 0 , 0.62461394
2025-12-05 18:43:12.7628 (StateSyncRequestHandler.cs:17) 玩家ID:482736422909116417 移动到新位置: -4.3367276 , 0 , -6.3221006
2025-12-05 18:43:12.8569 (StateSyncRequestHandler.cs:17) 玩家ID:482736422909116417 移动方向: -0.80250037 , 0 , 0.5966516
2025-12-05 18:43:12.8569 (StateSyncRequestHandler.cs:17) 玩家ID:482736422909116417 移动到新位置: -4.577478 , 0 , -6.143105
2025-12-05 18:43:12.9626 (StateSyncRequestHandler.cs:17) 玩家ID:482736422909116417 移动方向: -0.8046143 , 0 , 0.5937978
2025-12-05 18:43:12.9626 (StateSyncRequestHandler.cs:17) 玩家ID:482736422909116417 移动到新位置: -4.8188624 , 0 , -5.964966
2025-12-05 18:43:13.0652 (StateSyncRequestHandler.cs:17) 玩家ID:482736422909116417 移动方向: -0.7764607 , 0 , 0.6301656
2025-12-05 18:43:13.0652 (StateSyncRequestHandler.cs:17) 玩家ID:482736422909116417 移动到新位置: -5.0518007 , 0 , -5.775916
2025-12-05 18:43:13.1691 (StateSyncRequestHandler.cs:17) 玩家ID:482736422909116417 移动方向: -0.7138459 , 0 , 0.7003028
2025-12-05 18:43:13.1691 (StateSyncRequestHandler.cs:17) 玩家ID:482736422909116417 移动到新位置: -5.2659545 , 0 , -5.5658255
2025-12-05 18:43:13.2584 (StateSyncRequestHandler.cs:17) 玩家ID:482736422909116417 移动方向: -0.66404366 , 0 , 0.7476937
2025-12-05 18:43:13.2584 (StateSyncRequestHandler.cs:17) 玩家ID:482736422909116417 移动到新位置: -5.4651675 , 0 , -5.3415174
2025-12-05 18:43:13.3521 (StateSyncRequestHandler.cs:17) 玩家ID:482736422909116417 移动方向: -0.6441358 , 0 , 0.7649112
2025-12-05 18:43:13.3521 (StateSyncRequestHandler.cs:17) 玩家ID:482736422909116417 移动到新位置: -5.658408 , 0 , -5.1120443
2025-12-05 18:43:13.4580 (StateSyncRequestHandler.cs:17) 玩家ID:482736422909116417 移动方向: -0.6354467 , 0 , 0.7721447
2025-12-05 18:43:13.4580 (StateSyncRequestHandler.cs:17) 玩家ID:482736422909116417 移动到新位置: -5.849042 , 0 , -4.880401
2025-12-05 18:43:13.5677 (StateSyncRequestHandler.cs:17) 玩家ID:482736422909116417 移动方向: -0.63259315 , 0 , 0.7744842
2025-12-05 18:43:13.5677 (StateSyncRequestHandler.cs:17) 玩家ID:482736422909116417 移动到新位置: -6.03882 , 0 , -4.648056
2025-12-05 18:43:13.6629 (StateSyncRequestHandler.cs:17) 玩家ID:482736422909116417 移动方向: -0.63168705 , 0 , 0.77522355
2025-12-05 18:43:13.6629 (StateSyncRequestHandler.cs:17) 玩家ID:482736422909116417 移动到新位置: -6.228326 , 0 , -4.415489
2025-12-05 18:43:13.7655 (StateSyncRequestHandler.cs:17) 玩家ID:482736422909116417 移动方向: -0.61874443 , 0 , 0.7855923
2025-12-05 18:43:13.7655 (StateSyncRequestHandler.cs:17) 玩家ID:482736422909116417 移动到新位置: -6.413949 , 0 , -4.1798115
2025-12-05 18:43:13.8552 (StateSyncRequestHandler.cs:17) 玩家ID:482736422909116417 移动方向: -0.5434922 , 0 , 0.8394142
2025-12-05 18:43:13.8552 (StateSyncRequestHandler.cs:17) 玩家ID:482736422909116417 移动到新位置: -6.576997 , 0 , -3.927987
2025-12-05 18:43:13.9567 (StateSyncRequestHandler.cs:17) 玩家ID:482736422909116417 移动方向: -0.3600924 , 0 , 0.93291664
2025-12-05 18:43:13.9567 (StateSyncRequestHandler.cs:17) 玩家ID:482736422909116417 移动到新位置: -6.6850247 , 0 , -3.648112
2025-12-05 18:43:14.0627 (StateSyncRequestHandler.cs:17) 玩家ID:482736422909116417 移动方向: -0.21629058 , 0 , 0.976329
2025-12-05 18:43:14.0627 (StateSyncRequestHandler.cs:17) 玩家ID:482736422909116417 移动到新位置: -6.749912 , 0 , -3.3552134
2025-12-05 18:43:14.1540 (StateSyncRequestHandler.cs:17) 玩家ID:482736422909116417 移动方向: -0.15240198 , 0 , 0.98831856
2025-12-05 18:43:14.1540 (StateSyncRequestHandler.cs:17) 玩家ID:482736422909116417 移动到新位置: -6.7956324 , 0 , -3.0587177
2025-12-05 18:43:14.2536 (StateSyncRequestHandler.cs:17) 玩家ID:482736422909116417 移动方向: -0.124104954 , 0 , 0.9922691
2025-12-05 18:43:14.2536 (StateSyncRequestHandler.cs:17) 玩家ID:482736422909116417 移动到新位置: -6.832864 , 0 , -2.7610369
2025-12-05 18:43:14.3557 (StateSyncRequestHandler.cs:17) 玩家ID:482736422909116417 移动方向: -0.11417707 , 0 , 0.9934604
2025-12-05 18:43:14.3557 (StateSyncRequestHandler.cs:17) 玩家ID:482736422909116417 移动到新位置: -6.867117 , 0 , -2.4629989
2025-12-05 18:43:14.4589 (StateSyncRequestHandler.cs:17) 玩家ID:482736422909116417 移动方向: -0.111076705 , 0 , 0.9938118
2025-12-05 18:43:14.4589 (StateSyncRequestHandler.cs:17) 玩家ID:482736422909116417 移动到新位置: -6.9004397 , 0 , -2.1648552
2025-12-05 18:43:14.5600 (StateSyncRequestHandler.cs:17) 玩家ID:482736422909116417 移动方向: -0.11012247 , 0 , 0.993918
2025-12-05 18:43:14.5600 (StateSyncRequestHandler.cs:17) 玩家ID:482736422909116417 移动到新位置: -6.9334764 , 0 , -1.8666799
2025-12-05 18:43:14.6529 (StateSyncRequestHandler.cs:17) 玩家ID:482736422909116417 移动方向: -0.10796929 , 0 , 0.9941543
2025-12-05 18:43:14.6529 (StateSyncRequestHandler.cs:17) 玩家ID:482736422909116417 移动到新位置: -6.965867 , 0 , -1.5684336
2025-12-05 18:43:14.7552 (StateSyncRequestHandler.cs:17) 玩家ID:482736422909116417 移动方向: -0.030243322 , 0 , 0.99954253
2025-12-05 18:43:14.7552 (StateSyncRequestHandler.cs:17) 玩家ID:482736422909116417 移动到新位置: -6.97494 , 0 , -1.2685709
2025-12-05 18:43:14.8592 (StateSyncRequestHandler.cs:17) 玩家ID:482736422909116417 移动方向: -0.54907656 , 0 , 0.83577204
2025-12-05 18:43:14.8592 (StateSyncRequestHandler.cs:17) 玩家ID:482736422909116417 移动到新位置: -7.1396627 , 0 , -1.0178393
2025-12-05 18:43:14.9590 (StateSyncRequestHandler.cs:17) 玩家ID:482736422909116417 移动方向: -0.37343097 , 0 , 0.92765796
2025-12-05 18:43:14.9590 (StateSyncRequestHandler.cs:17) 玩家ID:482736422909116417 移动到新位置: -7.251692 , 0 , -0.73954195
2025-12-05 18:43:15.0641 (StateSyncRequestHandler.cs:17) 玩家ID:482736422909116417 移动方向: -0.84819275 , 0 , 0.52968776
2025-12-05 18:43:15.0641 (StateSyncRequestHandler.cs:17) 玩家ID:482736422909116417 移动到新位置: -7.50615 , 0 , -0.5806356
2025-12-05 18:43:15.1642 (StateSyncRequestHandler.cs:17) 玩家ID:482736422909116417 移动方向: -0.7636108 , 0 , 0.6456769
2025-12-05 18:43:15.1642 (StateSyncRequestHandler.cs:17) 玩家ID:482736422909116417 移动到新位置: -7.735233 , 0 , -0.38693255
2025-12-05 18:43:15.2576 (StateSyncRequestHandler.cs:17) 玩家ID:482736422909116417 移动方向: -0.6895665 , 0 , 0.7242224
2025-12-05 18:43:15.2576 (StateSyncRequestHandler.cs:17) 玩家ID:482736422909116417 移动到新位置: -7.942103 , 0 , -0.16966583
2025-12-05 18:43:15.3583 (StateSyncRequestHandler.cs:17) 玩家ID:482736422909116417 移动方向: -0.6378412 , 0 , 0.77016795
2025-12-05 18:43:15.3583 (StateSyncRequestHandler.cs:17) 玩家ID:482736422909116417 移动到新位置: -8.133455 , 0 , 0.061384544
2025-12-05 18:43:15.4582 (StateSyncRequestHandler.cs:17) 玩家ID:482736422909116417 移动方向: 0.1340177 , 0 , 0.9909789
2025-12-05 18:43:15.4582 (StateSyncRequestHandler.cs:17) 玩家ID:482736422909116417 移动到新位置: -8.09325 , 0 , 0.35867822
2025-12-05 18:43:15.5536 (StateSyncRequestHandler.cs:17) 玩家ID:482736422909116417 移动方向: 0.8067407 , 0 , 0.5909056
2025-12-05 18:43:15.5536 (StateSyncRequestHandler.cs:17) 玩家ID:482736422909116417 移动到新位置: -7.851228 , 0 , 0.5359499
2025-12-05 18:43:15.6635 (StateSyncRequestHandler.cs:17) 玩家ID:482736422909116417 移动方向: 0.81137156 , 0 , 0.5845308
2025-12-05 18:43:15.6635 (StateSyncRequestHandler.cs:17) 玩家ID:482736422909116417 移动到新位置: -7.6078167 , 0 , 0.7113091
2025-12-05 18:43:15.7552 (StateSyncRequestHandler.cs:17) 玩家ID:482736422909116417 移动方向: 0.16298032 , 0 , 0.9866293
2025-12-05 18:43:15.7552 (StateSyncRequestHandler.cs:17) 玩家ID:482736422909116417 移动到新位置: -7.558923 , 0 , 1.0072979
2025-12-05 18:43:15.8558 (StateSyncRequestHandler.cs:17) 玩家ID:482736422909116417 移动方向: 0.16381761 , 0 , 0.9864906
2025-12-05 18:43:15.8558 (StateSyncRequestHandler.cs:17) 玩家ID:482736422909116417 移动到新位置: -7.5097775 , 0 , 1.3032451
2025-12-05 18:43:15.9598 (StateSyncRequestHandler.cs:17) 玩家ID:482736422909116417 移动方向: -0.5815046 , 0 , 0.81354314
2025-12-05 18:43:15.9598 (StateSyncRequestHandler.cs:17) 玩家ID:482736422909116417 移动到新位置: -7.6260786 , 0 , 1.4659537
2025-12-05 18:43:16.0582 (StateSyncRequestHandler.cs:17) 玩家ID:482736422909116417 移动到新位置: -7.6260786 , 0 , 1.4659537
2025-12-05 18:43:17.4547 (StateSyncRequestHandler.cs:17) 玩家ID:482736422909116417 移动方向: -0.5710813 , 0 , 0.8208935
2025-12-05 18:43:17.4547 (StateSyncRequestHandler.cs:17) 玩家ID:482736422909116417 移动到新位置: -7.740295 , 0 , 1.6301324
2025-12-05 18:43:17.5548 (StateSyncRequestHandler.cs:17) 玩家ID:482736422909116417 移动方向: 0.1916106 , 0 , 0.98147106
2025-12-05 18:43:17.5548 (StateSyncRequestHandler.cs:17) 玩家ID:482736422909116417 移动到新位置: -7.701973 , 0 , 1.8264266
2025-12-05 18:43:17.6628 (StateSyncRequestHandler.cs:17) 玩家ID:482736422909116417 移动方向: 0.19863567 , 0 , 0.98007345
2025-12-05 18:43:17.6628 (StateSyncRequestHandler.cs:17) 玩家ID:482736422909116417 移动到新位置: -7.6622458 , 0 , 2.0224414
2025-12-05 18:43:17.7572 (StateSyncRequestHandler.cs:17) 玩家ID:482736422909116417 移动方向: 0.2014054 , 0 , 0.9795079
2025-12-05 18:43:17.7572 (StateSyncRequestHandler.cs:17) 玩家ID:482736422909116417 移动到新位置: -7.6219645 , 0 , 2.218343
2025-12-05 18:43:17.8602 (StateSyncRequestHandler.cs:17) 玩家ID:482736422909116417 移动方向: 0.20235941 , 0 , 0.9793113
2025-12-05 18:43:17.8602 (StateSyncRequestHandler.cs:17) 玩家ID:482736422909116417 移动到新位置: -7.5814924 , 0 , 2.4142053
2025-12-05 18:43:17.9575 (StateSyncRequestHandler.cs:17) 玩家ID:482736422909116417 移动方向: 0.20264935 , 0 , 0.9792514
2025-12-05 18:43:17.9575 (StateSyncRequestHandler.cs:17) 玩家ID:482736422909116417 移动到新位置: -7.5206976 , 0 , 2.7079806
2025-12-05 18:43:18.0607 (StateSyncRequestHandler.cs:17) 玩家ID:482736422909116417 移动方向: 0.8357842 , 0 , 0.549058
2025-12-05 18:43:18.0607 (StateSyncRequestHandler.cs:17) 玩家ID:482736422909116417 移动到新位置: -7.2699623 , 0 , 2.872698
2025-12-05 18:43:18.1540 (StateSyncRequestHandler.cs:17) 玩家ID:482736422909116417 移动方向: 0.8357995 , 0 , 0.5490347
2025-12-05 18:43:18.1540 (StateSyncRequestHandler.cs:17) 玩家ID:482736422909116417 移动到新位置: -7.0192223 , 0 , 3.0374084
2025-12-05 18:43:18.2537 (StateSyncRequestHandler.cs:17) 玩家ID:482736422909116417 移动方向: 0.8358048 , 0 , 0.54902667
2025-12-05 18:43:18.2537 (StateSyncRequestHandler.cs:17) 玩家ID:482736422909116417 移动到新位置: -6.768481 , 0 , 3.2021163
2025-12-05 18:43:18.3534 (StateSyncRequestHandler.cs:17) 玩家ID:482736422909116417 移动方向: 0.83580637 , 0 , 0.5490243
2025-12-05 18:43:18.3534 (StateSyncRequestHandler.cs:17) 玩家ID:482736422909116417 移动到新位置: -6.517739 , 0 , 3.3668234
2025-12-05 18:43:18.4536 (StateSyncRequestHandler.cs:17) 玩家ID:482736422909116417 移动方向: 0.835807 , 0 , 0.5490234
2025-12-05 18:43:18.4536 (StateSyncRequestHandler.cs:17) 玩家ID:482736422909116417 移动到新位置: -6.266997 , 0 , 3.5315304
2025-12-05 18:43:18.5568 (StateSyncRequestHandler.cs:17) 玩家ID:482736422909116417 移动方向: 0.83604205 , 0 , 0.54866534
2025-12-05 18:43:18.5568 (StateSyncRequestHandler.cs:17) 玩家ID:482736422909116417 移动到新位置: -6.0161843 , 0 , 3.69613
2025-12-05 18:43:18.6566 (StateSyncRequestHandler.cs:17) 玩家ID:482736422909116417 移动方向: 0.8427561 , 0 , 0.5382957
2025-12-05 18:43:18.6566 (StateSyncRequestHandler.cs:17) 玩家ID:482736422909116417 移动到新位置: -5.7633576 , 0 , 3.8576188
2025-12-05 18:43:18.7611 (StateSyncRequestHandler.cs:17) 玩家ID:482736422909116417 移动方向: 0.85733473 , 0 , 0.5147593
2025-12-05 18:43:18.7611 (StateSyncRequestHandler.cs:17) 玩家ID:482736422909116417 移动到新位置: -5.5061574 , 0 , 4.012047
2025-12-05 18:43:18.8582 (StateSyncRequestHandler.cs:17) 玩家ID:482736422909116417 移动方向: 0.90370184 , 0 , 0.42816228
2025-12-05 18:43:18.8582 (StateSyncRequestHandler.cs:17) 玩家ID:482736422909116417 移动到新位置: -5.235047 , 0 , 4.1404953
2025-12-05 18:43:18.9620 (StateSyncRequestHandler.cs:17) 玩家ID:482736422909116417 移动方向: 0.515219 , 0 , 0.8570586
2025-12-05 18:43:18.9620 (StateSyncRequestHandler.cs:17) 玩家ID:482736422909116417 移动到新位置: -5.080481 , 0 , 4.397613
2025-12-05 18:43:19.0557 (StateSyncRequestHandler.cs:17) 玩家ID:482736422909116417 移动方向: 0.025746342 , 0 , 0.99966854
2025-12-05 18:43:19.0557 (StateSyncRequestHandler.cs:17) 玩家ID:482736422909116417 移动到新位置: -5.0727572 , 0 , 4.6975136
2025-12-05 18:43:19.1597 (StateSyncRequestHandler.cs:17) 玩家ID:482736422909116417 移动方向: 0.27826378 , 0 , 0.96050465
2025-12-05 18:43:19.1597 (StateSyncRequestHandler.cs:17) 玩家ID:482736422909116417 移动到新位置: -4.9892783 , 0 , 4.985665
2025-12-05 18:43:19.2561 (StateSyncRequestHandler.cs:17) 玩家ID:482736422909116417 移动方向: 0.47177282 , 0 , 0.8817201
2025-12-05 18:43:19.2561 (StateSyncRequestHandler.cs:17) 玩家ID:482736422909116417 移动到新位置: -4.8477464 , 0 , 5.2501807
2025-12-05 18:43:19.3649 (StateSyncRequestHandler.cs:17) 玩家ID:482736422909116417 移动方向: 0.5876248 , 0 , 0.8091335
2025-12-05 18:43:19.3649 (StateSyncRequestHandler.cs:17) 玩家ID:482736422909116417 移动到新位置: -4.6714587 , 0 , 5.492921
2025-12-05 18:43:19.4578 (StateSyncRequestHandler.cs:17) 玩家ID:482736422909116417 移动方向: 0.63520944 , 0 , 0.7723399
2025-12-05 18:43:19.4583 (StateSyncRequestHandler.cs:17) 玩家ID:482736422909116417 移动到新位置: -4.480896 , 0 , 5.7246227
2025-12-05 18:43:19.5628 (StateSyncRequestHandler.cs:17) 玩家ID:482736422909116417 移动方向: 0.99763906 , 0 , 0.06867477
2025-12-05 18:43:19.5628 (StateSyncRequestHandler.cs:17) 玩家ID:482736422909116417 移动到新位置: -4.1816044 , 0 , 5.745225
2025-12-05 18:43:19.6556 (StateSyncRequestHandler.cs:17) 玩家ID:482736422909116417 移动方向: 0.74824977 , 0 , -0.66341716
2025-12-05 18:43:19.6556 (StateSyncRequestHandler.cs:17) 玩家ID:482736422909116417 移动到新位置: -3.9571295 , 0 , 5.5462
2025-12-05 18:43:19.7524 (StateSyncRequestHandler.cs:17) 玩家ID:482736422909116417 移动方向: 0.7459436 , 0 , -0.6660091
2025-12-05 18:43:19.7524 (StateSyncRequestHandler.cs:17) 玩家ID:482736422909116417 移动到新位置: -3.7333465 , 0 , 5.346397
2025-12-05 18:43:19.8618 (StateSyncRequestHandler.cs:17) 玩家ID:482736422909116417 移动方向: 0.74519116 , 0 , -0.66685086
2025-12-05 18:43:19.8618 (StateSyncRequestHandler.cs:17) 玩家ID:482736422909116417 移动到新位置: -3.5097892 , 0 , 5.146342
2025-12-05 18:43:19.9598 (StateSyncRequestHandler.cs:17) 玩家ID:482736422909116417 移动方向: 0.9984814 , 0 , 0.055089265
2025-12-05 18:43:19.9598 (StateSyncRequestHandler.cs:17) 玩家ID:482736422909116417 移动到新位置: -3.210245 , 0 , 5.1628685
2025-12-05 18:43:20.0562 (StateSyncRequestHandler.cs:17) 玩家ID:482736422909116417 移动方向: 0.6687503 , 0 , 0.7434872
2025-12-05 18:43:20.0562 (StateSyncRequestHandler.cs:17) 玩家ID:482736422909116417 移动到新位置: -3.0096197 , 0 , 5.385915
2025-12-05 18:43:20.1641 (StateSyncRequestHandler.cs:17) 玩家ID:482736422909116417 移动方向: 0.7007913 , 0 , 0.7133663
2025-12-05 18:43:20.1641 (StateSyncRequestHandler.cs:17) 玩家ID:482736422909116417 移动到新位置: -2.7993822 , 0 , 5.5999246
2025-12-05 18:43:20.2613 (StateSyncRequestHandler.cs:17) 玩家ID:482736422909116417 移动方向: 0.07663298 , 0 , 0.9970594
2025-12-05 18:43:20.2613 (StateSyncRequestHandler.cs:17) 玩家ID:482736422909116417 移动到新位置: -2.7763922 , 0 , 5.8990426
2025-12-05 18:43:20.3638 (StateSyncRequestHandler.cs:17) 玩家ID:482736422909116417 移动方向: -0.587715 , 0 , 0.809068
2025-12-05 18:43:20.3638 (StateSyncRequestHandler.cs:17) 玩家ID:482736422909116417 移动到新位置: -2.9527068 , 0 , 6.141763
2025-12-05 18:43:20.4630 (StateSyncRequestHandler.cs:17) 玩家ID:482736422909116417 移动方向: -0.55539656 , 0 , 0.8315856
2025-12-05 18:43:20.4630 (StateSyncRequestHandler.cs:17) 玩家ID:482736422909116417 移动到新位置: -3.1193259 , 0 , 6.3912387
2025-12-05 18:43:20.5578 (StateSyncRequestHandler.cs:17) 玩家ID:482736422909116417 移动方向: -0.54301006 , 0 , 0.8397262
2025-12-05 18:43:20.5578 (StateSyncRequestHandler.cs:17) 玩家ID:482736422909116417 移动到新位置: -3.282229 , 0 , 6.6431565
2025-12-05 18:43:20.6572 (StateSyncRequestHandler.cs:17) 玩家ID:482736422909116417 移动方向: 0.2230807 , 0 , 0.97479993
2025-12-05 18:43:20.6572 (StateSyncRequestHandler.cs:17) 玩家ID:482736422909116417 移动到新位置: -3.2153049 , 0 , 6.9355965
2025-12-05 18:43:20.7537 (StateSyncRequestHandler.cs:17) 玩家ID:482736422909116417 移动方向: 0.8629148 , 0 , 0.50534934
2025-12-05 18:43:20.7537 (StateSyncRequestHandler.cs:17) 玩家ID:482736422909116417 移动到新位置: -2.9564304 , 0 , 7.087201
2025-12-05 18:43:20.8638 (StateSyncRequestHandler.cs:17) 玩家ID:482736422909116417 移动方向: 0.8960954 , 0 , 0.44386154
2025-12-05 18:43:20.8638 (StateSyncRequestHandler.cs:17) 玩家ID:482736422909116417 移动到新位置: -2.6876018 , 0 , 7.22036
2025-12-05 18:43:20.9522 (StateSyncRequestHandler.cs:17) 玩家ID:482736422909116417 移动方向: 0.9266206 , 0 , 0.37599784
2025-12-05 18:43:20.9522 (StateSyncRequestHandler.cs:17) 玩家ID:482736422909116417 移动到新位置: -2.4096155 , 0 , 7.333159
2025-12-05 18:43:21.0670 (StateSyncRequestHandler.cs:17) 玩家ID:482736422909116417 移动方向: 0.9601984 , 0 , 0.279319
2025-12-05 18:43:21.0670 (StateSyncRequestHandler.cs:17) 玩家ID:482736422909116417 移动到新位置: -2.121556 , 0 , 7.4169545
2025-12-05 18:43:21.1551 (StateSyncRequestHandler.cs:17) 玩家ID:482736422909116417 移动方向: 0.97759223 , 0 , 0.21050742
2025-12-05 18:43:21.1551 (StateSyncRequestHandler.cs:17) 玩家ID:482736422909116417 移动到新位置: -1.8282784 , 0 , 7.480107
2025-12-05 18:43:21.2544 (StateSyncRequestHandler.cs:17) 玩家ID:482736422909116417 移动到新位置: -1.8282784 , 0 , 7.480107
2025-12-05 18:43:26.9636 (StateSyncRequestHandler.cs:17) 玩家ID:482736422909116417 移动方向: 0.98706645 , 0 , 0.16031139
2025-12-05 18:43:26.9636 (StateSyncRequestHandler.cs:17) 玩家ID:482736422909116417 移动到新位置: -1.6308651 , 0 , 7.512169
2025-12-05 18:43:27.0537 (StateSyncRequestHandler.cs:17) 玩家ID:482736422909116417 移动方向: 0.98706645 , 0 , 0.16031139
2025-12-05 18:43:27.0537 (StateSyncRequestHandler.cs:17) 玩家ID:482736422909116417 移动到新位置: -1.4334518 , 0 , 7.544231
2025-12-05 18:43:27.1574 (StateSyncRequestHandler.cs:17) 玩家ID:482736422909116417 移动方向: 0.98706645 , 0 , 0.16031139
2025-12-05 18:43:27.1574 (StateSyncRequestHandler.cs:17) 玩家ID:482736422909116417 移动到新位置: -1.2360384 , 0 , 7.576293
2025-12-05 18:43:27.2577 (StateSyncRequestHandler.cs:17) 玩家ID:482736422909116417 移动方向: 0.98706645 , 0 , 0.16031139
2025-12-05 18:43:27.2577 (StateSyncRequestHandler.cs:17) 玩家ID:482736422909116417 移动到新位置: -1.0386251 , 0 , 7.608355
2025-12-05 18:43:27.3587 (StateSyncRequestHandler.cs:17) 玩家ID:482736422909116417 移动方向: 0.81131864 , 0 , -0.58460414
2025-12-05 18:43:27.3587 (StateSyncRequestHandler.cs:17) 玩家ID:482736422909116417 移动到新位置: -0.87636137 , 0 , 7.491434
2025-12-05 18:43:27.4534 (StateSyncRequestHandler.cs:17) 玩家ID:482736422909116417 移动方向: 0.16031139 , 0 , -0.9870665
2025-12-05 18:43:27.4534 (StateSyncRequestHandler.cs:17) 玩家ID:482736422909116417 移动到新位置: -0.8442991 , 0 , 7.2940207
2025-12-05 18:43:27.5537 (StateSyncRequestHandler.cs:17) 玩家ID:482736422909116417 移动方向: 0.16031139 , 0 , -0.9870665
2025-12-05 18:43:27.5537 (StateSyncRequestHandler.cs:17) 玩家ID:482736422909116417 移动到新位置: -0.8122368 , 0 , 7.096607
2025-12-05 18:43:27.6624 (StateSyncRequestHandler.cs:17) 玩家ID:482736422909116417 移动方向: 0.16031139 , 0 , -0.9870665
2025-12-05 18:43:27.6624 (StateSyncRequestHandler.cs:17) 玩家ID:482736422909116417 移动到新位置: -0.7801745 , 0 , 6.899194
2025-12-05 18:43:27.7525 (StateSyncRequestHandler.cs:17) 玩家ID:482736422909116417 移动方向: 0.16031139 , 0 , -0.9870665
2025-12-05 18:43:27.7525 (StateSyncRequestHandler.cs:17) 玩家ID:482736422909116417 移动到新位置: -0.7481122 , 0 , 6.7017803
2025-12-05 18:43:27.8558 (StateSyncRequestHandler.cs:17) 玩家ID:482736422909116417 移动方向: 0.16031139 , 0 , -0.9870665
2025-12-05 18:43:27.8558 (StateSyncRequestHandler.cs:17) 玩家ID:482736422909116417 移动到新位置: -0.7160499 , 0 , 6.504367
2025-12-05 18:43:27.9534 (StateSyncRequestHandler.cs:17) 玩家ID:482736422909116417 移动方向: 0.81131864 , 0 , -0.58460414
2025-12-05 18:43:27.9534 (StateSyncRequestHandler.cs:17) 玩家ID:482736422909116417 移动到新位置: -0.55378616 , 0 , 6.387446
2025-12-05 18:43:28.0529 (StateSyncRequestHandler.cs:17) 玩家ID:482736422909116417 移动方向: 0.98706645 , 0 , 0.16031139
2025-12-05 18:43:28.0529 (StateSyncRequestHandler.cs:17) 玩家ID:482736422909116417 移动到新位置: -0.3563729 , 0 , 6.419508
2025-12-05 18:43:28.1543 (StateSyncRequestHandler.cs:17) 玩家ID:482736422909116417 移动方向: 0.58460414 , 0 , 0.81131864
2025-12-05 18:43:28.1543 (StateSyncRequestHandler.cs:17) 玩家ID:482736422909116417 移动到新位置: -0.23945206 , 0 , 6.581772
2025-12-05 18:43:28.2529 (StateSyncRequestHandler.cs:17) 玩家ID:482736422909116417 移动方向: 0.58460414 , 0 , 0.81131864
2025-12-05 18:43:28.2529 (StateSyncRequestHandler.cs:17) 玩家ID:482736422909116417 移动到新位置: -0.122531235 , 0 , 6.7440357
2025-12-05 18:43:28.3549 (StateSyncRequestHandler.cs:17) 玩家ID:482736422909116417 移动方向: 0.58460414 , 0 , 0.81131864
2025-12-05 18:43:28.3549 (StateSyncRequestHandler.cs:17) 玩家ID:482736422909116417 移动到新位置: -0.0056104064 , 0 , 6.9062996
2025-12-05 18:43:28.4554 (StateSyncRequestHandler.cs:17) 玩家ID:482736422909116417 移动方向: 0.98706645 , 0 , 0.16031139
2025-12-05 18:43:28.4554 (StateSyncRequestHandler.cs:17) 玩家ID:482736422909116417 移动到新位置: 0.19180287 , 0 , 6.9383616
2025-12-05 18:43:28.5569 (StateSyncRequestHandler.cs:17) 玩家ID:482736422909116417 移动方向: 0.98706645 , 0 , 0.16031139
2025-12-05 18:43:28.5569 (StateSyncRequestHandler.cs:17) 玩家ID:482736422909116417 移动到新位置: 0.38921615 , 0 , 6.9704237
2025-12-05 18:43:28.6553 (StateSyncRequestHandler.cs:17) 玩家ID:482736422909116417 移动方向: 0.81131864 , 0 , -0.58460414
2025-12-05 18:43:28.6553 (StateSyncRequestHandler.cs:17) 玩家ID:482736422909116417 移动到新位置: 0.5514799 , 0 , 6.8535028
2025-12-05 18:43:28.7596 (StateSyncRequestHandler.cs:17) 玩家ID:482736422909116417 移动方向: 0.81131864 , 0 , -0.58460414
2025-12-05 18:43:28.7596 (StateSyncRequestHandler.cs:17) 玩家ID:482736422909116417 移动到新位置: 0.79487544 , 0 , 6.6781216
2025-12-05 18:43:28.8578 (StateSyncRequestHandler.cs:17) 玩家ID:482736422909116417 移动方向: 0.81131864 , 0 , -0.58460414
2025-12-05 18:43:28.8578 (StateSyncRequestHandler.cs:17) 玩家ID:482736422909116417 移动到新位置: 1.0382711 , 0 , 6.5027404
2025-12-05 18:43:28.9576 (StateSyncRequestHandler.cs:17) 玩家ID:482736422909116417 移动方向: 0.81131864 , 0 , -0.58460414
2025-12-05 18:43:28.9576 (StateSyncRequestHandler.cs:17) 玩家ID:482736422909116417 移动到新位置: 1.2816666 , 0 , 6.327359
2025-12-05 18:43:29.0587 (StateSyncRequestHandler.cs:17) 玩家ID:482736422909116417 移动方向: 0.81131864 , 0 , -0.58460414
2025-12-05 18:43:29.0587 (StateSyncRequestHandler.cs:17) 玩家ID:482736422909116417 移动到新位置: 1.5250622 , 0 , 6.151978
2025-12-05 18:43:29.1555 (StateSyncRequestHandler.cs:17) 玩家ID:482736422909116417 移动方向: 0.81131864 , 0 , -0.58460414
2025-12-05 18:43:29.1555 (StateSyncRequestHandler.cs:17) 玩家ID:482736422909116417 移动到新位置: 1.7684578 , 0 , 5.976597
2025-12-05 18:43:29.2567 (StateSyncRequestHandler.cs:17) 玩家ID:482736422909116417 移动方向: 0.991652 , 0 , 0.12894289
2025-12-05 18:43:29.2567 (StateSyncRequestHandler.cs:17) 玩家ID:482736422909116417 移动到新位置: 2.0659533 , 0 , 6.01528
2025-12-05 18:43:29.3577 (StateSyncRequestHandler.cs:17) 玩家ID:482736422909116417 移动方向: 0.9988326 , 0 , -0.048305627
2025-12-05 18:43:29.3577 (StateSyncRequestHandler.cs:17) 玩家ID:482736422909116417 移动到新位置: 2.365603 , 0 , 6.000788
2025-12-05 18:43:29.4594 (StateSyncRequestHandler.cs:17) 玩家ID:482736422909116417 移动方向: 0.9514896 , 0 , -0.30768088
2025-12-05 18:43:29.4594 (StateSyncRequestHandler.cs:17) 玩家ID:482736422909116417 移动到新位置: 2.6510499 , 0 , 5.908484
2025-12-05 18:43:29.5600 (StateSyncRequestHandler.cs:17) 玩家ID:482736422909116417 移动方向: 0.8898859 , 0 , -0.45618308
2025-12-05 18:43:29.5600 (StateSyncRequestHandler.cs:17) 玩家ID:482736422909116417 移动到新位置: 2.9180157 , 0 , 5.771629
2025-12-05 18:43:29.6593 (StateSyncRequestHandler.cs:17) 玩家ID:482736422909116417 移动方向: 0.8541315 , 0 , -0.520057
2025-12-05 18:43:29.6593 (StateSyncRequestHandler.cs:17) 玩家ID:482736422909116417 移动到新位置: 3.1742551 , 0 , 5.6156116
2025-12-05 18:43:29.7537 (StateSyncRequestHandler.cs:17) 玩家ID:482736422909116417 移动方向: 0.83505416 , 0 , -0.5501678
2025-12-05 18:43:29.7537 (StateSyncRequestHandler.cs:17) 玩家ID:482736422909116417 移动到新位置: 3.4247713 , 0 , 5.450561
2025-12-05 18:43:29.8564 (StateSyncRequestHandler.cs:17) 玩家ID:482736422909116417 移动方向: 0.81135017 , 0 , -0.5845605
2025-12-05 18:43:29.8564 (StateSyncRequestHandler.cs:17) 玩家ID:482736422909116417 移动到新位置: 3.6681764 , 0 , 5.2751927
2025-12-05 18:43:29.9553 (StateSyncRequestHandler.cs:17) 玩家ID:482736422909116417 移动方向: 0.7860361 , 0 , -0.6181807
2025-12-05 18:43:29.9553 (StateSyncRequestHandler.cs:17) 玩家ID:482736422909116417 移动到新位置: 3.9039872 , 0 , 5.0897384
2025-12-05 18:43:30.0574 (StateSyncRequestHandler.cs:17) 玩家ID:482736422909116417 移动方向: 0.7721462 , 0 , -0.63544494
2025-12-05 18:43:30.0574 (StateSyncRequestHandler.cs:17) 玩家ID:482736422909116417 移动到新位置: 4.135631 , 0 , 4.899105
2025-12-05 18:43:30.1551 (StateSyncRequestHandler.cs:17) 玩家ID:482736422909116417 移动方向: 0.7660799 , 0 , -0.6427454
2025-12-05 18:43:30.1551 (StateSyncRequestHandler.cs:17) 玩家ID:482736422909116417 移动到新位置: 4.365455 , 0 , 4.7062817
2025-12-05 18:43:30.2549 (StateSyncRequestHandler.cs:17) 玩家ID:482736422909116417 移动方向: 0.7639732 , 0 , -0.64524806
2025-12-05 18:43:30.2549 (StateSyncRequestHandler.cs:17) 玩家ID:482736422909116417 移动到新位置: 4.594647 , 0 , 4.512707
2025-12-05 18:43:30.3578 (StateSyncRequestHandler.cs:17) 玩家ID:482736422909116417 移动方向: 0.7632686 , 0 , -0.6460814
2025-12-05 18:43:30.3578 (StateSyncRequestHandler.cs:17) 玩家ID:482736422909116417 移动到新位置: 4.8236275 , 0 , 4.318883
2025-12-05 18:43:30.4590 (StateSyncRequestHandler.cs:17) 玩家ID:482736422909116417 移动方向: 0.13098884 , 0 , -0.9913838
2025-12-05 18:43:30.4590 (StateSyncRequestHandler.cs:17) 玩家ID:482736422909116417 移动到新位置: 4.862924 , 0 , 4.0214677
2025-12-05 18:43:30.5631 (StateSyncRequestHandler.cs:17) 玩家ID:482736422909116417 移动方向: -0.29719618 , 0 , -0.95481646
2025-12-05 18:43:30.5631 (StateSyncRequestHandler.cs:17) 玩家ID:482736422909116417 移动到新位置: 4.773765 , 0 , 3.7350228
2025-12-05 18:43:30.6640 (StateSyncRequestHandler.cs:17) 玩家ID:482736422909116417 移动方向: 0.07978238 , 0 , -0.99681234
2025-12-05 18:43:30.6640 (StateSyncRequestHandler.cs:17) 玩家ID:482736422909116417 移动到新位置: 4.7977 , 0 , 3.4359791
2025-12-05 18:43:30.7538 (StateSyncRequestHandler.cs:17) 玩家ID:482736422909116417 移动方向: 0.26240742 , 0 , -0.9649572
2025-12-05 18:43:30.7538 (StateSyncRequestHandler.cs:17) 玩家ID:482736422909116417 移动到新位置: 4.876422 , 0 , 3.146492
2025-12-05 18:43:30.8530 (StateSyncRequestHandler.cs:17) 玩家ID:482736422909116417 移动方向: 0.33745515 , 0 , -0.9413416
2025-12-05 18:43:30.8530 (StateSyncRequestHandler.cs:17) 玩家ID:482736422909116417 移动到新位置: 4.9776583 , 0 , 2.8640895
2025-12-05 18:43:30.9562 (StateSyncRequestHandler.cs:17) 玩家ID:482736422909116417 移动方向: 0.36336264 , 0 , -0.9316478
2025-12-05 18:43:30.9562 (StateSyncRequestHandler.cs:17) 玩家ID:482736422909116417 移动到新位置: 5.086667 , 0 , 2.5845952
2025-12-05 18:43:31.0560 (StateSyncRequestHandler.cs:17) 玩家ID:482736422909116417 移动方向: 0.37156337 , 0 , -0.9284076
2025-12-05 18:43:31.0560 (StateSyncRequestHandler.cs:17) 玩家ID:482736422909116417 移动到新位置: 5.198136 , 0 , 2.306073
2025-12-05 18:43:31.1571 (StateSyncRequestHandler.cs:17) 玩家ID:482736422909116417 移动方向: 0.37430072 , 0 , -0.92730737
2025-12-05 18:43:31.1571 (StateSyncRequestHandler.cs:17) 玩家ID:482736422909116417 移动到新位置: 5.310426 , 0 , 2.0278807
2025-12-05 18:43:31.2562 (StateSyncRequestHandler.cs:17) 玩家ID:482736422909116417 移动方向: 0.3750636 , 0 , -0.9269991
2025-12-05 18:43:31.2562 (StateSyncRequestHandler.cs:17) 玩家ID:482736422909116417 移动到新位置: 5.4229455 , 0 , 1.7497809
2025-12-05 18:43:31.3555 (StateSyncRequestHandler.cs:17) 玩家ID:482736422909116417 移动方向: 0.37530977 , 0 , -0.92689943
2025-12-05 18:43:31.3555 (StateSyncRequestHandler.cs:17) 玩家ID:482736422909116417 移动到新位置: 5.535538 , 0 , 1.471711
2025-12-05 18:43:31.4569 (StateSyncRequestHandler.cs:17) 玩家ID:482736422909116417 移动方向: 0.3753851 , 0 , -0.9268689
2025-12-05 18:43:31.4569 (StateSyncRequestHandler.cs:17) 玩家ID:482736422909116417 移动到新位置: 5.648154 , 0 , 1.1936504
2025-12-05 18:43:31.5573 (StateSyncRequestHandler.cs:17) 玩家ID:482736422909116417 移动方向: 0.37540475 , 0 , -0.9268609
2025-12-05 18:43:31.5573 (StateSyncRequestHandler.cs:17) 玩家ID:482736422909116417 移动到新位置: 5.760775 , 0 , 0.9155921
2025-12-05 18:43:31.6554 (StateSyncRequestHandler.cs:17) 玩家ID:482736422909116417 移动方向: 0.37541094 , 0 , -0.9268584
2025-12-05 18:43:31.6554 (StateSyncRequestHandler.cs:17) 玩家ID:482736422909116417 移动到新位置: 5.8733983 , 0 , 0.63753456
2025-12-05 18:43:31.7668 (StateSyncRequestHandler.cs:17) 玩家ID:482736422909116417 移动方向: 0.37541208 , 0 , -0.926858
2025-12-05 18:43:31.7668 (StateSyncRequestHandler.cs:17) 玩家ID:482736422909116417 移动到新位置: 5.986022 , 0 , 0.35947716
2025-12-05 18:43:31.8593 (StateSyncRequestHandler.cs:17) 玩家ID:482736422909116417 移动方向: 0.37541208 , 0 , -0.926858
2025-12-05 18:43:31.8593 (StateSyncRequestHandler.cs:17) 玩家ID:482736422909116417 移动到新位置: 6.0986457 , 0 , 0.081419766
2025-12-05 18:43:31.9701 (StateSyncRequestHandler.cs:17) 玩家ID:482736422909116417 移动方向: 0.37541208 , 0 , -0.926858
2025-12-05 18:43:31.9701 (StateSyncRequestHandler.cs:17) 玩家ID:482736422909116417 移动到新位置: 6.2112694 , 0 , -0.19663763
2025-12-05 18:43:32.0741 (StateSyncRequestHandler.cs:17) 玩家ID:482736422909116417 移动方向: 0.37541208 , 0 , -0.926858
2025-12-05 18:43:32.0741 (StateSyncRequestHandler.cs:17) 玩家ID:482736422909116417 移动到新位置: 6.323893 , 0 , -0.47469503
2025-12-05 18:43:32.1606 (StateSyncRequestHandler.cs:17) 玩家ID:482736422909116417 移动方向: -0.43990743 , 0 , -0.89804304
2025-12-05 18:43:32.1606 (StateSyncRequestHandler.cs:17) 玩家ID:482736422909116417 移动到新位置: 6.1919208 , 0 , -0.74410796
2025-12-05 18:43:32.2536 (StateSyncRequestHandler.cs:17) 玩家ID:482736422909116417 移动方向: -0.73762083 , 0 , -0.6752151
2025-12-05 18:43:32.2536 (StateSyncRequestHandler.cs:17) 玩家ID:482736422909116417 移动到新位置: 5.9706345 , 0 , -0.9466725
2025-12-05 18:43:32.3557 (StateSyncRequestHandler.cs:17) 玩家ID:482736422909116417 移动方向: -0.9638567 , 0 , -0.266421
2025-12-05 18:43:32.3557 (StateSyncRequestHandler.cs:17) 玩家ID:482736422909116417 移动到新位置: 5.6814775 , 0 , -1.0265988
2025-12-05 18:43:32.4603 (StateSyncRequestHandler.cs:17) 玩家ID:482736422909116417 移动方向: -0.7149034 , 0 , 0.6992233
2025-12-05 18:43:32.4603 (StateSyncRequestHandler.cs:17) 玩家ID:482736422909116417 移动到新位置: 5.4670067 , 0 , -0.8168318
2025-12-05 18:43:32.5545 (StateSyncRequestHandler.cs:17) 玩家ID:482736422909116417 移动方向: -0.64099884 , 0 , 0.7675418
2025-12-05 18:43:32.5545 (StateSyncRequestHandler.cs:17) 玩家ID:482736422909116417 移动到新位置: 5.274707 , 0 , -0.5865693
2025-12-05 18:43:32.6552 (StateSyncRequestHandler.cs:17) 玩家ID:482736422909116417 移动方向: 0.12435511 , 0 , 0.9922378
2025-12-05 18:43:32.6552 (StateSyncRequestHandler.cs:17) 玩家ID:482736422909116417 移动到新位置: 5.312013 , 0 , -0.288898
2025-12-05 18:43:32.7539 (StateSyncRequestHandler.cs:17) 玩家ID:482736422909116417 移动方向: 0.12663084 , 0 , 0.9919499
2025-12-05 18:43:32.7539 (StateSyncRequestHandler.cs:17) 玩家ID:482736422909116417 移动到新位置: 5.3500023 , 0 , 0.00868699
2025-12-05 18:43:32.8598 (StateSyncRequestHandler.cs:17) 玩家ID:482736422909116417 移动方向: 0.11332634 , 0 , 0.9935578
2025-12-05 18:43:32.8598 (StateSyncRequestHandler.cs:17) 玩家ID:482736422909116417 移动到新位置: 5.3840003 , 0 , 0.30675435
2025-12-05 18:43:32.9604 (StateSyncRequestHandler.cs:17) 玩家ID:482736422909116417 移动方向: 0.77822536 , 0 , 0.62798506
2025-12-05 18:43:32.9604 (StateSyncRequestHandler.cs:17) 玩家ID:482736422909116417 移动到新位置: 5.617468 , 0 , 0.49514985
2025-12-05 18:43:33.0530 (StateSyncRequestHandler.cs:17) 玩家ID:482736422909116417 移动方向: 0.77653414 , 0 , 0.6300753
2025-12-05 18:43:33.0530 (StateSyncRequestHandler.cs:17) 玩家ID:482736422909116417 移动到新位置: 5.850428 , 0 , 0.6841724
2025-12-05 18:43:33.1526 (StateSyncRequestHandler.cs:17) 玩家ID:482736422909116417 移动方向: 0.77583593 , 0 , 0.6309347
2025-12-05 18:43:33.1526 (StateSyncRequestHandler.cs:17) 玩家ID:482736422909116417 移动到新位置: 6.083179 , 0 , 0.8734528
2025-12-05 18:43:33.2607 (StateSyncRequestHandler.cs:17) 玩家ID:482736422909116417 移动方向: 0.7756 , 0 , 0.6312247
2025-12-05 18:43:33.2607 (StateSyncRequestHandler.cs:17) 玩家ID:482736422909116417 移动到新位置: 6.315859 , 0 , 1.0628202
2025-12-05 18:43:33.3582 (StateSyncRequestHandler.cs:17) 玩家ID:482736422909116417 移动方向: 0.7739893 , 0 , 0.6331986
2025-12-05 18:43:33.3582 (StateSyncRequestHandler.cs:17) 玩家ID:482736422909116417 移动到新位置: 6.5480556 , 0 , 1.2527797
2025-12-05 18:43:33.4535 (StateSyncRequestHandler.cs:17) 玩家ID:482736422909116417 移动方向: 0.09129453 , 0 , 0.99582386
2025-12-05 18:43:33.4535 (StateSyncRequestHandler.cs:17) 玩家ID:482736422909116417 移动到新位置: 6.575444 , 0 , 1.5515269
2025-12-05 18:43:33.5569 (StateSyncRequestHandler.cs:17) 玩家ID:482736422909116417 移动方向: -0.6439097 , 0 , 0.76510155
2025-12-05 18:43:33.5569 (StateSyncRequestHandler.cs:17) 玩家ID:482736422909116417 移动到新位置: 6.3822713 , 0 , 1.7810574
2025-12-05 18:43:33.6525 (StateSyncRequestHandler.cs:17) 玩家ID:482736422909116417 移动方向: -0.6455762 , 0 , 0.76369584
2025-12-05 18:43:33.6525 (StateSyncRequestHandler.cs:17) 玩家ID:482736422909116417 移动到新位置: 6.1885986 , 0 , 2.0101662
2025-12-05 18:43:33.7625 (StateSyncRequestHandler.cs:17) 玩家ID:482736422909116417 移动方向: -0.64616007 , 0 , 0.76320183
2025-12-05 18:43:33.7625 (StateSyncRequestHandler.cs:17) 玩家ID:482736422909116417 移动到新位置: 5.9947505 , 0 , 2.2391267
2025-12-05 18:43:33.8565 (StateSyncRequestHandler.cs:17) 玩家ID:482736422909116417 移动方向: -0.6463628 , 0 , 0.7630303
2025-12-05 18:43:33.8565 (StateSyncRequestHandler.cs:17) 玩家ID:482736422909116417 移动到新位置: 5.800842 , 0 , 2.4680357
2025-12-05 18:43:33.9523 (StateSyncRequestHandler.cs:17) 玩家ID:482736422909116417 移动方向: -0.64642537 , 0 , 0.76297724
2025-12-05 18:43:33.9523 (StateSyncRequestHandler.cs:17) 玩家ID:482736422909116417 移动到新位置: 5.606914 , 0 , 2.696929
2025-12-05 18:43:34.0542 (StateSyncRequestHandler.cs:17) 玩家ID:482736422909116417 移动方向: -0.6464472 , 0 , 0.7629587
2025-12-05 18:43:34.0542 (StateSyncRequestHandler.cs:17) 玩家ID:482736422909116417 移动到新位置: 5.41298 , 0 , 2.9258165
2025-12-05 18:43:34.1616 (StateSyncRequestHandler.cs:17) 玩家ID:482736422909116417 移动方向: -0.6464531 , 0 , 0.7629537
2025-12-05 18:43:34.1616 (StateSyncRequestHandler.cs:17) 玩家ID:482736422909116417 移动到新位置: 5.219044 , 0 , 3.1547027
2025-12-05 18:43:34.2550 (StateSyncRequestHandler.cs:17) 玩家ID:482736422909116417 移动方向: -0.99660134 , 0 , 0.08237621
2025-12-05 18:43:34.2550 (StateSyncRequestHandler.cs:17) 玩家ID:482736422909116417 移动到新位置: 4.920064 , 0 , 3.1794155
2025-12-05 18:43:34.3542 (StateSyncRequestHandler.cs:17) 玩家ID:482736422909116417 移动方向: -0.99660134 , 0 , 0.08237606
2025-12-05 18:43:34.3542 (StateSyncRequestHandler.cs:17) 玩家ID:482736422909116417 移动到新位置: 4.6210837 , 0 , 3.2041283
2025-12-05 18:43:34.4645 (StateSyncRequestHandler.cs:17) 玩家ID:482736422909116417 移动方向: -0.9972374 , 0 , 0.07428065
2025-12-05 18:43:34.4645 (StateSyncRequestHandler.cs:17) 玩家ID:482736422909116417 移动到新位置: 4.321913 , 0 , 3.2264125
2025-12-05 18:43:34.5589 (StateSyncRequestHandler.cs:17) 玩家ID:482736422909116417 移动方向: -0.999578 , 0 , -0.02904746
2025-12-05 18:43:34.5589 (StateSyncRequestHandler.cs:17) 玩家ID:482736422909116417 移动到新位置: 4.0220394 , 0 , 3.2176983
2025-12-05 18:43:34.6599 (StateSyncRequestHandler.cs:17) 玩家ID:482736422909116417 移动到新位置: 4.0220394 , 0 , 3.2176983
2025-12-05 18:43:44.5637 (StateSyncRequestHandler.cs:17) 玩家ID:482736422909116417 移动方向: -0.79825073 , 0 , 0.6023253
2025-12-05 18:43:44.5637 (StateSyncRequestHandler.cs:17) 玩家ID:482736422909116417 移动到新位置: 3.8623893 , 0 , 3.3381634
2025-12-05 18:43:44.6525 (StateSyncRequestHandler.cs:17) 玩家ID:482736422909116417 移动方向: -0.14609325 , 0 , 0.9892708
2025-12-05 18:43:44.6525 (StateSyncRequestHandler.cs:17) 玩家ID:482736422909116417 移动到新位置: 3.8331707 , 0 , 3.5360174
2025-12-05 18:43:44.7548 (StateSyncRequestHandler.cs:17) 玩家ID:482736422909116417 移动方向: -0.08833152 , 0 , 0.99609107
2025-12-05 18:43:44.7548 (StateSyncRequestHandler.cs:17) 玩家ID:482736422909116417 移动到新位置: 3.8155043 , 0 , 3.7352357
2025-12-05 18:43:44.8619 (StateSyncRequestHandler.cs:17) 玩家ID:482736422909116417 移动方向: -0.7248888 , 0 , 0.6888659
2025-12-05 18:43:44.8619 (StateSyncRequestHandler.cs:17) 玩家ID:482736422909116417 移动到新位置: 3.6705265 , 0 , 3.873009
2025-12-05 18:43:44.9625 (StateSyncRequestHandler.cs:17) 玩家ID:482736422909116417 移动方向: -0.7099056 , 0 , 0.70429677
2025-12-05 18:43:44.9625 (StateSyncRequestHandler.cs:17) 玩家ID:482736422909116417 移动到新位置: 3.5285454 , 0 , 4.0138683
2025-12-05 18:43:45.0627 (StateSyncRequestHandler.cs:17) 玩家ID:482736422909116417 移动方向: -0.7865283 , 0 , 0.6175543
2025-12-05 18:43:45.0627 (StateSyncRequestHandler.cs:17) 玩家ID:482736422909116417 移动到新位置: 3.2925868 , 0 , 4.199135
2025-12-05 18:43:45.1590 (StateSyncRequestHandler.cs:17) 玩家ID:482736422909116417 移动方向: -0.915993 , 0 , 0.40119427
2025-12-05 18:43:45.1590 (StateSyncRequestHandler.cs:17) 玩家ID:482736422909116417 移动到新位置: 3.109388 , 0 , 4.2793736
2025-12-05 18:43:45.2587 (StateSyncRequestHandler.cs:17) 玩家ID:482736422909116417 移动方向: -0.9717851 , 0 , 0.23586786
2025-12-05 18:43:45.2587 (StateSyncRequestHandler.cs:17) 玩家ID:482736422909116417 移动到新位置: 2.9150312 , 0 , 4.326547
2025-12-05 18:43:45.3602 (StateSyncRequestHandler.cs:17) 玩家ID:482736422909116417 移动方向: -0.9866976 , 0 , 0.16256618
2025-12-05 18:43:45.3602 (StateSyncRequestHandler.cs:17) 玩家ID:482736422909116417 移动到新位置: 2.7176917 , 0 , 4.3590603
2025-12-05 18:43:45.4563 (StateSyncRequestHandler.cs:17) 玩家ID:482736422909116417 移动方向: -0.9908728 , 0 , 0.13480036
2025-12-05 18:43:45.4563 (StateSyncRequestHandler.cs:17) 玩家ID:482736422909116417 移动到新位置: 2.5195172 , 0 , 4.38602
2025-12-05 18:43:45.5627 (StateSyncRequestHandler.cs:17) 玩家ID:482736422909116417 移动方向: -0.9920895 , 0 , 0.12553245
2025-12-05 18:43:45.5627 (StateSyncRequestHandler.cs:17) 玩家ID:482736422909116417 移动到新位置: 2.3210993 , 0 , 4.4111266
2025-12-05 18:43:45.6607 (StateSyncRequestHandler.cs:17) 玩家ID:482736422909116417 移动方向: -0.99244034 , 0 , 0.12272798
2025-12-05 18:43:45.6607 (StateSyncRequestHandler.cs:17) 玩家ID:482736422909116417 移动到新位置: 2.1226113 , 0 , 4.4356723
2025-12-05 18:43:45.7580 (StateSyncRequestHandler.cs:17) 玩家ID:482736422909116417 移动方向: -0.9925502 , 0 , 0.1218364
2025-12-05 18:43:45.7580 (StateSyncRequestHandler.cs:17) 玩家ID:482736422909116417 移动到新位置: 1.9241012 , 0 , 4.4600396
2025-12-05 18:43:45.8581 (StateSyncRequestHandler.cs:17) 玩家ID:482736422909116417 移动方向: -0.99258494 , 0 , 0.121553384
2025-12-05 18:43:45.8581 (StateSyncRequestHandler.cs:17) 玩家ID:482736422909116417 移动到新位置: 1.7255843 , 0 , 4.48435
2025-12-05 18:43:45.9525 (StateSyncRequestHandler.cs:17) 玩家ID:482736422909116417 移动方向: -0.9959292 , 0 , 0.09013904
2025-12-05 18:43:45.9525 (StateSyncRequestHandler.cs:17) 玩家ID:482736422909116417 移动到新位置: 1.5263984 , 0 , 4.502378
2025-12-05 18:43:46.0542 (StateSyncRequestHandler.cs:17) 玩家ID:482736422909116417 移动方向: -0.9817886 , 0 , -0.18997686
2025-12-05 18:43:46.0542 (StateSyncRequestHandler.cs:17) 玩家ID:482736422909116417 移动到新位置: 1.3300407 , 0 , 4.4643826
2025-12-05 18:43:46.1547 (StateSyncRequestHandler.cs:17) 玩家ID:482736422909116417 移动方向: -0.756159 , 0 , -0.65438795
2025-12-05 18:43:46.1547 (StateSyncRequestHandler.cs:17) 玩家ID:482736422909116417 移动到新位置: 1.1788089 , 0 , 4.333505
2025-12-05 18:43:46.2654 (StateSyncRequestHandler.cs:17) 玩家ID:482736422909116417 移动方向: -0.46317023 , 0 , -0.88626933
2025-12-05 18:43:46.2654 (StateSyncRequestHandler.cs:17) 玩家ID:482736422909116417 移动到新位置: 1.0861748 , 0 , 4.1562514
2025-12-05 18:43:46.3550 (StateSyncRequestHandler.cs:17) 玩家ID:482736422909116417 移动方向: -0.3007513 , 0 , -0.9537026
2025-12-05 18:43:46.3550 (StateSyncRequestHandler.cs:17) 玩家ID:482736422909116417 移动到新位置: 1.0260246 , 0 , 3.9655108
2025-12-05 18:43:46.4586 (StateSyncRequestHandler.cs:17) 玩家ID:482736422909116417 移动方向: -0.24006002 , 0 , -0.9707581
2025-12-05 18:43:46.4586 (StateSyncRequestHandler.cs:17) 玩家ID:482736422909116417 移动到新位置: 0.97801256 , 0 , 3.7713592
2025-12-05 18:43:46.5585 (StateSyncRequestHandler.cs:17) 玩家ID:482736422909116417 移动方向: -0.20849359 , 0 , -0.9780237
2025-12-05 18:43:46.5585 (StateSyncRequestHandler.cs:17) 玩家ID:482736422909116417 移动到新位置: 0.93631387 , 0 , 3.5757544
2025-12-05 18:43:46.6555 (StateSyncRequestHandler.cs:17) 玩家ID:482736422909116417 移动方向: -0.14317971 , 0 , -0.98969674
2025-12-05 18:43:46.6555 (StateSyncRequestHandler.cs:17) 玩家ID:482736422909116417 移动到新位置: 0.90767795 , 0 , 3.377815
2025-12-05 18:43:46.7591 (StateSyncRequestHandler.cs:17) 玩家ID:482736422909116417 移动方向: -0.0064921784 , 0 , -0.9999789
2025-12-05 18:43:46.7591 (StateSyncRequestHandler.cs:17) 玩家ID:482736422909116417 移动到新位置: 0.9063795 , 0 , 3.1778193
2025-12-05 18:43:46.8605 (StateSyncRequestHandler.cs:17) 玩家ID:482736422909116417 移动方向: 0.7815621 , 0 , -0.6238274
2025-12-05 18:43:46.8605 (StateSyncRequestHandler.cs:17) 玩家ID:482736422909116417 移动到新位置: 1.0626919 , 0 , 3.0530539
2025-12-05 18:43:46.9554 (StateSyncRequestHandler.cs:17) 玩家ID:482736422909116417 移动方向: 0.9875395 , 0 , 0.15737139
2025-12-05 18:43:46.9554 (StateSyncRequestHandler.cs:17) 玩家ID:482736422909116417 移动到新位置: 1.2601998 , 0 , 3.0845282
2025-12-05 18:43:47.0574 (StateSyncRequestHandler.cs:17) 玩家ID:482736422909116417 移动方向: 0.99464804 , 0 , 0.10332153
2025-12-05 18:43:47.0574 (StateSyncRequestHandler.cs:17) 玩家ID:482736422909116417 移动到新位置: 1.4591293 , 0 , 3.1051924
2025-12-05 18:43:47.1529 (StateSyncRequestHandler.cs:17) 玩家ID:482736422909116417 移动方向: 0.9999504 , 0 , 0.009960876
2025-12-05 18:43:47.1529 (StateSyncRequestHandler.cs:17) 玩家ID:482736422909116417 移动到新位置: 1.6591194 , 0 , 3.1071846
2025-12-05 18:43:47.2547 (StateSyncRequestHandler.cs:17) 玩家ID:482736422909116417 移动方向: 0.9984506 , 0 , -0.05564564
2025-12-05 18:43:47.2553 (StateSyncRequestHandler.cs:17) 玩家ID:482736422909116417 移动到新位置: 1.8588095 , 0 , 3.0960555
2025-12-05 18:43:47.3539 (StateSyncRequestHandler.cs:17) 玩家ID:482736422909116417 移动方向: 0.9965595 , 0 , -0.082880534
2025-12-05 18:43:47.3539 (StateSyncRequestHandler.cs:17) 玩家ID:482736422909116417 移动到新位置: 2.0581214 , 0 , 3.0794795
2025-12-05 18:43:47.4593 (StateSyncRequestHandler.cs:17) 玩家ID:482736422909116417 移动方向: 0.99565256 , 0 , -0.09314519
2025-12-05 18:43:47.4593 (StateSyncRequestHandler.cs:17) 玩家ID:482736422909116417 移动到新位置: 2.257252 , 0 , 3.0608504
2025-12-05 18:43:47.5586 (StateSyncRequestHandler.cs:17) 玩家ID:482736422909116417 移动方向: 0.9953289 , 0 , -0.096542045
2025-12-05 18:43:47.5586 (StateSyncRequestHandler.cs:17) 玩家ID:482736422909116417 移动到新位置: 2.4563177 , 0 , 3.041542
2025-12-05 18:43:47.6640 (StateSyncRequestHandler.cs:17) 玩家ID:482736422909116417 移动方向: 0.9950207 , 0 , -0.09966901
2025-12-05 18:43:47.6640 (StateSyncRequestHandler.cs:17) 玩家ID:482736422909116417 移动到新位置: 2.6553218 , 0 , 3.0216084
2025-12-05 18:43:47.7540 (StateSyncRequestHandler.cs:17) 玩家ID:482736422909116417 移动方向: 0.99430895 , 0 , -0.10653536
2025-12-05 18:43:47.7540 (StateSyncRequestHandler.cs:17) 玩家ID:482736422909116417 移动到新位置: 2.8541837 , 0 , 3.0003014
2025-12-05 18:43:47.8613 (StateSyncRequestHandler.cs:17) 玩家ID:482736422909116417 移动方向: 0.99383384 , 0 , -0.11087969
2025-12-05 18:43:47.8613 (StateSyncRequestHandler.cs:17) 玩家ID:482736422909116417 移动到新位置: 3.0529504 , 0 , 2.9781253
2025-12-05 18:43:47.9560 (StateSyncRequestHandler.cs:17) 玩家ID:482736422909116417 移动方向: 0.9928926 , 0 , -0.1190134
2025-12-05 18:43:47.9560 (StateSyncRequestHandler.cs:17) 玩家ID:482736422909116417 移动到新位置: 3.251529 , 0 , 2.9543226
2025-12-05 18:43:48.0571 (StateSyncRequestHandler.cs:17) 玩家ID:482736422909116417 移动方向: 0.99170065 , 0 , -0.12856854
2025-12-05 18:43:48.0571 (StateSyncRequestHandler.cs:17) 玩家ID:482736422909116417 移动到新位置: 3.4498692 , 0 , 2.928609
2025-12-05 18:43:48.1572 (StateSyncRequestHandler.cs:17) 玩家ID:482736422909116417 移动方向: 0.98753923 , 0 , -0.1573727
2025-12-05 18:43:48.1572 (StateSyncRequestHandler.cs:17) 玩家ID:482736422909116417 移动到新位置: 3.647377 , 0 , 2.8971343
2025-12-05 18:43:48.2568 (StateSyncRequestHandler.cs:17) 玩家ID:482736422909116417 移动到新位置: 3.647377 , 0 , 2.8971343
2025-12-05 18:43:49.3538 (StateSyncRequestHandler.cs:17) 玩家ID:482736422909116417 移动方向: 0.92557627 , 0 , -0.37856126
2025-12-05 18:43:49.3538 (StateSyncRequestHandler.cs:17) 玩家ID:482736422909116417 移动到新位置: 3.8324924 , 0 , 2.821422
2025-12-05 18:43:49.4624 (StateSyncRequestHandler.cs:17) 玩家ID:482736422909116417 移动方向: 0.8399792 , 0 , -0.54261863
2025-12-05 18:43:49.4624 (StateSyncRequestHandler.cs:17) 玩家ID:482736422909116417 移动到新位置: 4.0004883 , 0 , 2.7128983
2025-12-05 18:43:49.5603 (StateSyncRequestHandler.cs:17) 玩家ID:482736422909116417 移动方向: 0.76886225 , 0 , -0.6394144
2025-12-05 18:43:49.5603 (StateSyncRequestHandler.cs:17) 玩家ID:482736422909116417 移动到新位置: 4.1542606 , 0 , 2.5850153
2025-12-05 18:43:49.6575 (StateSyncRequestHandler.cs:17) 玩家ID:482736422909116417 移动方向: 0.7053699 , 0 , -0.7088394
2025-12-05 18:43:49.6575 (StateSyncRequestHandler.cs:17) 玩家ID:482736422909116417 移动到新位置: 4.295335 , 0 , 2.4432473
2025-12-05 18:43:49.7609 (StateSyncRequestHandler.cs:17) 玩家ID:482736422909116417 移动方向: 0.6505147 , 0 , -0.7594936
2025-12-05 18:43:49.7609 (StateSyncRequestHandler.cs:17) 玩家ID:482736422909116417 移动到新位置: 4.425438 , 0 , 2.2913487
2025-12-05 18:43:49.8621 (StateSyncRequestHandler.cs:17) 玩家ID:482736422909116417 移动方向: 0.6018693 , 0 , -0.79859465
2025-12-05 18:43:49.8621 (StateSyncRequestHandler.cs:17) 玩家ID:482736422909116417 移动到新位置: 4.5458117 , 0 , 2.1316297
2025-12-05 18:43:49.9532 (StateSyncRequestHandler.cs:17) 玩家ID:482736422909116417 移动方向: 0.5757894 , 0 , -0.81759804
2025-12-05 18:43:49.9532 (StateSyncRequestHandler.cs:17) 玩家ID:482736422909116417 移动到新位置: 4.6609697 , 0 , 1.9681101
2025-12-05 18:43:50.0543 (StateSyncRequestHandler.cs:17) 玩家ID:482736422909116417 移动方向: 0.54579556 , 0 , -0.8379184
2025-12-05 18:43:50.0543 (StateSyncRequestHandler.cs:17) 玩家ID:482736422909116417 移动到新位置: 4.7701287 , 0 , 1.8005264
2025-12-05 18:43:50.1570 (StateSyncRequestHandler.cs:17) 玩家ID:482736422909116417 移动方向: 0.49286795 , 0 , -0.8701041
2025-12-05 18:43:50.1570 (StateSyncRequestHandler.cs:17) 玩家ID:482736422909116417 移动到新位置: 4.8687024 , 0 , 1.6265056
2025-12-05 18:43:50.2561 (StateSyncRequestHandler.cs:17) 玩家ID:482736422909116417 移动方向: 0.42171165 , 0 , -0.90673
2025-12-05 18:43:50.2561 (StateSyncRequestHandler.cs:17) 玩家ID:482736422909116417 移动到新位置: 4.953045 , 0 , 1.4451597
2025-12-05 18:43:50.3573 (StateSyncRequestHandler.cs:17) 玩家ID:482736422909116417 移动方向: 0.31490126 , 0 , -0.94912446
2025-12-05 18:43:50.3573 (StateSyncRequestHandler.cs:17) 玩家ID:482736422909116417 移动到新位置: 5.016025 , 0 , 1.2553349
2025-12-05 18:43:50.4538 (StateSyncRequestHandler.cs:17) 玩家ID:482736422909116417 移动方向: 0.20493987 , 0 , -0.97877455
2025-12-05 18:43:50.4538 (StateSyncRequestHandler.cs:17) 玩家ID:482736422909116417 移动到新位置: 5.057013 , 0 , 1.05958
2025-12-05 18:43:50.5600 (StateSyncRequestHandler.cs:17) 玩家ID:482736422909116417 移动方向: 0.11819804 , 0 , -0.9929901
2025-12-05 18:43:50.5600 (StateSyncRequestHandler.cs:17) 玩家ID:482736422909116417 移动到新位置: 5.0924726 , 0 , 0.7616829
2025-12-05 18:43:50.6589 (StateSyncRequestHandler.cs:17) 玩家ID:482736422909116417 移动方向: 0.07082484 , 0 , -0.9974888
2025-12-05 18:43:50.6589 (StateSyncRequestHandler.cs:17) 玩家ID:482736422909116417 移动到新位置: 5.1066375 , 0 , 0.56218517
2025-12-05 18:43:50.7590 (StateSyncRequestHandler.cs:17) 玩家ID:482736422909116417 移动方向: 0.05259205 , 0 , -0.9986161
2025-12-05 18:43:50.7590 (StateSyncRequestHandler.cs:17) 玩家ID:482736422909116417 移动到新位置: 5.117156 , 0 , 0.36246195
2025-12-05 18:43:50.8610 (StateSyncRequestHandler.cs:17) 玩家ID:482736422909116417 移动方向: 0.046146262 , 0 , -0.99893475
2025-12-05 18:43:50.8610 (StateSyncRequestHandler.cs:17) 玩家ID:482736422909116417 移动到新位置: 5.126385 , 0 , 0.16267501
2025-12-05 18:43:50.9522 (StateSyncRequestHandler.cs:17) 玩家ID:482736422909116417 移动方向: 0.044202425 , 0 , -0.9990226
2025-12-05 18:43:50.9522 (StateSyncRequestHandler.cs:17) 玩家ID:482736422909116417 移动到新位置: 5.135226 , 0 , -0.037129506
2025-12-05 18:43:51.0543 (StateSyncRequestHandler.cs:17) 玩家ID:482736422909116417 移动方向: 0.043486647 , 0 , -0.999054
2025-12-05 18:43:51.0543 (StateSyncRequestHandler.cs:17) 玩家ID:482736422909116417 移动到新位置: 5.1439233 , 0 , -0.23694031
2025-12-05 18:43:51.1550 (StateSyncRequestHandler.cs:17) 玩家ID:482736422909116417 移动方向: 0.043267947 , 0 , -0.9990635
2025-12-05 18:43:51.1550 (StateSyncRequestHandler.cs:17) 玩家ID:482736422909116417 移动到新位置: 5.152577 , 0 , -0.43675297
2025-12-05 18:43:51.2556 (StateSyncRequestHandler.cs:17) 玩家ID:482736422909116417 移动方向: 0.043203216 , 0 , -0.9990663
2025-12-05 18:43:51.2556 (StateSyncRequestHandler.cs:17) 玩家ID:482736422909116417 移动到新位置: 5.1612177 , 0 , -0.6365662
2025-12-05 18:43:51.3526 (StateSyncRequestHandler.cs:17) 玩家ID:482736422909116417 移动方向: 0.043184236 , 0 , -0.99906707
2025-12-05 18:43:51.3526 (StateSyncRequestHandler.cs:17) 玩家ID:482736422909116417 移动到新位置: 5.1698546 , 0 , -0.83637965
2025-12-05 18:43:51.4540 (StateSyncRequestHandler.cs:17) 玩家ID:482736422909116417 移动方向: 0.043179054 , 0 , -0.99906737
2025-12-05 18:43:51.4540 (StateSyncRequestHandler.cs:17) 玩家ID:482736422909116417 移动到新位置: 5.1784906 , 0 , -1.0361931
2025-12-05 18:43:51.5566 (StateSyncRequestHandler.cs:17) 玩家ID:482736422909116417 移动方向: 0.043178443 , 0 , -0.99906737
2025-12-05 18:43:51.5566 (StateSyncRequestHandler.cs:17) 玩家ID:482736422909116417 移动到新位置: 5.187126 , 0 , -1.2360066
2025-12-05 18:43:51.6583 (StateSyncRequestHandler.cs:17) 玩家ID:482736422909116417 移动方向: 0.043178443 , 0 , -0.99906737
2025-12-05 18:43:51.6583 (StateSyncRequestHandler.cs:17) 玩家ID:482736422909116417 移动到新位置: 5.1957617 , 0 , -1.4358201
2025-12-05 18:43:51.7551 (StateSyncRequestHandler.cs:17) 玩家ID:482736422909116417 移动方向: 0.043178443 , 0 , -0.99906737
2025-12-05 18:43:51.7551 (StateSyncRequestHandler.cs:17) 玩家ID:482736422909116417 移动到新位置: 5.204397 , 0 , -1.6356336
2025-12-05 18:43:51.8538 (StateSyncRequestHandler.cs:17) 玩家ID:482736422909116417 移动方向: 0.043178443 , 0 , -0.99906737
2025-12-05 18:43:51.8538 (StateSyncRequestHandler.cs:17) 玩家ID:482736422909116417 移动到新位置: 5.2130327 , 0 , -1.8354471
2025-12-05 18:43:51.9578 (StateSyncRequestHandler.cs:17) 玩家ID:482736422909116417 移动方向: 0.0342253 , 0 , -0.99941415
2025-12-05 18:43:51.9578 (StateSyncRequestHandler.cs:17) 玩家ID:482736422909116417 移动到新位置: 5.2198777 , 0 , -2.0353298
2025-12-05 18:43:52.0643 (StateSyncRequestHandler.cs:17) 玩家ID:482736422909116417 移动方向: -0.030465731 , 0 , -0.9995358
2025-12-05 18:43:52.0643 (StateSyncRequestHandler.cs:17) 玩家ID:482736422909116417 移动到新位置: 5.2137847 , 0 , -2.235237
2025-12-05 18:43:52.1557 (StateSyncRequestHandler.cs:17) 玩家ID:482736422909116417 移动方向: -0.104952246 , 0 , -0.9944773
2025-12-05 18:43:52.1557 (StateSyncRequestHandler.cs:17) 玩家ID:482736422909116417 移动到新位置: 5.1927943 , 0 , -2.4341323
2025-12-05 18:43:52.2572 (StateSyncRequestHandler.cs:17) 玩家ID:482736422909116417 移动方向: -0.14313702 , 0 , -0.9897028
2025-12-05 18:43:52.2572 (StateSyncRequestHandler.cs:17) 玩家ID:482736422909116417 移动到新位置: 5.164167 , 0 , -2.632073
2025-12-05 18:43:52.3584 (StateSyncRequestHandler.cs:17) 玩家ID:482736422909116417 移动方向: -0.15728225 , 0 , -0.9875537
2025-12-05 18:43:52.3584 (StateSyncRequestHandler.cs:17) 玩家ID:482736422909116417 移动到新位置: 5.1327105 , 0 , -2.8295836
2025-12-05 18:43:52.4609 (StateSyncRequestHandler.cs:17) 玩家ID:482736422909116417 移动方向: -0.16189499 , 0 , -0.986808
2025-12-05 18:43:52.4609 (StateSyncRequestHandler.cs:17) 玩家ID:482736422909116417 移动到新位置: 5.1003313 , 0 , -3.026945
2025-12-05 18:43:52.5560 (StateSyncRequestHandler.cs:17) 玩家ID:482736422909116417 移动方向: -0.16456409 , 0 , -0.98636645
2025-12-05 18:43:52.5560 (StateSyncRequestHandler.cs:17) 玩家ID:482736422909116417 移动到新位置: 5.0674186 , 0 , -3.2242184
2025-12-05 18:43:52.6591 (StateSyncRequestHandler.cs:17) 玩家ID:482736422909116417 移动方向: -0.16658747 , 0 , -0.98602664
2025-12-05 18:43:52.6591 (StateSyncRequestHandler.cs:17) 玩家ID:482736422909116417 移动到新位置: 5.034101 , 0 , -3.4214237
2025-12-05 18:43:52.7614 (StateSyncRequestHandler.cs:17) 玩家ID:482736422909116417 移动方向: -0.16754378 , 0 , -0.98586464
2025-12-05 18:43:52.7614 (StateSyncRequestHandler.cs:17) 玩家ID:482736422909116417 移动到新位置: 5.000592 , 0 , -3.6185966
2025-12-05 18:43:52.8552 (StateSyncRequestHandler.cs:17) 玩家ID:482736422909116417 移动方向: -0.16788055 , 0 , -0.98580736
2025-12-05 18:43:52.8552 (StateSyncRequestHandler.cs:17) 玩家ID:482736422909116417 移动到新位置: 4.967016 , 0 , -3.815758
2025-12-05 18:43:52.9608 (StateSyncRequestHandler.cs:17) 玩家ID:482736422909116417 移动方向: -0.8158544 , 0 , -0.5782574
2025-12-05 18:43:52.9608 (StateSyncRequestHandler.cs:17) 玩家ID:482736422909116417 移动到新位置: 4.8038454 , 0 , -3.9314094
2025-12-05 18:43:53.0577 (StateSyncRequestHandler.cs:17) 玩家ID:482736422909116417 移动方向: -0.8158789 , 0 , -0.5782227
2025-12-05 18:43:53.0577 (StateSyncRequestHandler.cs:17) 玩家ID:482736422909116417 移动到新位置: 4.64067 , 0 , -4.047054
2025-12-05 18:43:53.1573 (StateSyncRequestHandler.cs:17) 玩家ID:482736422909116417 移动方向: -0.8168252 , 0 , -0.5768852
2025-12-05 18:43:53.1573 (StateSyncRequestHandler.cs:17) 玩家ID:482736422909116417 移动到新位置: 4.477305 , 0 , -4.162431
2025-12-05 18:43:53.2583 (StateSyncRequestHandler.cs:17) 玩家ID:482736422909116417 移动方向: -0.9820274 , 0 , 0.1887386
2025-12-05 18:43:53.2583 (StateSyncRequestHandler.cs:17) 玩家ID:482736422909116417 移动到新位置: 4.2808995 , 0 , -4.124683
2025-12-05 18:43:53.3577 (StateSyncRequestHandler.cs:17) 玩家ID:482736422909116417 移动方向: -0.9773951 , 0 , 0.21142071
2025-12-05 18:43:53.3577 (StateSyncRequestHandler.cs:17) 玩家ID:482736422909116417 移动到新位置: 4.0854206 , 0 , -4.082399
2025-12-05 18:43:53.4542 (StateSyncRequestHandler.cs:17) 玩家ID:482736422909116417 移动方向: -0.971135 , 0 , 0.23853037
2025-12-05 18:43:53.4542 (StateSyncRequestHandler.cs:17) 玩家ID:482736422909116417 移动到新位置: 3.8911936 , 0 , -4.034693
2025-12-05 18:43:53.5590 (StateSyncRequestHandler.cs:17) 玩家ID:482736422909116417 移动方向: -0.9538609 , 0 , 0.3002488
2025-12-05 18:43:53.5590 (StateSyncRequestHandler.cs:17) 玩家ID:482736422909116417 移动到新位置: 3.7004213 , 0 , -3.974643
2025-12-05 18:43:53.6538 (StateSyncRequestHandler.cs:17) 玩家ID:482736422909116417 移动方向: -0.403774 , 0 , -0.9148588
2025-12-05 18:43:53.6538 (StateSyncRequestHandler.cs:17) 玩家ID:482736422909116417 移动到新位置: 3.6196666 , 0 , -4.1576147
2025-12-05 18:43:53.7527 (StateSyncRequestHandler.cs:17) 玩家ID:482736422909116417 移动方向: -0.5796943 , 0 , -0.8148341
2025-12-05 18:43:53.7527 (StateSyncRequestHandler.cs:17) 玩家ID:482736422909116417 移动到新位置: 3.5037277 , 0 , -4.3205814
2025-12-05 18:43:53.8622 (StateSyncRequestHandler.cs:17) 玩家ID:482736422909116417 移动方向: -0.079001874 , 0 , -0.99687445
2025-12-05 18:43:53.8622 (StateSyncRequestHandler.cs:17) 玩家ID:482736422909116417 移动到新位置: 3.4879272 , 0 , -4.519956
2025-12-05 18:43:53.9520 (StateSyncRequestHandler.cs:17) 玩家ID:482736422909116417 移动方向: -0.20844817 , 0 , -0.9780334
2025-12-05 18:43:53.9520 (StateSyncRequestHandler.cs:17) 玩家ID:482736422909116417 移动到新位置: 3.4462376 , 0 , -4.715563
2025-12-05 18:43:54.0536 (StateSyncRequestHandler.cs:17) 玩家ID:482736422909116417 移动方向: -0.2666545 , 0 , -0.96379215
2025-12-05 18:43:54.0536 (StateSyncRequestHandler.cs:17) 玩家ID:482736422909116417 移动到新位置: 3.3929067 , 0 , -4.9083214
2025-12-05 18:43:54.1614 (StateSyncRequestHandler.cs:17) 玩家ID:482736422909116417 移动方向: -0.28844866 , 0 , -0.95749533
2025-12-05 18:43:54.1614 (StateSyncRequestHandler.cs:17) 玩家ID:482736422909116417 移动到新位置: 3.335217 , 0 , -5.0998206
2025-12-05 18:43:54.2632 (StateSyncRequestHandler.cs:17) 玩家ID:482736422909116417 移动方向: -0.29485285 , 0 , -0.9555427
2025-12-05 18:43:54.2632 (StateSyncRequestHandler.cs:17) 玩家ID:482736422909116417 移动到新位置: 3.2762465 , 0 , -5.2909293
2025-12-05 18:43:54.3549 (StateSyncRequestHandler.cs:17) 玩家ID:482736422909116417 移动方向: -0.8851249 , 0 , -0.46535346
2025-12-05 18:43:54.3549 (StateSyncRequestHandler.cs:17) 玩家ID:482736422909116417 移动到新位置: 3.0992215 , 0 , -5.384
2025-12-05 18:43:54.4583 (StateSyncRequestHandler.cs:17) 玩家ID:482736422909116417 移动方向: -0.88545865 , 0 , -0.46471813
2025-12-05 18:43:54.4583 (StateSyncRequestHandler.cs:17) 玩家ID:482736422909116417 移动到新位置: 2.9221296 , 0 , -5.4769435
2025-12-05 18:43:54.5570 (StateSyncRequestHandler.cs:17) 玩家ID:482736422909116417 移动方向: -0.46452513 , 0 , 0.8855599
2025-12-05 18:43:54.5570 (StateSyncRequestHandler.cs:17) 玩家ID:482736422909116417 移动到新位置: 2.8292246 , 0 , -5.2998314
2025-12-05 18:43:54.6570 (StateSyncRequestHandler.cs:17) 玩家ID:482736422909116417 移动方向: -0.464469 , 0 , 0.8855894
2025-12-05 18:43:54.6570 (StateSyncRequestHandler.cs:17) 玩家ID:482736422909116417 移动到新位置: 2.7363307 , 0 , -5.1227136
2025-12-05 18:43:54.7597 (StateSyncRequestHandler.cs:17) 玩家ID:482736422909116417 移动方向: -0.46445256 , 0 , 0.885598
2025-12-05 18:43:54.7597 (StateSyncRequestHandler.cs:17) 玩家ID:482736422909116417 移动到新位置: 2.6434402 , 0 , -4.945594
2025-12-05 18:43:54.8603 (StateSyncRequestHandler.cs:17) 玩家ID:482736422909116417 移动方向: -0.46444744 , 0 , 0.8856006
2025-12-05 18:43:54.8603 (StateSyncRequestHandler.cs:17) 玩家ID:482736422909116417 移动到新位置: 2.5505507 , 0 , -4.7684736
2025-12-05 18:43:54.9655 (StateSyncRequestHandler.cs:17) 玩家ID:482736422909116417 移动方向: -0.9546282 , 0 , 0.29780024
2025-12-05 18:43:54.9655 (StateSyncRequestHandler.cs:17) 玩家ID:482736422909116417 移动到新位置: 2.359625 , 0 , -4.708914
2025-12-05 18:43:55.0620 (StateSyncRequestHandler.cs:17) 玩家ID:482736422909116417 移动方向: -0.8856007 , 0 , -0.46444747
2025-12-05 18:43:55.0620 (StateSyncRequestHandler.cs:17) 玩家ID:482736422909116417 移动到新位置: 2.182505 , 0 , -4.801803
2025-12-05 18:43:55.1549 (StateSyncRequestHandler.cs:17) 玩家ID:482736422909116417 移动方向: -0.8856007 , 0 , -0.46444747
2025-12-05 18:43:55.1549 (StateSyncRequestHandler.cs:17) 玩家ID:482736422909116417 移动到新位置: 2.0053847 , 0 , -4.8946924
2025-12-05 18:43:55.2622 (StateSyncRequestHandler.cs:17) 玩家ID:482736422909116417 移动方向: -0.8856007 , 0 , -0.46444747
2025-12-05 18:43:55.2622 (StateSyncRequestHandler.cs:17) 玩家ID:482736422909116417 移动到新位置: 1.8282646 , 0 , -4.9875817
2025-12-05 18:43:55.3626 (StateSyncRequestHandler.cs:17) 玩家ID:482736422909116417 移动方向: -0.88591915 , 0 , -0.46383968
2025-12-05 18:43:55.3626 (StateSyncRequestHandler.cs:17) 玩家ID:482736422909116417 移动到新位置: 1.6510807 , 0 , -5.0803494
2025-12-05 18:43:55.4556 (StateSyncRequestHandler.cs:17) 玩家ID:482736422909116417 移动方向: -0.890739 , 0 , -0.45451516
2025-12-05 18:43:55.4556 (StateSyncRequestHandler.cs:17) 玩家ID:482736422909116417 移动到新位置: 1.4729329 , 0 , -5.1712523
2025-12-05 18:43:55.5673 (StateSyncRequestHandler.cs:17) 玩家ID:482736422909116417 移动方向: -0.89809006 , 0 , -0.4398116
2025-12-05 18:43:55.5673 (StateSyncRequestHandler.cs:17) 玩家ID:482736422909116417 移动到新位置: 1.2933149 , 0 , -5.2592144
2025-12-05 18:43:55.6520 (StateSyncRequestHandler.cs:17) 玩家ID:482736422909116417 移动方向: -0.90842247 , 0 , -0.41805342
2025-12-05 18:43:55.6520 (StateSyncRequestHandler.cs:17) 玩家ID:482736422909116417 移动到新位置: 1.1116304 , 0 , -5.342825
2025-12-05 18:43:55.7560 (StateSyncRequestHandler.cs:17) 玩家ID:482736422909116417 移动方向: -0.9210443 , 0 , -0.38945782
2025-12-05 18:43:55.7560 (StateSyncRequestHandler.cs:17) 玩家ID:482736422909116417 移动到新位置: 0.92742157 , 0 , -5.4207163
2025-12-05 18:43:55.8542 (StateSyncRequestHandler.cs:17) 玩家ID:482736422909116417 移动方向: -0.9302724 , 0 , -0.36686954
2025-12-05 18:43:55.8542 (StateSyncRequestHandler.cs:17) 玩家ID:482736422909116417 移动到新位置: 0.7413671 , 0 , -5.49409
2025-12-05 18:43:55.9594 (StateSyncRequestHandler.cs:17) 玩家ID:482736422909116417 移动方向: -0.9425027 , 0 , -0.33419865
2025-12-05 18:43:55.9594 (StateSyncRequestHandler.cs:17) 玩家ID:482736422909116417 移动到新位置: 0.5528666 , 0 , -5.56093
2025-12-05 18:43:56.0649 (StateSyncRequestHandler.cs:17) 玩家ID:482736422909116417 移动方向: -0.9521672 , 0 , -0.30557746
2025-12-05 18:43:56.0649 (StateSyncRequestHandler.cs:17) 玩家ID:482736422909116417 移动到新位置: 0.36243314 , 0 , -5.622045
2025-12-05 18:43:56.1544 (StateSyncRequestHandler.cs:17) 玩家ID:482736422909116417 移动方向: -0.958814 , 0 , -0.28403467
2025-12-05 18:43:56.1544 (StateSyncRequestHandler.cs:17) 玩家ID:482736422909116417 移动到新位置: 0.17067033 , 0 , -5.678852
2025-12-05 18:43:56.2575 (StateSyncRequestHandler.cs:17) 玩家ID:482736422909116417 移动方向: -0.964804 , 0 , -0.26297006
2025-12-05 18:43:56.2575 (StateSyncRequestHandler.cs:17) 玩家ID:482736422909116417 移动到新位置: -0.022290468 , 0 , -5.7314463
2025-12-05 18:43:56.3568 (StateSyncRequestHandler.cs:17) 玩家ID:482736422909116417 移动方向: -0.9689555 , 0 , -0.24723518
2025-12-05 18:43:56.3568 (StateSyncRequestHandler.cs:17) 玩家ID:482736422909116417 移动到新位置: -0.21608156 , 0 , -5.7808933
2025-12-05 18:43:56.4576 (StateSyncRequestHandler.cs:17) 玩家ID:482736422909116417 移动方向: -0.973088 , 0 , -0.23043364
2025-12-05 18:43:56.4576 (StateSyncRequestHandler.cs:17) 玩家ID:482736422909116417 移动到新位置: -0.41069916 , 0 , -5.82698
2025-12-05 18:43:56.5602 (StateSyncRequestHandler.cs:17) 玩家ID:482736422909116417 移动方向: -0.976421 , 0 , -0.21587493
2025-12-05 18:43:56.5602 (StateSyncRequestHandler.cs:17) 玩家ID:482736422909116417 移动到新位置: -0.6059834 , 0 , -5.8701553
2025-12-05 18:43:56.6663 (StateSyncRequestHandler.cs:17) 玩家ID:482736422909116417 移动方向: -0.9776942 , 0 , -0.21003346
2025-12-05 18:43:56.6663 (StateSyncRequestHandler.cs:17) 玩家ID:482736422909116417 移动到新位置: -0.8015222 , 0 , -5.912162
2025-12-05 18:43:56.7538 (StateSyncRequestHandler.cs:17) 玩家ID:482736422909116417 移动方向: -0.838608 , 0 , 0.5447353
2025-12-05 18:43:56.7538 (StateSyncRequestHandler.cs:17) 玩家ID:482736422909116417 移动到新位置: -0.96924376 , 0 , -5.8032146
2025-12-05 18:43:56.8583 (StateSyncRequestHandler.cs:17) 玩家ID:482736422909116417 移动方向: -0.20697697 , 0 , 0.9783458
2025-12-05 18:43:56.8583 (StateSyncRequestHandler.cs:17) 玩家ID:482736422909116417 移动到新位置: -1.0106392 , 0 , -5.6075454
2025-12-05 18:43:56.9591 (StateSyncRequestHandler.cs:17) 玩家ID:482736422909116417 移动方向: -0.20673065 , 0 , 0.9783979
2025-12-05 18:43:56.9591 (StateSyncRequestHandler.cs:17) 玩家ID:482736422909116417 移动到新位置: -1.0519853 , 0 , -5.4118657
2025-12-05 18:43:57.0576 (StateSyncRequestHandler.cs:17) 玩家ID:482736422909116417 移动方向: -0.20664851 , 0 , 0.97841525
2025-12-05 18:43:57.0576 (StateSyncRequestHandler.cs:17) 玩家ID:482736422909116417 移动到新位置: -1.093315 , 0 , -5.2161827
2025-12-05 18:43:57.1601 (StateSyncRequestHandler.cs:17) 玩家ID:482736422909116417 移动方向: -0.20662473 , 0 , 0.97842026
2025-12-05 18:43:57.1601 (StateSyncRequestHandler.cs:17) 玩家ID:482736422909116417 移动到新位置: -1.13464 , 0 , -5.0204988
2025-12-05 18:43:57.2634 (StateSyncRequestHandler.cs:17) 玩家ID:482736422909116417 移动方向: -0.8379487 , 0 , 0.54574907
2025-12-05 18:43:57.2634 (StateSyncRequestHandler.cs:17) 玩家ID:482736422909116417 移动到新位置: -1.3022296 , 0 , -4.911349
2025-12-05 18:43:57.3643 (StateSyncRequestHandler.cs:17) 玩家ID:482736422909116417 移动方向: -0.97842216 , 0 , -0.20661587
2025-12-05 18:43:57.3643 (StateSyncRequestHandler.cs:17) 玩家ID:482736422909116417 移动到新位置: -1.4979141 , 0 , -4.952672
2025-12-05 18:43:57.4645 (StateSyncRequestHandler.cs:17) 玩家ID:482736422909116417 移动方向: -0.97842216 , 0 , -0.20661587
2025-12-05 18:43:57.4645 (StateSyncRequestHandler.cs:17) 玩家ID:482736422909116417 移动到新位置: -1.6935985 , 0 , -4.993995
2025-12-05 18:43:57.5585 (StateSyncRequestHandler.cs:17) 玩家ID:482736422909116417 移动方向: -0.5457495 , 0 , -0.8379483
2025-12-05 18:43:57.5585 (StateSyncRequestHandler.cs:17) 玩家ID:482736422909116417 移动到新位置: -1.8027484 , 0 , -5.161585
2025-12-05 18:43:57.6644 (StateSyncRequestHandler.cs:17) 玩家ID:482736422909116417 移动方向: -0.5457495 , 0 , -0.8379483
2025-12-05 18:43:57.6644 (StateSyncRequestHandler.cs:17) 玩家ID:482736422909116417 移动到新位置: -1.9118984 , 0 , -5.3291745
2025-12-05 18:43:57.7593 (StateSyncRequestHandler.cs:17) 玩家ID:482736422909116417 移动方向: -0.5457495 , 0 , -0.8379483
2025-12-05 18:43:57.7593 (StateSyncRequestHandler.cs:17) 玩家ID:482736422909116417 移动到新位置: -2.0210483 , 0 , -5.496764
2025-12-05 18:43:57.8575 (StateSyncRequestHandler.cs:17) 玩家ID:482736422909116417 移动方向: -0.5457495 , 0 , -0.8379483
2025-12-05 18:43:57.8575 (StateSyncRequestHandler.cs:17) 玩家ID:482736422909116417 移动到新位置: -2.1301982 , 0 , -5.664354
2025-12-05 18:43:57.9647 (StateSyncRequestHandler.cs:17) 玩家ID:482736422909116417 移动方向: -0.5457495 , 0 , -0.8379483
2025-12-05 18:43:57.9647 (StateSyncRequestHandler.cs:17) 玩家ID:482736422909116417 移动到新位置: -2.2393482 , 0 , -5.8319435
2025-12-05 18:43:58.0609 (StateSyncRequestHandler.cs:17) 玩家ID:482736422909116417 移动方向: -0.97842216 , 0 , -0.20661587
2025-12-05 18:43:58.0609 (StateSyncRequestHandler.cs:17) 玩家ID:482736422909116417 移动到新位置: -2.4350326 , 0 , -5.8732667
2025-12-05 18:43:58.1605 (StateSyncRequestHandler.cs:17) 玩家ID:482736422909116417 移动方向: -0.97842216 , 0 , -0.20661587
2025-12-05 18:43:58.1605 (StateSyncRequestHandler.cs:17) 玩家ID:482736422909116417 移动到新位置: -2.630717 , 0 , -5.91459
2025-12-05 18:43:58.2563 (StateSyncRequestHandler.cs:17) 玩家ID:482736422909116417 移动方向: -0.8379484 , 0 , 0.5457494
2025-12-05 18:43:58.2563 (StateSyncRequestHandler.cs:17) 玩家ID:482736422909116417 移动到新位置: -2.7983067 , 0 , -5.80544
2025-12-05 18:43:58.3569 (StateSyncRequestHandler.cs:17) 玩家ID:482736422909116417 移动方向: -0.20661585 , 0 , 0.9784221
2025-12-05 18:43:58.3569 (StateSyncRequestHandler.cs:17) 玩家ID:482736422909116417 移动到新位置: -2.83963 , 0 , -5.6097555
2025-12-05 18:43:58.4576 (StateSyncRequestHandler.cs:17) 玩家ID:482736422909116417 移动方向: -0.20661585 , 0 , 0.9784221
2025-12-05 18:43:58.4576 (StateSyncRequestHandler.cs:17) 玩家ID:482736422909116417 移动到新位置: -2.880953 , 0 , -5.414071
2025-12-05 18:43:58.5559 (StateSyncRequestHandler.cs:17) 玩家ID:482736422909116417 移动方向: -0.20661585 , 0 , 0.9784221
2025-12-05 18:43:58.5559 (StateSyncRequestHandler.cs:17) 玩家ID:482736422909116417 移动到新位置: -2.9222763 , 0 , -5.2183867
2025-12-05 18:43:58.6594 (StateSyncRequestHandler.cs:17) 玩家ID:482736422909116417 移动方向: -0.20661585 , 0 , 0.9784221
2025-12-05 18:43:58.6594 (StateSyncRequestHandler.cs:17) 玩家ID:482736422909116417 移动到新位置: -2.9635994 , 0 , -5.022702
2025-12-05 18:43:58.7563 (StateSyncRequestHandler.cs:17) 玩家ID:482736422909116417 移动方向: -0.20661585 , 0 , 0.9784221
2025-12-05 18:43:58.7563 (StateSyncRequestHandler.cs:17) 玩家ID:482736422909116417 移动到新位置: -3.0049226 , 0 , -4.827018
2025-12-05 18:43:58.8572 (StateSyncRequestHandler.cs:17) 玩家ID:482736422909116417 移动方向: 0.5457495 , 0 , 0.8379483
2025-12-05 18:43:58.8572 (StateSyncRequestHandler.cs:17) 玩家ID:482736422909116417 移动到新位置: -2.8957727 , 0 , -4.659428
2025-12-05 18:43:58.9609 (StateSyncRequestHandler.cs:17) 玩家ID:482736422909116417 移动方向: 0.5457495 , 0 , 0.8379483
2025-12-05 18:43:58.9609 (StateSyncRequestHandler.cs:17) 玩家ID:482736422909116417 移动到新位置: -2.7866228 , 0 , -4.4918385
2025-12-05 18:43:59.0600 (StateSyncRequestHandler.cs:17) 玩家ID:482736422909116417 移动方向: 0.5457495 , 0 , 0.8379483
2025-12-05 18:43:59.0600 (StateSyncRequestHandler.cs:17) 玩家ID:482736422909116417 移动到新位置: -2.6774728 , 0 , -4.324249
2025-12-05 18:43:59.1636 (StateSyncRequestHandler.cs:17) 玩家ID:482736422909116417 移动方向: 0.5457495 , 0 , 0.8379483
2025-12-05 18:43:59.1636 (StateSyncRequestHandler.cs:17) 玩家ID:482736422909116417 移动到新位置: -2.568323 , 0 , -4.156659
2025-12-05 18:43:59.2629 (StateSyncRequestHandler.cs:17) 玩家ID:482736422909116417 移动方向: 0.5457495 , 0 , 0.8379483
2025-12-05 18:43:59.2629 (StateSyncRequestHandler.cs:17) 玩家ID:482736422909116417 移动到新位置: -2.459173 , 0 , -3.9890695
2025-12-05 18:43:59.3558 (StateSyncRequestHandler.cs:17) 玩家ID:482736422909116417 移动方向: 0.97842216 , 0 , 0.20661587
2025-12-05 18:43:59.3558 (StateSyncRequestHandler.cs:17) 玩家ID:482736422909116417 移动到新位置: -2.2634885 , 0 , -3.9477463
2025-12-05 18:43:59.4555 (StateSyncRequestHandler.cs:17) 玩家ID:482736422909116417 移动方向: 0.97842216 , 0 , 0.20661587
2025-12-05 18:43:59.4555 (StateSyncRequestHandler.cs:17) 玩家ID:482736422909116417 移动到新位置: -2.067804 , 0 , -3.906423
2025-12-05 18:43:59.5560 (StateSyncRequestHandler.cs:17) 玩家ID:482736422909116417 移动方向: 0.97842216 , 0 , 0.20661587
2025-12-05 18:43:59.5560 (StateSyncRequestHandler.cs:17) 玩家ID:482736422909116417 移动到新位置: -1.8721197 , 0 , -3.8651
2025-12-05 18:43:59.6573 (StateSyncRequestHandler.cs:17) 玩家ID:482736422909116417 移动方向: 0.97842216 , 0 , 0.20661587
2025-12-05 18:43:59.6573 (StateSyncRequestHandler.cs:17) 玩家ID:482736422909116417 移动到新位置: -1.6764352 , 0 , -3.8237767
2025-12-05 18:43:59.7657 (StateSyncRequestHandler.cs:17) 玩家ID:482736422909116417 移动方向: 0.97842216 , 0 , 0.20661587
2025-12-05 18:43:59.7657 (StateSyncRequestHandler.cs:17) 玩家ID:482736422909116417 移动到新位置: -1.4807508 , 0 , -3.7824535
2025-12-05 18:43:59.8641 (StateSyncRequestHandler.cs:17) 玩家ID:482736422909116417 移动方向: 0.9778233 , 0 , 0.20943156
2025-12-05 18:43:59.8641 (StateSyncRequestHandler.cs:17) 玩家ID:482736422909116417 移动到新位置: -1.2851862 , 0 , -3.7405672
2025-12-05 18:43:59.9540 (StateSyncRequestHandler.cs:17) 玩家ID:482736422909116417 移动方向: 0.96965945 , 0 , 0.24445963
2025-12-05 18:43:59.9540 (StateSyncRequestHandler.cs:17) 玩家ID:482736422909116417 移动到新位置: -1.0912542 , 0 , -3.6916752
2025-12-05 18:44:00.0552 (StateSyncRequestHandler.cs:17) 玩家ID:482736422909116417 移动方向: 0.942188 , 0 , 0.33508468
2025-12-05 18:44:00.0552 (StateSyncRequestHandler.cs:17) 玩家ID:482736422909116417 移动到新位置: -0.90281665 , 0 , -3.6246583
2025-12-05 18:44:00.1580 (StateSyncRequestHandler.cs:17) 玩家ID:482736422909116417 移动方向: 0.3492154 , 0 , 0.9370425
2025-12-05 18:44:00.1580 (StateSyncRequestHandler.cs:17) 玩家ID:482736422909116417 移动到新位置: -0.8329736 , 0 , -3.43725
2025-12-05 18:44:00.2532 (StateSyncRequestHandler.cs:17) 玩家ID:482736422909116417 移动方向: 0.29395002 , 0 , 0.95582074
2025-12-05 18:44:00.2532 (StateSyncRequestHandler.cs:17) 玩家ID:482736422909116417 移动到新位置: -0.7741836 , 0 , -3.2460856
2025-12-05 18:44:00.3616 (StateSyncRequestHandler.cs:17) 玩家ID:482736422909116417 移动方向: 0.2639204 , 0 , 0.9645444
2025-12-05 18:44:00.3616 (StateSyncRequestHandler.cs:17) 玩家ID:482736422909116417 移动到新位置: -0.7213995 , 0 , -3.0531769
2025-12-05 18:44:00.4531 (StateSyncRequestHandler.cs:17) 玩家ID:482736422909116417 移动方向: 0.25451797 , 0 , 0.9670681
2025-12-05 18:44:00.4531 (StateSyncRequestHandler.cs:17) 玩家ID:482736422909116417 移动到新位置: -0.67049587 , 0 , -2.8597631
2025-12-05 18:44:00.5712 (StateSyncRequestHandler.cs:17) 玩家ID:482736422909116417 移动方向: 0.25035354 , 0 , 0.96815443
2025-12-05 18:44:00.5712 (StateSyncRequestHandler.cs:17) 玩家ID:482736422909116417 移动到新位置: -0.62042516 , 0 , -2.6661322
2025-12-05 18:44:00.6569 (StateSyncRequestHandler.cs:17) 玩家ID:482736422909116417 移动方向: 0.2492246 , 0 , 0.9684457
2025-12-05 18:44:00.6569 (StateSyncRequestHandler.cs:17) 玩家ID:482736422909116417 移动到新位置: -0.57058024 , 0 , -2.472443
2025-12-05 18:44:00.7700 (StateSyncRequestHandler.cs:17) 玩家ID:482736422909116417 移动方向: 0.24886295 , 0 , 0.96853864
2025-12-05 18:44:00.7700 (StateSyncRequestHandler.cs:17) 玩家ID:482736422909116417 移动到新位置: -0.5208076 , 0 , -2.2787354
2025-12-05 18:44:00.8572 (StateSyncRequestHandler.cs:17) 玩家ID:482736422909116417 移动方向: 0.24875262 , 0 , 0.968567
2025-12-05 18:44:00.8572 (StateSyncRequestHandler.cs:17) 玩家ID:482736422909116417 移动到新位置: -0.4710571 , 0 , -2.085022
2025-12-05 18:44:00.9528 (StateSyncRequestHandler.cs:17) 玩家ID:482736422909116417 移动方向: -0.51244324 , 0 , 0.8587211
2025-12-05 18:44:00.9528 (StateSyncRequestHandler.cs:17) 玩家ID:482736422909116417 移动到新位置: -0.57354575 , 0 , -1.9132777
2025-12-05 18:44:01.0567 (StateSyncRequestHandler.cs:17) 玩家ID:482736422909116417 移动方向: -0.5469029 , 0 , 0.83719605
2025-12-05 18:44:01.0567 (StateSyncRequestHandler.cs:17) 玩家ID:482736422909116417 移动到新位置: -0.6829263 , 0 , -1.7458385
2025-12-05 18:44:01.1593 (StateSyncRequestHandler.cs:17) 玩家ID:482736422909116417 移动方向: -0.61863565 , 0 , 0.785678
2025-12-05 18:44:01.1593 (StateSyncRequestHandler.cs:17) 玩家ID:482736422909116417 移动到新位置: -0.80665344 , 0 , -1.5887029
2025-12-05 18:44:01.2584 (StateSyncRequestHandler.cs:17) 玩家ID:482736422909116417 移动方向: -0.7604937 , 0 , 0.6493453
2025-12-05 18:44:01.2584 (StateSyncRequestHandler.cs:17) 玩家ID:482736422909116417 移动到新位置: -0.95875216 , 0 , -1.4588339
2025-12-05 18:44:01.3567 (StateSyncRequestHandler.cs:17) 玩家ID:482736422909116417 移动方向: 0.37923536 , 0 , 0.9253002
2025-12-05 18:44:01.3567 (StateSyncRequestHandler.cs:17) 玩家ID:482736422909116417 移动到新位置: -0.88290507 , 0 , -1.2737739
2025-12-05 18:44:01.4572 (StateSyncRequestHandler.cs:17) 玩家ID:482736422909116417 移动方向: 0.10005594 , 0 , 0.9949818
2025-12-05 18:44:01.4572 (StateSyncRequestHandler.cs:17) 玩家ID:482736422909116417 移动到新位置: -0.8628939 , 0 , -1.0747776
2025-12-05 18:44:01.5564 (StateSyncRequestHandler.cs:17) 玩家ID:482736422909116417 移动方向: 0.66783947 , 0 , 0.74430525
2025-12-05 18:44:01.5564 (StateSyncRequestHandler.cs:17) 玩家ID:482736422909116417 移动到新位置: -0.729326 , 0 , -0.92591655
2025-12-05 18:44:01.6537 (StateSyncRequestHandler.cs:17) 玩家ID:482736422909116417 移动方向: 0.99373245 , 0 , 0.111784905
2025-12-05 18:44:01.6537 (StateSyncRequestHandler.cs:17) 玩家ID:482736422909116417 移动到新位置: -0.5305795 , 0 , -0.90355957
2025-12-05 18:44:01.7584 (StateSyncRequestHandler.cs:17) 玩家ID:482736422909116417 移动方向: 0.9908887 , 0 , 0.13468313
2025-12-05 18:44:01.7584 (StateSyncRequestHandler.cs:17) 玩家ID:482736422909116417 移动到新位置: -0.33240178 , 0 , -0.8766229
2025-12-05 18:44:01.8545 (StateSyncRequestHandler.cs:17) 玩家ID:482736422909116417 移动方向: 0.9899605 , 0 , 0.14134422
2025-12-05 18:44:01.8545 (StateSyncRequestHandler.cs:17) 玩家ID:482736422909116417 移动到新位置: -0.13440968 , 0 , -0.8483541
2025-12-05 18:44:01.9583 (StateSyncRequestHandler.cs:17) 玩家ID:482736422909116417 移动方向: 0.8014494 , 0 , -0.5980625
2025-12-05 18:44:01.9583 (StateSyncRequestHandler.cs:17) 玩家ID:482736422909116417 移动到新位置: 0.025880188 , 0 , -0.9679666
2025-12-05 18:44:02.0585 (StateSyncRequestHandler.cs:17) 玩家ID:482736422909116417 移动方向: 0.8018573 , 0 , -0.5975156
2025-12-05 18:44:02.0585 (StateSyncRequestHandler.cs:17) 玩家ID:482736422909116417 移动到新位置: 0.18625164 , 0 , -1.0874697
2025-12-05 18:44:02.1605 (StateSyncRequestHandler.cs:17) 玩家ID:482736422909116417 移动方向: 0.14468826 , 0 , -0.9894773
2025-12-05 18:44:02.1605 (StateSyncRequestHandler.cs:17) 玩家ID:482736422909116417 移动到新位置: 0.2151893 , 0 , -1.2853651
2025-12-05 18:44:02.2598 (StateSyncRequestHandler.cs:17) 玩家ID:482736422909116417 移动方向: 0.1447501 , 0 , -0.9894683
2025-12-05 18:44:02.2598 (StateSyncRequestHandler.cs:17) 玩家ID:482736422909116417 移动到新位置: 0.24413931 , 0 , -1.4832587
2025-12-05 18:44:02.3663 (StateSyncRequestHandler.cs:17) 玩家ID:482736422909116417 移动方向: -0.59729177 , 0 , -0.80202407
2025-12-05 18:44:02.3663 (StateSyncRequestHandler.cs:17) 玩家ID:482736422909116417 移动到新位置: 0.12468096 , 0 , -1.6436635
2025-12-05 18:44:02.4526 (StateSyncRequestHandler.cs:17) 玩家ID:482736422909116417 移动方向: -0.59728813 , 0 , -0.80202675
2025-12-05 18:44:02.4526 (StateSyncRequestHandler.cs:17) 玩家ID:482736422909116417 移动到新位置: 0.005223334 , 0 , -1.8040688
2025-12-05 18:44:02.5580 (StateSyncRequestHandler.cs:17) 玩家ID:482736422909116417 移动方向: 0.10608264 , 0 , -0.99435735
2025-12-05 18:44:02.5580 (StateSyncRequestHandler.cs:17) 玩家ID:482736422909116417 移动到新位置: 0.02643986 , 0 , -2.0029402
2025-12-05 18:44:02.6589 (StateSyncRequestHandler.cs:17) 玩家ID:482736422909116417 移动方向: -0.091274284 , 0 , -0.99582577
2025-12-05 18:44:02.6589 (StateSyncRequestHandler.cs:17) 玩家ID:482736422909116417 移动到新位置: 0.008185005 , 0 , -2.2021053
2025-12-05 18:44:02.7587 (StateSyncRequestHandler.cs:17) 玩家ID:482736422909116417 移动方向: 0.43356085 , 0 , -0.90112424
2025-12-05 18:44:02.7587 (StateSyncRequestHandler.cs:17) 玩家ID:482736422909116417 移动到新位置: 0.09489717 , 0 , -2.3823302
2025-12-05 18:44:02.8586 (StateSyncRequestHandler.cs:17) 玩家ID:482736422909116417 移动方向: 0.3017964 , 0 , -0.95337236
2025-12-05 18:44:02.8586 (StateSyncRequestHandler.cs:17) 玩家ID:482736422909116417 移动到新位置: 0.15525645 , 0 , -2.5730047
2025-12-05 18:44:02.9589 (StateSyncRequestHandler.cs:17) 玩家ID:482736422909116417 移动方向: 0.2476143 , 0 , -0.96885866
2025-12-05 18:44:02.9589 (StateSyncRequestHandler.cs:17) 玩家ID:482736422909116417 移动到新位置: 0.20477931 , 0 , -2.7667766
2025-12-05 18:44:03.0628 (StateSyncRequestHandler.cs:17) 玩家ID:482736422909116417 移动方向: -0.52793777 , 0 , -0.8492831
2025-12-05 18:44:03.0628 (StateSyncRequestHandler.cs:17) 玩家ID:482736422909116417 移动到新位置: 0.09919176 , 0 , -2.936633
2025-12-05 18:44:03.1553 (StateSyncRequestHandler.cs:17) 玩家ID:482736422909116417 移动方向: -0.53311515 , 0 , -0.84604275
2025-12-05 18:44:03.1553 (StateSyncRequestHandler.cs:17) 玩家ID:482736422909116417 移动到新位置: -0.0074312612 , 0 , -3.1058416
2025-12-05 18:44:03.2570 (StateSyncRequestHandler.cs:17) 玩家ID:482736422909116417 移动方向: -0.5350111 , 0 , -0.84484506
2025-12-05 18:44:03.2570 (StateSyncRequestHandler.cs:17) 玩家ID:482736422909116417 移动到新位置: -0.11443348 , 0 , -3.2748106
2025-12-05 18:44:03.3548 (StateSyncRequestHandler.cs:17) 玩家ID:482736422909116417 移动方向: -0.525827 , 0 , -0.8505916
2025-12-05 18:44:03.3548 (StateSyncRequestHandler.cs:17) 玩家ID:482736422909116417 移动到新位置: -0.21959887 , 0 , -3.444929
2025-12-05 18:44:03.4528 (StateSyncRequestHandler.cs:17) 玩家ID:482736422909116417 移动方向: -0.9125561 , 0 , -0.40895173
2025-12-05 18:44:03.4528 (StateSyncRequestHandler.cs:17) 玩家ID:482736422909116417 移动到新位置: -0.4021101 , 0 , -3.5267193
2025-12-05 18:44:03.5544 (StateSyncRequestHandler.cs:17) 玩家ID:482736422909116417 移动方向: -0.9992119 , 0 , 0.039692387
2025-12-05 18:44:03.5544 (StateSyncRequestHandler.cs:17) 玩家ID:482736422909116417 移动到新位置: -0.6019525 , 0 , -3.518781
2025-12-05 18:44:03.6567 (StateSyncRequestHandler.cs:17) 玩家ID:482736422909116417 移动方向: -0.99232733 , 0 , -0.12363861
2025-12-05 18:44:03.6567 (StateSyncRequestHandler.cs:17) 玩家ID:482736422909116417 移动到新位置: -0.80041796 , 0 , -3.5435088
2025-12-05 18:44:03.7651 (StateSyncRequestHandler.cs:17) 玩家ID:482736422909116417 移动方向: -0.9825697 , 0 , -0.18589453
2025-12-05 18:44:03.7651 (StateSyncRequestHandler.cs:17) 玩家ID:482736422909116417 移动到新位置: -0.9969319 , 0 , -3.5806878
2025-12-05 18:44:03.8548 (StateSyncRequestHandler.cs:17) 玩家ID:482736422909116417 移动到新位置: -0.9969319 , 0 , -3.5806878
2025-12-05 18:44:14.1627 (StateSyncRequestHandler.cs:17) 玩家ID:482736422909116417 移动方向: -0.99309766 , 0 , -0.1172907
2025-12-05 18:44:14.1627 (StateSyncRequestHandler.cs:17) 玩家ID:482736422909116417 移动到新位置: -1.1955514 , 0 , -3.604146
2025-12-05 18:44:14.2604 (StateSyncRequestHandler.cs:17) 玩家ID:482736422909116417 移动方向: -0.9930787 , 0 , -0.11745087
2025-12-05 18:44:14.2604 (StateSyncRequestHandler.cs:17) 玩家ID:482736422909116417 移动到新位置: -1.3941672 , 0 , -3.6276362
2025-12-05 18:44:14.3599 (StateSyncRequestHandler.cs:17) 玩家ID:482736422909116417 移动方向: -0.6191226 , 0 , -0.78529435
2025-12-05 18:44:14.3599 (StateSyncRequestHandler.cs:17) 玩家ID:482736422909116417 移动到新位置: -1.5179917 , 0 , -3.7846951
2025-12-05 18:44:14.4614 (StateSyncRequestHandler.cs:17) 玩家ID:482736422909116417 移动方向: 0.11751574 , 0 , -0.99307096
2025-12-05 18:44:14.4614 (StateSyncRequestHandler.cs:17) 玩家ID:482736422909116417 移动到新位置: -1.4944885 , 0 , -3.9833093
2025-12-05 18:44:14.5528 (StateSyncRequestHandler.cs:17) 玩家ID:482736422909116417 移动方向: 0.78361624 , 0 , -0.62124515
2025-12-05 18:44:14.5528 (StateSyncRequestHandler.cs:17) 玩家ID:482736422909116417 移动到新位置: -1.3377652 , 0 , -4.1075583
2025-12-05 18:44:14.6544 (StateSyncRequestHandler.cs:17) 玩家ID:482736422909116417 移动方向: 0.99626064 , 0 , 0.08639905
2025-12-05 18:44:14.6544 (StateSyncRequestHandler.cs:17) 玩家ID:482736422909116417 移动到新位置: -1.1385131 , 0 , -4.0902786
2025-12-05 18:44:14.7605 (StateSyncRequestHandler.cs:17) 玩家ID:482736422909116417 移动方向: 0.6620836 , 0 , 0.74942994
2025-12-05 18:44:14.7605 (StateSyncRequestHandler.cs:17) 玩家ID:482736422909116417 移动到新位置: -1.0060964 , 0 , -3.9403927
2025-12-05 18:44:14.8526 (StateSyncRequestHandler.cs:17) 玩家ID:482736422909116417 移动方向: -0.052790947 , 0 , 0.9986056
2025-12-05 18:44:14.8526 (StateSyncRequestHandler.cs:17) 玩家ID:482736422909116417 移动到新位置: -1.0166546 , 0 , -3.7406716
2025-12-05 18:44:14.9524 (StateSyncRequestHandler.cs:17) 玩家ID:482736422909116417 移动方向: -0.74093556 , 0 , 0.67157614
2025-12-05 18:44:14.9524 (StateSyncRequestHandler.cs:17) 玩家ID:482736422909116417 移动到新位置: -1.1648418 , 0 , -3.6063564
2025-12-05 18:44:15.0539 (StateSyncRequestHandler.cs:17) 玩家ID:482736422909116417 移动方向: -0.7400227 , 0 , 0.67258185
2025-12-05 18:44:15.0539 (StateSyncRequestHandler.cs:17) 玩家ID:482736422909116417 移动到新位置: -1.3128463 , 0 , -3.47184
2025-12-05 18:44:15.1536 (StateSyncRequestHandler.cs:17) 玩家ID:482736422909116417 移动方向: -0.73974794 , 0 , 0.67288405
2025-12-05 18:44:15.1536 (StateSyncRequestHandler.cs:17) 玩家ID:482736422909116417 移动到新位置: -1.5347707 , 0 , -3.2699747
2025-12-05 18:44:15.2533 (StateSyncRequestHandler.cs:17) 玩家ID:482736422909116417 移动方向: -0.73965836 , 0 , 0.6729826
2025-12-05 18:44:15.2533 (StateSyncRequestHandler.cs:17) 玩家ID:482736422909116417 移动到新位置: -1.7566682 , 0 , -3.06808
2025-12-05 18:44:15.3537 (StateSyncRequestHandler.cs:17) 玩家ID:482736422909116417 移动方向: -0.73963237 , 0 , 0.67301106
2025-12-05 18:44:15.3537 (StateSyncRequestHandler.cs:17) 玩家ID:482736422909116417 移动到新位置: -1.978558 , 0 , -2.8661766
2025-12-05 18:44:15.4614 (StateSyncRequestHandler.cs:17) 玩家ID:482736422909116417 移动方向: -0.7396237 , 0 , 0.67302066
2025-12-05 18:44:15.4614 (StateSyncRequestHandler.cs:17) 玩家ID:482736422909116417 移动到新位置: -2.2004452 , 0 , -2.6642704
2025-12-05 18:44:15.5627 (StateSyncRequestHandler.cs:17) 玩家ID:482736422909116417 移动方向: -0.7396218 , 0 , 0.6730227
2025-12-05 18:44:15.5627 (StateSyncRequestHandler.cs:17) 玩家ID:482736422909116417 移动到新位置: -2.4223318 , 0 , -2.4623637
2025-12-05 18:44:15.6613 (StateSyncRequestHandler.cs:17) 玩家ID:482736422909116417 移动方向: -0.7396218 , 0 , 0.6730227
2025-12-05 18:44:15.6613 (StateSyncRequestHandler.cs:17) 玩家ID:482736422909116417 移动到新位置: -2.6442184 , 0 , -2.260457
2025-12-05 18:44:15.7543 (StateSyncRequestHandler.cs:17) 玩家ID:482736422909116417 移动方向: -0.7396218 , 0 , 0.67302275
2025-12-05 18:44:15.7543 (StateSyncRequestHandler.cs:17) 玩家ID:482736422909116417 移动到新位置: -2.866105 , 0 , -2.0585501
2025-12-05 18:44:15.8542 (StateSyncRequestHandler.cs:17) 玩家ID:482736422909116417 移动方向: -0.7396218 , 0 , 0.67302275
2025-12-05 18:44:15.8542 (StateSyncRequestHandler.cs:17) 玩家ID:482736422909116417 移动到新位置: -3.0140295 , 0 , -1.9239455
2025-12-05 18:44:15.9628 (StateSyncRequestHandler.cs:17) 玩家ID:482736422909116417 移动方向: -0.047092695 , 0 , 0.9988906
2025-12-05 18:44:15.9628 (StateSyncRequestHandler.cs:17) 玩家ID:482736422909116417 移动到新位置: -3.023448 , 0 , -1.7241675
2025-12-05 18:44:16.0550 (StateSyncRequestHandler.cs:17) 玩家ID:482736422909116417 移动方向: -0.047092695 , 0 , 0.9988906
2025-12-05 18:44:16.0550 (StateSyncRequestHandler.cs:17) 玩家ID:482736422909116417 移动到新位置: -3.0328665 , 0 , -1.5243894
2025-12-05 18:44:16.1565 (StateSyncRequestHandler.cs:17) 玩家ID:482736422909116417 移动方向: -0.047092695 , 0 , 0.9988906
2025-12-05 18:44:16.1565 (StateSyncRequestHandler.cs:17) 玩家ID:482736422909116417 移动到新位置: -3.042285 , 0 , -1.3246113
2025-12-05 18:44:16.2524 (StateSyncRequestHandler.cs:17) 玩家ID:482736422909116417 移动方向: -0.047092695 , 0 , 0.9988906
2025-12-05 18:44:16.2524 (StateSyncRequestHandler.cs:17) 玩家ID:482736422909116417 移动到新位置: -3.0517035 , 0 , -1.1248332
2025-12-05 18:44:16.3568 (StateSyncRequestHandler.cs:17) 玩家ID:482736422909116417 移动方向: -0.047092695 , 0 , 0.9988906
2025-12-05 18:44:16.3568 (StateSyncRequestHandler.cs:17) 玩家ID:482736422909116417 移动到新位置: -3.061122 , 0 , -0.92505515
2025-12-05 18:44:16.4627 (StateSyncRequestHandler.cs:17) 玩家ID:482736422909116417 移动方向: 0.6730227 , 0 , 0.7396219
2025-12-05 18:44:16.4627 (StateSyncRequestHandler.cs:17) 玩家ID:482736422909116417 移动到新位置: -2.9265175 , 0 , -0.7771308
2025-12-05 18:44:16.5624 (StateSyncRequestHandler.cs:17) 玩家ID:482736422909116417 移动方向: 0.6730227 , 0 , 0.7396219
2025-12-05 18:44:16.5624 (StateSyncRequestHandler.cs:17) 玩家ID:482736422909116417 移动到新位置: -2.791913 , 0 , -0.6292064
2025-12-05 18:44:16.6572 (StateSyncRequestHandler.cs:17) 玩家ID:482736422909116417 移动方向: 0.9988905 , 0 , 0.047092695
2025-12-05 18:44:16.6572 (StateSyncRequestHandler.cs:17) 玩家ID:482736422909116417 移动到新位置: -2.592135 , 0 , -0.6197879
2025-12-05 18:44:16.7528 (StateSyncRequestHandler.cs:17) 玩家ID:482736422909116417 移动方向: 0.7396218 , 0 , -0.67302275
2025-12-05 18:44:16.7528 (StateSyncRequestHandler.cs:17) 玩家ID:482736422909116417 移动到新位置: -2.4442105 , 0 , -0.7543924
2025-12-05 18:44:16.8568 (StateSyncRequestHandler.cs:17) 玩家ID:482736422909116417 移动方向: 0.047092695 , 0 , -0.9988906
2025-12-05 18:44:16.8568 (StateSyncRequestHandler.cs:17) 玩家ID:482736422909116417 移动到新位置: -2.434792 , 0 , -0.95417047
2025-12-05 18:44:16.9552 (StateSyncRequestHandler.cs:17) 玩家ID:482736422909116417 移动方向: 0.047092695 , 0 , -0.9988906
2025-12-05 18:44:16.9552 (StateSyncRequestHandler.cs:17) 玩家ID:482736422909116417 移动到新位置: -2.4253736 , 0 , -1.1539485
2025-12-05 18:44:17.0559 (StateSyncRequestHandler.cs:17) 玩家ID:482736422909116417 移动方向: 0.047092695 , 0 , -0.9988906
2025-12-05 18:44:17.0559 (StateSyncRequestHandler.cs:17) 玩家ID:482736422909116417 移动到新位置: -2.415955 , 0 , -1.3537266
2025-12-05 18:44:17.1554 (StateSyncRequestHandler.cs:17) 玩家ID:482736422909116417 移动方向: 0.047092695 , 0 , -0.9988906
2025-12-05 18:44:17.1554 (StateSyncRequestHandler.cs:17) 玩家ID:482736422909116417 移动到新位置: -2.4065366 , 0 , -1.5535047
2025-12-05 18:44:17.2569 (StateSyncRequestHandler.cs:17) 玩家ID:482736422909116417 移动方向: -0.6730227 , 0 , -0.7396219
2025-12-05 18:44:17.2569 (StateSyncRequestHandler.cs:17) 玩家ID:482736422909116417 移动到新位置: -2.541141 , 0 , -1.7014291
2025-12-05 18:44:17.3580 (StateSyncRequestHandler.cs:17) 玩家ID:482736422909116417 移动方向: -0.6730227 , 0 , -0.7396219
2025-12-05 18:44:17.3580 (StateSyncRequestHandler.cs:17) 玩家ID:482736422909116417 移动到新位置: -2.6757455 , 0 , -1.8493536
2025-12-05 18:44:17.4572 (StateSyncRequestHandler.cs:17) 玩家ID:482736422909116417 移动方向: -0.6730227 , 0 , -0.7396219
2025-12-05 18:44:17.4572 (StateSyncRequestHandler.cs:17) 玩家ID:482736422909116417 移动到新位置: -2.81035 , 0 , -1.997278
2025-12-05 18:44:17.5557 (StateSyncRequestHandler.cs:17) 玩家ID:482736422909116417 移动方向: 0.047092695 , 0 , -0.9988906
2025-12-05 18:44:17.5557 (StateSyncRequestHandler.cs:17) 玩家ID:482736422909116417 移动到新位置: -2.8009315 , 0 , -2.197056
2025-12-05 18:44:17.6532 (StateSyncRequestHandler.cs:17) 玩家ID:482736422909116417 移动方向: 0.047092695 , 0 , -0.9988906
2025-12-05 18:44:17.6532 (StateSyncRequestHandler.cs:17) 玩家ID:482736422909116417 移动到新位置: -2.791513 , 0 , -2.3968341
2025-12-05 18:44:17.7670 (StateSyncRequestHandler.cs:17) 玩家ID:482736422909116417 移动方向: 0.033220537 , 0 , -0.999448
2025-12-05 18:44:17.7670 (StateSyncRequestHandler.cs:17) 玩家ID:482736422909116417 移动到新位置: -2.784869 , 0 , -2.5967238
2025-12-05 18:44:17.8519 (StateSyncRequestHandler.cs:17) 玩家ID:482736422909116417 移动方向: 0.6914293 , 0 , -0.72244406
2025-12-05 18:44:17.8519 (StateSyncRequestHandler.cs:17) 玩家ID:482736422909116417 移动到新位置: -2.646583 , 0 , -2.7412126
2025-12-05 18:44:17.9531 (StateSyncRequestHandler.cs:17) 玩家ID:482736422909116417 移动方向: 0.9961254 , 0 , -0.087944254
2025-12-05 18:44:17.9531 (StateSyncRequestHandler.cs:17) 玩家ID:482736422909116417 移动到新位置: -2.447358 , 0 , -2.7588015
2025-12-05 18:44:18.0528 (StateSyncRequestHandler.cs:17) 玩家ID:482736422909116417 移动方向: 0.99257517 , 0 , -0.121632956
2025-12-05 18:44:18.0528 (StateSyncRequestHandler.cs:17) 玩家ID:482736422909116417 移动到新位置: -2.248843 , 0 , -2.783128
2025-12-05 18:44:18.1547 (StateSyncRequestHandler.cs:17) 玩家ID:482736422909116417 移动方向: 0.9909353 , 0 , -0.13433968
2025-12-05 18:44:18.1547 (StateSyncRequestHandler.cs:17) 玩家ID:482736422909116417 移动到新位置: -2.0506558 , 0 , -2.809996
2025-12-05 18:44:18.2537 (StateSyncRequestHandler.cs:17) 玩家ID:482736422909116417 移动方向: 0.602112 , 0 , -0.7984116
2025-12-05 18:44:18.2537 (StateSyncRequestHandler.cs:17) 玩家ID:482736422909116417 移动到新位置: -1.9302335 , 0 , -2.9696782
2025-12-05 18:44:18.3546 (StateSyncRequestHandler.cs:17) 玩家ID:482736422909116417 移动方向: 0.6009394 , 0 , -0.7992946
2025-12-05 18:44:18.3546 (StateSyncRequestHandler.cs:17) 玩家ID:482736422909116417 移动到新位置: -1.8100456 , 0 , -3.129537
2025-12-05 18:44:18.4556 (StateSyncRequestHandler.cs:17) 玩家ID:482736422909116417 移动方向: 0.6005739 , 0 , -0.7995692
2025-12-05 18:44:18.4556 (StateSyncRequestHandler.cs:17) 玩家ID:482736422909116417 移动到新位置: -1.6899308 , 0 , -3.289451
2025-12-05 18:44:18.5536 (StateSyncRequestHandler.cs:17) 玩家ID:482736422909116417 移动方向: -0.14085978 , 0 , -0.9900296
2025-12-05 18:44:18.5536 (StateSyncRequestHandler.cs:17) 玩家ID:482736422909116417 移动到新位置: -1.7181027 , 0 , -3.4874568
2025-12-05 18:44:18.6574 (StateSyncRequestHandler.cs:17) 玩家ID:482736422909116417 移动方向: -0.14090028 , 0 , -0.99002385
2025-12-05 18:44:18.6574 (StateSyncRequestHandler.cs:17) 玩家ID:482736422909116417 移动到新位置: -1.7462827 , 0 , -3.6854615
2025-12-05 18:44:18.7648 (StateSyncRequestHandler.cs:17) 玩家ID:482736422909116417 移动方向: -0.14091218 , 0 , -0.9900221
2025-12-05 18:44:18.7648 (StateSyncRequestHandler.cs:17) 玩家ID:482736422909116417 移动到新位置: -1.7744651 , 0 , -3.883466
2025-12-05 18:44:18.8529 (StateSyncRequestHandler.cs:17) 玩家ID:482736422909116417 移动方向: -0.14405495 , 0 , -0.9895697
2025-12-05 18:44:18.8529 (StateSyncRequestHandler.cs:17) 玩家ID:482736422909116417 移动到新位置: -1.8032761 , 0 , -4.08138
2025-12-05 18:44:18.9606 (StateSyncRequestHandler.cs:17) 玩家ID:482736422909116417 移动方向: -0.2575442 , 0 , -0.9662666
2025-12-05 18:44:18.9606 (StateSyncRequestHandler.cs:17) 玩家ID:482736422909116417 移动到新位置: -1.8547848 , 0 , -4.2746334
2025-12-05 18:44:19.0582 (StateSyncRequestHandler.cs:17) 玩家ID:482736422909116417 移动方向: -0.41005388 , 0 , -0.91206133
2025-12-05 18:44:19.0582 (StateSyncRequestHandler.cs:17) 玩家ID:482736422909116417 移动到新位置: -1.977801 , 0 , -4.5482516
2025-12-05 18:44:19.1605 (StateSyncRequestHandler.cs:17) 玩家ID:482736422909116417 移动方向: -0.48599473 , 0 , -0.87396175
2025-12-05 18:44:19.1605 (StateSyncRequestHandler.cs:17) 玩家ID:482736422909116417 移动到新位置: -2.1235993 , 0 , -4.81044
2025-12-05 18:44:19.2653 (StateSyncRequestHandler.cs:17) 玩家ID:482736422909116417 移动方向: -0.5138275 , 0 , -0.8578935
2025-12-05 18:44:19.2653 (StateSyncRequestHandler.cs:17) 玩家ID:482736422909116417 移动到新位置: -2.2777476 , 0 , -5.067808
2025-12-05 18:44:19.3561 (StateSyncRequestHandler.cs:17) 玩家ID:482736422909116417 移动方向: -0.5478245 , 0 , -0.83659333
2025-12-05 18:44:19.3561 (StateSyncRequestHandler.cs:17) 玩家ID:482736422909116417 移动到新位置: -2.442095 , 0 , -5.318786
2025-12-05 18:44:19.4579 (StateSyncRequestHandler.cs:17) 玩家ID:482736422909116417 移动方向: -0.6380295 , 0 , -0.7700119
2025-12-05 18:44:19.4579 (StateSyncRequestHandler.cs:17) 玩家ID:482736422909116417 移动到新位置: -2.633504 , 0 , -5.54979
2025-12-05 18:44:19.5583 (StateSyncRequestHandler.cs:17) 玩家ID:482736422909116417 移动方向: -0.7564983 , 0 , -0.65399575
2025-12-05 18:44:19.5583 (StateSyncRequestHandler.cs:17) 玩家ID:482736422909116417 移动到新位置: -2.8604534 , 0 , -5.745989
2025-12-05 18:44:19.6639 (StateSyncRequestHandler.cs:17) 玩家ID:482736422909116417 移动方向: -0.89051306 , 0 , -0.4549577
2025-12-05 18:44:19.6639 (StateSyncRequestHandler.cs:17) 玩家ID:482736422909116417 移动到新位置: -3.1276073 , 0 , -5.8824763
2025-12-05 18:44:19.7549 (StateSyncRequestHandler.cs:17) 玩家ID:482736422909116417 移动方向: -0.9839955 , 0 , -0.17819318
2025-12-05 18:44:19.7549 (StateSyncRequestHandler.cs:17) 玩家ID:482736422909116417 移动到新位置: -3.422806 , 0 , -5.935934
2025-12-05 18:44:19.8561 (StateSyncRequestHandler.cs:17) 玩家ID:482736422909116417 移动方向: -0.99259835 , 0 , 0.12144335
2025-12-05 18:44:19.8561 (StateSyncRequestHandler.cs:17) 玩家ID:482736422909116417 移动到新位置: -3.7205856 , 0 , -5.899501
2025-12-05 18:44:19.9536 (StateSyncRequestHandler.cs:17) 玩家ID:482736422909116417 移动方向: -0.92419463 , 0 , 0.3819219
2025-12-05 18:44:19.9536 (StateSyncRequestHandler.cs:17) 玩家ID:482736422909116417 移动到新位置: -3.997844 , 0 , -5.7849245
2025-12-05 18:44:20.0562 (StateSyncRequestHandler.cs:17) 玩家ID:482736422909116417 移动方向: 0.5702219 , 0 , 0.8214907
2025-12-05 18:44:20.0562 (StateSyncRequestHandler.cs:17) 玩家ID:482736422909116417 移动到新位置: -3.8267775 , 0 , -5.5384774
2025-12-05 18:44:20.1601 (StateSyncRequestHandler.cs:17) 玩家ID:482736422909116417 移动方向: 0.6547941 , 0 , 0.7558073
2025-12-05 18:44:20.1601 (StateSyncRequestHandler.cs:17) 玩家ID:482736422909116417 移动到新位置: -3.6303391 , 0 , -5.311735
2025-12-05 18:44:20.2592 (StateSyncRequestHandler.cs:17) 玩家ID:482736422909116417 移动方向: 0.68783295 , 0 , 0.72586906
2025-12-05 18:44:20.2592 (StateSyncRequestHandler.cs:17) 玩家ID:482736422909116417 移动到新位置: -3.4239893 , 0 , -5.0939746
2025-12-05 18:44:20.3587 (StateSyncRequestHandler.cs:17) 玩家ID:482736422909116417 移动方向: 0.99934936 , 0 , 0.036068648
2025-12-05 18:44:20.3587 (StateSyncRequestHandler.cs:17) 玩家ID:482736422909116417 移动到新位置: -3.1241846 , 0 , -5.083154
2025-12-05 18:44:20.4592 (StateSyncRequestHandler.cs:17) 玩家ID:482736422909116417 移动方向: 0.9921669 , 0 , 0.124919176
2025-12-05 18:44:20.4592 (StateSyncRequestHandler.cs:17) 玩家ID:482736422909116417 移动到新位置: -2.8265345 , 0 , -5.0456786
2025-12-05 18:44:20.5676 (StateSyncRequestHandler.cs:17) 玩家ID:482736422909116417 移动方向: 0.9797846 , 0 , 0.20005554
2025-12-05 18:44:20.5676 (StateSyncRequestHandler.cs:17) 玩家ID:482736422909116417 移动到新位置: -2.5325992 , 0 , -4.985662
2025-12-05 18:44:20.6567 (StateSyncRequestHandler.cs:17) 玩家ID:482736422909116417 移动方向: 0.90823305 , 0 , -0.41846478
2025-12-05 18:44:20.6567 (StateSyncRequestHandler.cs:17) 玩家ID:482736422909116417 移动到新位置: -2.2601292 , 0 , -5.1112013
2025-12-05 18:44:20.7531 (StateSyncRequestHandler.cs:17) 玩家ID:482736422909116417 移动方向: 0.99451005 , 0 , -0.104640916
2025-12-05 18:44:20.7531 (StateSyncRequestHandler.cs:17) 玩家ID:482736422909116417 移动到新位置: -1.9617763 , 0 , -5.1425934
2025-12-05 18:44:20.8639 (StateSyncRequestHandler.cs:17) 玩家ID:482736422909116417 移动方向: 0.8641215 , 0 , -0.5032832
2025-12-05 18:44:20.8639 (StateSyncRequestHandler.cs:17) 玩家ID:482736422909116417 移动到新位置: -1.7025398 , 0 , -5.293578
2025-12-05 18:44:20.9603 (StateSyncRequestHandler.cs:17) 玩家ID:482736422909116417 移动方向: 0.40610304 , 0 , -0.9138273
2025-12-05 18:44:20.9603 (StateSyncRequestHandler.cs:17) 玩家ID:482736422909116417 移动到新位置: -1.5807089 , 0 , -5.567726
2025-12-05 18:44:21.0570 (StateSyncRequestHandler.cs:17) 玩家ID:482736422909116417 移动方向: 0.4658063 , 0 , -0.88488674
2025-12-05 18:44:21.0570 (StateSyncRequestHandler.cs:17) 玩家ID:482736422909116417 移动到新位置: -1.440967 , 0 , -5.8331923
2025-12-05 18:44:21.1546 (StateSyncRequestHandler.cs:17) 玩家ID:482736422909116417 移动方向: 0.96162677 , 0 , -0.27436075
2025-12-05 18:44:21.1546 (StateSyncRequestHandler.cs:17) 玩家ID:482736422909116417 移动到新位置: -1.1524789 , 0 , -5.9155006
2025-12-05 18:44:21.2541 (StateSyncRequestHandler.cs:17) 玩家ID:482736422909116417 移动方向: 0.8703433 , 0 , 0.49244538
2025-12-05 18:44:21.2541 (StateSyncRequestHandler.cs:17) 玩家ID:482736422909116417 移动到新位置: -0.89137596 , 0 , -5.767767
2025-12-05 18:44:21.3564 (StateSyncRequestHandler.cs:17) 玩家ID:482736422909116417 移动方向: 0.86917084 , 0 , 0.494512
2025-12-05 18:44:21.3564 (StateSyncRequestHandler.cs:17) 玩家ID:482736422909116417 移动到新位置: -0.6306247 , 0 , -5.6194134
2025-12-05 18:44:21.4548 (StateSyncRequestHandler.cs:17) 玩家ID:482736422909116417 移动方向: 0.2641968 , 0 , 0.9644688
2025-12-05 18:44:21.4548 (StateSyncRequestHandler.cs:17) 玩家ID:482736422909116417 移动到新位置: -0.5513657 , 0 , -5.330073
2025-12-05 18:44:21.5571 (StateSyncRequestHandler.cs:17) 玩家ID:482736422909116417 移动方向: 0.26397508 , 0 , 0.96452945
2025-12-05 18:44:21.5571 (StateSyncRequestHandler.cs:17) 玩家ID:482736422909116417 移动到新位置: -0.49857065 , 0 , -5.137167
2025-12-05 18:44:21.6577 (StateSyncRequestHandler.cs:17) 玩家ID:482736422909116417 移动方向: 0.26391578 , 0 , 0.9645457
2025-12-05 18:44:21.6577 (StateSyncRequestHandler.cs:17) 玩家ID:482736422909116417 移动到新位置: -0.4457875 , 0 , -4.9442577
2025-12-05 18:44:21.7591 (StateSyncRequestHandler.cs:17) 玩家ID:482736422909116417 移动方向: 0.2638974 , 0 , 0.9645508
2025-12-05 18:44:21.7591 (StateSyncRequestHandler.cs:17) 玩家ID:482736422909116417 移动到新位置: -0.39300802 , 0 , -4.7513475
2025-12-05 18:44:21.8540 (StateSyncRequestHandler.cs:17) 玩家ID:482736422909116417 移动方向: 0.26389226 , 0 , 0.96455216
2025-12-05 18:44:21.8540 (StateSyncRequestHandler.cs:17) 玩家ID:482736422909116417 移动到新位置: -0.34022957 , 0 , -4.5584373
2025-12-05 18:44:21.9543 (StateSyncRequestHandler.cs:17) 玩家ID:482736422909116417 移动方向: 0.26389188 , 0 , 0.9645522
2025-12-05 18:44:21.9543 (StateSyncRequestHandler.cs:17) 玩家ID:482736422909116417 移动到新位置: -0.2874512 , 0 , -4.365527
2025-12-05 18:44:22.0582 (StateSyncRequestHandler.cs:17) 玩家ID:482736422909116417 移动方向: 0.26389188 , 0 , 0.9645522
2025-12-05 18:44:22.0582 (StateSyncRequestHandler.cs:17) 玩家ID:482736422909116417 移动到新位置: -0.23467283 , 0 , -4.172617
2025-12-05 18:44:22.1599 (StateSyncRequestHandler.cs:17) 玩家ID:482736422909116417 移动方向: 0.26389188 , 0 , 0.9645522
2025-12-05 18:44:22.1599 (StateSyncRequestHandler.cs:17) 玩家ID:482736422909116417 移动到新位置: -0.18189445 , 0 , -3.9797065
2025-12-05 18:44:22.2587 (StateSyncRequestHandler.cs:17) 玩家ID:482736422909116417 移动方向: 0.85838884 , 0 , 0.5129996
2025-12-05 18:44:22.2587 (StateSyncRequestHandler.cs:17) 玩家ID:482736422909116417 移动到新位置: -0.010216683 , 0 , -3.8771067
2025-12-05 18:44:22.3542 (StateSyncRequestHandler.cs:17) 玩家ID:482736422909116417 移动方向: 0.775337 , 0 , 0.63154775
2025-12-05 18:44:22.3542 (StateSyncRequestHandler.cs:17) 玩家ID:482736422909116417 移动到新位置: 0.14485072 , 0 , -3.750797
2025-12-05 18:44:22.4549 (StateSyncRequestHandler.cs:17) 玩家ID:482736422909116417 移动方向: 0.9962574 , 0 , 0.086435795
2025-12-05 18:44:22.4549 (StateSyncRequestHandler.cs:17) 玩家ID:482736422909116417 移动到新位置: 0.3441022 , 0 , -3.7335098
2025-12-05 18:44:22.5588 (StateSyncRequestHandler.cs:17) 玩家ID:482736422909116417 移动方向: 0.98286366 , 0 , 0.18433419
2025-12-05 18:44:22.5588 (StateSyncRequestHandler.cs:17) 玩家ID:482736422909116417 移动到新位置: 0.5406749 , 0 , -3.6966429
2025-12-05 18:44:22.6565 (StateSyncRequestHandler.cs:17) 玩家ID:482736422909116417 移动方向: 0.8479985 , 0 , -0.52999866
2025-12-05 18:44:22.6565 (StateSyncRequestHandler.cs:17) 玩家ID:482736422909116417 移动到新位置: 0.7102746 , 0 , -3.8026426
2025-12-05 18:44:22.7602 (StateSyncRequestHandler.cs:17) 玩家ID:482736422909116417 移动方向: 0.8551846 , 0 , -0.51832354
2025-12-05 18:44:22.7602 (StateSyncRequestHandler.cs:17) 玩家ID:482736422909116417 移动到新位置: 0.88131154 , 0 , -3.9063072
2025-12-05 18:44:22.8554 (StateSyncRequestHandler.cs:17) 玩家ID:482736422909116417 移动方向: 0.8576413 , 0 , -0.51424843
2025-12-05 18:44:22.8554 (StateSyncRequestHandler.cs:17) 玩家ID:482736422909116417 移动到新位置: 1.0528398 , 0 , -4.0091567
2025-12-05 18:44:22.9659 (StateSyncRequestHandler.cs:17) 玩家ID:482736422909116417 移动方向: 0.24425137 , 0 , -0.9697119
2025-12-05 18:44:22.9659 (StateSyncRequestHandler.cs:17) 玩家ID:482736422909116417 移动到新位置: 1.10169 , 0 , -4.2030993
2025-12-05 18:44:23.0666 (StateSyncRequestHandler.cs:17) 玩家ID:482736422909116417 移动方向: 0.24467915 , 0 , -0.9696041
2025-12-05 18:44:23.0666 (StateSyncRequestHandler.cs:17) 玩家ID:482736422909116417 移动到新位置: 1.1506258 , 0 , -4.39702
2025-12-05 18:44:23.1620 (StateSyncRequestHandler.cs:17) 玩家ID:482736422909116417 移动方向: 0.24481282 , 0 , -0.9695704
2025-12-05 18:44:23.1620 (StateSyncRequestHandler.cs:17) 玩家ID:482736422909116417 移动到新位置: 1.1995884 , 0 , -4.590934
2025-12-05 18:44:23.2567 (StateSyncRequestHandler.cs:17) 玩家ID:482736422909116417 移动方向: 0.24485245 , 0 , -0.9695604
2025-12-05 18:44:23.2567 (StateSyncRequestHandler.cs:17) 玩家ID:482736422909116417 移动到新位置: 1.2485589 , 0 , -4.784846
2025-12-05 18:44:23.3608 (StateSyncRequestHandler.cs:17) 玩家ID:482736422909116417 移动方向: -0.5124352 , 0 , -0.8587259
2025-12-05 18:44:23.3608 (StateSyncRequestHandler.cs:17) 玩家ID:482736422909116417 移动到新位置: 1.1460718 , 0 , -4.956591
2025-12-05 18:44:23.4525 (StateSyncRequestHandler.cs:17) 玩家ID:482736422909116417 移动方向: -0.5124332 , 0 , -0.8587271
2025-12-05 18:44:23.4525 (StateSyncRequestHandler.cs:17) 玩家ID:482736422909116417 移动到新位置: 1.0435852 , 0 , -5.1283364
2025-12-05 18:44:23.5524 (StateSyncRequestHandler.cs:17) 玩家ID:482736422909116417 移动方向: -0.5124332 , 0 , -0.8587271
2025-12-05 18:44:23.5524 (StateSyncRequestHandler.cs:17) 玩家ID:482736422909116417 移动到新位置: 0.9410986 , 0 , -5.3000817
2025-12-05 18:44:23.6532 (StateSyncRequestHandler.cs:17) 玩家ID:482736422909116417 移动方向: -0.5124332 , 0 , -0.8587271
2025-12-05 18:44:23.6532 (StateSyncRequestHandler.cs:17) 玩家ID:482736422909116417 移动到新位置: 0.83861196 , 0 , -5.471827
2025-12-05 18:44:23.7538 (StateSyncRequestHandler.cs:17) 玩家ID:482736422909116417 移动方向: -0.5124332 , 0 , -0.8587271
2025-12-05 18:44:23.7538 (StateSyncRequestHandler.cs:17) 玩家ID:482736422909116417 移动到新位置: 0.73612535 , 0 , -5.6435723
2025-12-05 18:44:23.8546 (StateSyncRequestHandler.cs:17) 玩家ID:482736422909116417 移动方向: -0.5124332 , 0 , -0.8587271
2025-12-05 18:44:23.8546 (StateSyncRequestHandler.cs:17) 玩家ID:482736422909116417 移动到新位置: 0.63363874 , 0 , -5.8153176
2025-12-05 18:44:23.9578 (StateSyncRequestHandler.cs:17) 玩家ID:482736422909116417 移动方向: -0.5124332 , 0 , -0.8587271
2025-12-05 18:44:23.9578 (StateSyncRequestHandler.cs:17) 玩家ID:482736422909116417 移动到新位置: 0.5311521 , 0 , -5.987063
2025-12-05 18:44:24.0567 (StateSyncRequestHandler.cs:17) 玩家ID:482736422909116417 移动方向: -0.9695567 , 0 , -0.24486685
2025-12-05 18:44:24.0567 (StateSyncRequestHandler.cs:17) 玩家ID:482736422909116417 移动到新位置: 0.33724082 , 0 , -6.0360365
2025-12-05 18:44:24.1620 (StateSyncRequestHandler.cs:17) 玩家ID:482736422909116417 移动方向: -0.8587271 , 0 , 0.5124331
2025-12-05 18:44:24.1620 (StateSyncRequestHandler.cs:17) 玩家ID:482736422909116417 移动到新位置: 0.1654954 , 0 , -5.93355
2025-12-05 18:44:24.2526 (StateSyncRequestHandler.cs:17) 玩家ID:482736422909116417 移动方向: -0.8587271 , 0 , 0.5124331
2025-12-05 18:44:24.2526 (StateSyncRequestHandler.cs:17) 玩家ID:482736422909116417 移动到新位置: -0.006250024 , 0 , -5.8310633
2025-12-05 18:44:24.3639 (StateSyncRequestHandler.cs:17) 玩家ID:482736422909116417 移动方向: -0.24486682 , 0 , 0.9695567
2025-12-05 18:44:24.3639 (StateSyncRequestHandler.cs:17) 玩家ID:482736422909116417 移动到新位置: -0.05522339 , 0 , -5.6371517
2025-12-05 18:44:24.4551 (StateSyncRequestHandler.cs:17) 玩家ID:482736422909116417 移动方向: -0.24486682 , 0 , 0.9695567
2025-12-05 18:44:24.4551 (StateSyncRequestHandler.cs:17) 玩家ID:482736422909116417 移动到新位置: -0.10419676 , 0 , -5.44324
2025-12-05 18:44:24.5622 (StateSyncRequestHandler.cs:17) 玩家ID:482736422909116417 移动方向: -0.23030496 , 0 , 0.9731185
2025-12-05 18:44:24.5622 (StateSyncRequestHandler.cs:17) 玩家ID:482736422909116417 移动到新位置: -0.15025774 , 0 , -5.2486167
2025-12-05 18:44:24.6598 (StateSyncRequestHandler.cs:17) 玩家ID:482736422909116417 移动方向: -0.097120166 , 0 , 0.99527264
2025-12-05 18:44:24.6598 (StateSyncRequestHandler.cs:17) 玩家ID:482736422909116417 移动到新位置: -0.16968177 , 0 , -5.049562
2025-12-05 18:44:24.7559 (StateSyncRequestHandler.cs:17) 玩家ID:482736422909116417 移动方向: 0.10999155 , 0 , 0.9939325
2025-12-05 18:44:24.7559 (StateSyncRequestHandler.cs:17) 玩家ID:482736422909116417 移动到新位置: -0.14768347 , 0 , -4.8507757
2025-12-05 18:44:24.8525 (StateSyncRequestHandler.cs:17) 玩家ID:482736422909116417 移动方向: -0.517683 , 0 , 0.85557246
2025-12-05 18:44:24.8525 (StateSyncRequestHandler.cs:17) 玩家ID:482736422909116417 移动到新位置: -0.25122008 , 0 , -4.6796613
2025-12-05 18:44:24.9563 (StateSyncRequestHandler.cs:17) 玩家ID:482736422909116417 移动方向: -0.46568093 , 0 , 0.8849527
2025-12-05 18:44:24.9563 (StateSyncRequestHandler.cs:17) 玩家ID:482736422909116417 移动到新位置: -0.34435627 , 0 , -4.502671
2025-12-05 18:44:25.0572 (StateSyncRequestHandler.cs:17) 玩家ID:482736422909116417 移动方向: -0.44663393 , 0 , 0.8947168
2025-12-05 18:44:25.0572 (StateSyncRequestHandler.cs:17) 玩家ID:482736422909116417 移动到新位置: -0.43368307 , 0 , -4.3237276
2025-12-05 18:44:25.1594 (StateSyncRequestHandler.cs:17) 玩家ID:482736422909116417 移动方向: -0.37817928 , 0 , 0.92573243
2025-12-05 18:44:25.1594 (StateSyncRequestHandler.cs:17) 玩家ID:482736422909116417 移动到新位置: -0.50931895 , 0 , -4.1385813
2025-12-05 18:44:25.2539 (StateSyncRequestHandler.cs:17) 玩家ID:482736422909116417 移动方向: -0.27674338 , 0 , 0.9609439
2025-12-05 18:44:25.2539 (StateSyncRequestHandler.cs:17) 玩家ID:482736422909116417 移动到新位置: -0.56466764 , 0 , -3.9463925
2025-12-05 18:44:25.3567 (StateSyncRequestHandler.cs:17) 玩家ID:482736422909116417 移动方向: -0.1927443 , 0 , 0.981249
2025-12-05 18:44:25.3567 (StateSyncRequestHandler.cs:17) 玩家ID:482736422909116417 移动到新位置: -0.6032165 , 0 , -3.7501428
2025-12-05 18:44:25.4634 (StateSyncRequestHandler.cs:17) 玩家ID:482736422909116417 移动方向: -0.15001842 , 0 , 0.9886832
2025-12-05 18:44:25.4634 (StateSyncRequestHandler.cs:17) 玩家ID:482736422909116417 移动到新位置: -0.6332202 , 0 , -3.552406
2025-12-05 18:44:25.5605 (StateSyncRequestHandler.cs:17) 玩家ID:482736422909116417 移动方向: -0.12960526 , 0 , 0.9915657
2025-12-05 18:44:25.5605 (StateSyncRequestHandler.cs:17) 玩家ID:482736422909116417 移动到新位置: -0.65914124 , 0 , -3.3540928
2025-12-05 18:44:25.6557 (StateSyncRequestHandler.cs:17) 玩家ID:482736422909116417 移动方向: -0.11914809 , 0 , 0.9928765
2025-12-05 18:44:25.6557 (StateSyncRequestHandler.cs:17) 玩家ID:482736422909116417 移动到新位置: -0.6829709 , 0 , -3.1555176
2025-12-05 18:44:25.7560 (StateSyncRequestHandler.cs:17) 玩家ID:482736422909116417 移动方向: -0.11546154 , 0 , 0.99331194
2025-12-05 18:44:25.7560 (StateSyncRequestHandler.cs:17) 玩家ID:482736422909116417 移动到新位置: -0.7060632 , 0 , -2.9568553
2025-12-05 18:44:25.8637 (StateSyncRequestHandler.cs:17) 玩家ID:482736422909116417 移动方向: -0.7832291 , 0 , 0.6217332
2025-12-05 18:44:25.8637 (StateSyncRequestHandler.cs:17) 玩家ID:482736422909116417 移动到新位置: -0.86270905 , 0 , -2.8325086
2025-12-05 18:44:25.9545 (StateSyncRequestHandler.cs:17) 玩家ID:482736422909116417 移动方向: -0.9935036 , 0 , -0.11380076
2025-12-05 18:44:25.9545 (StateSyncRequestHandler.cs:17) 玩家ID:482736422909116417 移动到新位置: -1.0614097 , 0 , -2.8552687
2025-12-05 18:44:26.0580 (StateSyncRequestHandler.cs:17) 玩家ID:482736422909116417 移动方向: -0.99351835 , 0 , -0.11367191
2025-12-05 18:44:26.0580 (StateSyncRequestHandler.cs:17) 玩家ID:482736422909116417 移动到新位置: -1.2601134 , 0 , -2.8780031
2025-12-05 18:44:26.1627 (StateSyncRequestHandler.cs:17) 玩家ID:482736422909116417 移动方向: 0.09726983 , 0 , -0.9952581
2025-12-05 18:44:26.1627 (StateSyncRequestHandler.cs:17) 玩家ID:482736422909116417 移动到新位置: -1.2406594 , 0 , -3.0770547
2025-12-05 18:44:26.2647 (StateSyncRequestHandler.cs:17) 玩家ID:482736422909116417 移动方向: 0.06047021 , 0 , -0.99817
2025-12-05 18:44:26.2647 (StateSyncRequestHandler.cs:17) 玩家ID:482736422909116417 移动到新位置: -1.2285653 , 0 , -3.2766888
2025-12-05 18:44:26.3586 (StateSyncRequestHandler.cs:17) 玩家ID:482736422909116417 移动方向: -0.99923724 , 0 , -0.039050013
2025-12-05 18:44:26.3586 (StateSyncRequestHandler.cs:17) 玩家ID:482736422909116417 移动到新位置: -1.4284128 , 0 , -3.284499
2025-12-05 18:44:26.4526 (StateSyncRequestHandler.cs:17) 玩家ID:482736422909116417 移动方向: -0.99944115 , 0 , -0.033427514
2025-12-05 18:44:26.4526 (StateSyncRequestHandler.cs:17) 玩家ID:482736422909116417 移动到新位置: -1.628301 , 0 , -3.2911844
2025-12-05 18:44:26.5592 (StateSyncRequestHandler.cs:17) 玩家ID:482736422909116417 移动方向: -0.9990793 , 0 , -0.042902473
2025-12-05 18:44:26.5592 (StateSyncRequestHandler.cs:17) 玩家ID:482736422909116417 移动到新位置: -1.8281169 , 0 , -3.2997649
2025-12-05 18:44:26.6674 (StateSyncRequestHandler.cs:17) 玩家ID:482736422909116417 移动方向: -0.74176234 , 0 , 0.6706628
2025-12-05 18:44:26.6674 (StateSyncRequestHandler.cs:17) 玩家ID:482736422909116417 移动到新位置: -2.0506456 , 0 , -3.098566
2025-12-05 18:44:26.7555 (StateSyncRequestHandler.cs:17) 玩家ID:482736422909116417 移动方向: -0.73818386 , 0 , 0.6745995
2025-12-05 18:44:26.7555 (StateSyncRequestHandler.cs:17) 玩家ID:482736422909116417 移动到新位置: -2.2721007 , 0 , -2.896186
2025-12-05 18:44:26.8561 (StateSyncRequestHandler.cs:17) 玩家ID:482736422909116417 移动方向: -0.7139778 , 0 , 0.70016825
2025-12-05 18:44:26.8561 (StateSyncRequestHandler.cs:17) 玩家ID:482736422909116417 移动到新位置: -2.486294 , 0 , -2.6861358
2025-12-05 18:44:26.9539 (StateSyncRequestHandler.cs:17) 玩家ID:482736422909116417 移动方向: -0.69695324 , 0 , 0.71711653
2025-12-05 18:44:26.9539 (StateSyncRequestHandler.cs:17) 玩家ID:482736422909116417 移动到新位置: -2.69538 , 0 , -2.471001
2025-12-05 18:44:27.0566 (StateSyncRequestHandler.cs:17) 玩家ID:482736422909116417 移动方向: -0.9996482 , 0 , 0.026521608
2025-12-05 18:44:27.0566 (StateSyncRequestHandler.cs:17) 玩家ID:482736422909116417 移动到新位置: -2.9952745 , 0 , -2.4630444
2025-12-05 18:44:27.1579 (StateSyncRequestHandler.cs:17) 玩家ID:482736422909116417 移动方向: -0.9976216 , 0 , 0.06892857
2025-12-05 18:44:27.1579 (StateSyncRequestHandler.cs:17) 玩家ID:482736422909116417 移动到新位置: -3.294561 , 0 , -2.442366
2025-12-05 18:44:27.2606 (StateSyncRequestHandler.cs:17) 玩家ID:482736422909116417 移动方向: -0.8324444 , 0 , -0.5541085
2025-12-05 18:44:27.2606 (StateSyncRequestHandler.cs:17) 玩家ID:482736422909116417 移动到新位置: -3.5442944 , 0 , -2.6085985
2025-12-05 18:44:27.3540 (StateSyncRequestHandler.cs:17) 玩家ID:482736422909116417 移动方向: -0.8776947 , 0 , -0.47922003
2025-12-05 18:44:27.3540 (StateSyncRequestHandler.cs:17) 玩家ID:482736422909116417 移动到新位置: -3.807603 , 0 , -2.7523644
2025-12-05 18:44:27.4553 (StateSyncRequestHandler.cs:17) 玩家ID:482736422909116417 移动方向: -0.93730706 , 0 , 0.34850472
2025-12-05 18:44:27.4553 (StateSyncRequestHandler.cs:17) 玩家ID:482736422909116417 移动到新位置: -4.088795 , 0 , -2.647813
2025-12-05 18:44:27.5523 (StateSyncRequestHandler.cs:17) 玩家ID:482736422909116417 移动方向: -0.91151184 , 0 , 0.41127393
2025-12-05 18:44:27.5523 (StateSyncRequestHandler.cs:17) 玩家ID:482736422909116417 移动到新位置: -4.362249 , 0 , -2.524431
2025-12-05 18:44:27.6639 (StateSyncRequestHandler.cs:17) 玩家ID:482736422909116417 移动方向: -0.8923967 , 0 , 0.45125172
2025-12-05 18:44:27.6639 (StateSyncRequestHandler.cs:17) 玩家ID:482736422909116417 移动到新位置: -4.6299677 , 0 , -2.3890555
2025-12-05 18:44:27.7613 (StateSyncRequestHandler.cs:17) 玩家ID:482736422909116417 移动方向: 0.4924876 , 0 , 0.8703194
2025-12-05 18:44:27.7613 (StateSyncRequestHandler.cs:17) 玩家ID:482736422909116417 移动到新位置: -4.4822216 , 0 , -2.1279597
2025-12-05 18:44:27.8596 (StateSyncRequestHandler.cs:17) 玩家ID:482736422909116417 移动方向: 0.56155556 , 0 , 0.827439
2025-12-05 18:44:27.8596 (StateSyncRequestHandler.cs:17) 玩家ID:482736422909116417 移动到新位置: -4.313755 , 0 , -1.8797281
2025-12-05 18:44:27.9598 (StateSyncRequestHandler.cs:17) 玩家ID:482736422909116417 移动方向: 0.6367249 , 0 , 0.77109104
2025-12-05 18:44:27.9598 (StateSyncRequestHandler.cs:17) 玩家ID:482736422909116417 移动到新位置: -4.1227374 , 0 , -1.6484008
2025-12-05 18:44:28.0691 (StateSyncRequestHandler.cs:17) 玩家ID:482736422909116417 移动方向: 0.7310374 , 0 , 0.6823374
2025-12-05 18:44:28.0691 (StateSyncRequestHandler.cs:17) 玩家ID:482736422909116417 移动到新位置: -3.9034262 , 0 , -1.4436996
2025-12-05 18:44:28.1679 (StateSyncRequestHandler.cs:17) 玩家ID:482736422909116417 移动方向: 0.84114945 , 0 , 0.5408027
2025-12-05 18:44:28.1679 (StateSyncRequestHandler.cs:17) 玩家ID:482736422909116417 移动到新位置: -3.6510813 , 0 , -1.2814587
2025-12-05 18:44:28.2570 (StateSyncRequestHandler.cs:17) 玩家ID:482736422909116417 移动方向: 0.39564562 , 0 , 0.91840327
2025-12-05 18:44:28.2570 (StateSyncRequestHandler.cs:17) 玩家ID:482736422909116417 移动到新位置: -3.5323877 , 0 , -1.0059378
2025-12-05 18:44:28.3537 (StateSyncRequestHandler.cs:17) 玩家ID:482736422909116417 移动方向: -0.1973829 , 0 , 0.9803264
2025-12-05 18:44:28.3537 (StateSyncRequestHandler.cs:17) 玩家ID:482736422909116417 移动到新位置: -3.5916026 , 0 , -0.7118399
2025-12-05 18:44:28.4623 (StateSyncRequestHandler.cs:17) 玩家ID:482736422909116417 移动方向: -0.044034615 , 0 , 0.99903
2025-12-05 18:44:28.4623 (StateSyncRequestHandler.cs:17) 玩家ID:482736422909116417 移动到新位置: -3.6048129 , 0 , -0.41213092
2025-12-05 18:44:28.5599 (StateSyncRequestHandler.cs:17) 玩家ID:482736422909116417 移动方向: -0.64934504 , 0 , 0.7604939
2025-12-05 18:44:28.5599 (StateSyncRequestHandler.cs:17) 玩家ID:482736422909116417 移动到新位置: -3.7996163 , 0 , -0.18398277
2025-12-05 18:44:28.6614 (StateSyncRequestHandler.cs:17) 玩家ID:482736422909116417 移动方向: -0.618682 , 0 , 0.7856415
2025-12-05 18:44:28.6614 (StateSyncRequestHandler.cs:17) 玩家ID:482736422909116417 移动到新位置: -3.985221 , 0 , 0.051709667
2025-12-05 18:44:28.7624 (StateSyncRequestHandler.cs:17) 玩家ID:482736422909116417 移动方向: -0.5952896 , 0 , 0.80351126
2025-12-05 18:44:28.7624 (StateSyncRequestHandler.cs:17) 玩家ID:482736422909116417 移动到新位置: -4.163808 , 0 , 0.29276305
2025-12-05 18:44:28.8602 (StateSyncRequestHandler.cs:17) 玩家ID:482736422909116417 移动方向: 0.15328515 , 0 , 0.988182
2025-12-05 18:44:28.8602 (StateSyncRequestHandler.cs:17) 玩家ID:482736422909116417 移动到新位置: -4.117822 , 0 , 0.58921766
2025-12-05 18:44:28.9538 (StateSyncRequestHandler.cs:17) 玩家ID:482736422909116417 移动方向: 0.15545714 , 0 , 0.9878426
2025-12-05 18:44:28.9538 (StateSyncRequestHandler.cs:17) 玩家ID:482736422909116417 移动到新位置: -4.071185 , 0 , 0.8855704
2025-12-05 18:44:29.0564 (StateSyncRequestHandler.cs:17) 玩家ID:482736422909116417 移动方向: 0.15614767 , 0 , 0.98773366
2025-12-05 18:44:29.0564 (StateSyncRequestHandler.cs:17) 玩家ID:482736422909116417 移动到新位置: -4.0243406 , 0 , 1.1818905
2025-12-05 18:44:29.1628 (StateSyncRequestHandler.cs:17) 玩家ID:482736422909116417 移动方向: 0.808974 , 0 , 0.5878444
2025-12-05 18:44:29.1628 (StateSyncRequestHandler.cs:17) 玩家ID:482736422909116417 移动到新位置: -3.7816484 , 0 , 1.3582438
2025-12-05 18:44:29.2621 (StateSyncRequestHandler.cs:17) 玩家ID:482736422909116417 移动方向: 0.8192442 , 0 , 0.5734447
2025-12-05 18:44:29.2621 (StateSyncRequestHandler.cs:17) 玩家ID:482736422909116417 移动到新位置: -3.535875 , 0 , 1.5302773
2025-12-05 18:44:29.3524 (StateSyncRequestHandler.cs:17) 玩家ID:482736422909116417 移动方向: 0.977453 , 0 , -0.21115312
2025-12-05 18:44:29.3524 (StateSyncRequestHandler.cs:17) 玩家ID:482736422909116417 移动到新位置: -3.2426393 , 0 , 1.4669313
2025-12-05 18:44:29.4529 (StateSyncRequestHandler.cs:17) 玩家ID:482736422909116417 移动方向: 0.9715642 , 0 , -0.23677632
2025-12-05 18:44:29.4529 (StateSyncRequestHandler.cs:17) 玩家ID:482736422909116417 移动到新位置: -2.95117 , 0 , 1.3958985
2025-12-05 18:44:29.5529 (StateSyncRequestHandler.cs:17) 玩家ID:482736422909116417 移动方向: 0.96900004 , 0 , -0.24706063
2025-12-05 18:44:29.5529 (StateSyncRequestHandler.cs:17) 玩家ID:482736422909116417 移动到新位置: -2.75737 , 0 , 1.3464863
2025-12-05 18:44:29.6591 (StateSyncRequestHandler.cs:17) 玩家ID:482736422909116417 移动方向: 0.96803135 , 0 , -0.2508291
2025-12-05 18:44:29.6591 (StateSyncRequestHandler.cs:17) 玩家ID:482736422909116417 移动到新位置: -2.5637636 , 0 , 1.2963206
2025-12-05 18:44:29.7549 (StateSyncRequestHandler.cs:17) 玩家ID:482736422909116417 移动方向: 0.96774775 , 0 , -0.25192106
2025-12-05 18:44:29.7549 (StateSyncRequestHandler.cs:17) 玩家ID:482736422909116417 移动到新位置: -2.370214 , 0 , 1.2459364
2025-12-05 18:44:29.8539 (StateSyncRequestHandler.cs:17) 玩家ID:482736422909116417 移动方向: 0.9676413 , 0 , -0.25232986
2025-12-05 18:44:29.8539 (StateSyncRequestHandler.cs:17) 玩家ID:482736422909116417 移动到新位置: -2.1766858 , 0 , 1.1954705
2025-12-05 18:44:29.9643 (StateSyncRequestHandler.cs:17) 玩家ID:482736422909116417 移动方向: 0.9676061 , 0 , -0.25246453
2025-12-05 18:44:29.9643 (StateSyncRequestHandler.cs:17) 玩家ID:482736422909116417 移动到新位置: -1.9831645 , 0 , 1.1449776
2025-12-05 18:44:30.0538 (StateSyncRequestHandler.cs:17) 玩家ID:482736422909116417 移动方向: 0.9675978 , 0 , -0.25249678
2025-12-05 18:44:30.0538 (StateSyncRequestHandler.cs:17) 玩家ID:482736422909116417 移动到新位置: -1.789645 , 0 , 1.0944782
2025-12-05 18:44:30.1534 (StateSyncRequestHandler.cs:17) 玩家ID:482736422909116417 移动方向: 0.9685325 , 0 , -0.24888714
2025-12-05 18:44:30.1534 (StateSyncRequestHandler.cs:17) 玩家ID:482736422909116417 移动到新位置: -1.5959384 , 0 , 1.0447009
2025-12-05 18:44:30.2547 (StateSyncRequestHandler.cs:17) 玩家ID:482736422909116417 移动方向: -0.14623602 , 0 , -0.98924977
2025-12-05 18:44:30.2547 (StateSyncRequestHandler.cs:17) 玩家ID:482736422909116417 移动到新位置: -1.6251856 , 0 , 0.84685093
2025-12-05 18:44:30.3577 (StateSyncRequestHandler.cs:17) 玩家ID:482736422909116417 移动方向: 0.21629742 , 0 , -0.97632754
2025-12-05 18:44:30.3577 (StateSyncRequestHandler.cs:17) 玩家ID:482736422909116417 移动到新位置: -1.5819261 , 0 , 0.65158546
2025-12-05 18:44:30.4541 (StateSyncRequestHandler.cs:17) 玩家ID:482736422909116417 移动方向: -0.21212184 , 0 , -0.9772432
2025-12-05 18:44:30.4541 (StateSyncRequestHandler.cs:17) 玩家ID:482736422909116417 移动到新位置: -1.6243504 , 0 , 0.45613682
2025-12-05 18:44:30.5574 (StateSyncRequestHandler.cs:17) 玩家ID:482736422909116417 移动方向: -0.026487231 , 0 , -0.99964917
2025-12-05 18:44:30.5574 (StateSyncRequestHandler.cs:17) 玩家ID:482736422909116417 移动到新位置: -1.6296479 , 0 , 0.256207
2025-12-05 18:44:30.6551 (StateSyncRequestHandler.cs:17) 玩家ID:482736422909116417 移动方向: 0.04390925 , 0 , -0.99903554
2025-12-05 18:44:30.6551 (StateSyncRequestHandler.cs:17) 玩家ID:482736422909116417 移动到新位置: -1.6208661 , 0 , 0.05639988
2025-12-05 18:44:30.7567 (StateSyncRequestHandler.cs:17) 玩家ID:482736422909116417 移动方向: 0.069877654 , 0 , -0.9975555
2025-12-05 18:44:30.7567 (StateSyncRequestHandler.cs:17) 玩家ID:482736422909116417 移动到新位置: -1.6068906 , 0 , -0.1431112
2025-12-05 18:44:30.8555 (StateSyncRequestHandler.cs:17) 玩家ID:482736422909116417 移动方向: 0.07847664 , 0 , -0.99691594
2025-12-05 18:44:30.8555 (StateSyncRequestHandler.cs:17) 玩家ID:482736422909116417 移动到新位置: -1.5833476 , 0 , -0.44218597
2025-12-05 18:44:30.9593 (StateSyncRequestHandler.cs:17) 玩家ID:482736422909116417 移动方向: 0.0811941 , 0 , -0.9966983
2025-12-05 18:44:30.9593 (StateSyncRequestHandler.cs:17) 玩家ID:482736422909116417 移动到新位置: -1.5589893 , 0 , -0.74119544
2025-12-05 18:44:31.0576 (StateSyncRequestHandler.cs:17) 玩家ID:482736422909116417 移动方向: 0.08200812 , 0 , -0.9966317
2025-12-05 18:44:31.0576 (StateSyncRequestHandler.cs:17) 玩家ID:482736422909116417 移动到新位置: -1.5343869 , 0 , -1.040185
2025-12-05 18:44:31.1565 (StateSyncRequestHandler.cs:17) 玩家ID:482736422909116417 移动方向: -0.9966117 , 0 , -0.08225006
2025-12-05 18:44:31.1565 (StateSyncRequestHandler.cs:17) 玩家ID:482736422909116417 移动到新位置: -1.8333704 , 0 , -1.06486
2025-12-05 18:44:31.2587 (StateSyncRequestHandler.cs:17) 玩家ID:482736422909116417 移动方向: -0.99660563 , 0 , -0.08232415
2025-12-05 18:44:31.2587 (StateSyncRequestHandler.cs:17) 玩家ID:482736422909116417 移动到新位置: -2.132352 , 0 , -1.0895572
2025-12-05 18:44:31.3589 (StateSyncRequestHandler.cs:17) 玩家ID:482736422909116417 移动方向: -0.99660397 , 0 , -0.082344174
2025-12-05 18:44:31.3589 (StateSyncRequestHandler.cs:17) 玩家ID:482736422909116417 移动到新位置: -2.4313333 , 0 , -1.1142604
2025-12-05 18:44:31.4538 (StateSyncRequestHandler.cs:17) 玩家ID:482736422909116417 移动方向: -0.99660337 , 0 , -0.08234981
2025-12-05 18:44:31.4538 (StateSyncRequestHandler.cs:17) 玩家ID:482736422909116417 移动到新位置: -2.7303143 , 0 , -1.1389654
2025-12-05 18:44:31.5672 (StateSyncRequestHandler.cs:17) 玩家ID:482736422909116417 移动方向: -0.6464743 , 0 , -0.7629358
2025-12-05 18:44:31.5672 (StateSyncRequestHandler.cs:17) 玩家ID:482736422909116417 移动到新位置: -2.9242566 , 0 , -1.3678461
2025-12-05 18:44:31.6529 (StateSyncRequestHandler.cs:17) 玩家ID:482736422909116417 移动方向: -0.6464743 , 0 , -0.7629358
2025-12-05 18:44:31.6529 (StateSyncRequestHandler.cs:17) 玩家ID:482736422909116417 移动到新位置: -3.1181989 , 0 , -1.5967269
2025-12-05 18:44:31.7648 (StateSyncRequestHandler.cs:17) 玩家ID:482736422909116417 移动方向: 0.08235076 , 0 , -0.9966035
2025-12-05 18:44:31.7648 (StateSyncRequestHandler.cs:17) 玩家ID:482736422909116417 移动到新位置: -3.0934937 , 0 , -1.895708
2025-12-05 18:44:31.8630 (StateSyncRequestHandler.cs:17) 玩家ID:482736422909116417 移动方向: 0.08235076 , 0 , -0.9966035
2025-12-05 18:44:31.8630 (StateSyncRequestHandler.cs:17) 玩家ID:482736422909116417 移动到新位置: -3.0687885 , 0 , -2.194689
2025-12-05 18:44:31.9627 (StateSyncRequestHandler.cs:17) 玩家ID:482736422909116417 移动方向: 0.7629358 , 0 , -0.6464743
2025-12-05 18:44:31.9627 (StateSyncRequestHandler.cs:17) 玩家ID:482736422909116417 移动到新位置: -2.839908 , 0 , -2.3886313
2025-12-05 18:44:32.0538 (StateSyncRequestHandler.cs:17) 玩家ID:482736422909116417 移动方向: 0.7629358 , 0 , -0.6464743
2025-12-05 18:44:32.0538 (StateSyncRequestHandler.cs:17) 玩家ID:482736422909116417 移动到新位置: -2.6110272 , 0 , -2.5825737
2025-12-05 18:44:32.1543 (StateSyncRequestHandler.cs:17) 玩家ID:482736422909116417 移动方向: 0.9966035 , 0 , 0.08235076
2025-12-05 18:44:32.1543 (StateSyncRequestHandler.cs:17) 玩家ID:482736422909116417 移动到新位置: -2.3120463 , 0 , -2.5578685
2025-12-05 18:44:32.2541 (StateSyncRequestHandler.cs:17) 玩家ID:482736422909116417 移动方向: 0.9966035 , 0 , 0.08235076
2025-12-05 18:44:32.2541 (StateSyncRequestHandler.cs:17) 玩家ID:482736422909116417 移动到新位置: -2.0130653 , 0 , -2.5331633
2025-12-05 18:44:32.3571 (StateSyncRequestHandler.cs:17) 玩家ID:482736422909116417 移动方向: 0.9966035 , 0 , 0.08235076
2025-12-05 18:44:32.3571 (StateSyncRequestHandler.cs:17) 玩家ID:482736422909116417 移动到新位置: -1.7140843 , 0 , -2.5084581
2025-12-05 18:44:32.4550 (StateSyncRequestHandler.cs:17) 玩家ID:482736422909116417 移动方向: 0.9966035 , 0 , 0.08235076
2025-12-05 18:44:32.4550 (StateSyncRequestHandler.cs:17) 玩家ID:482736422909116417 移动到新位置: -1.4151032 , 0 , -2.483753
2025-12-05 18:44:32.5535 (StateSyncRequestHandler.cs:17) 玩家ID:482736422909116417 移动方向: 0.9966035 , 0 , 0.08235076
2025-12-05 18:44:32.5535 (StateSyncRequestHandler.cs:17) 玩家ID:482736422909116417 移动到新位置: -1.1161221 , 0 , -2.4590478
2025-12-05 18:44:32.6552 (StateSyncRequestHandler.cs:17) 玩家ID:482736422909116417 移动方向: 0.6464743 , 0 , 0.7629358
2025-12-05 18:44:32.6552 (StateSyncRequestHandler.cs:17) 玩家ID:482736422909116417 移动到新位置: -0.9221798 , 0 , -2.2301672
2025-12-05 18:44:32.7606 (StateSyncRequestHandler.cs:17) 玩家ID:482736422909116417 移动方向: 0.6464743 , 0 , 0.7629358
2025-12-05 18:44:32.7606 (StateSyncRequestHandler.cs:17) 玩家ID:482736422909116417 移动到新位置: -0.7282375 , 0 , -2.0012865
2025-12-05 18:44:32.8629 (StateSyncRequestHandler.cs:17) 玩家ID:482736422909116417 移动方向: 0.6464743 , 0 , 0.7629358
2025-12-05 18:44:32.8629 (StateSyncRequestHandler.cs:17) 玩家ID:482736422909116417 移动到新位置: -0.5342952 , 0 , -1.7724057
2025-12-05 18:44:32.9538 (StateSyncRequestHandler.cs:17) 玩家ID:482736422909116417 移动方向: 0.6464743 , 0 , 0.7629358
2025-12-05 18:44:32.9538 (StateSyncRequestHandler.cs:17) 玩家ID:482736422909116417 移动到新位置: -0.3403529 , 0 , -1.543525
2025-12-05 18:44:33.0582 (StateSyncRequestHandler.cs:17) 玩家ID:482736422909116417 移动方向: 0.6456338 , 0 , 0.76364714
2025-12-05 18:44:33.0582 (StateSyncRequestHandler.cs:17) 玩家ID:482736422909116417 移动到新位置: -0.14666276 , 0 , -1.3144308
2025-12-05 18:44:33.1637 (StateSyncRequestHandler.cs:17) 玩家ID:482736422909116417 移动方向: 0.51923853 , 0 , 0.85462934
2025-12-05 18:44:33.1637 (StateSyncRequestHandler.cs:17) 玩家ID:482736422909116417 移动到新位置: 0.009108797 , 0 , -1.058042
2025-12-05 18:44:33.2580 (StateSyncRequestHandler.cs:17) 玩家ID:482736422909116417 移动方向: 0.75988036 , 0 , 0.6500629
2025-12-05 18:44:33.2580 (StateSyncRequestHandler.cs:17) 玩家ID:482736422909116417 移动到新位置: 0.2370729 , 0 , -0.86302316
2025-12-05 18:44:33.3523 (StateSyncRequestHandler.cs:17) 玩家ID:482736422909116417 移动方向: 0.96358556 , 0 , 0.26740032
2025-12-05 18:44:33.3523 (StateSyncRequestHandler.cs:17) 玩家ID:482736422909116417 移动到新位置: 0.52614856 , 0 , -0.78280306
2025-12-05 18:44:33.4647 (StateSyncRequestHandler.cs:17) 玩家ID:482736422909116417 移动方向: 0.82574266 , 0 , 0.5640471
2025-12-05 18:44:33.4647 (StateSyncRequestHandler.cs:17) 玩家ID:482736422909116417 移动到新位置: 0.77387136 , 0 , -0.6135889
2025-12-05 18:44:33.5651 (StateSyncRequestHandler.cs:17) 玩家ID:482736422909116417 移动方向: -0.08210248 , 0 , 0.99662393
2025-12-05 18:44:33.5651 (StateSyncRequestHandler.cs:17) 玩家ID:482736422909116417 移动到新位置: 0.74924064 , 0 , -0.31460175
2025-12-05 18:44:33.6611 (StateSyncRequestHandler.cs:17) 玩家ID:482736422909116417 移动方向: -0.83662754 , 0 , 0.54777217
2025-12-05 18:44:33.6611 (StateSyncRequestHandler.cs:17) 玩家ID:482736422909116417 移动到新位置: 0.49825236 , 0 , -0.1502701
2025-12-05 18:44:33.7652 (StateSyncRequestHandler.cs:17) 玩家ID:482736422909116417 移动方向: -0.8620416 , 0 , 0.5068375
2025-12-05 18:44:33.7652 (StateSyncRequestHandler.cs:17) 玩家ID:482736422909116417 移动到新位置: 0.23963988 , 0 , 0.0017811358
2025-12-05 18:44:33.8549 (StateSyncRequestHandler.cs:17) 玩家ID:482736422909116417 移动方向: -0.87019855 , 0 , 0.4927012
2025-12-05 18:44:33.8549 (StateSyncRequestHandler.cs:17) 玩家ID:482736422909116417 移动到新位置: -0.021419704 , 0 , 0.1495915
2025-12-05 18:44:33.9683 (StateSyncRequestHandler.cs:17) 玩家ID:482736422909116417 移动方向: -0.8731701 , 0 , 0.48741567
2025-12-05 18:44:33.9683 (StateSyncRequestHandler.cs:17) 玩家ID:482736422909116417 移动到新位置: -0.28337073 , 0 , 0.2958162
2025-12-05 18:44:34.0569 (StateSyncRequestHandler.cs:17) 玩家ID:482736422909116417 移动方向: -0.874046 , 0 , 0.4858431
2025-12-05 18:44:34.0569 (StateSyncRequestHandler.cs:17) 玩家ID:482736422909116417 移动到新位置: -0.54558456 , 0 , 0.44156915
2025-12-05 18:44:34.1575 (StateSyncRequestHandler.cs:17) 玩家ID:482736422909116417 移动方向: -0.8742906 , 0 , 0.4854029
2025-12-05 18:44:34.1575 (StateSyncRequestHandler.cs:17) 玩家ID:482736422909116417 移动到新位置: -0.8078717 , 0 , 0.58719003
2025-12-05 18:44:34.2658 (StateSyncRequestHandler.cs:17) 玩家ID:482736422909116417 移动方向: -0.8743648 , 0 , 0.4852692
2025-12-05 18:44:34.2658 (StateSyncRequestHandler.cs:17) 玩家ID:482736422909116417 移动到新位置: -1.0701811 , 0 , 0.7327708
2025-12-05 18:44:34.3561 (StateSyncRequestHandler.cs:17) 玩家ID:482736422909116417 移动方向: -0.87438744 , 0 , 0.48522836
2025-12-05 18:44:34.3561 (StateSyncRequestHandler.cs:17) 玩家ID:482736422909116417 移动到新位置: -1.3324974 , 0 , 0.8783393
2025-12-05 18:44:34.4565 (StateSyncRequestHandler.cs:17) 玩家ID:482736422909116417 移动方向: -0.87439424 , 0 , 0.4852162
2025-12-05 18:44:34.4565 (StateSyncRequestHandler.cs:17) 玩家ID:482736422909116417 移动到新位置: -1.5948156 , 0 , 1.0239041
2025-12-05 18:44:34.5540 (StateSyncRequestHandler.cs:17) 玩家ID:482736422909116417 移动方向: -0.49056432 , 0 , -0.871405
2025-12-05 18:44:34.5540 (StateSyncRequestHandler.cs:17) 玩家ID:482736422909116417 移动到新位置: -1.7419848 , 0 , 0.7624826
2025-12-05 18:44:34.6537 (StateSyncRequestHandler.cs:17) 玩家ID:482736422909116417 移动方向: -0.60926145 , 0 , -0.7929694
2025-12-05 18:44:34.6537 (StateSyncRequestHandler.cs:17) 玩家ID:482736422909116417 移动到新位置: -1.9247633 , 0 , 0.5245918
2025-12-05 18:44:34.7601 (StateSyncRequestHandler.cs:17) 玩家ID:482736422909116417 移动方向: -0.834898 , 0 , -0.5504048
2025-12-05 18:44:34.7601 (StateSyncRequestHandler.cs:17) 玩家ID:482736422909116417 移动到新位置: -2.1752326 , 0 , 0.35947037
2025-12-05 18:44:34.8526 (StateSyncRequestHandler.cs:17) 玩家ID:482736422909116417 移动方向: -0.43674406 , 0 , -0.8995857
2025-12-05 18:44:34.8526 (StateSyncRequestHandler.cs:17) 玩家ID:482736422909116417 移动到新位置: -2.3062558 , 0 , 0.08959466
2025-12-05 18:44:34.9517 (StateSyncRequestHandler.cs:17) 玩家ID:482736422909116417 移动方向: -0.52720034 , 0 , -0.849741
2025-12-05 18:44:34.9517 (StateSyncRequestHandler.cs:17) 玩家ID:482736422909116417 移动到新位置: -2.464416 , 0 , -0.16532761
2025-12-05 18:44:35.0543 (StateSyncRequestHandler.cs:17) 玩家ID:482736422909116417 移动方向: -0.5594038 , 0 , -0.8288952
2025-12-05 18:44:35.0543 (StateSyncRequestHandler.cs:17) 玩家ID:482736422909116417 移动到新位置: -2.6322372 , 0 , -0.41399616
2025-12-05 18:44:35.1610 (StateSyncRequestHandler.cs:17) 玩家ID:482736422909116417 移动方向: -0.57051456 , 0 , -0.8212875
2025-12-05 18:44:35.1610 (StateSyncRequestHandler.cs:17) 玩家ID:482736422909116417 移动到新位置: -2.8033915 , 0 , -0.6603824
2025-12-05 18:44:35.2537 (StateSyncRequestHandler.cs:17) 玩家ID:482736422909116417 移动方向: -0.57350975 , 0 , -0.81919867
2025-12-05 18:44:35.2537 (StateSyncRequestHandler.cs:17) 玩家ID:482736422909116417 移动到新位置: -2.9754443 , 0 , -0.906142
2025-12-05 18:44:35.3529 (StateSyncRequestHandler.cs:17) 玩家ID:482736422909116417 移动方向: -0.5745535 , 0 , -0.818467
2025-12-05 18:44:35.3529 (StateSyncRequestHandler.cs:17) 玩家ID:482736422909116417 移动到新位置: -3.1478105 , 0 , -1.1516821
2025-12-05 18:44:35.4528 (StateSyncRequestHandler.cs:17) 玩家ID:482736422909116417 移动方向: -0.5748852 , 0 , -0.8182341
2025-12-05 18:44:35.4528 (StateSyncRequestHandler.cs:17) 玩家ID:482736422909116417 移动到新位置: -3.320276 , 0 , -1.3971523
2025-12-05 18:44:35.5525 (StateSyncRequestHandler.cs:17) 玩家ID:482736422909116417 移动方向: -0.985105 , 0 , -0.17195389
2025-12-05 18:44:35.5525 (StateSyncRequestHandler.cs:17) 玩家ID:482736422909116417 移动到新位置: -3.6158075 , 0 , -1.4487385
2025-12-05 18:44:35.6525 (StateSyncRequestHandler.cs:17) 玩家ID:482736422909116417 移动方向: -0.9851108 , 0 , -0.17192055
2025-12-05 18:44:35.6525 (StateSyncRequestHandler.cs:17) 玩家ID:482736422909116417 移动到新位置: -3.9113407 , 0 , -1.5003146
2025-12-05 18:44:35.7541 (StateSyncRequestHandler.cs:17) 玩家ID:482736422909116417 移动方向: -0.81813896 , 0 , 0.5750205
2025-12-05 18:44:35.7541 (StateSyncRequestHandler.cs:17) 玩家ID:482736422909116417 移动到新位置: -4.156782 , 0 , -1.3278084
2025-12-05 18:44:35.8561 (StateSyncRequestHandler.cs:17) 玩家ID:482736422909116417 移动方向: -0.17190787 , 0 , 0.985113
2025-12-05 18:44:35.8561 (StateSyncRequestHandler.cs:17) 玩家ID:482736422909116417 移动到新位置: -4.2083545 , 0 , -1.0322745
2025-12-05 18:44:35.9541 (StateSyncRequestHandler.cs:17) 玩家ID:482736422909116417 移动方向: -0.1738973 , 0 , 0.9847638
2025-12-05 18:44:35.9541 (StateSyncRequestHandler.cs:17) 玩家ID:482736422909116417 移动到新位置: -4.260524 , 0 , -0.7368454
2025-12-05 18:44:36.0578 (StateSyncRequestHandler.cs:17) 玩家ID:482736422909116417 移动方向: -0.19623494 , 0 , 0.9805569
2025-12-05 18:44:36.0578 (StateSyncRequestHandler.cs:17) 玩家ID:482736422909116417 移动到新位置: -4.319394 , 0 , -0.44267833
2025-12-05 18:44:36.1551 (StateSyncRequestHandler.cs:17) 玩家ID:482736422909116417 移动方向: -0.21731009 , 0 , 0.9761026
2025-12-05 18:44:36.1551 (StateSyncRequestHandler.cs:17) 玩家ID:482736422909116417 移动到新位置: -4.3845873 , 0 , -0.14984754
2025-12-05 18:44:36.2642 (StateSyncRequestHandler.cs:17) 玩家ID:482736422909116417 移动方向: -0.22763796 , 0 , 0.9737458
2025-12-05 18:44:36.2642 (StateSyncRequestHandler.cs:17) 玩家ID:482736422909116417 移动到新位置: -4.4528785 , 0 , 0.1422762
2025-12-05 18:44:36.3610 (StateSyncRequestHandler.cs:17) 玩家ID:482736422909116417 移动方向: -0.23139355 , 0 , 0.9728602
2025-12-05 18:44:36.3610 (StateSyncRequestHandler.cs:17) 玩家ID:482736422909116417 移动到新位置: -4.5222964 , 0 , 0.43413427
2025-12-05 18:44:36.4550 (StateSyncRequestHandler.cs:17) 玩家ID:482736422909116417 移动方向: -0.25262648 , 0 , 0.96756387
2025-12-05 18:44:36.4550 (StateSyncRequestHandler.cs:17) 玩家ID:482736422909116417 移动到新位置: -4.5980844 , 0 , 0.72440344
2025-12-05 18:44:36.5579 (StateSyncRequestHandler.cs:17) 玩家ID:482736422909116417 移动方向: -0.3530372 , 0 , 0.9356093
2025-12-05 18:44:36.5579 (StateSyncRequestHandler.cs:17) 玩家ID:482736422909116417 移动到新位置: -4.7039957 , 0 , 1.0050862
2025-12-05 18:44:36.6646 (StateSyncRequestHandler.cs:17) 玩家ID:482736422909116417 移动方向: -0.42888495 , 0 , 0.9033591
2025-12-05 18:44:36.6646 (StateSyncRequestHandler.cs:17) 玩家ID:482736422909116417 移动到新位置: -4.832661 , 0 , 1.276094
2025-12-05 18:44:36.7603 (StateSyncRequestHandler.cs:17) 玩家ID:482736422909116417 移动方向: -0.46021846 , 0 , 0.88780576
2025-12-05 18:44:36.7603 (StateSyncRequestHandler.cs:17) 玩家ID:482736422909116417 移动到新位置: -4.9707265 , 0 , 1.5424356
2025-12-05 18:44:36.8636 (StateSyncRequestHandler.cs:17) 玩家ID:482736422909116417 移动方向: -0.47225422 , 0 , 0.8814624
2025-12-05 18:44:36.8636 (StateSyncRequestHandler.cs:17) 玩家ID:482736422909116417 移动到新位置: -5.112403 , 0 , 1.8068744
2025-12-05 18:44:36.9658 (StateSyncRequestHandler.cs:17) 玩家ID:482736422909116417 移动方向: -0.4763744 , 0 , 0.87924254
2025-12-05 18:44:36.9658 (StateSyncRequestHandler.cs:17) 玩家ID:482736422909116417 移动到新位置: -5.2553153 , 0 , 2.0706472
2025-12-05 18:44:37.0646 (StateSyncRequestHandler.cs:17) 玩家ID:482736422909116417 移动方向: -0.47773013 , 0 , 0.87850666
2025-12-05 18:44:37.0646 (StateSyncRequestHandler.cs:17) 玩家ID:482736422909116417 移动到新位置: -5.3986344 , 0 , 2.3341992
2025-12-05 18:44:37.1524 (StateSyncRequestHandler.cs:17) 玩家ID:482736422909116417 移动方向: -0.4781075 , 0 , 0.8783014
2025-12-05 18:44:37.1524 (StateSyncRequestHandler.cs:17) 玩家ID:482736422909116417 移动到新位置: -5.5420666 , 0 , 2.5976896
2025-12-05 18:44:37.2649 (StateSyncRequestHandler.cs:17) 玩家ID:482736422909116417 移动方向: -0.47823653 , 0 , 0.87823105
2025-12-05 18:44:37.2649 (StateSyncRequestHandler.cs:17) 玩家ID:482736422909116417 移动到新位置: -5.6855373 , 0 , 2.8611588
2025-12-05 18:44:37.3528 (StateSyncRequestHandler.cs:17) 玩家ID:482736422909116417 移动方向: -0.47027087 , 0 , 0.88252217
2025-12-05 18:44:37.3528 (StateSyncRequestHandler.cs:17) 玩家ID:482736422909116417 移动到新位置: -5.8266187 , 0 , 3.1259155
2025-12-05 18:44:37.4535 (StateSyncRequestHandler.cs:17) 玩家ID:482736422909116417 移动方向: -0.19722891 , 0 , 0.98035747
2025-12-05 18:44:37.4535 (StateSyncRequestHandler.cs:17) 玩家ID:482736422909116417 移动到新位置: -5.8857875 , 0 , 3.4200227
2025-12-05 18:44:37.5625 (StateSyncRequestHandler.cs:17) 玩家ID:482736422909116417 移动方向: 0.41937706 , 0 , 0.9078122
2025-12-05 18:44:37.5625 (StateSyncRequestHandler.cs:17) 玩家ID:482736422909116417 移动到新位置: -5.7599745 , 0 , 3.6923664
2025-12-05 18:44:37.6640 (StateSyncRequestHandler.cs:17) 玩家ID:482736422909116417 移动方向: 0.76948595 , 0 , 0.6386638
2025-12-05 18:44:37.6640 (StateSyncRequestHandler.cs:17) 玩家ID:482736422909116417 移动到新位置: -5.5291286 , 0 , 3.8839655
2025-12-05 18:44:37.7587 (StateSyncRequestHandler.cs:17) 玩家ID:482736422909116417 移动方向: 0.86959475 , 0 , 0.49376607
2025-12-05 18:44:37.7587 (StateSyncRequestHandler.cs:17) 玩家ID:482736422909116417 移动到新位置: -5.26825 , 0 , 4.0320954
2025-12-05 18:44:37.8540 (StateSyncRequestHandler.cs:17) 玩家ID:482736422909116417 移动方向: 0.91154003 , 0 , 0.4112113
2025-12-05 18:44:37.8540 (StateSyncRequestHandler.cs:17) 玩家ID:482736422909116417 移动到新位置: -4.994788 , 0 , 4.155459
2025-12-05 18:44:37.9559 (StateSyncRequestHandler.cs:17) 玩家ID:482736422909116417 移动方向: 0.93787676 , 0 , 0.34696856
2025-12-05 18:44:37.9559 (StateSyncRequestHandler.cs:17) 玩家ID:482736422909116417 移动到新位置: -4.713425 , 0 , 4.2595496
2025-12-05 18:44:38.0583 (StateSyncRequestHandler.cs:17) 玩家ID:482736422909116417 移动方向: 0.9496351 , 0 , 0.3133578
2025-12-05 18:44:38.0583 (StateSyncRequestHandler.cs:17) 玩家ID:482736422909116417 移动到新位置: -4.4285345 , 0 , 4.353557
2025-12-05 18:44:38.1544 (StateSyncRequestHandler.cs:17) 玩家ID:482736422909116417 移动方向: 0.953795 , 0 , 0.30045822
2025-12-05 18:44:38.1544 (StateSyncRequestHandler.cs:17) 玩家ID:482736422909116417 移动到新位置: -4.142396 , 0 , 4.4436946
2025-12-05 18:44:38.2557 (StateSyncRequestHandler.cs:17) 玩家ID:482736422909116417 移动方向: 0.95514625 , 0 , 0.2961344
2025-12-05 18:44:38.2557 (StateSyncRequestHandler.cs:17) 玩家ID:482736422909116417 移动到新位置: -3.8558521 , 0 , 4.532535
2025-12-05 18:44:38.3540 (StateSyncRequestHandler.cs:17) 玩家ID:482736422909116417 移动方向: 0.9555779 , 0 , 0.29473862
2025-12-05 18:44:38.3540 (StateSyncRequestHandler.cs:17) 玩家ID:482736422909116417 移动到新位置: -3.5691788 , 0 , 4.6209564
2025-12-05 18:44:38.4561 (StateSyncRequestHandler.cs:17) 玩家ID:482736422909116417 移动方向: 0.95574063 , 0 , 0.29421055
2025-12-05 18:44:38.4561 (StateSyncRequestHandler.cs:17) 玩家ID:482736422909116417 移动到新位置: -3.2824566 , 0 , 4.7092195
2025-12-05 18:44:38.5593 (StateSyncRequestHandler.cs:17) 玩家ID:482736422909116417 移动方向: 0.9557819 , 0 , 0.29407656
2025-12-05 18:44:38.5593 (StateSyncRequestHandler.cs:17) 玩家ID:482736422909116417 移动到新位置: -2.995722 , 0 , 4.7974424
2025-12-05 18:44:38.6589 (StateSyncRequestHandler.cs:17) 玩家ID:482736422909116417 移动方向: 0.95579445 , 0 , 0.29403552
2025-12-05 18:44:38.6589 (StateSyncRequestHandler.cs:17) 玩家ID:482736422909116417 移动到新位置: -2.7089837 , 0 , 4.885653
2025-12-05 18:44:38.7637 (StateSyncRequestHandler.cs:17) 玩家ID:482736422909116417 移动方向: 0.95579827 , 0 , 0.29402333
2025-12-05 18:44:38.7637 (StateSyncRequestHandler.cs:17) 玩家ID:482736422909116417 移动到新位置: -2.422244 , 0 , 4.97386
2025-12-05 18:44:38.8541 (StateSyncRequestHandler.cs:17) 玩家ID:482736422909116417 移动方向: 0.9557994 , 0 , 0.29401964
2025-12-05 18:44:38.8541 (StateSyncRequestHandler.cs:17) 玩家ID:482736422909116417 移动到新位置: -2.1355042 , 0 , 5.0620656
2025-12-05 18:44:38.9566 (StateSyncRequestHandler.cs:17) 玩家ID:482736422909116417 移动方向: 0.9557994 , 0 , 0.29401967
2025-12-05 18:44:38.9566 (StateSyncRequestHandler.cs:17) 玩家ID:482736422909116417 移动到新位置: -1.8487644 , 0 , 5.1502714
2025-12-05 18:44:39.0660 (StateSyncRequestHandler.cs:17) 玩家ID:482736422909116417 移动方向: 0.9557994 , 0 , 0.29401967
2025-12-05 18:44:39.0660 (StateSyncRequestHandler.cs:17) 玩家ID:482736422909116417 移动到新位置: -1.5620246 , 0 , 5.238477
2025-12-05 18:44:39.1672 (StateSyncRequestHandler.cs:17) 玩家ID:482736422909116417 移动方向: 0.9557994 , 0 , 0.29401967
2025-12-05 18:44:39.1672 (StateSyncRequestHandler.cs:17) 玩家ID:482736422909116417 移动到新位置: -1.2752848 , 0 , 5.326683
2025-12-05 18:44:39.2564 (StateSyncRequestHandler.cs:17) 玩家ID:482736422909116417 移动方向: 0.959886 , 0 , 0.28039038
2025-12-05 18:44:39.2564 (StateSyncRequestHandler.cs:17) 玩家ID:482736422909116417 移动到新位置: -0.987319 , 0 , 5.4108
2025-12-05 18:44:39.3653 (StateSyncRequestHandler.cs:17) 玩家ID:482736422909116417 移动方向: 0.99965036 , 0 , 0.026441325
2025-12-05 18:44:39.3653 (StateSyncRequestHandler.cs:17) 玩家ID:482736422909116417 移动到新位置: -0.6874239 , 0 , 5.418732
2025-12-05 18:44:39.4569 (StateSyncRequestHandler.cs:17) 玩家ID:482736422909116417 移动方向: 0.90294623 , 0 , -0.42975363
2025-12-05 18:44:39.4569 (StateSyncRequestHandler.cs:17) 玩家ID:482736422909116417 移动到新位置: -0.41654003 , 0 , 5.289806
2025-12-05 18:44:39.5565 (StateSyncRequestHandler.cs:17) 玩家ID:482736422909116417 移动方向: 0.76534194 , 0 , -0.6436239
2025-12-05 18:44:39.5565 (StateSyncRequestHandler.cs:17) 玩家ID:482736422909116417 移动到新位置: -0.18693745 , 0 , 5.096719
2025-12-05 18:44:39.6525 (StateSyncRequestHandler.cs:17) 玩家ID:482736422909116417 移动方向: 0.6966488 , 0 , -0.7174124
2025-12-05 18:44:39.6525 (StateSyncRequestHandler.cs:17) 玩家ID:482736422909116417 移动到新位置: 0.022057176 , 0 , 4.881495
2025-12-05 18:44:39.7646 (StateSyncRequestHandler.cs:17) 玩家ID:482736422909116417 移动方向: 0.6652602 , 0 , -0.7466116
2025-12-05 18:44:39.7646 (StateSyncRequestHandler.cs:17) 玩家ID:482736422909116417 移动到新位置: 0.22163524 , 0 , 4.6575117
2025-12-05 18:44:39.8632 (StateSyncRequestHandler.cs:17) 玩家ID:482736422909116417 移动方向: 0.6566035 , 0 , -0.754236
2025-12-05 18:44:39.8632 (StateSyncRequestHandler.cs:17) 玩家ID:482736422909116417 移动到新位置: 0.4186163 , 0 , 4.431241
2025-12-05 18:44:39.9535 (StateSyncRequestHandler.cs:17) 玩家ID:482736422909116417 移动方向: 0.65379876 , 0 , -0.7566685
2025-12-05 18:44:39.9535 (StateSyncRequestHandler.cs:17) 玩家ID:482736422909116417 移动到新位置: 0.6147559 , 0 , 4.2042403
2025-12-05 18:44:40.0594 (StateSyncRequestHandler.cs:17) 玩家ID:482736422909116417 移动方向: 0.652785 , 0 , -0.7575432
2025-12-05 18:44:40.0594 (StateSyncRequestHandler.cs:17) 玩家ID:482736422909116417 移动到新位置: 0.81059146 , 0 , 3.9769773
2025-12-05 18:44:40.1547 (StateSyncRequestHandler.cs:17) 玩家ID:482736422909116417 移动方向: 0.6525329 , 0 , -0.75776047
2025-12-05 18:44:40.1547 (StateSyncRequestHandler.cs:17) 玩家ID:482736422909116417 移动到新位置: 1.0063514 , 0 , 3.7496493
2025-12-05 18:44:40.2547 (StateSyncRequestHandler.cs:17) 玩家ID:482736422909116417 移动方向: 0.99721956 , 0 , -0.07451928
2025-12-05 18:44:40.2553 (StateSyncRequestHandler.cs:17) 玩家ID:482736422909116417 移动到新位置: 1.3055172 , 0 , 3.7272935
2025-12-05 18:44:40.3599 (StateSyncRequestHandler.cs:17) 玩家ID:482736422909116417 移动方向: 0.99721694 , 0 , -0.0745537
2025-12-05 18:44:40.3599 (StateSyncRequestHandler.cs:17) 玩家ID:482736422909116417 移动到新位置: 1.6046822 , 0 , 3.7049274
2025-12-05 18:44:40.4562 (StateSyncRequestHandler.cs:17) 玩家ID:482736422909116417 移动方向: 0.75786185 , 0 , 0.652415
2025-12-05 18:44:40.4562 (StateSyncRequestHandler.cs:17) 玩家ID:482736422909116417 移动到新位置: 1.8320408 , 0 , 3.900652
2025-12-05 18:44:40.5570 (StateSyncRequestHandler.cs:17) 玩家ID:482736422909116417 移动方向: 0.7578631 , 0 , 0.65241367
2025-12-05 18:44:40.5570 (StateSyncRequestHandler.cs:17) 玩家ID:482736422909116417 移动到新位置: 2.0593996 , 0 , 4.096376
2025-12-05 18:44:40.6660 (StateSyncRequestHandler.cs:17) 玩家ID:482736422909116417 移动方向: 0.7578631 , 0 , 0.65241367
2025-12-05 18:44:40.6660 (StateSyncRequestHandler.cs:17) 玩家ID:482736422909116417 移动到新位置: 2.2867584 , 0 , 4.2921
2025-12-05 18:44:40.7661 (StateSyncRequestHandler.cs:17) 玩家ID:482736422909116417 移动方向: 0.7578631 , 0 , 0.65241367
2025-12-05 18:44:40.7661 (StateSyncRequestHandler.cs:17) 玩家ID:482736422909116417 移动到新位置: 2.5141172 , 0 , 4.487824
2025-12-05 18:44:40.8619 (StateSyncRequestHandler.cs:17) 玩家ID:482736422909116417 移动方向: 0.7578631 , 0 , 0.65241367
2025-12-05 18:44:40.8619 (StateSyncRequestHandler.cs:17) 玩家ID:482736422909116417 移动到新位置: 2.741476 , 0 , 4.683548
2025-12-05 18:44:40.9620 (StateSyncRequestHandler.cs:17) 玩家ID:482736422909116417 移动方向: 0.7578631 , 0 , 0.65241367
2025-12-05 18:44:40.9620 (StateSyncRequestHandler.cs:17) 玩家ID:482736422909116417 移动到新位置: 2.9688349 , 0 , 4.879272
2025-12-05 18:44:41.0661 (StateSyncRequestHandler.cs:17) 玩家ID:482736422909116417 移动方向: 0.7578631 , 0 , 0.65241367
2025-12-05 18:44:41.0661 (StateSyncRequestHandler.cs:17) 玩家ID:482736422909116417 移动到新位置: 3.1961937 , 0 , 5.074996
2025-12-05 18:44:41.1590 (StateSyncRequestHandler.cs:17) 玩家ID:482736422909116417 移动方向: 0.7578631 , 0 , 0.65241367
2025-12-05 18:44:41.1590 (StateSyncRequestHandler.cs:17) 玩家ID:482736422909116417 移动到新位置: 3.4235525 , 0 , 5.27072
2025-12-05 18:44:41.2654 (StateSyncRequestHandler.cs:17) 玩家ID:482736422909116417 移动方向: 0.7578631 , 0 , 0.65241367
2025-12-05 18:44:41.2654 (StateSyncRequestHandler.cs:17) 玩家ID:482736422909116417 移动到新位置: 3.6509113 , 0 , 5.466444
2025-12-05 18:44:41.3578 (StateSyncRequestHandler.cs:17) 玩家ID:482736422909116417 移动方向: 0.7578631 , 0 , 0.65241367
2025-12-05 18:44:41.3578 (StateSyncRequestHandler.cs:17) 玩家ID:482736422909116417 移动到新位置: 3.8782701 , 0 , 5.662168
2025-12-05 18:44:41.4624 (StateSyncRequestHandler.cs:17) 玩家ID:482736422909116417 移动方向: 0.7686966 , 0 , 0.6396135
2025-12-05 18:44:41.4624 (StateSyncRequestHandler.cs:17) 玩家ID:482736422909116417 移动到新位置: 4.108879 , 0 , 5.854052
2025-12-05 18:44:41.5595 (StateSyncRequestHandler.cs:17) 玩家ID:482736422909116417 移动方向: 0.8693831 , 0 , 0.49413857
2025-12-05 18:44:41.5595 (StateSyncRequestHandler.cs:17) 玩家ID:482736422909116417 移动到新位置: 4.369694 , 0 , 6.0022936
2025-12-05 18:44:41.6578 (StateSyncRequestHandler.cs:17) 玩家ID:482736422909116417 移动方向: 0.9468537 , 0 , 0.3216646
2025-12-05 18:44:41.6578 (StateSyncRequestHandler.cs:17) 玩家ID:482736422909116417 移动到新位置: 4.6537504 , 0 , 6.098793
2025-12-05 18:44:41.7641 (StateSyncRequestHandler.cs:17) 玩家ID:482736422909116417 移动方向: 0.9705117 , 0 , 0.24105427
2025-12-05 18:44:41.7641 (StateSyncRequestHandler.cs:17) 玩家ID:482736422909116417 移动到新位置: 4.944904 , 0 , 6.171109
2025-12-05 18:44:41.8615 (StateSyncRequestHandler.cs:17) 玩家ID:482736422909116417 移动方向: 0.9777217 , 0 , 0.2099054
2025-12-05 18:44:41.8615 (StateSyncRequestHandler.cs:17) 玩家ID:482736422909116417 移动到新位置: 5.23822 , 0 , 6.234081
2025-12-05 18:44:41.9526 (StateSyncRequestHandler.cs:17) 玩家ID:482736422909116417 移动方向: 0.8325735 , 0 , -0.5539146
2025-12-05 18:44:41.9526 (StateSyncRequestHandler.cs:17) 玩家ID:482736422909116417 移动到新位置: 5.4879923 , 0 , 6.0679064
2025-12-05 18:44:42.0583 (StateSyncRequestHandler.cs:17) 玩家ID:482736422909116417 移动方向: 0.8302147 , 0 , -0.55744374
2025-12-05 18:44:42.0583 (StateSyncRequestHandler.cs:17) 玩家ID:482736422909116417 移动到新位置: 5.7370567 , 0 , 5.9006734
2025-12-05 18:44:42.1540 (StateSyncRequestHandler.cs:17) 玩家ID:482736422909116417 移动方向: 0.8295714 , 0 , -0.5584005
2025-12-05 18:44:42.1540 (StateSyncRequestHandler.cs:17) 玩家ID:482736422909116417 移动到新位置: 5.985928 , 0 , 5.7331533
2025-12-05 18:44:42.2642 (StateSyncRequestHandler.cs:17) 玩家ID:482736422909116417 移动方向: 0.7939943 , 0 , -0.60792524
2025-12-05 18:44:42.2642 (StateSyncRequestHandler.cs:17) 玩家ID:482736422909116417 移动到新位置: 6.2241263 , 0 , 5.5507755
2025-12-05 18:44:42.3653 (StateSyncRequestHandler.cs:17) 玩家ID:482736422909116417 移动方向: -0.1015512 , 0 , -0.9948303
2025-12-05 18:44:42.3653 (StateSyncRequestHandler.cs:17) 玩家ID:482736422909116417 移动到新位置: 6.193661 , 0 , 5.2523265
2025-12-05 18:44:42.4572 (StateSyncRequestHandler.cs:17) 玩家ID:482736422909116417 移动方向: -0.2459659 , 0 , -0.96927845
2025-12-05 18:44:42.4572 (StateSyncRequestHandler.cs:17) 玩家ID:482736422909116417 移动到新位置: 6.1198716 , 0 , 4.961543
2025-12-05 18:44:42.5596 (StateSyncRequestHandler.cs:17) 玩家ID:482736422909116417 移动方向: -0.30329573 , 0 , -0.9528965
2025-12-05 18:44:42.5596 (StateSyncRequestHandler.cs:17) 玩家ID:482736422909116417 移动到新位置: 6.028883 , 0 , 4.675674
2025-12-05 18:44:42.6549 (StateSyncRequestHandler.cs:17) 玩家ID:482736422909116417 移动方向: 0.27646685 , 0 , -0.96102345
2025-12-05 18:44:42.6549 (StateSyncRequestHandler.cs:17) 玩家ID:482736422909116417 移动到新位置: 6.111823 , 0 , 4.387367
2025-12-05 18:44:42.7546 (StateSyncRequestHandler.cs:17) 玩家ID:482736422909116417 移动方向: 0.53068006 , 0 , -0.84757215
2025-12-05 18:44:42.7546 (StateSyncRequestHandler.cs:17) 玩家ID:482736422909116417 移动到新位置: 6.271027 , 0 , 4.1330953
2025-12-05 18:44:42.8629 (StateSyncRequestHandler.cs:17) 玩家ID:482736422909116417 移动方向: 0.16993463 , 0 , -0.98545533
2025-12-05 18:44:42.8629 (StateSyncRequestHandler.cs:17) 玩家ID:482736422909116417 移动到新位置: 6.3220077 , 0 , 3.8374586
2025-12-05 18:44:42.9599 (StateSyncRequestHandler.cs:17) 玩家ID:482736422909116417 移动方向: 0.0029595261 , 0 , -0.99999565
2025-12-05 18:44:42.9599 (StateSyncRequestHandler.cs:17) 玩家ID:482736422909116417 移动到新位置: 6.3228955 , 0 , 3.5374599
2025-12-05 18:44:43.0605 (StateSyncRequestHandler.cs:17) 玩家ID:482736422909116417 移动方向: -0.077438585 , 0 , -0.9969972
2025-12-05 18:44:43.0605 (StateSyncRequestHandler.cs:17) 玩家ID:482736422909116417 移动到新位置: 6.299664 , 0 , 3.2383606
2025-12-05 18:44:43.1570 (StateSyncRequestHandler.cs:17) 玩家ID:482736422909116417 移动方向: -0.10916051 , 0 , -0.99402416
2025-12-05 18:44:43.1570 (StateSyncRequestHandler.cs:17) 玩家ID:482736422909116417 移动到新位置: 6.266916 , 0 , 2.9401534
2025-12-05 18:44:43.2557 (StateSyncRequestHandler.cs:17) 玩家ID:482736422909116417 移动方向: -0.12008669 , 0 , -0.9927634
2025-12-05 18:44:43.2557 (StateSyncRequestHandler.cs:17) 玩家ID:482736422909116417 移动到新位置: 6.23089 , 0 , 2.6423244
2025-12-05 18:44:43.3550 (StateSyncRequestHandler.cs:17) 玩家ID:482736422909116417 移动方向: -0.12379426 , 0 , -0.9923079
2025-12-05 18:44:43.3550 (StateSyncRequestHandler.cs:17) 玩家ID:482736422909116417 移动到新位置: 6.1937513 , 0 , 2.3446321
2025-12-05 18:44:43.4582 (StateSyncRequestHandler.cs:17) 玩家ID:482736422909116417 移动方向: -0.12485983 , 0 , -0.9921744
2025-12-05 18:44:43.4582 (StateSyncRequestHandler.cs:17) 玩家ID:482736422909116417 移动到新位置: 6.1562934 , 0 , 2.04698
2025-12-05 18:44:43.5567 (StateSyncRequestHandler.cs:17) 玩家ID:482736422909116417 移动方向: -0.125209 , 0 , -0.9921304
2025-12-05 18:44:43.5567 (StateSyncRequestHandler.cs:17) 玩家ID:482736422909116417 移动到新位置: 6.1187305 , 0 , 1.7493408
2025-12-05 18:44:43.6583 (StateSyncRequestHandler.cs:17) 玩家ID:482736422909116417 移动方向: -0.12530829 , 0 , -0.9921179
2025-12-05 18:44:43.6583 (StateSyncRequestHandler.cs:17) 玩家ID:482736422909116417 移动到新位置: 6.081138 , 0 , 1.4517055
2025-12-05 18:44:43.7624 (StateSyncRequestHandler.cs:17) 玩家ID:482736422909116417 移动方向: -0.12533854 , 0 , -0.992114
2025-12-05 18:44:43.7624 (StateSyncRequestHandler.cs:17) 玩家ID:482736422909116417 移动到新位置: 6.0435367 , 0 , 1.1540712
2025-12-05 18:44:43.8539 (StateSyncRequestHandler.cs:17) 玩家ID:482736422909116417 移动方向: -0.12534809 , 0 , -0.9921129
2025-12-05 18:44:43.8539 (StateSyncRequestHandler.cs:17) 玩家ID:482736422909116417 移动到新位置: 6.0059323 , 0 , 0.8564373
2025-12-05 18:44:43.9546 (StateSyncRequestHandler.cs:17) 玩家ID:482736422909116417 移动方向: -0.1253481 , 0 , -0.9921128
2025-12-05 18:44:43.9546 (StateSyncRequestHandler.cs:17) 玩家ID:482736422909116417 移动到新位置: 5.968328 , 0 , 0.5588035
2025-12-05 18:44:44.0624 (StateSyncRequestHandler.cs:17) 玩家ID:482736422909116417 移动方向: -0.1253481 , 0 , -0.9921128
2025-12-05 18:44:44.0624 (StateSyncRequestHandler.cs:17) 玩家ID:482736422909116417 移动到新位置: 5.9307237 , 0 , 0.26116967
2025-12-05 18:44:44.1539 (StateSyncRequestHandler.cs:17) 玩家ID:482736422909116417 移动方向: -0.1253481 , 0 , -0.9921128
2025-12-05 18:44:44.1539 (StateSyncRequestHandler.cs:17) 玩家ID:482736422909116417 移动到新位置: 5.8931193 , 0 , -0.036464155
2025-12-05 18:44:44.2543 (StateSyncRequestHandler.cs:17) 玩家ID:482736422909116417 移动方向: -0.1253481 , 0 , -0.9921128
2025-12-05 18:44:44.2543 (StateSyncRequestHandler.cs:17) 玩家ID:482736422909116417 移动到新位置: 5.855515 , 0 , -0.33409798
2025-12-05 18:44:44.3628 (StateSyncRequestHandler.cs:17) 玩家ID:482736422909116417 移动方向: -0.1253481 , 0 , -0.9921128
2025-12-05 18:44:44.3628 (StateSyncRequestHandler.cs:17) 玩家ID:482736422909116417 移动到新位置: 5.8179107 , 0 , -0.6317318
2025-12-05 18:44:44.4549 (StateSyncRequestHandler.cs:17) 玩家ID:482736422909116417 移动方向: -0.1253481 , 0 , -0.9921128
2025-12-05 18:44:44.4549 (StateSyncRequestHandler.cs:17) 玩家ID:482736422909116417 移动到新位置: 5.7803063 , 0 , -0.92936563
2025-12-05 18:44:44.5604 (StateSyncRequestHandler.cs:17) 玩家ID:482736422909116417 移动方向: -0.1253481 , 0 , -0.9921128
2025-12-05 18:44:44.5604 (StateSyncRequestHandler.cs:17) 玩家ID:482736422909116417 移动到新位置: 5.742702 , 0 , -1.2269995
2025-12-05 18:44:44.6659 (StateSyncRequestHandler.cs:17) 玩家ID:482736422909116417 移动方向: -0.1253481 , 0 , -0.9921128
2025-12-05 18:44:44.6659 (StateSyncRequestHandler.cs:17) 玩家ID:482736422909116417 移动到新位置: 5.7050977 , 0 , -1.5246334
2025-12-05 18:44:44.7625 (StateSyncRequestHandler.cs:17) 玩家ID:482736422909116417 移动方向: -0.1253481 , 0 , -0.9921128
2025-12-05 18:44:44.7625 (StateSyncRequestHandler.cs:17) 玩家ID:482736422909116417 移动到新位置: 5.6674933 , 0 , -1.8222673
2025-12-05 18:44:44.8605 (StateSyncRequestHandler.cs:17) 玩家ID:482736422909116417 移动方向: -0.1253481 , 0 , -0.9921128
2025-12-05 18:44:44.8605 (StateSyncRequestHandler.cs:17) 玩家ID:482736422909116417 移动到新位置: 5.629889 , 0 , -2.1199012
2025-12-05 18:44:44.9549 (StateSyncRequestHandler.cs:17) 玩家ID:482736422909116417 移动方向: -0.1253481 , 0 , -0.9921128
2025-12-05 18:44:44.9549 (StateSyncRequestHandler.cs:17) 玩家ID:482736422909116417 移动到新位置: 5.5922847 , 0 , -2.417535
2025-12-05 18:44:45.0552 (StateSyncRequestHandler.cs:17) 玩家ID:482736422909116417 移动方向: -0.1253481 , 0 , -0.9921128
2025-12-05 18:44:45.0552 (StateSyncRequestHandler.cs:17) 玩家ID:482736422909116417 移动到新位置: 5.5546803 , 0 , -2.715169
2025-12-05 18:44:45.1582 (StateSyncRequestHandler.cs:17) 玩家ID:482736422909116417 移动方向: -0.1253481 , 0 , -0.9921128
2025-12-05 18:44:45.1582 (StateSyncRequestHandler.cs:17) 玩家ID:482736422909116417 移动到新位置: 5.517076 , 0 , -3.0128028
2025-12-05 18:44:45.2525 (StateSyncRequestHandler.cs:17) 玩家ID:482736422909116417 移动方向: -0.1253481 , 0 , -0.9921128
2025-12-05 18:44:45.2525 (StateSyncRequestHandler.cs:17) 玩家ID:482736422909116417 移动到新位置: 5.4794717 , 0 , -3.3104367
2025-12-05 18:44:45.3532 (StateSyncRequestHandler.cs:17) 玩家ID:482736422909116417 移动方向: -0.1253481 , 0 , -0.9921128
2025-12-05 18:44:45.3532 (StateSyncRequestHandler.cs:17) 玩家ID:482736422909116417 移动到新位置: 5.4418674 , 0 , -3.6080706
2025-12-05 18:44:45.4539 (StateSyncRequestHandler.cs:17) 玩家ID:482736422909116417 移动方向: -0.1253481 , 0 , -0.9921128
2025-12-05 18:44:45.4539 (StateSyncRequestHandler.cs:17) 玩家ID:482736422909116417 移动到新位置: 5.404263 , 0 , -3.9057045
2025-12-05 18:44:45.5615 (StateSyncRequestHandler.cs:17) 玩家ID:482736422909116417 移动方向: -0.1253481 , 0 , -0.9921128
2025-12-05 18:44:45.5615 (StateSyncRequestHandler.cs:17) 玩家ID:482736422909116417 移动到新位置: 5.3666587 , 0 , -4.203338
2025-12-05 18:44:45.6522 (StateSyncRequestHandler.cs:17) 玩家ID:482736422909116417 移动方向: -0.1253481 , 0 , -0.9921128
2025-12-05 18:44:45.6522 (StateSyncRequestHandler.cs:17) 玩家ID:482736422909116417 移动到新位置: 5.3290544 , 0 , -4.500972
2025-12-05 18:44:45.7551 (StateSyncRequestHandler.cs:17) 玩家ID:482736422909116417 移动方向: -0.9921128 , 0 , 0.1253481
2025-12-05 18:44:45.7551 (StateSyncRequestHandler.cs:17) 玩家ID:482736422909116417 移动到新位置: 5.0314207 , 0 , -4.4633675
2025-12-05 18:44:45.8553 (StateSyncRequestHandler.cs:17) 玩家ID:482736422909116417 移动方向: -0.9921128 , 0 , 0.1253481
2025-12-05 18:44:45.8553 (StateSyncRequestHandler.cs:17) 玩家ID:482736422909116417 移动到新位置: 4.733787 , 0 , -4.425763
2025-12-05 18:44:45.9587 (StateSyncRequestHandler.cs:17) 玩家ID:482736422909116417 移动方向: -0.9921128 , 0 , 0.1253481
2025-12-05 18:44:45.9587 (StateSyncRequestHandler.cs:17) 玩家ID:482736422909116417 移动到新位置: 4.4361534 , 0 , -4.388159
2025-12-05 18:44:46.0603 (StateSyncRequestHandler.cs:17) 玩家ID:482736422909116417 移动方向: -0.9921128 , 0 , 0.1253481
2025-12-05 18:44:46.0603 (StateSyncRequestHandler.cs:17) 玩家ID:482736422909116417 移动到新位置: 4.13852 , 0 , -4.3505545
2025-12-05 18:44:46.1546 (StateSyncRequestHandler.cs:17) 玩家ID:482736422909116417 移动方向: -0.9921128 , 0 , 0.1253481
2025-12-05 18:44:46.1546 (StateSyncRequestHandler.cs:17) 玩家ID:482736422909116417 移动到新位置: 3.8408859 , 0 , -4.31295
2025-12-05 18:44:46.2624 (StateSyncRequestHandler.cs:17) 玩家ID:482736422909116417 移动方向: -0.9921128 , 0 , 0.1253481
2025-12-05 18:44:46.2624 (StateSyncRequestHandler.cs:17) 玩家ID:482736422909116417 移动到新位置: 3.543252 , 0 , -4.275346
2025-12-05 18:44:46.3556 (StateSyncRequestHandler.cs:17) 玩家ID:482736422909116417 移动方向: -0.9921128 , 0 , 0.1253481
2025-12-05 18:44:46.3556 (StateSyncRequestHandler.cs:17) 玩家ID:482736422909116417 移动到新位置: 3.245618 , 0 , -4.2377415
2025-12-05 18:44:46.4618 (StateSyncRequestHandler.cs:17) 玩家ID:482736422909116417 移动方向: -0.9921128 , 0 , 0.1253481
2025-12-05 18:44:46.4618 (StateSyncRequestHandler.cs:17) 玩家ID:482736422909116417 移动到新位置: 2.9479842 , 0 , -4.200137
2025-12-05 18:44:46.5622 (StateSyncRequestHandler.cs:17) 玩家ID:482736422909116417 移动方向: -0.9921128 , 0 , 0.1253481
2025-12-05 18:44:46.5622 (StateSyncRequestHandler.cs:17) 玩家ID:482736422909116417 移动到新位置: 2.6503503 , 0 , -4.162533
2025-12-05 18:44:46.6541 (StateSyncRequestHandler.cs:17) 玩家ID:482736422909116417 移动方向: -0.9921128 , 0 , 0.1253481
2025-12-05 18:44:46.6541 (StateSyncRequestHandler.cs:17) 玩家ID:482736422909116417 移动到新位置: 2.3527164 , 0 , -4.1249285
2025-12-05 18:44:46.7541 (StateSyncRequestHandler.cs:17) 玩家ID:482736422909116417 移动方向: -0.9921128 , 0 , 0.1253481
2025-12-05 18:44:46.7541 (StateSyncRequestHandler.cs:17) 玩家ID:482736422909116417 移动到新位置: 2.0550826 , 0 , -4.087324
2025-12-05 18:44:46.8619 (StateSyncRequestHandler.cs:17) 玩家ID:482736422909116417 移动方向: -0.9921128 , 0 , 0.1253481
2025-12-05 18:44:46.8619 (StateSyncRequestHandler.cs:17) 玩家ID:482736422909116417 移动到新位置: 1.7574487 , 0 , -4.04972
2025-12-05 18:44:46.9581 (StateSyncRequestHandler.cs:17) 玩家ID:482736422909116417 移动方向: -0.9921128 , 0 , 0.1253481
2025-12-05 18:44:46.9581 (StateSyncRequestHandler.cs:17) 玩家ID:482736422909116417 移动到新位置: 1.4598148 , 0 , -4.0121155
2025-12-05 18:44:47.0548 (StateSyncRequestHandler.cs:17) 玩家ID:482736422909116417 移动方向: -0.99747103 , 0 , 0.07107419
2025-12-05 18:44:47.0548 (StateSyncRequestHandler.cs:17) 玩家ID:482736422909116417 移动到新位置: 1.1605735 , 0 , -3.9907932
2025-12-05 18:44:47.1558 (StateSyncRequestHandler.cs:17) 玩家ID:482736422909116417 移动方向: -0.9993568 , 0 , -0.035861272
2025-12-05 18:44:47.1558 (StateSyncRequestHandler.cs:17) 玩家ID:482736422909116417 移动到新位置: 0.8607664 , 0 , -4.0015516
2025-12-05 18:44:47.2572 (StateSyncRequestHandler.cs:17) 玩家ID:482736422909116417 移动方向: -0.99530107 , 0 , -0.096828476
2025-12-05 18:44:47.2572 (StateSyncRequestHandler.cs:17) 玩家ID:482736422909116417 移动到新位置: 0.5621761 , 0 , -4.0306
2025-12-05 18:44:47.3550 (StateSyncRequestHandler.cs:17) 玩家ID:482736422909116417 移动方向: -0.99266815 , 0 , -0.12087133
2025-12-05 18:44:47.3550 (StateSyncRequestHandler.cs:17) 玩家ID:482736422909116417 移动到新位置: 0.26437566 , 0 , -4.0668616
2025-12-05 18:44:47.4553 (StateSyncRequestHandler.cs:17) 玩家ID:482736422909116417 移动方向: -0.99142045 , 0 , -0.13071167
2025-12-05 18:44:47.4553 (StateSyncRequestHandler.cs:17) 玩家ID:482736422909116417 移动到新位置: -0.033050478 , 0 , -4.1060753
2025-12-05 18:44:47.5527 (StateSyncRequestHandler.cs:17) 玩家ID:482736422909116417 移动方向: -0.96618575 , 0 , -0.25784698
2025-12-05 18:44:47.5527 (StateSyncRequestHandler.cs:17) 玩家ID:482736422909116417 移动到新位置: -0.3229062 , 0 , -4.1834292
2025-12-05 18:44:47.6587 (StateSyncRequestHandler.cs:17) 玩家ID:482736422909116417 移动方向: -0.76925385 , 0 , 0.6389433
2025-12-05 18:44:47.6587 (StateSyncRequestHandler.cs:17) 玩家ID:482736422909116417 移动到新位置: -0.5536823 , 0 , -3.9917462
2025-12-05 18:44:47.7678 (StateSyncRequestHandler.cs:17) 玩家ID:482736422909116417 移动方向: -0.9768433 , 0 , 0.21395594
2025-12-05 18:44:47.7678 (StateSyncRequestHandler.cs:17) 玩家ID:482736422909116417 移动到新位置: -0.84673536 , 0 , -3.9275594
2025-12-05 18:44:47.8625 (StateSyncRequestHandler.cs:17) 玩家ID:482736422909116417 移动方向: -0.9999999 , 0 , -0.0005264044
2025-12-05 18:44:47.8625 (StateSyncRequestHandler.cs:17) 玩家ID:482736422909116417 移动到新位置: -1.1467353 , 0 , -3.9277172
2025-12-05 18:44:47.9537 (StateSyncRequestHandler.cs:17) 玩家ID:482736422909116417 移动方向: -0.76131994 , 0 , 0.64837635
2025-12-05 18:44:47.9537 (StateSyncRequestHandler.cs:17) 玩家ID:482736422909116417 移动到新位置: -1.3751312 , 0 , -3.7332044
2025-12-05 18:44:48.0598 (StateSyncRequestHandler.cs:17) 玩家ID:482736422909116417 移动方向: -0.11221657 , 0 , 0.9936838
2025-12-05 18:44:48.0598 (StateSyncRequestHandler.cs:17) 玩家ID:482736422909116417 移动到新位置: -1.4087962 , 0 , -3.4350991
2025-12-05 18:44:48.1540 (StateSyncRequestHandler.cs:17) 玩家ID:482736422909116417 移动方向: -0.120740235 , 0 , 0.9926841
2025-12-05 18:44:48.1540 (StateSyncRequestHandler.cs:17) 玩家ID:482736422909116417 移动到新位置: -1.4450183 , 0 , -3.1372938
2025-12-05 18:44:48.2688 (StateSyncRequestHandler.cs:17) 玩家ID:482736422909116417 移动方向: -0.12405962 , 0 , 0.99227476
2025-12-05 18:44:48.2688 (StateSyncRequestHandler.cs:17) 玩家ID:482736422909116417 移动到新位置: -1.4822361 , 0 , -2.8396113
2025-12-05 18:44:48.3526 (StateSyncRequestHandler.cs:17) 玩家ID:482736422909116417 移动方向: -0.1249406 , 0 , 0.99216425
2025-12-05 18:44:48.3526 (StateSyncRequestHandler.cs:17) 玩家ID:482736422909116417 移动到新位置: -1.5197183 , 0 , -2.5419621
2025-12-05 18:44:48.4554 (StateSyncRequestHandler.cs:17) 玩家ID:482736422909116417 移动方向: 0.5458752 , 0 , 0.83786654
2025-12-05 18:44:48.4554 (StateSyncRequestHandler.cs:17) 玩家ID:482736422909116417 移动到新位置: -1.3559557 , 0 , -2.2906022
2025-12-05 18:44:48.5575 (StateSyncRequestHandler.cs:17) 玩家ID:482736422909116417 移动方向: 0.106300145 , 0 , 0.994334
2025-12-05 18:44:48.5575 (StateSyncRequestHandler.cs:17) 玩家ID:482736422909116417 移动到新位置: -1.3240657 , 0 , -1.992302
2025-12-05 18:44:48.6571 (StateSyncRequestHandler.cs:17) 玩家ID:482736422909116417 移动方向: -0.41587603 , 0 , 0.9094213
2025-12-05 18:44:48.6571 (StateSyncRequestHandler.cs:17) 玩家ID:482736422909116417 移动到新位置: -1.4488285 , 0 , -1.7194755
2025-12-05 18:44:48.7586 (StateSyncRequestHandler.cs:17) 玩家ID:482736422909116417 移动方向: 0.07139613 , 0 , 0.997448
2025-12-05 18:44:48.7586 (StateSyncRequestHandler.cs:17) 玩家ID:482736422909116417 移动到新位置: -1.4274096 , 0 , -1.4202411
2025-12-05 18:44:48.8598 (StateSyncRequestHandler.cs:17) 玩家ID:482736422909116417 移动方向: -0.027185962 , 0 , 0.99963045
2025-12-05 18:44:48.8598 (StateSyncRequestHandler.cs:17) 玩家ID:482736422909116417 移动到新位置: -1.4355655 , 0 , -1.120352
2025-12-05 18:44:48.9533 (StateSyncRequestHandler.cs:17) 玩家ID:482736422909116417 移动方向: -0.057612035 , 0 , 0.99833906
2025-12-05 18:44:48.9533 (StateSyncRequestHandler.cs:17) 玩家ID:482736422909116417 移动到新位置: -1.452849 , 0 , -0.8208503
2025-12-05 18:44:49.0641 (StateSyncRequestHandler.cs:17) 玩家ID:482736422909116417 移动方向: -0.060651317 , 0 , 0.99815905
2025-12-05 18:44:49.0641 (StateSyncRequestHandler.cs:17) 玩家ID:482736422909116417 移动到新位置: -1.4710444 , 0 , -0.5214026
2025-12-05 18:44:49.1577 (StateSyncRequestHandler.cs:17) 玩家ID:482736422909116417 移动方向: -0.059869748 , 0 , 0.99820614
2025-12-05 18:44:49.1577 (StateSyncRequestHandler.cs:17) 玩家ID:482736422909116417 移动到新位置: -1.4890053 , 0 , -0.22194076
2025-12-05 18:44:49.2603 (StateSyncRequestHandler.cs:17) 玩家ID:482736422909116417 移动方向: -0.05924999 , 0 , 0.9982432
2025-12-05 18:44:49.2603 (StateSyncRequestHandler.cs:17) 玩家ID:482736422909116417 移动到新位置: -1.5067803 , 0 , 0.0775322
2025-12-05 18:44:49.3549 (StateSyncRequestHandler.cs:17) 玩家ID:482736422909116417 移动方向: -0.059001505 , 0 , 0.99825794
2025-12-05 18:44:49.3549 (StateSyncRequestHandler.cs:17) 玩家ID:482736422909116417 移动到新位置: -1.5244807 , 0 , 0.37700957
2025-12-05 18:44:49.4561 (StateSyncRequestHandler.cs:17) 玩家ID:482736422909116417 移动方向: -0.05889772 , 0 , 0.9982641
2025-12-05 18:44:49.4561 (StateSyncRequestHandler.cs:17) 玩家ID:482736422909116417 移动到新位置: -1.5362602 , 0 , 0.5766624
2025-12-05 18:44:49.5579 (StateSyncRequestHandler.cs:17) 玩家ID:482736422909116417 移动方向: -0.058864858 , 0 , 0.998266
2025-12-05 18:44:49.5579 (StateSyncRequestHandler.cs:17) 玩家ID:482736422909116417 移动到新位置: -1.5480332 , 0 , 0.7763156
2025-12-05 18:44:49.6633 (StateSyncRequestHandler.cs:17) 玩家ID:482736422909116417 移动方向: -0.058854885 , 0 , 0.9982666
2025-12-05 18:44:49.6633 (StateSyncRequestHandler.cs:17) 玩家ID:482736422909116417 移动到新位置: -1.5598042 , 0 , 0.97596896
2025-12-05 18:44:49.7609 (StateSyncRequestHandler.cs:17) 玩家ID:482736422909116417 移动方向: -0.05885265 , 0 , 0.9982667
2025-12-05 18:44:49.7609 (StateSyncRequestHandler.cs:17) 玩家ID:482736422909116417 移动到新位置: -1.5715747 , 0 , 1.1756223
2025-12-05 18:44:49.8538 (StateSyncRequestHandler.cs:17) 玩家ID:482736422909116417 移动方向: -0.058852583 , 0 , 0.99826664
2025-12-05 18:44:49.8538 (StateSyncRequestHandler.cs:17) 玩家ID:482736422909116417 移动到新位置: -1.5833452 , 0 , 1.3752756
2025-12-05 18:44:49.9618 (StateSyncRequestHandler.cs:17) 玩家ID:482736422909116417 移动方向: -0.05885262 , 0 , 0.99826664
2025-12-05 18:44:49.9618 (StateSyncRequestHandler.cs:17) 玩家ID:482736422909116417 移动到新位置: -1.5951157 , 0 , 1.574929
2025-12-05 18:44:50.0585 (StateSyncRequestHandler.cs:17) 玩家ID:482736422909116417 移动方向: -0.058852628 , 0 , 0.99826664
2025-12-05 18:44:50.0585 (StateSyncRequestHandler.cs:17) 玩家ID:482736422909116417 移动到新位置: -1.6068861 , 0 , 1.7745824
2025-12-05 18:44:50.1536 (StateSyncRequestHandler.cs:17) 玩家ID:482736422909116417 移动方向: -0.058852628 , 0 , 0.99826664
2025-12-05 18:44:50.1536 (StateSyncRequestHandler.cs:17) 玩家ID:482736422909116417 移动到新位置: -1.6186566 , 0 , 1.9742358
2025-12-05 18:44:50.2619 (StateSyncRequestHandler.cs:17) 玩家ID:482736422909116417 移动方向: -0.058852628 , 0 , 0.99826664
2025-12-05 18:44:50.2619 (StateSyncRequestHandler.cs:17) 玩家ID:482736422909116417 移动到新位置: -1.6304271 , 0 , 2.1738892
2025-12-05 18:44:50.3612 (StateSyncRequestHandler.cs:17) 玩家ID:482736422909116417 移动方向: -0.058852628 , 0 , 0.99826664
2025-12-05 18:44:50.3612 (StateSyncRequestHandler.cs:17) 玩家ID:482736422909116417 移动到新位置: -1.6421976 , 0 , 2.3735425
2025-12-05 18:44:50.4624 (StateSyncRequestHandler.cs:17) 玩家ID:482736422909116417 移动方向: -0.058852628 , 0 , 0.99826664
2025-12-05 18:44:50.4624 (StateSyncRequestHandler.cs:17) 玩家ID:482736422909116417 移动到新位置: -1.6539681 , 0 , 2.573196
2025-12-05 18:44:50.5661 (StateSyncRequestHandler.cs:17) 玩家ID:482736422909116417 移动方向: -0.058852628 , 0 , 0.99826664
2025-12-05 18:44:50.5661 (StateSyncRequestHandler.cs:17) 玩家ID:482736422909116417 移动到新位置: -1.6657386 , 0 , 2.7728493
2025-12-05 18:44:50.6572 (StateSyncRequestHandler.cs:17) 玩家ID:482736422909116417 移动方向: -0.058852628 , 0 , 0.99826664
2025-12-05 18:44:50.6572 (StateSyncRequestHandler.cs:17) 玩家ID:482736422909116417 移动到新位置: -1.6775091 , 0 , 2.9725027
2025-12-05 18:44:50.7521 (StateSyncRequestHandler.cs:17) 玩家ID:482736422909116417 移动到新位置: -1.6775091 , 0 , 2.9725027
2025-12-05 18:44:51.6579 (StateSyncRequestHandler.cs:17) 玩家ID:482736422909116417 移动方向: 0.9982667 , 0 , 0.05885263
2025-12-05 18:44:51.6579 (StateSyncRequestHandler.cs:17) 玩家ID:482736422909116417 移动到新位置: -1.4778557 , 0 , 2.9842732
2025-12-05 18:44:51.7527 (StateSyncRequestHandler.cs:17) 玩家ID:482736422909116417 移动方向: 0.9982667 , 0 , 0.05885263
2025-12-05 18:44:51.7527 (StateSyncRequestHandler.cs:17) 玩家ID:482736422909116417 移动到新位置: -1.2782023 , 0 , 2.9960437
2025-12-05 18:44:51.8529 (StateSyncRequestHandler.cs:17) 玩家ID:482736422909116417 移动方向: 0.9982667 , 0 , 0.05885263
2025-12-05 18:44:51.8529 (StateSyncRequestHandler.cs:17) 玩家ID:482736422909116417 移动到新位置: -1.0785489 , 0 , 3.0078142
2025-12-05 18:44:51.9552 (StateSyncRequestHandler.cs:17) 玩家ID:482736422909116417 移动方向: 0.66426605 , 0 , 0.7474962
2025-12-05 18:44:51.9552 (StateSyncRequestHandler.cs:17) 玩家ID:482736422909116417 移动到新位置: -0.8792691 , 0 , 3.232063
2025-12-05 18:44:52.0548 (StateSyncRequestHandler.cs:17) 玩家ID:482736422909116417 移动方向: 0.67048395 , 0 , 0.74192405
2025-12-05 18:44:52.0548 (StateSyncRequestHandler.cs:17) 玩家ID:482736422909116417 移动到新位置: -0.67812395 , 0 , 3.4546402
2025-12-05 18:44:52.1567 (StateSyncRequestHandler.cs:17) 玩家ID:482736422909116417 移动方向: 0.7254838 , 0 , 0.6882392
2025-12-05 18:44:52.1567 (StateSyncRequestHandler.cs:17) 玩家ID:482736422909116417 移动到新位置: -0.46047884 , 0 , 3.6611118
2025-12-05 18:44:52.2566 (StateSyncRequestHandler.cs:17) 玩家ID:482736422909116417 移动方向: 0.78804046 , 0 , 0.6156234
2025-12-05 18:44:52.2566 (StateSyncRequestHandler.cs:17) 玩家ID:482736422909116417 移动到新位置: -0.2240667 , 0 , 3.845799
2025-12-05 18:44:52.3529 (StateSyncRequestHandler.cs:17) 玩家ID:482736422909116417 移动方向: 0.8400527 , 0 , 0.5425048
2025-12-05 18:44:52.3529 (StateSyncRequestHandler.cs:17) 玩家ID:482736422909116417 移动到新位置: 0.027949095 , 0 , 4.00855
2025-12-05 18:44:52.4562 (StateSyncRequestHandler.cs:17) 玩家ID:482736422909116417 移动方向: 0.901562 , 0 , 0.43264997
2025-12-05 18:44:52.4562 (StateSyncRequestHandler.cs:17) 玩家ID:482736422909116417 移动到新位置: 0.2984177 , 0 , 4.1383452
2025-12-05 18:44:52.5583 (StateSyncRequestHandler.cs:17) 玩家ID:482736422909116417 移动方向: 0.9418402 , 0 , 0.33606124
2025-12-05 18:44:52.5583 (StateSyncRequestHandler.cs:17) 玩家ID:482736422909116417 移动到新位置: 0.58096975 , 0 , 4.2391634
2025-12-05 18:44:52.6567 (StateSyncRequestHandler.cs:17) 玩家ID:482736422909116417 移动方向: 0.9576634 , 0 , 0.28789002
2025-12-05 18:44:52.6567 (StateSyncRequestHandler.cs:17) 玩家ID:482736422909116417 移动到新位置: 0.8682687 , 0 , 4.3255305
2025-12-05 18:44:52.7583 (StateSyncRequestHandler.cs:17) 玩家ID:482736422909116417 移动方向: 0.9629979 , 0 , 0.26950872
2025-12-05 18:44:52.7583 (StateSyncRequestHandler.cs:17) 玩家ID:482736422909116417 移动到新位置: 1.1571681 , 0 , 4.406383
2025-12-05 18:44:52.8551 (StateSyncRequestHandler.cs:17) 玩家ID:482736422909116417 移动方向: 0.9647126 , 0 , 0.26330498
2025-12-05 18:44:52.8551 (StateSyncRequestHandler.cs:17) 玩家ID:482736422909116417 移动到新位置: 1.446582 , 0 , 4.4853745
2025-12-05 18:44:52.9544 (StateSyncRequestHandler.cs:17) 玩家ID:482736422909116417 移动方向: 0.9653292 , 0 , 0.26103532
2025-12-05 18:44:52.9544 (StateSyncRequestHandler.cs:17) 玩家ID:482736422909116417 移动到新位置: 1.7361808 , 0 , 4.563685
2025-12-05 18:44:53.0576 (StateSyncRequestHandler.cs:17) 玩家ID:482736422909116417 移动到新位置: 1.7361808 , 0 , 4.563685
2025-12-05 18:44:54.5521 (StateSyncRequestHandler.cs:17) 玩家ID:482736422909116417 移动方向: 0.61358273 , 0 , -0.7896305
2025-12-05 18:44:54.5521 (StateSyncRequestHandler.cs:17) 玩家ID:482736422909116417 移动到新位置: 1.9202557 , 0 , 4.3267956
2025-12-05 18:44:54.6524 (StateSyncRequestHandler.cs:17) 玩家ID:482736422909116417 移动方向: 0.56303096 , 0 , -0.82643574
2025-12-05 18:44:54.6524 (StateSyncRequestHandler.cs:17) 玩家ID:482736422909116417 移动到新位置: 2.089165 , 0 , 4.078865
2025-12-05 18:44:54.7621 (StateSyncRequestHandler.cs:17) 玩家ID:482736422909116417 移动方向: 0.54194826 , 0 , -0.84041184
2025-12-05 18:44:54.7621 (StateSyncRequestHandler.cs:17) 玩家ID:482736422909116417 移动到新位置: 2.2517495 , 0 , 3.8267415
2025-12-05 18:44:54.8525 (StateSyncRequestHandler.cs:17) 玩家ID:482736422909116417 移动方向: 0.5358428 , 0 , -0.84431773
2025-12-05 18:44:54.8525 (StateSyncRequestHandler.cs:17) 玩家ID:482736422909116417 移动到新位置: 2.4125023 , 0 , 3.5734463
2025-12-05 18:44:54.9594 (StateSyncRequestHandler.cs:17) 玩家ID:482736422909116417 移动方向: 0.52857226 , 0 , -0.84888834
2025-12-05 18:44:54.9594 (StateSyncRequestHandler.cs:17) 玩家ID:482736422909116417 移动到新位置: 2.571074 , 0 , 3.3187797
2025-12-05 18:44:55.0547 (StateSyncRequestHandler.cs:17) 玩家ID:482736422909116417 移动方向: 0.48978928 , 0 , -0.8718408
2025-12-05 18:44:55.0547 (StateSyncRequestHandler.cs:17) 玩家ID:482736422909116417 移动到新位置: 2.718011 , 0 , 3.0572274
2025-12-05 18:44:55.1587 (StateSyncRequestHandler.cs:17) 玩家ID:482736422909116417 移动方向: 0.38652235 , 0 , -0.92228
2025-12-05 18:44:55.1587 (StateSyncRequestHandler.cs:17) 玩家ID:482736422909116417 移动到新位置: 2.8339677 , 0 , 2.7805433
2025-12-05 18:44:55.2543 (StateSyncRequestHandler.cs:17) 玩家ID:482736422909116417 移动方向: 0.30196735 , 0 , -0.95331824
2025-12-05 18:44:55.2543 (StateSyncRequestHandler.cs:17) 玩家ID:482736422909116417 移动到新位置: 2.924558 , 0 , 2.4945478
2025-12-05 18:44:55.3527 (StateSyncRequestHandler.cs:17) 玩家ID:482736422909116417 移动方向: 0.25536123 , 0 , -0.96684575
2025-12-05 18:44:55.3527 (StateSyncRequestHandler.cs:17) 玩家ID:482736422909116417 移动到新位置: 3.0011663 , 0 , 2.204494
2025-12-05 18:44:55.4621 (StateSyncRequestHandler.cs:17) 玩家ID:482736422909116417 移动方向: 0.23817262 , 0 , -0.97122276
2025-12-05 18:44:55.4621 (StateSyncRequestHandler.cs:17) 玩家ID:482736422909116417 移动到新位置: 3.072618 , 0 , 1.9131272
2025-12-05 18:44:55.5554 (StateSyncRequestHandler.cs:17) 玩家ID:482736422909116417 移动方向: 0.23242587 , 0 , -0.97261417
2025-12-05 18:44:55.5554 (StateSyncRequestHandler.cs:17) 玩家ID:482736422909116417 移动到新位置: 3.1423457 , 0 , 1.6213429
2025-12-05 18:44:55.6601 (StateSyncRequestHandler.cs:17) 玩家ID:482736422909116417 移动方向: 0.23047748 , 0 , -0.97307765
2025-12-05 18:44:55.6601 (StateSyncRequestHandler.cs:17) 玩家ID:482736422909116417 移动到新位置: 3.1884413 , 0 , 1.4267273
2025-12-05 18:44:55.7576 (StateSyncRequestHandler.cs:17) 玩家ID:482736422909116417 移动到新位置: 3.1884413 , 0 , 1.4267273
2025-12-05 18:44:56.6565 (StateSyncRequestHandler.cs:17) 玩家ID:482736422909116417 移动方向: 0.850576 , 0 , -0.5258522
2025-12-05 18:44:56.6565 (StateSyncRequestHandler.cs:17) 玩家ID:482736422909116417 移动到新位置: 3.3585565 , 0 , 1.3215568
2025-12-05 18:44:56.7538 (StateSyncRequestHandler.cs:17) 玩家ID:482736422909116417 移动方向: 0.850576 , 0 , -0.5258522
2025-12-05 18:44:56.7538 (StateSyncRequestHandler.cs:17) 玩家ID:482736422909116417 移动到新位置: 3.5286717 , 0 , 1.2163863
2025-12-05 18:44:56.8566 (StateSyncRequestHandler.cs:17) 玩家ID:482736422909116417 移动方向: 0.83953613 , 0 , -0.5433039
2025-12-05 18:44:56.8566 (StateSyncRequestHandler.cs:17) 玩家ID:482736422909116417 移动到新位置: 3.7805326 , 0 , 1.0533952
2025-12-05 18:44:56.9608 (StateSyncRequestHandler.cs:17) 玩家ID:482736422909116417 移动方向: 0.14584851 , 0 , -0.9893069
2025-12-05 18:44:56.9608 (StateSyncRequestHandler.cs:17) 玩家ID:482736422909116417 移动到新位置: 3.8242872 , 0 , 0.7566031
2025-12-05 18:44:57.0525 (StateSyncRequestHandler.cs:17) 玩家ID:482736422909116417 移动方向: 0.08846873 , 0 , -0.99607885
2025-12-05 18:44:57.0525 (StateSyncRequestHandler.cs:17) 玩家ID:482736422909116417 移动到新位置: 3.8508277 , 0 , 0.45777947
2025-12-05 18:44:57.1664 (StateSyncRequestHandler.cs:17) 玩家ID:482736422909116417 移动方向: -0.7097388 , 0 , -0.704465
2025-12-05 18:44:57.1664 (StateSyncRequestHandler.cs:17) 玩家ID:482736422909116417 移动到新位置: 3.637906 , 0 , 0.24643998
2025-12-05 18:44:57.2599 (StateSyncRequestHandler.cs:17) 玩家ID:482736422909116417 移动方向: -0.8090374 , 0 , -0.58775723
2025-12-05 18:44:57.2599 (StateSyncRequestHandler.cs:17) 玩家ID:482736422909116417 移动到新位置: 3.3951948 , 0 , 0.07011281
2025-12-05 18:44:57.3627 (StateSyncRequestHandler.cs:17) 玩家ID:482736422909116417 移动方向: -0.89607435 , 0 , -0.44390407
2025-12-05 18:44:57.3627 (StateSyncRequestHandler.cs:17) 玩家ID:482736422909116417 移动到新位置: 3.1263723 , 0 , -0.063058406
2025-12-05 18:44:57.4559 (StateSyncRequestHandler.cs:17) 玩家ID:482736422909116417 移动方向: -0.94411033 , 0 , -0.32962957
2025-12-05 18:44:57.4559 (StateSyncRequestHandler.cs:17) 玩家ID:482736422909116417 移动到新位置: 2.8431392 , 0 , -0.16194728
2025-12-05 18:44:57.5606 (StateSyncRequestHandler.cs:17) 玩家ID:482736422909116417 移动方向: -0.9641498 , 0 , -0.26535875
2025-12-05 18:44:57.5606 (StateSyncRequestHandler.cs:17) 玩家ID:482736422909116417 移动到新位置: 2.5538943 , 0 , -0.2415549
2025-12-05 18:44:57.6615 (StateSyncRequestHandler.cs:17) 玩家ID:482736422909116417 移动方向: -0.9707815 , 0 , -0.23996507
2025-12-05 18:44:57.6615 (StateSyncRequestHandler.cs:17) 玩家ID:482736422909116417 移动到新位置: 2.2626598 , 0 , -0.31354442
2025-12-05 18:44:57.7533 (StateSyncRequestHandler.cs:17) 玩家ID:482736422909116417 移动方向: -0.97305816 , 0 , -0.23055974
2025-12-05 18:44:57.7533 (StateSyncRequestHandler.cs:17) 玩家ID:482736422909116417 移动到新位置: 1.9707423 , 0 , -0.38271233
2025-12-05 18:44:57.8548 (StateSyncRequestHandler.cs:17) 玩家ID:482736422909116417 移动方向: -0.5279534 , 0 , -0.8492733
2025-12-05 18:44:57.8548 (StateSyncRequestHandler.cs:17) 玩家ID:482736422909116417 移动到新位置: 1.8123564 , 0 , -0.6374943
2025-12-05 18:44:57.9561 (StateSyncRequestHandler.cs:17) 玩家ID:482736422909116417 移动方向: -0.52866435 , 0 , -0.84883094
2025-12-05 18:44:57.9561 (StateSyncRequestHandler.cs:17) 玩家ID:482736422909116417 移动到新位置: 1.6537571 , 0 , -0.8921436
2025-12-05 18:44:58.0573 (StateSyncRequestHandler.cs:17) 玩家ID:482736422909116417 移动方向: -0.49363965 , 0 , -0.8696665
2025-12-05 18:44:58.0573 (StateSyncRequestHandler.cs:17) 玩家ID:482736422909116417 移动到新位置: 1.5056652 , 0 , -1.1530435
2025-12-05 18:44:58.1623 (StateSyncRequestHandler.cs:17) 玩家ID:482736422909116417 移动方向: -0.39033955 , 0 , -0.9206709
2025-12-05 18:44:58.1623 (StateSyncRequestHandler.cs:17) 玩家ID:482736422909116417 移动到新位置: 1.3885633 , 0 , -1.4292448
2025-12-05 18:44:58.2606 (StateSyncRequestHandler.cs:17) 玩家ID:482736422909116417 移动方向: -0.31451762 , 0 , -0.94925165
2025-12-05 18:44:58.2606 (StateSyncRequestHandler.cs:17) 玩家ID:482736422909116417 移动到新位置: 1.294208 , 0 , -1.7140203
2025-12-05 18:44:58.3692 (StateSyncRequestHandler.cs:17) 玩家ID:482736422909116417 移动方向: -0.28137723 , 0 , -0.95959723
2025-12-05 18:44:58.3692 (StateSyncRequestHandler.cs:17) 玩家ID:482736422909116417 移动到新位置: 1.2097949 , 0 , -2.0018995
2025-12-05 18:44:58.4635 (StateSyncRequestHandler.cs:17) 玩家ID:482736422909116417 移动到新位置: 1.2097949 , 0 , -2.0018995
2025-12-05 18:44:59.7594 (StateSyncRequestHandler.cs:17) 玩家ID:482736422909116417 移动方向: -0.3965928 , 0 , -0.9179947
2025-12-05 18:44:59.7594 (StateSyncRequestHandler.cs:17) 玩家ID:482736422909116417 移动到新位置: 1.1304764 , 0 , -2.1854985
2025-12-05 18:44:59.8588 (StateSyncRequestHandler.cs:17) 玩家ID:482736422909116417 移动方向: -0.42644787 , 0 , -0.90451217
2025-12-05 18:44:59.8588 (StateSyncRequestHandler.cs:17) 玩家ID:482736422909116417 移动到新位置: 1.002542 , 0 , -2.4568522
2025-12-05 18:44:59.9620 (StateSyncRequestHandler.cs:17) 玩家ID:482736422909116417 移动方向: -0.9445385 , 0 , -0.32840073
2025-12-05 18:44:59.9620 (StateSyncRequestHandler.cs:17) 玩家ID:482736422909116417 移动到新位置: 0.71918046 , 0 , -2.5553725
2025-12-05 18:45:00.0565 (StateSyncRequestHandler.cs:17) 玩家ID:482736422909116417 移动方向: -0.8985627 , 0 , 0.43884507
2025-12-05 18:45:00.0565 (StateSyncRequestHandler.cs:17) 玩家ID:482736422909116417 移动到新位置: 0.44961163 , 0 , -2.423719
2025-12-05 18:45:00.1575 (StateSyncRequestHandler.cs:17) 玩家ID:482736422909116417 移动方向: -0.87950915 , 0 , 0.47588202
2025-12-05 18:45:00.1575 (StateSyncRequestHandler.cs:17) 玩家ID:482736422909116417 移动到新位置: 0.18575892 , 0 , -2.2809544
2025-12-05 18:45:00.2523 (StateSyncRequestHandler.cs:17) 玩家ID:482736422909116417 移动方向: -0.80298334 , 0 , 0.5960015
2025-12-05 18:45:00.2523 (StateSyncRequestHandler.cs:17) 玩家ID:482736422909116417 移动到新位置: -0.055136085 , 0 , -2.102154
2025-12-05 18:45:00.3542 (StateSyncRequestHandler.cs:17) 玩家ID:482736422909116417 移动方向: -0.6074314 , 0 , 0.7943721
2025-12-05 18:45:00.3542 (StateSyncRequestHandler.cs:17) 玩家ID:482736422909116417 移动到新位置: -0.2373655 , 0 , -1.8638424
2025-12-05 18:45:00.4537 (StateSyncRequestHandler.cs:17) 玩家ID:482736422909116417 移动方向: -0.3075335 , 0 , 0.95153725
2025-12-05 18:45:00.4537 (StateSyncRequestHandler.cs:17) 玩家ID:482736422909116417 移动到新位置: -0.32962555 , 0 , -1.5783812
2025-12-05 18:45:00.5539 (StateSyncRequestHandler.cs:17) 玩家ID:482736422909116417 移动方向: 0.99853843 , 0 , 0.054045685
2025-12-05 18:45:00.5539 (StateSyncRequestHandler.cs:17) 玩家ID:482736422909116417 移动到新位置: -0.030064017 , 0 , -1.5621675
2025-12-05 18:45:00.6563 (StateSyncRequestHandler.cs:17) 玩家ID:482736422909116417 移动方向: 0.9983449 , 0 , -0.05751045
2025-12-05 18:45:00.6563 (StateSyncRequestHandler.cs:17) 玩家ID:482736422909116417 移动到新位置: 0.26943943 , 0 , -1.5794207
2025-12-05 18:45:00.7548 (StateSyncRequestHandler.cs:17) 玩家ID:482736422909116417 移动方向: -0.09987876 , 0 , -0.99499965
2025-12-05 18:45:00.7548 (StateSyncRequestHandler.cs:17) 玩家ID:482736422909116417 移动到新位置: 0.2394758 , 0 , -1.8779206
2025-12-05 18:45:00.8576 (StateSyncRequestHandler.cs:17) 玩家ID:482736422909116417 移动方向: -0.11456112 , 0 , -0.9934162
2025-12-05 18:45:00.8576 (StateSyncRequestHandler.cs:17) 玩家ID:482736422909116417 移动到新位置: 0.20510747 , 0 , -2.1759455
2025-12-05 18:45:00.9563 (StateSyncRequestHandler.cs:17) 玩家ID:482736422909116417 移动方向: -0.1193053 , 0 , -0.9928576
2025-12-05 18:45:00.9563 (StateSyncRequestHandler.cs:17) 玩家ID:482736422909116417 移动到新位置: 0.16931587 , 0 , -2.4738028
2025-12-05 18:45:01.0552 (StateSyncRequestHandler.cs:17) 玩家ID:482736422909116417 移动方向: -0.78735423 , 0 , -0.61650074
2025-12-05 18:45:01.0552 (StateSyncRequestHandler.cs:17) 玩家ID:482736422909116417 移动到新位置: -0.066890374 , 0 , -2.658753
2025-12-05 18:45:01.1568 (StateSyncRequestHandler.cs:17) 玩家ID:482736422909116417 移动方向: -0.7876376 , 0 , -0.6161388
2025-12-05 18:45:01.1568 (StateSyncRequestHandler.cs:17) 玩家ID:482736422909116417 移动到新位置: -0.30318165 , 0 , -2.8435946
2025-12-05 18:45:01.2573 (StateSyncRequestHandler.cs:17) 玩家ID:482736422909116417 移动方向: -0.78771746 , 0 , -0.61603665
2025-12-05 18:45:01.2573 (StateSyncRequestHandler.cs:17) 玩家ID:482736422909116417 移动到新位置: -0.5394969 , 0 , -3.0284057
2025-12-05 18:45:01.3542 (StateSyncRequestHandler.cs:17) 玩家ID:482736422909116417 移动方向: -0.78774154 , 0 , -0.6160059
2025-12-05 18:45:01.3542 (StateSyncRequestHandler.cs:17) 玩家ID:482736422909116417 移动到新位置: -0.77581936 , 0 , -3.2132075
2025-12-05 18:45:01.4553 (StateSyncRequestHandler.cs:17) 玩家ID:482736422909116417 移动方向: -0.12144778 , 0 , -0.9925978
2025-12-05 18:45:01.4553 (StateSyncRequestHandler.cs:17) 玩家ID:482736422909116417 移动到新位置: -0.8122537 , 0 , -3.5109868
2025-12-05 18:45:01.5587 (StateSyncRequestHandler.cs:17) 玩家ID:482736422909116417 移动方向: -0.12144778 , 0 , -0.9925978
2025-12-05 18:45:01.5587 (StateSyncRequestHandler.cs:17) 玩家ID:482736422909116417 移动到新位置: -0.84868807 , 0 , -3.8087661
2025-12-05 18:45:01.6537 (StateSyncRequestHandler.cs:17) 玩家ID:482736422909116417 移动方向: 0.6159961 , 0 , -0.7877492
2025-12-05 18:45:01.6537 (StateSyncRequestHandler.cs:17) 玩家ID:482736422909116417 移动到新位置: -0.6638892 , 0 , -4.0450907
2025-12-05 18:45:01.7562 (StateSyncRequestHandler.cs:17) 玩家ID:482736422909116417 移动方向: 0.6159961 , 0 , -0.7877492
2025-12-05 18:45:01.7562 (StateSyncRequestHandler.cs:17) 玩家ID:482736422909116417 移动到新位置: -0.4790904 , 0 , -4.2814155
2025-12-05 18:45:01.8555 (StateSyncRequestHandler.cs:17) 玩家ID:482736422909116417 移动方向: 0.6159961 , 0 , -0.7877492
2025-12-05 18:45:01.8555 (StateSyncRequestHandler.cs:17) 玩家ID:482736422909116417 移动到新位置: -0.29429156 , 0 , -4.5177402
2025-12-05 18:45:01.9573 (StateSyncRequestHandler.cs:17) 玩家ID:482736422909116417 移动方向: 0.9925978 , 0 , -0.12144779
2025-12-05 18:45:01.9573 (StateSyncRequestHandler.cs:17) 玩家ID:482736422909116417 移动到新位置: 0.0034877956 , 0 , -4.5541744
2025-12-05 18:45:02.0610 (StateSyncRequestHandler.cs:17) 玩家ID:482736422909116417 移动方向: 0.9925978 , 0 , -0.12144779
2025-12-05 18:45:02.0610 (StateSyncRequestHandler.cs:17) 玩家ID:482736422909116417 移动到新位置: 0.30126715 , 0 , -4.5906086
2025-12-05 18:45:02.1542 (StateSyncRequestHandler.cs:17) 玩家ID:482736422909116417 移动方向: 0.9933349 , 0 , -0.11526407
2025-12-05 18:45:02.1542 (StateSyncRequestHandler.cs:17) 玩家ID:482736422909116417 移动到新位置: 0.5992676 , 0 , -4.625188
2025-12-05 18:45:02.2585 (StateSyncRequestHandler.cs:17) 玩家ID:482736422909116417 移动方向: 0.99897397 , 0 , 0.04528845
2025-12-05 18:45:02.2585 (StateSyncRequestHandler.cs:17) 玩家ID:482736422909116417 移动到新位置: 0.89895976 , 0 , -4.6116014
2025-12-05 18:45:02.3570 (StateSyncRequestHandler.cs:17) 玩家ID:482736422909116417 移动方向: 0.9211671 , 0 , 0.38916734
2025-12-05 18:45:02.3570 (StateSyncRequestHandler.cs:17) 玩家ID:482736422909116417 移动到新位置: 1.1753099 , 0 , -4.494851
2025-12-05 18:45:02.4624 (StateSyncRequestHandler.cs:17) 玩家ID:482736422909116417 移动方向: 0.60521317 , 0 , 0.7960635
2025-12-05 18:45:02.4624 (StateSyncRequestHandler.cs:17) 玩家ID:482736422909116417 移动到新位置: 1.3568739 , 0 , -4.256032
2025-12-05 18:45:02.5540 (StateSyncRequestHandler.cs:17) 玩家ID:482736422909116417 移动方向: 0.3219956 , 0 , 0.9467412
2025-12-05 18:45:02.5540 (StateSyncRequestHandler.cs:17) 玩家ID:482736422909116417 移动到新位置: 1.4534725 , 0 , -3.9720097
2025-12-05 18:45:02.6576 (StateSyncRequestHandler.cs:17) 玩家ID:482736422909116417 移动方向: 0.17196822 , 0 , 0.9851025
2025-12-05 18:45:02.6576 (StateSyncRequestHandler.cs:17) 玩家ID:482736422909116417 移动到新位置: 1.5050629 , 0 , -3.6764789
2025-12-05 18:45:02.7566 (StateSyncRequestHandler.cs:17) 玩家ID:482736422909116417 移动方向: 0.11728546 , 0 , 0.99309826
2025-12-05 18:45:02.7566 (StateSyncRequestHandler.cs:17) 玩家ID:482736422909116417 移动到新位置: 1.5402486 , 0 , -3.3785493
2025-12-05 18:45:02.8601 (StateSyncRequestHandler.cs:17) 玩家ID:482736422909116417 移动方向: 0.098677695 , 0 , 0.99511945
2025-12-05 18:45:02.8601 (StateSyncRequestHandler.cs:17) 玩家ID:482736422909116417 移动到新位置: 1.569852 , 0 , -3.0800135
2025-12-05 18:45:02.9578 (StateSyncRequestHandler.cs:17) 玩家ID:482736422909116417 移动方向: 0.09277018 , 0 , 0.9956876
2025-12-05 18:45:02.9578 (StateSyncRequestHandler.cs:17) 玩家ID:482736422909116417 移动到新位置: 1.5976831 , 0 , -2.7813072
2025-12-05 18:45:03.0606 (StateSyncRequestHandler.cs:17) 玩家ID:482736422909116417 移动方向: 0.09096678 , 0 , 0.9958539
2025-12-05 18:45:03.0606 (StateSyncRequestHandler.cs:17) 玩家ID:482736422909116417 移动到新位置: 1.624973 , 0 , -2.482551
2025-12-05 18:45:03.1545 (StateSyncRequestHandler.cs:17) 玩家ID:482736422909116417 移动到新位置: 1.624973 , 0 , -2.482551
2025-12-05 18:45:10.7584 (StateSyncRequestHandler.cs:17) 玩家ID:482736422909116417 移动方向: -0.7756275 , 0 , 0.631191
2025-12-05 18:45:10.7584 (StateSyncRequestHandler.cs:17) 玩家ID:482736422909116417 移动到新位置: 1.4698476 , 0 , -2.356313
2025-12-05 18:45:10.8591 (StateSyncRequestHandler.cs:17) 玩家ID:482736422909116417 移动方向: -0.7668798 , 0 , 0.6417908
2025-12-05 18:45:10.8591 (StateSyncRequestHandler.cs:17) 玩家ID:482736422909116417 移动到新位置: 1.3164716 , 0 , -2.2279549
2025-12-05 18:45:10.9545 (StateSyncRequestHandler.cs:17) 玩家ID:482736422909116417 移动到新位置: 1.3164716 , 0 , -2.2279549
2025-12-05 18:45:11.0593 (StateSyncRequestHandler.cs:17) 玩家ID:482736422909116417 移动方向: -0.6460387 , 0 , -0.7633046
2025-12-05 18:45:11.0593 (StateSyncRequestHandler.cs:17) 玩家ID:482736422909116417 移动到新位置: 1.1872638 , 0 , -2.3806157
2025-12-05 18:45:11.1539 (StateSyncRequestHandler.cs:17) 玩家ID:482736422909116417 移动方向: -0.64633065 , 0 , -0.7630574
2025-12-05 18:45:11.1539 (StateSyncRequestHandler.cs:17) 玩家ID:482736422909116417 移动到新位置: 1.0579977 , 0 , -2.5332272
2025-12-05 18:45:11.2538 (StateSyncRequestHandler.cs:17) 玩家ID:482736422909116417 移动方向: -0.99659824 , 0 , -0.08241373
2025-12-05 18:45:11.2538 (StateSyncRequestHandler.cs:17) 玩家ID:482736422909116417 移动到新位置: 0.85867804 , 0 , -2.54971
2025-12-05 18:45:11.3523 (StateSyncRequestHandler.cs:17) 玩家ID:482736422909116417 移动方向: -0.7629521 , 0 , 0.64645505
2025-12-05 18:45:11.3523 (StateSyncRequestHandler.cs:17) 玩家ID:482736422909116417 移动到新位置: 0.70608765 , 0 , -2.420419
2025-12-05 18:45:11.4553 (StateSyncRequestHandler.cs:17) 玩家ID:482736422909116417 移动方向: 0.6464625 , 0 , 0.7629458
2025-12-05 18:45:11.4553 (StateSyncRequestHandler.cs:17) 玩家ID:482736422909116417 移动到新位置: 0.83538014 , 0 , -2.26783
2025-12-05 18:45:11.5642 (StateSyncRequestHandler.cs:17) 玩家ID:482736422909116417 移动方向: 0.6464625 , 0 , 0.7629458
2025-12-05 18:45:11.5642 (StateSyncRequestHandler.cs:17) 玩家ID:482736422909116417 移动到新位置: 0.9646726 , 0 , -2.1152408
2025-12-05 18:45:11.6580 (StateSyncRequestHandler.cs:17) 玩家ID:482736422909116417 移动方向: 0.6464625 , 0 , 0.7629458
2025-12-05 18:45:11.6580 (StateSyncRequestHandler.cs:17) 玩家ID:482736422909116417 移动到新位置: 1.093965 , 0 , -1.9626517
2025-12-05 18:45:11.7648 (StateSyncRequestHandler.cs:17) 玩家ID:482736422909116417 移动方向: -0.08236614 , 0 , 0.9966021
2025-12-05 18:45:11.7648 (StateSyncRequestHandler.cs:17) 玩家ID:482736422909116417 移动到新位置: 1.0774919 , 0 , -1.7633313
2025-12-05 18:45:11.8537 (StateSyncRequestHandler.cs:17) 玩家ID:482736422909116417 移动方向: -0.76294583 , 0 , 0.64646244
2025-12-05 18:45:11.8537 (StateSyncRequestHandler.cs:17) 玩家ID:482736422909116417 移动到新位置: 0.9249027 , 0 , -1.6340388
2025-12-05 18:45:11.9536 (StateSyncRequestHandler.cs:17) 玩家ID:482736422909116417 移动方向: -0.6464625 , 0 , -0.7629458
2025-12-05 18:45:11.9536 (StateSyncRequestHandler.cs:17) 玩家ID:482736422909116417 移动到新位置: 0.7956102 , 0 , -1.786628
2025-12-05 18:45:12.0621 (StateSyncRequestHandler.cs:17) 玩家ID:482736422909116417 移动方向: -0.6464625 , 0 , -0.7629458
2025-12-05 18:45:12.0621 (StateSyncRequestHandler.cs:17) 玩家ID:482736422909116417 移动到新位置: 0.6663177 , 0 , -1.9392171
2025-12-05 18:45:12.1541 (StateSyncRequestHandler.cs:17) 玩家ID:482736422909116417 移动方向: 0.08236614 , 0 , -0.9966021
2025-12-05 18:45:12.1541 (StateSyncRequestHandler.cs:17) 玩家ID:482736422909116417 移动到新位置: 0.68279094 , 0 , -2.1385374
2025-12-05 18:45:12.2664 (StateSyncRequestHandler.cs:17) 玩家ID:482736422909116417 移动方向: 0.09406021 , 0 , -0.9955665
2025-12-05 18:45:12.2664 (StateSyncRequestHandler.cs:17) 玩家ID:482736422909116417 移动到新位置: 0.701603 , 0 , -2.3376508
2025-12-05 18:45:12.3619 (StateSyncRequestHandler.cs:17) 玩家ID:482736422909116417 移动方向: 0.12598068 , 0 , -0.9920327
2025-12-05 18:45:12.3619 (StateSyncRequestHandler.cs:17) 玩家ID:482736422909116417 移动到新位置: 0.72679913 , 0 , -2.5360572
2025-12-05 18:45:12.4639 (StateSyncRequestHandler.cs:17) 玩家ID:482736422909116417 移动方向: -0.5828207 , 0 , -0.8126008
2025-12-05 18:45:12.4639 (StateSyncRequestHandler.cs:17) 玩家ID:482736422909116417 移动到新位置: 0.610235 , 0 , -2.6985774
2025-12-05 18:45:12.5567 (StateSyncRequestHandler.cs:17) 玩家ID:482736422909116417 移动方向: -0.97507155 , 0 , -0.22189084
2025-12-05 18:45:12.5567 (StateSyncRequestHandler.cs:17) 玩家ID:482736422909116417 移动到新位置: 0.41522068 , 0 , -2.7429557
2025-12-05 18:45:12.6590 (StateSyncRequestHandler.cs:17) 玩家ID:482736422909116417 移动方向: -0.95325583 , 0 , -0.30216426
2025-12-05 18:45:12.6590 (StateSyncRequestHandler.cs:17) 玩家ID:482736422909116417 移动到新位置: 0.22456953 , 0 , -2.8033886
2025-12-05 18:45:12.7583 (StateSyncRequestHandler.cs:17) 玩家ID:482736422909116417 移动方向: -0.93512154 , 0 , 0.35432717
2025-12-05 18:45:12.7583 (StateSyncRequestHandler.cs:17) 玩家ID:482736422909116417 移动到新位置: 0.03754522 , 0 , -2.7325232
2025-12-05 18:45:12.8606 (StateSyncRequestHandler.cs:17) 玩家ID:482736422909116417 移动方向: 0.2896323 , 0 , 0.957138
2025-12-05 18:45:12.8606 (StateSyncRequestHandler.cs:17) 玩家ID:482736422909116417 移动到新位置: 0.09547168 , 0 , -2.5410955
2025-12-05 18:45:12.9538 (StateSyncRequestHandler.cs:17) 玩家ID:482736422909116417 移动方向: 0.25547993 , 0 , 0.9668144
2025-12-05 18:45:12.9538 (StateSyncRequestHandler.cs:17) 玩家ID:482736422909116417 移动到新位置: 0.14656767 , 0 , -2.3477325
2025-12-05 18:45:13.0536 (StateSyncRequestHandler.cs:17) 玩家ID:482736422909116417 移动方向: 0.24345295 , 0 , 0.9699127
2025-12-05 18:45:13.0536 (StateSyncRequestHandler.cs:17) 玩家ID:482736422909116417 移动到新位置: 0.19525826 , 0 , -2.15375
2025-12-05 18:45:13.1550 (StateSyncRequestHandler.cs:17) 玩家ID:482736422909116417 移动方向: -0.5174867 , 0 , 0.8556912
2025-12-05 18:45:13.1550 (StateSyncRequestHandler.cs:17) 玩家ID:482736422909116417 移动到新位置: 0.09176092 , 0 , -1.9826117
2025-12-05 18:45:13.2620 (StateSyncRequestHandler.cs:17) 玩家ID:482736422909116417 移动方向: -0.9713019 , 0 , 0.23785003
2025-12-05 18:45:13.2620 (StateSyncRequestHandler.cs:17) 玩家ID:482736422909116417 移动到新位置: -0.10249947 , 0 , -1.9350417
2025-12-05 18:45:13.3568 (StateSyncRequestHandler.cs:17) 玩家ID:482736422909116417 移动方向: -0.8547858 , 0 , -0.518981
2025-12-05 18:45:13.3568 (StateSyncRequestHandler.cs:17) 玩家ID:482736422909116417 移动到新位置: -0.27345663 , 0 , -2.038838
2025-12-05 18:45:13.4587 (StateSyncRequestHandler.cs:17) 玩家ID:482736422909116417 移动方向: -0.8547214 , 0 , -0.51908696
2025-12-05 18:45:13.4587 (StateSyncRequestHandler.cs:17) 玩家ID:482736422909116417 移动到新位置: -0.4444009 , 0 , -2.1426554
2025-12-05 18:45:13.5572 (StateSyncRequestHandler.cs:17) 玩家ID:482736422909116417 移动方向: -0.85470116 , 0 , -0.51912034
2025-12-05 18:45:13.5572 (StateSyncRequestHandler.cs:17) 玩家ID:482736422909116417 移动到新位置: -0.6153411 , 0 , -2.2464795
2025-12-05 18:45:13.6557 (StateSyncRequestHandler.cs:17) 玩家ID:482736422909116417 移动方向: -0.9714412 , 0 , 0.23728034
2025-12-05 18:45:13.6557 (StateSyncRequestHandler.cs:17) 玩家ID:482736422909116417 移动到新位置: -0.8096293 , 0 , -2.1990235
2025-12-05 18:45:13.7528 (StateSyncRequestHandler.cs:17) 玩家ID:482736422909116417 移动方向: 0.23728032 , 0 , 0.9714412
2025-12-05 18:45:13.7528 (StateSyncRequestHandler.cs:17) 玩家ID:482736422909116417 移动到新位置: -0.76217324 , 0 , -2.0047352
2025-12-05 18:45:13.8541 (StateSyncRequestHandler.cs:17) 玩家ID:482736422909116417 移动方向: 0.23728034 , 0 , 0.9714412
2025-12-05 18:45:13.8541 (StateSyncRequestHandler.cs:17) 玩家ID:482736422909116417 移动到新位置: -0.71471715 , 0 , -1.810447
2025-12-05 18:45:13.9625 (StateSyncRequestHandler.cs:17) 玩家ID:482736422909116417 移动方向: 0.23728034 , 0 , 0.9714412
2025-12-05 18:45:13.9625 (StateSyncRequestHandler.cs:17) 玩家ID:482736422909116417 移动到新位置: -0.66726106 , 0 , -1.6161587
2025-12-05 18:45:14.0556 (StateSyncRequestHandler.cs:17) 玩家ID:482736422909116417 移动方向: 0.23728034 , 0 , 0.9714412
2025-12-05 18:45:14.0556 (StateSyncRequestHandler.cs:17) 玩家ID:482736422909116417 移动到新位置: -0.619805 , 0 , -1.4218705
2025-12-05 18:45:14.1626 (StateSyncRequestHandler.cs:17) 玩家ID:482736422909116417 移动方向: 0.23728034 , 0 , 0.9714412
2025-12-05 18:45:14.1626 (StateSyncRequestHandler.cs:17) 玩家ID:482736422909116417 移动到新位置: -0.5723489 , 0 , -1.2275822
2025-12-05 18:45:14.2599 (StateSyncRequestHandler.cs:17) 玩家ID:482736422909116417 移动方向: 0.23728034 , 0 , 0.9714412
2025-12-05 18:45:14.2599 (StateSyncRequestHandler.cs:17) 玩家ID:482736422909116417 移动到新位置: -0.5248928 , 0 , -1.033294
2025-12-05 18:45:14.3638 (StateSyncRequestHandler.cs:17) 玩家ID:482736422909116417 移动方向: 0.23728034 , 0 , 0.9714412
2025-12-05 18:45:14.3638 (StateSyncRequestHandler.cs:17) 玩家ID:482736422909116417 移动到新位置: -0.47743675 , 0 , -0.8390057
2025-12-05 18:45:14.4532 (StateSyncRequestHandler.cs:17) 玩家ID:482736422909116417 移动方向: 0.23728034 , 0 , 0.9714412
2025-12-05 18:45:14.4532 (StateSyncRequestHandler.cs:17) 玩家ID:482736422909116417 移动到新位置: -0.4299807 , 0 , -0.64471745
2025-12-05 18:45:14.5562 (StateSyncRequestHandler.cs:17) 玩家ID:482736422909116417 移动方向: 0.23728034 , 0 , 0.9714412
2025-12-05 18:45:14.5562 (StateSyncRequestHandler.cs:17) 玩家ID:482736422909116417 移动到新位置: -0.38252464 , 0 , -0.45042923
2025-12-05 18:45:14.6554 (StateSyncRequestHandler.cs:17) 玩家ID:482736422909116417 移动方向: 0.23728034 , 0 , 0.9714412
2025-12-05 18:45:14.6554 (StateSyncRequestHandler.cs:17) 玩家ID:482736422909116417 移动到新位置: -0.33506858 , 0 , -0.256141
2025-12-05 18:45:14.7543 (StateSyncRequestHandler.cs:17) 玩家ID:482736422909116417 移动方向: -0.5193616 , 0 , 0.85455453
2025-12-05 18:45:14.7543 (StateSyncRequestHandler.cs:17) 玩家ID:482736422909116417 移动到新位置: -0.4389409 , 0 , -0.08523011
2025-12-05 18:45:14.8579 (StateSyncRequestHandler.cs:17) 玩家ID:482736422909116417 移动方向: -0.62005293 , 0 , 0.7845599
2025-12-05 18:45:14.8579 (StateSyncRequestHandler.cs:17) 玩家ID:482736422909116417 移动到新位置: -0.5629515 , 0 , 0.07168187
2025-12-05 18:45:14.9545 (StateSyncRequestHandler.cs:17) 玩家ID:482736422909116417 移动方向: -0.8634299 , 0 , 0.5044688
2025-12-05 18:45:14.9545 (StateSyncRequestHandler.cs:17) 玩家ID:482736422909116417 移动到新位置: -0.7356375 , 0 , 0.17257562
2025-12-05 18:45:15.0594 (StateSyncRequestHandler.cs:17) 玩家ID:482736422909116417 移动方向: -0.8714309 , 0 , -0.49051836
2025-12-05 18:45:15.0594 (StateSyncRequestHandler.cs:17) 玩家ID:482736422909116417 移动到新位置: -0.9099237 , 0 , 0.07447196
2025-12-05 18:45:15.1575 (StateSyncRequestHandler.cs:17) 玩家ID:482736422909116417 移动方向: 0.2607384 , 0 , -0.9654095
2025-12-05 18:45:15.1575 (StateSyncRequestHandler.cs:17) 玩家ID:482736422909116417 移动到新位置: -0.857776 , 0 , -0.11860996
2025-12-05 18:45:15.2567 (StateSyncRequestHandler.cs:17) 玩家ID:482736422909116417 移动方向: -0.13944559 , 0 , -0.9902297
2025-12-05 18:45:15.2567 (StateSyncRequestHandler.cs:17) 玩家ID:482736422909116417 移动到新位置: -0.8856651 , 0 , -0.3166559
2025-12-05 18:45:15.3608 (StateSyncRequestHandler.cs:17) 玩家ID:482736422909116417 移动方向: -0.32997614 , 0 , -0.9439893
2025-12-05 18:45:15.3608 (StateSyncRequestHandler.cs:17) 玩家ID:482736422909116417 移动到新位置: -0.95166034 , 0 , -0.50545377
2025-12-05 18:45:15.4570 (StateSyncRequestHandler.cs:17) 玩家ID:482736422909116417 移动方向: -0.40502128 , 0 , -0.9143073
2025-12-05 18:45:15.4570 (StateSyncRequestHandler.cs:17) 玩家ID:482736422909116417 移动到新位置: -1.0326645 , 0 , -0.6883152
2025-12-05 18:45:15.5576 (StateSyncRequestHandler.cs:17) 玩家ID:482736422909116417 移动方向: -0.43153706 , 0 , -0.90209526
2025-12-05 18:45:15.5576 (StateSyncRequestHandler.cs:17) 玩家ID:482736422909116417 移动到新位置: -1.118972 , 0 , -0.86873424
2025-12-05 18:45:15.6599 (StateSyncRequestHandler.cs:17) 玩家ID:482736422909116417 移动方向: -0.43970755 , 0 , -0.89814097
2025-12-05 18:45:15.6599 (StateSyncRequestHandler.cs:17) 玩家ID:482736422909116417 移动到新位置: -1.2069135 , 0 , -1.0483625
2025-12-05 18:45:15.7611 (StateSyncRequestHandler.cs:17) 玩家ID:482736422909116417 移动方向: -0.94694006 , 0 , -0.32141018
2025-12-05 18:45:15.7611 (StateSyncRequestHandler.cs:17) 玩家ID:482736422909116417 移动到新位置: -1.3963015 , 0 , -1.1126446
2025-12-05 18:45:15.8585 (StateSyncRequestHandler.cs:17) 玩家ID:482736422909116417 移动方向: -0.89645165 , 0 , 0.44314155
2025-12-05 18:45:15.8585 (StateSyncRequestHandler.cs:17) 玩家ID:482736422909116417 移动到新位置: -1.5755918 , 0 , -1.0240163
2025-12-05 18:45:15.9615 (StateSyncRequestHandler.cs:17) 玩家ID:482736422909116417 移动方向: -0.89633495 , 0 , 0.44337752
2025-12-05 18:45:15.9615 (StateSyncRequestHandler.cs:17) 玩家ID:482736422909116417 移动到新位置: -1.7548587 , 0 , -0.93534076
2025-12-05 18:45:16.0632 (StateSyncRequestHandler.cs:17) 玩家ID:482736422909116417 移动方向: -0.89630157 , 0 , 0.4434451
2025-12-05 18:45:16.0632 (StateSyncRequestHandler.cs:17) 玩家ID:482736422909116417 移动到新位置: -1.934119 , 0 , -0.84665173
2025-12-05 18:45:16.1526 (StateSyncRequestHandler.cs:17) 玩家ID:482736422909116417 移动方向: -0.32019436 , 0 , 0.9473518
2025-12-05 18:45:16.1526 (StateSyncRequestHandler.cs:17) 玩家ID:482736422909116417 移动到新位置: -1.9981579 , 0 , -0.6571814
2025-12-05 18:45:16.2616 (StateSyncRequestHandler.cs:17) 玩家ID:482736422909116417 移动方向: -0.32018813 , 0 , 0.94735396
2025-12-05 18:45:16.2616 (StateSyncRequestHandler.cs:17) 玩家ID:482736422909116417 移动到新位置: -2.0621955 , 0 , -0.4677106
2025-12-05 18:45:16.3596 (StateSyncRequestHandler.cs:17) 玩家ID:482736422909116417 移动方向: 0.44347325 , 0 , 0.8962876
2025-12-05 18:45:16.3596 (StateSyncRequestHandler.cs:17) 玩家ID:482736422909116417 移动到新位置: -1.9735008 , 0 , -0.2884531
2025-12-05 18:45:16.4620 (StateSyncRequestHandler.cs:17) 玩家ID:482736422909116417 移动方向: 0.44347325 , 0 , 0.8962876
2025-12-05 18:45:16.4620 (StateSyncRequestHandler.cs:17) 玩家ID:482736422909116417 移动到新位置: -1.8848062 , 0 , -0.109195575
2025-12-05 18:45:16.5624 (StateSyncRequestHandler.cs:17) 玩家ID:482736422909116417 移动到新位置: -1.8848062 , 0 , -0.109195575
2025-12-05 18:46:25.7857  收到登录请求
2025-12-05 18:46:25.8128  进入大厅成功，玩家ID:482736422909116417
2025-12-05 18:46:26.9111 (StateSyncRequestHandler.cs:17) 玩家ID:482736422909116417 移动方向: 0 , 0 , -1
2025-12-05 18:46:26.9111 (StateSyncRequestHandler.cs:17) 玩家ID:482736422909116417 移动到新位置: -1.8848062 , 0 , -0.30919558
2025-12-05 18:46:27.0030 (StateSyncRequestHandler.cs:17) 玩家ID:482736422909116417 移动方向: -0.0021551256 , 0 , -0.9999977
2025-12-05 18:46:27.0030 (StateSyncRequestHandler.cs:17) 玩家ID:482736422909116417 移动到新位置: -1.8852372 , 0 , -0.5091951
2025-12-05 18:46:27.1024 (StateSyncRequestHandler.cs:17) 玩家ID:482736422909116417 移动方向: -0.014311285 , 0 , -0.99989754
2025-12-05 18:46:27.1024 (StateSyncRequestHandler.cs:17) 玩家ID:482736422909116417 移动到新位置: -1.8880994 , 0 , -0.70917463
2025-12-05 18:46:27.2121 (StateSyncRequestHandler.cs:17) 玩家ID:482736422909116417 移动方向: -0.022780342 , 0 , -0.99974054
2025-12-05 18:46:27.2121 (StateSyncRequestHandler.cs:17) 玩家ID:482736422909116417 移动到新位置: -1.8926555 , 0 , -0.9091227
2025-12-05 18:46:27.3125 (StateSyncRequestHandler.cs:17) 玩家ID:482736422909116417 移动方向: -0.72507584 , 0 , -0.68866897
2025-12-05 18:46:27.3125 (StateSyncRequestHandler.cs:17) 玩家ID:482736422909116417 移动到新位置: -2.0376706 , 0 , -1.0468565
2025-12-05 18:46:27.4030 (StateSyncRequestHandler.cs:17) 玩家ID:482736422909116417 移动方向: -0.99954903 , 0 , 0.030029058
2025-12-05 18:46:27.4030 (StateSyncRequestHandler.cs:17) 玩家ID:482736422909116417 移动到新位置: -2.2375803 , 0 , -1.0408508
2025-12-05 18:46:27.5016 (StateSyncRequestHandler.cs:17) 玩家ID:482736422909116417 移动方向: -0.65395296 , 0 , 0.7565352
2025-12-05 18:46:27.5016 (StateSyncRequestHandler.cs:17) 玩家ID:482736422909116417 移动到新位置: -2.368371 , 0 , -0.8895437
2025-12-05 18:46:27.6054 (StateSyncRequestHandler.cs:17) 玩家ID:482736422909116417 移动方向: -0.61239386 , 0 , 0.79055285
2025-12-05 18:46:27.6054 (StateSyncRequestHandler.cs:17) 玩家ID:482736422909116417 移动到新位置: -2.4908497 , 0 , -0.73143315
2025-12-05 18:46:27.7022 (StateSyncRequestHandler.cs:17) 玩家ID:482736422909116417 移动方向: -0.5480317 , 0 , 0.8364575
2025-12-05 18:46:27.7022 (StateSyncRequestHandler.cs:17) 玩家ID:482736422909116417 移动到新位置: -2.600456 , 0 , -0.56414163
2025-12-05 18:46:27.8100 (StateSyncRequestHandler.cs:17) 玩家ID:482736422909116417 移动方向: -0.38453484 , 0 , 0.92311037
2025-12-05 18:46:27.8100 (StateSyncRequestHandler.cs:17) 玩家ID:482736422909116417 移动到新位置: -2.677363 , 0 , -0.37951955
2025-12-05 18:46:27.9044 (StateSyncRequestHandler.cs:17) 玩家ID:482736422909116417 移动方向: -0.16687378 , 0 , 0.98597825
2025-12-05 18:46:27.9044 (StateSyncRequestHandler.cs:17) 玩家ID:482736422909116417 移动到新位置: -2.7107377 , 0 , -0.1823239
2025-12-05 18:46:28.0085 (StateSyncRequestHandler.cs:17) 玩家ID:482736422909116417 移动方向: -0.71872973 , 0 , 0.6952896
2025-12-05 18:46:28.0085 (StateSyncRequestHandler.cs:17) 玩家ID:482736422909116417 移动到新位置: -2.8544836 , 0 , -0.043265983
2025-12-05 18:46:28.1037 (StateSyncRequestHandler.cs:17) 玩家ID:482736422909116417 移动方向: -0.99909514 , 0 , 0.04253021
2025-12-05 18:46:28.1037 (StateSyncRequestHandler.cs:17) 玩家ID:482736422909116417 移动到新位置: -3.0543027 , 0 , -0.034759942
2025-12-05 18:46:28.2166 (StateSyncRequestHandler.cs:17) 玩家ID:482736422909116417 移动方向: -0.654991 , 0 , 0.75563675
2025-12-05 18:46:28.2166 (StateSyncRequestHandler.cs:17) 玩家ID:482736422909116417 移动到新位置: -3.1853008 , 0 , 0.1163674
2025-12-05 18:46:28.3052 (StateSyncRequestHandler.cs:17) 玩家ID:482736422909116417 移动方向: -0.64408684 , 0 , 0.76495236
2025-12-05 18:46:28.3052 (StateSyncRequestHandler.cs:17) 玩家ID:482736422909116417 移动到新位置: -3.378527 , 0 , 0.3458531
2025-12-05 18:46:28.4055 (StateSyncRequestHandler.cs:17) 玩家ID:482736422909116417 移动方向: 0.11743823 , 0 , 0.99308026
2025-12-05 18:46:28.4055 (StateSyncRequestHandler.cs:17) 玩家ID:482736422909116417 移动到新位置: -3.3432956 , 0 , 0.64377713
2025-12-05 18:46:28.5115 (StateSyncRequestHandler.cs:17) 玩家ID:482736422909116417 移动方向: 0.81623393 , 0 , 0.5777215
2025-12-05 18:46:28.5115 (StateSyncRequestHandler.cs:17) 玩家ID:482736422909116417 移动到新位置: -3.0984254 , 0 , 0.81709355
2025-12-05 18:46:28.6032 (StateSyncRequestHandler.cs:17) 玩家ID:482736422909116417 移动方向: 0.84265226 , 0 , 0.53845805
2025-12-05 18:46:28.6032 (StateSyncRequestHandler.cs:17) 玩家ID:482736422909116417 移动到新位置: -2.8456297 , 0 , 0.97863096
2025-12-05 18:46:28.7102 (StateSyncRequestHandler.cs:17) 玩家ID:482736422909116417 移动方向: 0.85959476 , 0 , 0.5109763
2025-12-05 18:46:28.7102 (StateSyncRequestHandler.cs:17) 玩家ID:482736422909116417 移动到新位置: -2.5877514 , 0 , 1.1319239
2025-12-05 18:46:28.8109 (StateSyncRequestHandler.cs:17) 玩家ID:482736422909116417 移动方向: 0.86555904 , 0 , 0.5008069
2025-12-05 18:46:28.8109 (StateSyncRequestHandler.cs:17) 玩家ID:482736422909116417 移动到新位置: -2.3280838 , 0 , 1.282166
2025-12-05 18:46:28.9030 (StateSyncRequestHandler.cs:17) 玩家ID:482736422909116417 移动方向: 0.8675173 , 0 , 0.497407
2025-12-05 18:46:28.9030 (StateSyncRequestHandler.cs:17) 玩家ID:482736422909116417 移动到新位置: -2.0678287 , 0 , 1.4313881
2025-12-05 18:46:29.0098 (StateSyncRequestHandler.cs:17) 玩家ID:482736422909116417 移动方向: 0.86832285 , 0 , 0.4959995
2025-12-05 18:46:29.0098 (StateSyncRequestHandler.cs:17) 玩家ID:482736422909116417 移动到新位置: -1.8073318 , 0 , 1.580188
2025-12-05 18:46:29.1122 (StateSyncRequestHandler.cs:17) 玩家ID:482736422909116417 移动方向: 0.868536 , 0 , 0.49562603
2025-12-05 18:46:29.1122 (StateSyncRequestHandler.cs:17) 玩家ID:482736422909116417 移动到新位置: -1.546771 , 0 , 1.7288759
2025-12-05 18:46:29.2032 (StateSyncRequestHandler.cs:17) 玩家ID:482736422909116417 移动方向: -0.49475074 , 0 , 0.86903495
2025-12-05 18:46:29.2032 (StateSyncRequestHandler.cs:17) 玩家ID:482736422909116417 移动到新位置: -1.6951963 , 0 , 1.9895864
2025-12-05 18:46:29.3014 (StateSyncRequestHandler.cs:17) 玩家ID:482736422909116417 移动方向: -0.4088058 , 0 , 0.91262144
2025-12-05 18:46:29.3014 (StateSyncRequestHandler.cs:17) 玩家ID:482736422909116417 移动到新位置: -1.817838 , 0 , 2.263373
2025-12-05 18:46:29.4031 (StateSyncRequestHandler.cs:17) 玩家ID:482736422909116417 移动方向: -0.788943 , 0 , 0.6144665
2025-12-05 18:46:29.4031 (StateSyncRequestHandler.cs:17) 玩家ID:482736422909116417 移动到新位置: -2.0545208 , 0 , 2.447713
2025-12-05 18:46:29.5031 (StateSyncRequestHandler.cs:17) 玩家ID:482736422909116417 移动方向: -0.5825207 , 0 , 0.8128158
2025-12-05 18:46:29.5031 (StateSyncRequestHandler.cs:17) 玩家ID:482736422909116417 移动到新位置: -2.2292771 , 0 , 2.6915576
2025-12-05 18:46:29.6102 (StateSyncRequestHandler.cs:17) 玩家ID:482736422909116417 移动方向: -0.40965557 , 0 , 0.9122402
2025-12-05 18:46:29.6102 (StateSyncRequestHandler.cs:17) 玩家ID:482736422909116417 移动到新位置: -2.3521738 , 0 , 2.9652297
2025-12-05 18:46:29.7006 (StateSyncRequestHandler.cs:17) 玩家ID:482736422909116417 移动方向: 0.46363026 , 0 , 0.8860288
2025-12-05 18:46:29.7006 (StateSyncRequestHandler.cs:17) 玩家ID:482736422909116417 移动到新位置: -2.2130847 , 0 , 3.2310383
2025-12-05 18:46:29.8026 (StateSyncRequestHandler.cs:17) 玩家ID:482736422909116417 移动方向: 0.5247566 , 0 , 0.8512524
2025-12-05 18:46:29.8026 (StateSyncRequestHandler.cs:17) 玩家ID:482736422909116417 移动到新位置: -2.0556576 , 0 , 3.486414
2025-12-05 18:46:29.9029 (StateSyncRequestHandler.cs:17) 玩家ID:482736422909116417 移动方向: 0.55543196 , 0 , 0.8315619
2025-12-05 18:46:29.9029 (StateSyncRequestHandler.cs:17) 玩家ID:482736422909116417 移动到新位置: -1.8890281 , 0 , 3.7358825
2025-12-05 18:46:30.0034 (StateSyncRequestHandler.cs:17) 玩家ID:482736422909116417 移动方向: 0.5698971 , 0 , 0.82171607
2025-12-05 18:46:30.0034 (StateSyncRequestHandler.cs:17) 玩家ID:482736422909116417 移动到新位置: -1.718059 , 0 , 3.9823973
2025-12-05 18:46:30.1015 (StateSyncRequestHandler.cs:17) 玩家ID:482736422909116417 移动方向: 0.57702506 , 0 , 0.8167264
2025-12-05 18:46:30.1015 (StateSyncRequestHandler.cs:17) 玩家ID:482736422909116417 移动到新位置: -1.5449514 , 0 , 4.227415
2025-12-05 18:46:30.2117 (StateSyncRequestHandler.cs:17) 玩家ID:482736422909116417 移动方向: 0.58539 , 0 , 0.8107519
2025-12-05 18:46:30.2117 (StateSyncRequestHandler.cs:17) 玩家ID:482736422909116417 移动到新位置: -1.3693345 , 0 , 4.4706407
2025-12-05 18:46:30.3088 (StateSyncRequestHandler.cs:17) 玩家ID:482736422909116417 移动方向: 0.5979602 , 0 , 0.80152583
2025-12-05 18:46:30.3088 (StateSyncRequestHandler.cs:17) 玩家ID:482736422909116417 移动到新位置: -1.1899464 , 0 , 4.711098
2025-12-05 18:46:30.4043 (StateSyncRequestHandler.cs:17) 玩家ID:482736422909116417 移动方向: 0.60972214 , 0 , 0.7926153
2025-12-05 18:46:30.4043 (StateSyncRequestHandler.cs:17) 玩家ID:482736422909116417 移动到新位置: -1.0070298 , 0 , 4.9488826
2025-12-05 18:46:30.5069 (StateSyncRequestHandler.cs:17) 玩家ID:482736422909116417 移动方向: 0.61713445 , 0 , 0.7868577
2025-12-05 18:46:30.5069 (StateSyncRequestHandler.cs:17) 玩家ID:482736422909116417 移动到新位置: -0.82188946 , 0 , 5.18494
2025-12-05 18:46:30.6046 (StateSyncRequestHandler.cs:17) 玩家ID:482736422909116417 移动方向: 0.6203418 , 0 , 0.78433156
2025-12-05 18:46:30.6046 (StateSyncRequestHandler.cs:17) 玩家ID:482736422909116417 移动到新位置: -0.63578695 , 0 , 5.4202394
2025-12-05 18:46:30.7034 (StateSyncRequestHandler.cs:17) 玩家ID:482736422909116417 移动方向: 0.62156117 , 0 , 0.78336567
2025-12-05 18:46:30.7034 (StateSyncRequestHandler.cs:17) 玩家ID:482736422909116417 移动到新位置: -0.4493186 , 0 , 5.655249
2025-12-05 18:46:30.8093 (StateSyncRequestHandler.cs:17) 玩家ID:482736422909116417 移动方向: 0.9934751 , 0 , 0.114049226
2025-12-05 18:46:30.8093 (StateSyncRequestHandler.cs:17) 玩家ID:482736422909116417 移动到新位置: -0.15127608 , 0 , 5.689464
2025-12-05 18:46:30.9105 (StateSyncRequestHandler.cs:17) 玩家ID:482736422909116417 移动方向: 0.8124443 , 0 , -0.58303875
2025-12-05 18:46:30.9105 (StateSyncRequestHandler.cs:17) 玩家ID:482736422909116417 移动到新位置: 0.092457205 , 0 , 5.5145526
2025-12-05 18:46:31.0063 (StateSyncRequestHandler.cs:17) 玩家ID:482736422909116417 移动方向: 0.8836526 , 0 , -0.46814325
2025-12-05 18:46:31.0063 (StateSyncRequestHandler.cs:17) 玩家ID:482736422909116417 移动到新位置: 0.357553 , 0 , 5.3741097
2025-12-05 18:46:31.1056 (StateSyncRequestHandler.cs:17) 玩家ID:482736422909116417 移动方向: 0.9211941 , 0 , -0.3891034
2025-12-05 18:46:31.1056 (StateSyncRequestHandler.cs:17) 玩家ID:482736422909116417 移动到新位置: 0.63391125 , 0 , 5.2573786
2025-12-05 18:46:31.2018 (StateSyncRequestHandler.cs:17) 玩家ID:482736422909116417 移动方向: 0.93430907 , 0 , -0.35646385
2025-12-05 18:46:31.2018 (StateSyncRequestHandler.cs:17) 玩家ID:482736422909116417 移动到新位置: 0.914204 , 0 , 5.1504393
2025-12-05 18:46:31.3070 (StateSyncRequestHandler.cs:17) 玩家ID:482736422909116417 移动方向: 0.938723 , 0 , -0.34467247
2025-12-05 18:46:31.3070 (StateSyncRequestHandler.cs:17) 玩家ID:482736422909116417 移动到新位置: 1.1958209 , 0 , 5.0470376
2025-12-05 18:46:31.4137 (StateSyncRequestHandler.cs:17) 玩家ID:482736422909116417 移动方向: 0.9402229 , 0 , -0.34055957
2025-12-05 18:46:31.4137 (StateSyncRequestHandler.cs:17) 玩家ID:482736422909116417 移动到新位置: 1.4778877 , 0 , 4.9448695
2025-12-05 18:46:31.5113 (StateSyncRequestHandler.cs:17) 玩家ID:482736422909116417 移动方向: 0.9406824 , 0 , -0.33928853
2025-12-05 18:46:31.5113 (StateSyncRequestHandler.cs:17) 玩家ID:482736422909116417 移动到新位置: 1.7600925 , 0 , 4.843083
2025-12-05 18:46:31.6019 (StateSyncRequestHandler.cs:17) 玩家ID:482736422909116417 移动方向: 0.94081926 , 0 , -0.3389086
2025-12-05 18:46:31.6019 (StateSyncRequestHandler.cs:17) 玩家ID:482736422909116417 移动到新位置: 2.0423384 , 0 , 4.7414103
2025-12-05 18:46:31.7140 (StateSyncRequestHandler.cs:17) 玩家ID:482736422909116417 移动方向: 0.94086355 , 0 , -0.33878565
2025-12-05 18:46:31.7140 (StateSyncRequestHandler.cs:17) 玩家ID:482736422909116417 移动到新位置: 2.3245974 , 0 , 4.639775
2025-12-05 18:46:31.8070 (StateSyncRequestHandler.cs:17) 玩家ID:482736422909116417 移动方向: 0.9408758 , 0 , -0.33875152
2025-12-05 18:46:31.8070 (StateSyncRequestHandler.cs:17) 玩家ID:482736422909116417 移动到新位置: 2.6068602 , 0 , 4.5381494
2025-12-05 18:46:31.9018 (StateSyncRequestHandler.cs:17) 玩家ID:482736422909116417 移动方向: 0.9519566 , 0 , -0.30623293
2025-12-05 18:46:31.9018 (StateSyncRequestHandler.cs:17) 玩家ID:482736422909116417 移动到新位置: 2.8924472 , 0 , 4.4462795
2025-12-05 18:46:32.0047 (StateSyncRequestHandler.cs:17) 玩家ID:482736422909116417 移动方向: 0.998412 , 0 , 0.056333873
2025-12-05 18:46:32.0047 (StateSyncRequestHandler.cs:17) 玩家ID:482736422909116417 移动到新位置: 3.1919708 , 0 , 4.4631796
2025-12-05 18:46:32.1090 (StateSyncRequestHandler.cs:17) 玩家ID:482736422909116417 移动方向: 0.8911104 , 0 , 0.45378658
2025-12-05 18:46:32.1090 (StateSyncRequestHandler.cs:17) 玩家ID:482736422909116417 移动到新位置: 3.4593039 , 0 , 4.5993156
2025-12-05 18:46:32.2022 (StateSyncRequestHandler.cs:17) 玩家ID:482736422909116417 移动方向: 0.7903162 , 0 , 0.6126992
2025-12-05 18:46:32.2022 (StateSyncRequestHandler.cs:17) 玩家ID:482736422909116417 移动到新位置: 3.6963987 , 0 , 4.7831254
2025-12-05 18:46:32.3071 (StateSyncRequestHandler.cs:17) 玩家ID:482736422909116417 移动方向: 0.74220395 , 0 , 0.6701741
2025-12-05 18:46:32.3071 (StateSyncRequestHandler.cs:17) 玩家ID:482736422909116417 移动到新位置: 3.91906 , 0 , 4.9841776
2025-12-05 18:46:32.4055 (StateSyncRequestHandler.cs:17) 玩家ID:482736422909116417 移动方向: 0.024124771 , 0 , 0.9997089
2025-12-05 18:46:32.4055 (StateSyncRequestHandler.cs:17) 玩家ID:482736422909116417 移动到新位置: 3.9262974 , 0 , 5.28409
2025-12-05 18:46:32.5051 (StateSyncRequestHandler.cs:17) 玩家ID:482736422909116417 移动方向: 0.7180593 , 0 , 0.6959819
2025-12-05 18:46:32.5051 (StateSyncRequestHandler.cs:17) 玩家ID:482736422909116417 移动到新位置: 4.141715 , 0 , 5.4928846
2025-12-05 18:46:32.6057 (StateSyncRequestHandler.cs:17) 玩家ID:482736422909116417 移动方向: 0.7162082 , 0 , 0.6978867
2025-12-05 18:46:32.6057 (StateSyncRequestHandler.cs:17) 玩家ID:482736422909116417 移动到新位置: 4.3565774 , 0 , 5.7022505
2025-12-05 18:46:32.7069 (StateSyncRequestHandler.cs:17) 玩家ID:482736422909116417 移动方向: 0.7156316 , 0 , 0.6984779
2025-12-05 18:46:32.7069 (StateSyncRequestHandler.cs:17) 玩家ID:482736422909116417 移动到新位置: 4.5712667 , 0 , 5.9117937
2025-12-05 18:46:32.8051 (StateSyncRequestHandler.cs:17) 玩家ID:482736422909116417 移动方向: 0.71546036 , 0 , 0.69865334
2025-12-05 18:46:32.8051 (StateSyncRequestHandler.cs:17) 玩家ID:482736422909116417 移动到新位置: 4.785905 , 0 , 6.12139
2025-12-05 18:46:32.9045 (StateSyncRequestHandler.cs:17) 玩家ID:482736422909116417 移动方向: 0.71568245 , 0 , 0.6984258
2025-12-05 18:46:32.9045 (StateSyncRequestHandler.cs:17) 玩家ID:482736422909116417 移动到新位置: 5.0006094 , 0 , 6.330918
2025-12-05 18:46:33.0068 (StateSyncRequestHandler.cs:17) 玩家ID:482736422909116417 移动方向: 0.74096787 , 0 , 0.67154056
2025-12-05 18:46:33.0068 (StateSyncRequestHandler.cs:17) 玩家ID:482736422909116417 移动到新位置: 5.2229 , 0 , 6.53238
2025-12-05 18:46:33.1069 (StateSyncRequestHandler.cs:17) 玩家ID:482736422909116417 移动方向: 0.87244827 , 0 , 0.4887065
2025-12-05 18:46:33.1069 (StateSyncRequestHandler.cs:17) 玩家ID:482736422909116417 移动到新位置: 5.4846344 , 0 , 6.6789923
2025-12-05 18:46:33.2074 (StateSyncRequestHandler.cs:17) 玩家ID:482736422909116417 移动方向: 0.9947444 , 0 , -0.10238882
2025-12-05 18:46:33.2074 (StateSyncRequestHandler.cs:17) 玩家ID:482736422909116417 移动到新位置: 5.7830577 , 0 , 6.648276
2025-12-05 18:46:33.3090 (StateSyncRequestHandler.cs:17) 玩家ID:482736422909116417 移动方向: 0.7603043 , 0 , -0.6495671
2025-12-05 18:46:33.3090 (StateSyncRequestHandler.cs:17) 玩家ID:482736422909116417 移动到新位置: 6.011149 , 0 , 6.453406
2025-12-05 18:46:33.4086 (StateSyncRequestHandler.cs:17) 玩家ID:482736422909116417 移动方向: 0.5171962 , 0 , -0.8558669
2025-12-05 18:46:33.4086 (StateSyncRequestHandler.cs:17) 玩家ID:482736422909116417 移动到新位置: 6.166308 , 0 , 6.1966457
2025-12-05 18:46:33.5089 (StateSyncRequestHandler.cs:17) 玩家ID:482736422909116417 移动方向: 0.40393323 , 0 , -0.9147885
2025-12-05 18:46:33.5089 (StateSyncRequestHandler.cs:17) 玩家ID:482736422909116417 移动到新位置: 6.287488 , 0 , 5.9222093
2025-12-05 18:46:33.6083 (StateSyncRequestHandler.cs:17) 玩家ID:482736422909116417 移动方向: 0.30917776 , 0 , -0.95100427
2025-12-05 18:46:33.6083 (StateSyncRequestHandler.cs:17) 玩家ID:482736422909116417 移动到新位置: 6.3802414 , 0 , 5.636908
2025-12-05 18:46:33.7059 (StateSyncRequestHandler.cs:17) 玩家ID:482736422909116417 移动方向: 0.13672227 , 0 , -0.9906094
2025-12-05 18:46:33.7059 (StateSyncRequestHandler.cs:17) 玩家ID:482736422909116417 移动到新位置: 6.421258 , 0 , 5.3397255
2025-12-05 18:46:33.8096 (StateSyncRequestHandler.cs:17) 玩家ID:482736422909116417 移动方向: -0.19292447 , 0 , -0.9812136
2025-12-05 18:46:33.8096 (StateSyncRequestHandler.cs:17) 玩家ID:482736422909116417 移动到新位置: 6.3633804 , 0 , 5.0453615
2025-12-05 18:46:33.9014 (StateSyncRequestHandler.cs:17) 玩家ID:482736422909116417 移动方向: -0.46384013 , 0 , -0.8859189
2025-12-05 18:46:33.9014 (StateSyncRequestHandler.cs:17) 玩家ID:482736422909116417 移动到新位置: 6.2242284 , 0 , 4.779586
2025-12-05 18:46:34.0096 (StateSyncRequestHandler.cs:17) 玩家ID:482736422909116417 移动方向: -0.6126381 , 0 , -0.7903636
2025-12-05 18:46:34.0096 (StateSyncRequestHandler.cs:17) 玩家ID:482736422909116417 移动到新位置: 6.0404367 , 0 , 4.5424767
2025-12-05 18:46:34.1173 (StateSyncRequestHandler.cs:17) 玩家ID:482736422909116417 移动方向: -0.65553766 , 0 , -0.7551625
2025-12-05 18:46:34.1173 (StateSyncRequestHandler.cs:17) 玩家ID:482736422909116417 移动到新位置: 5.8437753 , 0 , 4.315928
2025-12-05 18:46:34.2020 (StateSyncRequestHandler.cs:17) 玩家ID:482736422909116417 移动方向: -0.6530161 , 0 , -0.757344
2025-12-05 18:46:34.2020 (StateSyncRequestHandler.cs:17) 玩家ID:482736422909116417 移动到新位置: 5.6478705 , 0 , 4.0887246
2025-12-05 18:46:34.3019 (StateSyncRequestHandler.cs:17) 玩家ID:482736422909116417 移动方向: -0.5167843 , 0 , -0.8561156
2025-12-05 18:46:34.3019 (StateSyncRequestHandler.cs:17) 玩家ID:482736422909116417 移动到新位置: 5.492835 , 0 , 3.8318899
2025-12-05 18:46:34.4033 (StateSyncRequestHandler.cs:17) 玩家ID:482736422909116417 移动方向: -0.2581622 , 0 , -0.9661016
2025-12-05 18:46:34.4033 (StateSyncRequestHandler.cs:17) 玩家ID:482736422909116417 移动到新位置: 5.415386 , 0 , 3.5420594
2025-12-05 18:46:34.5036 (StateSyncRequestHandler.cs:17) 玩家ID:482736422909116417 移动方向: -0.090190545 , 0 , -0.99592453
2025-12-05 18:46:34.5036 (StateSyncRequestHandler.cs:17) 玩家ID:482736422909116417 移动到新位置: 5.388329 , 0 , 3.243282
2025-12-05 18:46:34.6031 (StateSyncRequestHandler.cs:17) 玩家ID:482736422909116417 移动方向: -0.01502275 , 0 , -0.99988717
2025-12-05 18:46:34.6031 (StateSyncRequestHandler.cs:17) 玩家ID:482736422909116417 移动到新位置: 5.3838224 , 0 , 2.943316
2025-12-05 18:46:34.7034 (StateSyncRequestHandler.cs:17) 玩家ID:482736422909116417 移动方向: 0.01044913 , 0 , -0.9999454
2025-12-05 18:46:34.7034 (StateSyncRequestHandler.cs:17) 玩家ID:482736422909116417 移动到新位置: 5.386957 , 0 , 2.6433325
2025-12-05 18:46:34.8032 (StateSyncRequestHandler.cs:17) 玩家ID:482736422909116417 移动方向: 0.019519432 , 0 , -0.9998095
2025-12-05 18:46:34.8032 (StateSyncRequestHandler.cs:17) 玩家ID:482736422909116417 移动到新位置: 5.392813 , 0 , 2.3433895
2025-12-05 18:46:34.9030 (StateSyncRequestHandler.cs:17) 玩家ID:482736422909116417 移动方向: 0.022315947 , 0 , -0.999751
2025-12-05 18:46:34.9030 (StateSyncRequestHandler.cs:17) 玩家ID:482736422909116417 移动到新位置: 5.399508 , 0 , 2.0434642
2025-12-05 18:46:35.0111 (StateSyncRequestHandler.cs:17) 玩家ID:482736422909116417 移动方向: 0.023218602 , 0 , -0.9997304
2025-12-05 18:46:35.0111 (StateSyncRequestHandler.cs:17) 玩家ID:482736422909116417 移动到新位置: 5.4064736 , 0 , 1.743545
2025-12-05 18:46:35.1030 (StateSyncRequestHandler.cs:17) 玩家ID:482736422909116417 移动方向: 0.02344837 , 0 , -0.99972504
2025-12-05 18:46:35.1030 (StateSyncRequestHandler.cs:17) 玩家ID:482736422909116417 移动到新位置: 5.413508 , 0 , 1.4436276
2025-12-05 18:46:35.2031 (StateSyncRequestHandler.cs:17) 玩家ID:482736422909116417 移动方向: 0.02509536 , 0 , -0.99968505
2025-12-05 18:46:35.2031 (StateSyncRequestHandler.cs:17) 玩家ID:482736422909116417 移动到新位置: 5.4210367 , 0 , 1.143722
2025-12-05 18:46:35.3033 (StateSyncRequestHandler.cs:17) 玩家ID:482736422909116417 移动方向: 0.12091368 , 0 , -0.992663
2025-12-05 18:46:35.3033 (StateSyncRequestHandler.cs:17) 玩家ID:482736422909116417 移动到新位置: 5.4573107 , 0 , 0.8459232
2025-12-05 18:46:35.4031 (StateSyncRequestHandler.cs:17) 玩家ID:482736422909116417 移动方向: 0.36866033 , 0 , -0.9295642
2025-12-05 18:46:35.4031 (StateSyncRequestHandler.cs:17) 玩家ID:482736422909116417 移动到新位置: 5.567909 , 0 , 0.5670539
2025-12-05 18:46:35.5105 (StateSyncRequestHandler.cs:17) 玩家ID:482736422909116417 移动方向: 0.50848544 , 0 , -0.86107063
2025-12-05 18:46:35.5105 (StateSyncRequestHandler.cs:17) 玩家ID:482736422909116417 移动到新位置: 5.720454 , 0 , 0.30873275
2025-12-05 18:46:35.6052 (StateSyncRequestHandler.cs:17) 玩家ID:482736422909116417 移动方向: 0.5557084 , 0 , -0.83137727
2025-12-05 18:46:35.6052 (StateSyncRequestHandler.cs:17) 玩家ID:482736422909116417 移动到新位置: 5.887167 , 0 , 0.059319586
2025-12-05 18:46:35.7045 (StateSyncRequestHandler.cs:17) 玩家ID:482736422909116417 移动方向: 0.5752527 , 0 , -0.81797576
2025-12-05 18:46:35.7045 (StateSyncRequestHandler.cs:17) 玩家ID:482736422909116417 移动到新位置: 6.059743 , 0 , -0.18607315
2025-12-05 18:46:35.8056 (StateSyncRequestHandler.cs:17) 玩家ID:482736422909116417 移动方向: 0.58168215 , 0 , -0.81341624
2025-12-05 18:46:35.8056 (StateSyncRequestHandler.cs:17) 玩家ID:482736422909116417 移动到新位置: 6.2342477 , 0 , -0.430098
2025-12-05 18:46:35.9037 (StateSyncRequestHandler.cs:17) 玩家ID:482736422909116417 移动方向: 0.5832211 , 0 , -0.81231344
2025-12-05 18:46:35.9037 (StateSyncRequestHandler.cs:17) 玩家ID:482736422909116417 移动到新位置: 6.409214 , 0 , -0.673792
2025-12-05 18:46:36.0063 (StateSyncRequestHandler.cs:17) 玩家ID:482736422909116417 移动方向: 0.5450413 , 0 , -0.8384092
2025-12-05 18:46:36.0063 (StateSyncRequestHandler.cs:17) 玩家ID:482736422909116417 移动到新位置: 6.5727262 , 0 , -0.9253148
2025-12-05 18:46:36.1056 (StateSyncRequestHandler.cs:17) 玩家ID:482736422909116417 移动方向: 0.47054103 , 0 , -0.88237816
2025-12-05 18:46:36.1056 (StateSyncRequestHandler.cs:17) 玩家ID:482736422909116417 移动到新位置: 6.7138886 , 0 , -1.1900282
2025-12-05 18:46:36.2015 (StateSyncRequestHandler.cs:17) 玩家ID:482736422909116417 移动方向: 0.4274973 , 0 , -0.9040166
2025-12-05 18:46:36.2015 (StateSyncRequestHandler.cs:17) 玩家ID:482736422909116417 移动到新位置: 6.842138 , 0 , -1.4612331
2025-12-05 18:46:36.3102 (StateSyncRequestHandler.cs:17) 玩家ID:482736422909116417 移动方向: 0.41014263 , 0 , -0.91202146
2025-12-05 18:46:36.3102 (StateSyncRequestHandler.cs:17) 玩家ID:482736422909116417 移动到新位置: 6.9651804 , 0 , -1.7348396
2025-12-05 18:46:36.4033 (StateSyncRequestHandler.cs:17) 玩家ID:482736422909116417 移动方向: 0.40371624 , 0 , -0.91488427
2025-12-05 18:46:36.4033 (StateSyncRequestHandler.cs:17) 玩家ID:482736422909116417 移动到新位置: 7.086295 , 0 , -2.0093048
2025-12-05 18:46:36.5139 (StateSyncRequestHandler.cs:17) 玩家ID:482736422909116417 移动方向: 0.40157115 , 0 , -0.9158278
2025-12-05 18:46:36.5139 (StateSyncRequestHandler.cs:17) 玩家ID:482736422909116417 移动到新位置: 7.2067666 , 0 , -2.284053
2025-12-05 18:46:36.6095 (StateSyncRequestHandler.cs:17) 玩家ID:482736422909116417 移动方向: 0.32791692 , 0 , -0.94470656
2025-12-05 18:46:36.6095 (StateSyncRequestHandler.cs:17) 玩家ID:482736422909116417 移动到新位置: 7.3051414 , 0 , -2.567465
2025-12-05 18:46:36.7035 (StateSyncRequestHandler.cs:17) 玩家ID:482736422909116417 移动方向: -0.043959364 , 0 , -0.99903333
2025-12-05 18:46:36.7035 (StateSyncRequestHandler.cs:17) 玩家ID:482736422909116417 移动到新位置: 7.2919536 , 0 , -2.867175
2025-12-05 18:46:36.8051 (StateSyncRequestHandler.cs:17) 玩家ID:482736422909116417 移动方向: -0.47806045 , 0 , -0.8783269
2025-12-05 18:46:36.8051 (StateSyncRequestHandler.cs:17) 玩家ID:482736422909116417 移动到新位置: 7.1485353 , 0 , -3.1306732
2025-12-05 18:46:36.9056 (StateSyncRequestHandler.cs:17) 玩家ID:482736422909116417 移动方向: -0.6578502 , 0 , -0.75314885
2025-12-05 18:46:36.9056 (StateSyncRequestHandler.cs:17) 玩家ID:482736422909116417 移动到新位置: 6.95118 , 0 , -3.356618
2025-12-05 18:46:37.0041 (StateSyncRequestHandler.cs:17) 玩家ID:482736422909116417 移动方向: -0.7197526 , 0 , -0.6942306
2025-12-05 18:46:37.0041 (StateSyncRequestHandler.cs:17) 玩家ID:482736422909116417 移动到新位置: 6.7352543 , 0 , -3.564887
2025-12-05 18:46:37.1129 (StateSyncRequestHandler.cs:17) 玩家ID:482736422909116417 移动方向: -0.7667784 , 0 , -0.64191186
2025-12-05 18:46:37.1129 (StateSyncRequestHandler.cs:17) 玩家ID:482736422909116417 移动到新位置: 6.505221 , 0 , -3.7574606
2025-12-05 18:46:37.2027 (StateSyncRequestHandler.cs:17) 玩家ID:482736422909116417 移动方向: -0.8297898 , 0 , -0.5580761
2025-12-05 18:46:37.2027 (StateSyncRequestHandler.cs:17) 玩家ID:482736422909116417 移动到新位置: 6.2562838 , 0 , -3.9248834
2025-12-05 18:46:37.3051 (StateSyncRequestHandler.cs:17) 玩家ID:482736422909116417 移动方向: -0.86332124 , 0 , -0.5046548
2025-12-05 18:46:37.3051 (StateSyncRequestHandler.cs:17) 玩家ID:482736422909116417 移动到新位置: 5.9972873 , 0 , -4.0762796
2025-12-05 18:46:37.4107 (StateSyncRequestHandler.cs:17) 玩家ID:482736422909116417 移动方向: -0.8754396 , 0 , -0.48332754
2025-12-05 18:46:37.4107 (StateSyncRequestHandler.cs:17) 玩家ID:482736422909116417 移动到新位置: 5.7346554 , 0 , -4.2212777
2025-12-05 18:46:37.5086 (StateSyncRequestHandler.cs:17) 玩家ID:482736422909116417 移动方向: -0.87987727 , 0 , -0.47520098
2025-12-05 18:46:37.5086 (StateSyncRequestHandler.cs:17) 玩家ID:482736422909116417 移动到新位置: 5.470692 , 0 , -4.363838
2025-12-05 18:46:37.6075 (StateSyncRequestHandler.cs:17) 玩家ID:482736422909116417 移动方向: -0.88128364 , 0 , -0.47258767
2025-12-05 18:46:37.6075 (StateSyncRequestHandler.cs:17) 玩家ID:482736422909116417 移动到新位置: 5.206307 , 0 , -4.5056143
2025-12-05 18:46:37.7042 (StateSyncRequestHandler.cs:17) 玩家ID:482736422909116417 移动方向: -0.8817195 , 0 , -0.471774
2025-12-05 18:46:37.7042 (StateSyncRequestHandler.cs:17) 玩家ID:482736422909116417 移动到新位置: 4.941791 , 0 , -4.6471467
2025-12-05 18:46:37.8031 (StateSyncRequestHandler.cs:17) 玩家ID:482736422909116417 移动方向: -0.8818616 , 0 , -0.47150823
2025-12-05 18:46:37.8031 (StateSyncRequestHandler.cs:17) 玩家ID:482736422909116417 移动到新位置: 4.6772327 , 0 , -4.788599
2025-12-05 18:46:37.9045 (StateSyncRequestHandler.cs:17) 玩家ID:482736422909116417 移动方向: -0.8819033 , 0 , -0.47143036
2025-12-05 18:46:37.9045 (StateSyncRequestHandler.cs:17) 玩家ID:482736422909116417 移动到新位置: 4.4126616 , 0 , -4.930028
2025-12-05 18:46:38.0067 (StateSyncRequestHandler.cs:17) 玩家ID:482736422909116417 移动方向: -0.88191587 , 0 , -0.47140685
2025-12-05 18:46:38.0067 (StateSyncRequestHandler.cs:17) 玩家ID:482736422909116417 移动到新位置: 4.148087 , 0 , -5.07145
2025-12-05 18:46:38.1032 (StateSyncRequestHandler.cs:17) 玩家ID:482736422909116417 移动方向: -0.88191944 , 0 , -0.47140008
2025-12-05 18:46:38.1032 (StateSyncRequestHandler.cs:17) 玩家ID:482736422909116417 移动到新位置: 3.883511 , 0 , -5.21287
2025-12-05 18:46:38.2096 (StateSyncRequestHandler.cs:17) 玩家ID:482736422909116417 移动方向: -0.8830375 , 0 , -0.4693024
2025-12-05 18:46:38.2096 (StateSyncRequestHandler.cs:17) 玩家ID:482736422909116417 移动到新位置: 3.6186 , 0 , -5.353661
2025-12-05 18:46:38.3031 (StateSyncRequestHandler.cs:17) 玩家ID:482736422909116417 移动方向: -0.91828674 , 0 , -0.395916
2025-12-05 18:46:38.3031 (StateSyncRequestHandler.cs:17) 玩家ID:482736422909116417 移动到新位置: 3.343114 , 0 , -5.472436
2025-12-05 18:46:38.4073 (StateSyncRequestHandler.cs:17) 玩家ID:482736422909116417 移动方向: -0.9636063 , 0 , -0.26732552
2025-12-05 18:46:38.4073 (StateSyncRequestHandler.cs:17) 玩家ID:482736422909116417 移动到新位置: 3.054032 , 0 , -5.552634
2025-12-05 18:46:38.5051 (StateSyncRequestHandler.cs:17) 玩家ID:482736422909116417 移动方向: -0.9821016 , 0 , -0.18835182
2025-12-05 18:46:38.5051 (StateSyncRequestHandler.cs:17) 玩家ID:482736422909116417 移动到新位置: 2.7594016 , 0 , -5.6091394
2025-12-05 18:46:38.6082 (StateSyncRequestHandler.cs:17) 玩家ID:482736422909116417 移动方向: -0.9959651 , 0 , -0.08974103
2025-12-05 18:46:38.6082 (StateSyncRequestHandler.cs:17) 玩家ID:482736422909116417 移动到新位置: 2.460612 , 0 , -5.6360617
2025-12-05 18:46:38.7052 (StateSyncRequestHandler.cs:17) 玩家ID:482736422909116417 移动方向: -0.9999378 , 0 , -0.011160127
2025-12-05 18:46:38.7052 (StateSyncRequestHandler.cs:17) 玩家ID:482736422909116417 移动到新位置: 2.1606307 , 0 , -5.6394095
2025-12-05 18:46:38.8066 (StateSyncRequestHandler.cs:17) 玩家ID:482736422909116417 移动方向: -0.9997319 , 0 , 0.023153052
2025-12-05 18:46:38.8066 (StateSyncRequestHandler.cs:17) 玩家ID:482736422909116417 移动到新位置: 1.8607111 , 0 , -5.6324635
2025-12-05 18:46:38.9066 (StateSyncRequestHandler.cs:17) 玩家ID:482736422909116417 移动方向: -0.9995797 , 0 , 0.028991004
2025-12-05 18:46:38.9066 (StateSyncRequestHandler.cs:17) 玩家ID:482736422909116417 移动到新位置: 1.5608373 , 0 , -5.623766
2025-12-05 18:46:39.0076 (StateSyncRequestHandler.cs:17) 玩家ID:482736422909116417 移动方向: -0.99957985 , 0 , 0.028984811
2025-12-05 18:46:39.0076 (StateSyncRequestHandler.cs:17) 玩家ID:482736422909116417 移动到新位置: 1.2609633 , 0 , -5.6150703
2025-12-05 18:46:39.1115 (StateSyncRequestHandler.cs:17) 玩家ID:482736422909116417 移动方向: -0.7294368 , 0 , -0.6840481
2025-12-05 18:46:39.1115 (StateSyncRequestHandler.cs:17) 玩家ID:482736422909116417 移动到新位置: 1.0421323 , 0 , -5.820285
2025-12-05 18:46:39.2096 (StateSyncRequestHandler.cs:17) 玩家ID:482736422909116417 移动方向: -0.9994273 , 0 , 0.03383889
2025-12-05 18:46:39.2096 (StateSyncRequestHandler.cs:17) 玩家ID:482736422909116417 移动到新位置: 0.7423041 , 0 , -5.810133
2025-12-05 18:46:39.3018 (StateSyncRequestHandler.cs:17) 玩家ID:482736422909116417 移动方向: -0.9993389 , 0 , 0.036354236
2025-12-05 18:46:39.3018 (StateSyncRequestHandler.cs:17) 玩家ID:482736422909116417 移动到新位置: 0.4425024 , 0 , -5.7992268
2025-12-05 18:46:39.4031 (StateSyncRequestHandler.cs:17) 玩家ID:482736422909116417 移动到新位置: 0.4425024 , 0 , -5.7992268
2025-12-05 18:46:41.7108 (StateSyncRequestHandler.cs:17) 玩家ID:482736422909116417 移动方向: -0.78163844 , 0 , -0.6237318
2025-12-05 18:46:41.7108 (StateSyncRequestHandler.cs:17) 玩家ID:482736422909116417 移动到新位置: 0.2861747 , 0 , -5.923973
2025-12-05 18:46:41.8057 (StateSyncRequestHandler.cs:17) 玩家ID:482736422909116417 移动方向: -0.8905287 , 0 , -0.4549271
2025-12-05 18:46:41.8057 (StateSyncRequestHandler.cs:17) 玩家ID:482736422909116417 移动到新位置: 0.10806897 , 0 , -6.0149584
2025-12-05 18:46:41.9057 (StateSyncRequestHandler.cs:17) 玩家ID:482736422909116417 移动方向: -0.83257234 , 0 , 0.5539162
2025-12-05 18:46:41.9057 (StateSyncRequestHandler.cs:17) 玩家ID:482736422909116417 移动到新位置: -0.058445483 , 0 , -5.9041753
2025-12-05 18:46:42.0045 (StateSyncRequestHandler.cs:17) 玩家ID:482736422909116417 移动方向: -0.6728614 , 0 , 0.73976856
2025-12-05 18:46:42.0045 (StateSyncRequestHandler.cs:17) 玩家ID:482736422909116417 移动到新位置: -0.2603039 , 0 , -5.682245
2025-12-05 18:46:42.1087 (StateSyncRequestHandler.cs:17) 玩家ID:482736422909116417 移动方向: -0.9625712 , 0 , 0.271029
2025-12-05 18:46:42.1087 (StateSyncRequestHandler.cs:17) 玩家ID:482736422909116417 移动到新位置: -0.54907525 , 0 , -5.600936
2025-12-05 18:46:42.2064 (StateSyncRequestHandler.cs:17) 玩家ID:482736422909116417 移动方向: -0.8767951 , 0 , 0.4808642
2025-12-05 18:46:42.2064 (StateSyncRequestHandler.cs:17) 玩家ID:482736422909116417 移动到新位置: -0.81211376 , 0 , -5.4566765
2025-12-05 18:46:42.3015 (StateSyncRequestHandler.cs:17) 玩家ID:482736422909116417 移动方向: -0.77762276 , 0 , 0.6287312
2025-12-05 18:46:42.3015 (StateSyncRequestHandler.cs:17) 玩家ID:482736422909116417 移动到新位置: -1.0454006 , 0 , -5.2680573
2025-12-05 18:46:42.4024 (StateSyncRequestHandler.cs:17) 玩家ID:482736422909116417 移动方向: -0.6987266 , 0 , 0.7153888
2025-12-05 18:46:42.4024 (StateSyncRequestHandler.cs:17) 玩家ID:482736422909116417 移动到新位置: -1.2550186 , 0 , -5.0534406
2025-12-05 18:46:42.5059 (StateSyncRequestHandler.cs:17) 玩家ID:482736422909116417 移动方向: -0.6452979 , 0 , 0.763931
2025-12-05 18:46:42.5059 (StateSyncRequestHandler.cs:17) 玩家ID:482736422909116417 移动到新位置: -1.4486079 , 0 , -4.824261
2025-12-05 18:46:42.6028 (StateSyncRequestHandler.cs:17) 玩家ID:482736422909116417 移动方向: -0.62071735 , 0 , 0.78403443
2025-12-05 18:46:42.6028 (StateSyncRequestHandler.cs:17) 玩家ID:482736422909116417 移动到新位置: -1.6348231 , 0 , -4.589051
2025-12-05 18:46:42.7014 (StateSyncRequestHandler.cs:17) 玩家ID:482736422909116417 移动方向: -0.6114999 , 0 , 0.7912445
2025-12-05 18:46:42.7014 (StateSyncRequestHandler.cs:17) 玩家ID:482736422909116417 移动到新位置: -1.8182731 , 0 , -4.3516774
2025-12-05 18:46:42.8048 (StateSyncRequestHandler.cs:17) 玩家ID:482736422909116417 移动方向: -0.60820043 , 0 , 0.7937835
2025-12-05 18:46:42.8048 (StateSyncRequestHandler.cs:17) 玩家ID:482736422909116417 移动到新位置: -2.0007331 , 0 , -4.1135426
2025-12-05 18:46:42.9030 (StateSyncRequestHandler.cs:17) 玩家ID:482736422909116417 移动方向: -0.6071481 , 0 , 0.7945887
2025-12-05 18:46:42.9030 (StateSyncRequestHandler.cs:17) 玩家ID:482736422909116417 移动到新位置: -2.1828775 , 0 , -3.875166
2025-12-05 18:46:43.0028 (StateSyncRequestHandler.cs:17) 玩家ID:482736422909116417 移动方向: -0.6068241 , 0 , 0.79483616
2025-12-05 18:46:43.0028 (StateSyncRequestHandler.cs:17) 玩家ID:482736422909116417 移动到新位置: -2.3649247 , 0 , -3.6367152
2025-12-05 18:46:43.1057 (StateSyncRequestHandler.cs:17) 玩家ID:482736422909116417 移动方向: -0.60672283 , 0 , 0.79491353
2025-12-05 18:46:43.1057 (StateSyncRequestHandler.cs:17) 玩家ID:482736422909116417 移动到新位置: -2.5469415 , 0 , -3.398241
2025-12-05 18:46:43.2139 (StateSyncRequestHandler.cs:17) 玩家ID:482736422909116417 移动方向: -0.60669106 , 0 , 0.79493773
2025-12-05 18:46:43.2139 (StateSyncRequestHandler.cs:17) 玩家ID:482736422909116417 移动到新位置: -2.7289488 , 0 , -3.1597598
2025-12-05 18:46:43.3118 (StateSyncRequestHandler.cs:17) 玩家ID:482736422909116417 移动方向: -0.60668236 , 0 , 0.7949444
2025-12-05 18:46:43.3118 (StateSyncRequestHandler.cs:17) 玩家ID:482736422909116417 移动到新位置: -2.9109535 , 0 , -2.9212766
2025-12-05 18:46:43.4030 (StateSyncRequestHandler.cs:17) 玩家ID:482736422909116417 移动方向: -0.6066815 , 0 , 0.794945
2025-12-05 18:46:43.4030 (StateSyncRequestHandler.cs:17) 玩家ID:482736422909116417 移动到新位置: -3.092958 , 0 , -2.6827931
2025-12-05 18:46:43.5029 (StateSyncRequestHandler.cs:17) 玩家ID:482736422909116417 移动方向: -0.6066815 , 0 , 0.794945
2025-12-05 18:46:43.5029 (StateSyncRequestHandler.cs:17) 玩家ID:482736422909116417 移动到新位置: -3.2749624 , 0 , -2.4443097
2025-12-05 18:46:43.6041 (StateSyncRequestHandler.cs:17) 玩家ID:482736422909116417 移动方向: -0.6066815 , 0 , 0.794945
2025-12-05 18:46:43.6041 (StateSyncRequestHandler.cs:17) 玩家ID:482736422909116417 移动到新位置: -3.4569669 , 0 , -2.2058263
2025-12-05 18:46:43.7038 (StateSyncRequestHandler.cs:17) 玩家ID:482736422909116417 移动方向: -0.6066815 , 0 , 0.794945
2025-12-05 18:46:43.7038 (StateSyncRequestHandler.cs:17) 玩家ID:482736422909116417 移动到新位置: -3.6389713 , 0 , -1.9673427
2025-12-05 18:46:43.8043 (StateSyncRequestHandler.cs:17) 玩家ID:482736422909116417 移动方向: -0.6066815 , 0 , 0.794945
2025-12-05 18:46:43.8043 (StateSyncRequestHandler.cs:17) 玩家ID:482736422909116417 移动到新位置: -3.8209758 , 0 , -1.7288592
2025-12-05 18:46:43.9110 (StateSyncRequestHandler.cs:17) 玩家ID:482736422909116417 移动方向: -0.6066815 , 0 , 0.794945
2025-12-05 18:46:43.9110 (StateSyncRequestHandler.cs:17) 玩家ID:482736422909116417 移动到新位置: -4.00298 , 0 , -1.4903756
2025-12-05 18:46:44.0066 (StateSyncRequestHandler.cs:17) 玩家ID:482736422909116417 移动方向: -0.6066815 , 0 , 0.794945
2025-12-05 18:46:44.0066 (StateSyncRequestHandler.cs:17) 玩家ID:482736422909116417 移动到新位置: -4.1849847 , 0 , -1.2518921
2025-12-05 18:46:44.1074 (StateSyncRequestHandler.cs:17) 玩家ID:482736422909116417 移动方向: -0.6066815 , 0 , 0.794945
2025-12-05 18:46:44.1074 (StateSyncRequestHandler.cs:17) 玩家ID:482736422909116417 移动到新位置: -4.366989 , 0 , -1.0134085
2025-12-05 18:46:44.2066 (StateSyncRequestHandler.cs:17) 玩家ID:482736422909116417 移动方向: -0.6066815 , 0 , 0.794945
2025-12-05 18:46:44.2066 (StateSyncRequestHandler.cs:17) 玩家ID:482736422909116417 移动到新位置: -4.5489936 , 0 , -0.77492505
2025-12-05 18:46:44.3070 (StateSyncRequestHandler.cs:17) 玩家ID:482736422909116417 移动方向: -0.6066815 , 0 , 0.794945
2025-12-05 18:46:44.3070 (StateSyncRequestHandler.cs:17) 玩家ID:482736422909116417 移动到新位置: -4.730998 , 0 , -0.53644156
2025-12-05 18:46:44.4060 (StateSyncRequestHandler.cs:17) 玩家ID:482736422909116417 移动到新位置: -4.730998 , 0 , -0.53644156
2025-12-05 18:46:47.6053 (StateSyncRequestHandler.cs:17) 玩家ID:482736422909116417 移动方向: 0.79494524 , 0 , 0.60668117
2025-12-05 18:46:47.6053 (StateSyncRequestHandler.cs:17) 玩家ID:482736422909116417 移动到新位置: -4.572009 , 0 , -0.41510534
2025-12-05 18:46:47.7061 (StateSyncRequestHandler.cs:17) 玩家ID:482736422909116417 移动方向: 0.79494524 , 0 , 0.60668117
2025-12-05 18:46:47.7061 (StateSyncRequestHandler.cs:17) 玩家ID:482736422909116417 移动到新位置: -4.41302 , 0 , -0.29376912
2025-12-05 18:46:47.8089 (StateSyncRequestHandler.cs:17) 玩家ID:482736422909116417 移动方向: 0.79494524 , 0 , 0.60668117
2025-12-05 18:46:47.8089 (StateSyncRequestHandler.cs:17) 玩家ID:482736422909116417 移动到新位置: -4.254031 , 0 , -0.17243288
2025-12-05 18:46:47.9110 (StateSyncRequestHandler.cs:17) 玩家ID:482736422909116417 移动方向: 0.79507864 , 0 , 0.60650635
2025-12-05 18:46:47.9110 (StateSyncRequestHandler.cs:17) 玩家ID:482736422909116417 移动到新位置: -4.0950155 , 0 , -0.05113162
2025-12-05 18:46:48.0095 (StateSyncRequestHandler.cs:17) 玩家ID:482736422909116417 移动方向: 0.21954343 , 0 , 0.97560275
2025-12-05 18:46:48.0095 (StateSyncRequestHandler.cs:17) 玩家ID:482736422909116417 移动到新位置: -4.051107 , 0 , 0.14398892
2025-12-05 18:46:48.1036 (StateSyncRequestHandler.cs:17) 玩家ID:482736422909116417 移动方向: -0.2779925 , 0 , 0.96058327
2025-12-05 18:46:48.1036 (StateSyncRequestHandler.cs:17) 玩家ID:482736422909116417 移动到新位置: -4.1067057 , 0 , 0.33610559
2025-12-05 18:46:48.2057 (StateSyncRequestHandler.cs:17) 玩家ID:482736422909116417 移动方向: -0.007143003 , 0 , 0.9999745
2025-12-05 18:46:48.2057 (StateSyncRequestHandler.cs:17) 玩家ID:482736422909116417 移动到新位置: -4.1081343 , 0 , 0.5361005
2025-12-05 18:46:48.3016 (StateSyncRequestHandler.cs:17) 玩家ID:482736422909116417 移动方向: 0.11112628 , 0 , 0.9938063
2025-12-05 18:46:48.3016 (StateSyncRequestHandler.cs:17) 玩家ID:482736422909116417 移动到新位置: -4.085909 , 0 , 0.73486173
2025-12-05 18:46:48.4019 (StateSyncRequestHandler.cs:17) 玩家ID:482736422909116417 移动到新位置: -4.085909 , 0 , 0.73486173
2025-12-05 18:46:49.5039 (StateSyncRequestHandler.cs:17) 玩家ID:482736422909116417 移动方向: 0.1796618 , 0 , 0.9837284
2025-12-05 18:46:49.5039 (StateSyncRequestHandler.cs:17) 玩家ID:482736422909116417 移动到新位置: -4.0499763 , 0 , 0.9316074
2025-12-05 18:46:49.6017 (StateSyncRequestHandler.cs:17) 玩家ID:482736422909116417 移动方向: 0.1796618 , 0 , 0.9837284
2025-12-05 18:46:49.6017 (StateSyncRequestHandler.cs:17) 玩家ID:482736422909116417 移动到新位置: -4.014044 , 0 , 1.1283531
2025-12-05 18:46:49.7019 (StateSyncRequestHandler.cs:17) 玩家ID:482736422909116417 移动方向: 0.1796618 , 0 , 0.9837284
2025-12-05 18:46:49.7019 (StateSyncRequestHandler.cs:17) 玩家ID:482736422909116417 移动到新位置: -3.9781115 , 0 , 1.3250988
2025-12-05 18:46:49.8026 (StateSyncRequestHandler.cs:17) 玩家ID:482736422909116417 移动到新位置: -3.9781115 , 0 , 1.3250988
2025-12-05 18:46:49.9032 (StateSyncRequestHandler.cs:17) 玩家ID:482736422909116417 移动方向: 0.98372847 , 0 , -0.1796618
2025-12-05 18:46:49.9032 (StateSyncRequestHandler.cs:17) 玩家ID:482736422909116417 移动到新位置: -3.7813659 , 0 , 1.2891665
2025-12-05 18:46:50.0139 (StateSyncRequestHandler.cs:17) 玩家ID:482736422909116417 移动方向: 0.98372847 , 0 , -0.1796618
2025-12-05 18:46:50.0139 (StateSyncRequestHandler.cs:17) 玩家ID:482736422909116417 移动到新位置: -3.5846202 , 0 , 1.2532341
2025-12-05 18:46:50.1082 (StateSyncRequestHandler.cs:17) 玩家ID:482736422909116417 移动方向: 0.82264113 , 0 , 0.56856096
2025-12-05 18:46:50.1082 (StateSyncRequestHandler.cs:17) 玩家ID:482736422909116417 移动到新位置: -3.420092 , 0 , 1.3669463
2025-12-05 18:46:50.2004 (StateSyncRequestHandler.cs:17) 玩家ID:482736422909116417 移动方向: 0.1796618 , 0 , 0.9837284
2025-12-05 18:46:50.2004 (StateSyncRequestHandler.cs:17) 玩家ID:482736422909116417 移动到新位置: -3.3841598 , 0 , 1.563692
2025-12-05 18:46:50.3042 (StateSyncRequestHandler.cs:17) 玩家ID:482736422909116417 移动方向: 0.1796618 , 0 , 0.9837284
2025-12-05 18:46:50.3042 (StateSyncRequestHandler.cs:17) 玩家ID:482736422909116417 移动到新位置: -3.3482275 , 0 , 1.7604376
2025-12-05 18:46:50.4035 (StateSyncRequestHandler.cs:17) 玩家ID:482736422909116417 移动方向: -0.56856096 , 0 , 0.82264113
2025-12-05 18:46:50.4035 (StateSyncRequestHandler.cs:17) 玩家ID:482736422909116417 移动到新位置: -3.4619396 , 0 , 1.9249659
2025-12-05 18:46:50.5019 (StateSyncRequestHandler.cs:17) 玩家ID:482736422909116417 移动方向: -0.56856096 , 0 , 0.82264113
2025-12-05 18:46:50.5019 (StateSyncRequestHandler.cs:17) 玩家ID:482736422909116417 移动到新位置: -3.5756516 , 0 , 2.089494
2025-12-05 18:46:50.6011 (StateSyncRequestHandler.cs:17) 玩家ID:482736422909116417 移动方向: -0.56856096 , 0 , 0.82264113
2025-12-05 18:46:50.6011 (StateSyncRequestHandler.cs:17) 玩家ID:482736422909116417 移动到新位置: -3.6893637 , 0 , 2.2540221
2025-12-05 18:46:50.7018 (StateSyncRequestHandler.cs:17) 玩家ID:482736422909116417 移动方向: -0.56856096 , 0 , 0.82264113
2025-12-05 18:46:50.7018 (StateSyncRequestHandler.cs:17) 玩家ID:482736422909116417 移动到新位置: -3.8030758 , 0 , 2.4185503
2025-12-05 18:46:50.8008 (StateSyncRequestHandler.cs:17) 玩家ID:482736422909116417 移动方向: -0.98372847 , 0 , 0.1796618
2025-12-05 18:46:50.8008 (StateSyncRequestHandler.cs:17) 玩家ID:482736422909116417 移动到新位置: -3.9998214 , 0 , 2.4544826
2025-12-05 18:46:50.9042 (StateSyncRequestHandler.cs:17) 玩家ID:482736422909116417 移动方向: -0.98372847 , 0 , 0.1796618
2025-12-05 18:46:50.9042 (StateSyncRequestHandler.cs:17) 玩家ID:482736422909116417 移动到新位置: -4.196567 , 0 , 2.4904149
2025-12-05 18:46:51.0018 (StateSyncRequestHandler.cs:17) 玩家ID:482736422909116417 移动到新位置: -4.196567 , 0 , 2.4904149
2025-12-05 18:46:51.3071 (StateSyncRequestHandler.cs:17) 玩家ID:482736422909116417 移动方向: 0.98372847 , 0 , -0.1796618
2025-12-05 18:46:51.3071 (StateSyncRequestHandler.cs:17) 玩家ID:482736422909116417 移动到新位置: -3.9998214 , 0 , 2.4544826
2025-12-05 18:46:51.4050 (StateSyncRequestHandler.cs:17) 玩家ID:482736422909116417 移动方向: 0.98372847 , 0 , -0.1796618
2025-12-05 18:46:51.4050 (StateSyncRequestHandler.cs:17) 玩家ID:482736422909116417 移动到新位置: -3.8030758 , 0 , 2.4185503
2025-12-05 18:46:51.5046 (StateSyncRequestHandler.cs:17) 玩家ID:482736422909116417 移动方向: 0.56856096 , 0 , -0.82264113
2025-12-05 18:46:51.5046 (StateSyncRequestHandler.cs:17) 玩家ID:482736422909116417 移动到新位置: -3.6893637 , 0 , 2.2540221
2025-12-05 18:46:51.6063 (StateSyncRequestHandler.cs:17) 玩家ID:482736422909116417 移动方向: 0.56856096 , 0 , -0.82264113
2025-12-05 18:46:51.6063 (StateSyncRequestHandler.cs:17) 玩家ID:482736422909116417 移动到新位置: -3.5756516 , 0 , 2.089494
2025-12-05 18:46:51.7046 (StateSyncRequestHandler.cs:17) 玩家ID:482736422909116417 移动方向: 0.82264113 , 0 , 0.56856096
2025-12-05 18:46:51.7046 (StateSyncRequestHandler.cs:17) 玩家ID:482736422909116417 移动到新位置: -3.4111235 , 0 , 2.203206
2025-12-05 18:46:51.8054 (StateSyncRequestHandler.cs:17) 玩家ID:482736422909116417 移动方向: 0.1796618 , 0 , 0.9837284
2025-12-05 18:46:51.8054 (StateSyncRequestHandler.cs:17) 玩家ID:482736422909116417 移动到新位置: -3.3751912 , 0 , 2.3999517
2025-12-05 18:46:51.9030 (StateSyncRequestHandler.cs:17) 玩家ID:482736422909116417 移动方向: 0.1796618 , 0 , 0.9837284
2025-12-05 18:46:51.9030 (StateSyncRequestHandler.cs:17) 玩家ID:482736422909116417 移动到新位置: -3.339259 , 0 , 2.5966973
2025-12-05 18:46:52.0048 (StateSyncRequestHandler.cs:17) 玩家ID:482736422909116417 移动方向: -0.56856096 , 0 , 0.82264113
2025-12-05 18:46:52.0048 (StateSyncRequestHandler.cs:17) 玩家ID:482736422909116417 移动到新位置: -3.452971 , 0 , 2.7612255
2025-12-05 18:46:52.1062 (StateSyncRequestHandler.cs:17) 玩家ID:482736422909116417 移动方向: -0.56856096 , 0 , 0.82264113
2025-12-05 18:46:52.1062 (StateSyncRequestHandler.cs:17) 玩家ID:482736422909116417 移动到新位置: -3.566683 , 0 , 2.9257536
2025-12-05 18:46:52.2043 (StateSyncRequestHandler.cs:17) 玩家ID:482736422909116417 移动方向: -0.98372847 , 0 , 0.1796618
2025-12-05 18:46:52.2043 (StateSyncRequestHandler.cs:17) 玩家ID:482736422909116417 移动到新位置: -3.7634287 , 0 , 2.961686
2025-12-05 18:46:52.3047 (StateSyncRequestHandler.cs:17) 玩家ID:482736422909116417 移动方向: -0.98372847 , 0 , 0.1796618
2025-12-05 18:46:52.3047 (StateSyncRequestHandler.cs:17) 玩家ID:482736422909116417 移动到新位置: -3.9601743 , 0 , 2.9976182
2025-12-05 18:46:52.4090 (StateSyncRequestHandler.cs:17) 玩家ID:482736422909116417 移动方向: -0.98372847 , 0 , 0.1796618
2025-12-05 18:46:52.4090 (StateSyncRequestHandler.cs:17) 玩家ID:482736422909116417 移动到新位置: -4.15692 , 0 , 3.0335505
2025-12-05 18:46:52.5114 (StateSyncRequestHandler.cs:17) 玩家ID:482736422909116417 移动方向: -0.56856096 , 0 , 0.82264113
2025-12-05 18:46:52.5114 (StateSyncRequestHandler.cs:17) 玩家ID:482736422909116417 移动到新位置: -4.2706323 , 0 , 3.1980786
2025-12-05 18:46:52.6110 (StateSyncRequestHandler.cs:17) 玩家ID:482736422909116417 移动方向: 0.1796618 , 0 , 0.9837284
2025-12-05 18:46:52.6110 (StateSyncRequestHandler.cs:17) 玩家ID:482736422909116417 移动到新位置: -4.2346997 , 0 , 3.3948243
2025-12-05 18:46:52.7099 (StateSyncRequestHandler.cs:17) 玩家ID:482736422909116417 移动方向: 0.1796618 , 0 , 0.9837284
2025-12-05 18:46:52.7099 (StateSyncRequestHandler.cs:17) 玩家ID:482736422909116417 移动到新位置: -4.198767 , 0 , 3.59157
2025-12-05 18:46:52.8085 (StateSyncRequestHandler.cs:17) 玩家ID:482736422909116417 移动方向: 0.1796618 , 0 , 0.9837284
2025-12-05 18:46:52.8085 (StateSyncRequestHandler.cs:17) 玩家ID:482736422909116417 移动到新位置: -4.1628346 , 0 , 3.7883155
2025-12-05 18:46:52.9045 (StateSyncRequestHandler.cs:17) 玩家ID:482736422909116417 移动方向: 0.1796618 , 0 , 0.9837284
2025-12-05 18:46:52.9045 (StateSyncRequestHandler.cs:17) 玩家ID:482736422909116417 移动到新位置: -4.126902 , 0 , 3.9850612
2025-12-05 18:46:53.0052 (StateSyncRequestHandler.cs:17) 玩家ID:482736422909116417 移动方向: 0.1796618 , 0 , 0.9837284
2025-12-05 18:46:53.0052 (StateSyncRequestHandler.cs:17) 玩家ID:482736422909116417 移动到新位置: -4.0909696 , 0 , 4.181807
2025-12-05 18:46:53.1126 (StateSyncRequestHandler.cs:17) 玩家ID:482736422909116417 移动方向: 0.1796618 , 0 , 0.9837284
2025-12-05 18:46:53.1126 (StateSyncRequestHandler.cs:17) 玩家ID:482736422909116417 移动到新位置: -4.055037 , 0 , 4.378553
2025-12-05 18:46:53.2074 (StateSyncRequestHandler.cs:17) 玩家ID:482736422909116417 移动到新位置: -4.055037 , 0 , 4.378553
2025-12-05 18:46:53.3047 (StateSyncRequestHandler.cs:17) 玩家ID:482736422909116417 移动方向: 0.1796618 , 0 , 0.9837284
2025-12-05 18:46:53.3047 (StateSyncRequestHandler.cs:17) 玩家ID:482736422909116417 移动到新位置: -4.0191045 , 0 , 4.575299
2025-12-05 18:46:53.4106 (StateSyncRequestHandler.cs:17) 玩家ID:482736422909116417 移动方向: 0.82264113 , 0 , 0.56856096
2025-12-05 18:46:53.4106 (StateSyncRequestHandler.cs:17) 玩家ID:482736422909116417 移动到新位置: -3.8545763 , 0 , 4.689011
2025-12-05 18:46:53.5055 (StateSyncRequestHandler.cs:17) 玩家ID:482736422909116417 移动方向: 0.98372847 , 0 , -0.1796618
2025-12-05 18:46:53.5055 (StateSyncRequestHandler.cs:17) 玩家ID:482736422909116417 移动到新位置: -3.6578307 , 0 , 4.6530786
2025-12-05 18:46:53.6110 (StateSyncRequestHandler.cs:17) 玩家ID:482736422909116417 移动方向: 0.56856096 , 0 , -0.82264113
2025-12-05 18:46:53.6110 (StateSyncRequestHandler.cs:17) 玩家ID:482736422909116417 移动到新位置: -3.5441186 , 0 , 4.48855
2025-12-05 18:46:53.7070 (StateSyncRequestHandler.cs:17) 玩家ID:482736422909116417 移动方向: 0.56856096 , 0 , -0.82264113
2025-12-05 18:46:53.7070 (StateSyncRequestHandler.cs:17) 玩家ID:482736422909116417 移动到新位置: -3.4304066 , 0 , 4.324022
2025-12-05 18:46:53.8052 (StateSyncRequestHandler.cs:17) 玩家ID:482736422909116417 移动方向: -0.1796618 , 0 , -0.9837284
2025-12-05 18:46:53.8052 (StateSyncRequestHandler.cs:17) 玩家ID:482736422909116417 移动到新位置: -3.4663389 , 0 , 4.127276
2025-12-05 18:46:53.9108 (StateSyncRequestHandler.cs:17) 玩家ID:482736422909116417 移动到新位置: -3.4663389 , 0 , 4.127276
2025-12-05 18:46:54.0031 (StateSyncRequestHandler.cs:17) 玩家ID:482736422909116417 移动方向: -0.56856096 , 0 , 0.82264113
2025-12-05 18:46:54.0031 (StateSyncRequestHandler.cs:17) 玩家ID:482736422909116417 移动到新位置: -3.580051 , 0 , 4.2918043
2025-12-05 18:46:54.1116 (StateSyncRequestHandler.cs:17) 玩家ID:482736422909116417 移动方向: -0.56856096 , 0 , 0.82264113
2025-12-05 18:46:54.1116 (StateSyncRequestHandler.cs:17) 玩家ID:482736422909116417 移动到新位置: -3.693763 , 0 , 4.4563327
2025-12-05 18:46:54.2040 (StateSyncRequestHandler.cs:17) 玩家ID:482736422909116417 移动方向: -0.56856096 , 0 , 0.82264113
2025-12-05 18:46:54.2040 (StateSyncRequestHandler.cs:17) 玩家ID:482736422909116417 移动到新位置: -3.807475 , 0 , 4.620861
2025-12-05 18:46:54.3116 (StateSyncRequestHandler.cs:17) 玩家ID:482736422909116417 移动方向: -0.56856096 , 0 , 0.82264113
2025-12-05 18:46:54.3116 (StateSyncRequestHandler.cs:17) 玩家ID:482736422909116417 移动到新位置: -3.9211872 , 0 , 4.7853894
2025-12-05 18:46:54.4132 (StateSyncRequestHandler.cs:17) 玩家ID:482736422909116417 移动方向: -0.56856096 , 0 , 0.82264113
2025-12-05 18:46:54.4132 (StateSyncRequestHandler.cs:17) 玩家ID:482736422909116417 移动到新位置: -4.034899 , 0 , 4.949918
2025-12-05 18:46:54.5114 (StateSyncRequestHandler.cs:17) 玩家ID:482736422909116417 移动方向: -0.98372847 , 0 , 0.1796618
2025-12-05 18:46:54.5114 (StateSyncRequestHandler.cs:17) 玩家ID:482736422909116417 移动到新位置: -4.231645 , 0 , 4.9858503
2025-12-05 18:46:54.6055 (StateSyncRequestHandler.cs:17) 玩家ID:482736422909116417 移动方向: -0.82264113 , 0 , -0.56856096
2025-12-05 18:46:54.6055 (StateSyncRequestHandler.cs:17) 玩家ID:482736422909116417 移动到新位置: -4.3961735 , 0 , 4.872138
2025-12-05 18:46:54.7067 (StateSyncRequestHandler.cs:17) 玩家ID:482736422909116417 移动方向: -0.82264113 , 0 , -0.56856096
2025-12-05 18:46:54.7067 (StateSyncRequestHandler.cs:17) 玩家ID:482736422909116417 移动到新位置: -4.560702 , 0 , 4.7584257
2025-12-05 18:46:54.8072 (StateSyncRequestHandler.cs:17) 玩家ID:482736422909116417 移动方向: -0.1796618 , 0 , -0.9837284
2025-12-05 18:46:54.8072 (StateSyncRequestHandler.cs:17) 玩家ID:482736422909116417 移动到新位置: -4.5966344 , 0 , 4.56168
2025-12-05 18:46:54.9104 (StateSyncRequestHandler.cs:17) 玩家ID:482736422909116417 移动方向: 0.56856096 , 0 , -0.82264113
2025-12-05 18:46:54.9104 (StateSyncRequestHandler.cs:17) 玩家ID:482736422909116417 移动到新位置: -4.482922 , 0 , 4.3971515
2025-12-05 18:46:55.0061 (StateSyncRequestHandler.cs:17) 玩家ID:482736422909116417 移动方向: 0.98372847 , 0 , -0.1796618
2025-12-05 18:46:55.0061 (StateSyncRequestHandler.cs:17) 玩家ID:482736422909116417 移动到新位置: -4.286176 , 0 , 4.361219
2025-12-05 18:46:55.1056 (StateSyncRequestHandler.cs:17) 玩家ID:482736422909116417 移动方向: 0.82264113 , 0 , 0.56856096
2025-12-05 18:46:55.1056 (StateSyncRequestHandler.cs:17) 玩家ID:482736422909116417 移动到新位置: -4.121648 , 0 , 4.4749312
2025-12-05 18:46:55.2078 (StateSyncRequestHandler.cs:17) 玩家ID:482736422909116417 移动方向: 0.1796618 , 0 , 0.9837284
2025-12-05 18:46:55.2081 (StateSyncRequestHandler.cs:17) 玩家ID:482736422909116417 移动到新位置: -4.0857153 , 0 , 4.671677
2025-12-05 18:46:55.3119 (StateSyncRequestHandler.cs:17) 玩家ID:482736422909116417 移动方向: -0.56856096 , 0 , 0.82264113
2025-12-05 18:46:55.3119 (StateSyncRequestHandler.cs:17) 玩家ID:482736422909116417 移动到新位置: -4.1994276 , 0 , 4.8362055
2025-12-05 18:46:55.4129 (StateSyncRequestHandler.cs:17) 玩家ID:482736422909116417 移动方向: -0.82264113 , 0 , -0.56856096
2025-12-05 18:46:55.4129 (StateSyncRequestHandler.cs:17) 玩家ID:482736422909116417 移动到新位置: -4.363956 , 0 , 4.722493
2025-12-05 18:46:55.5095 (StateSyncRequestHandler.cs:17) 玩家ID:482736422909116417 移动方向: -0.1796618 , 0 , -0.9837284
2025-12-05 18:46:55.5095 (StateSyncRequestHandler.cs:17) 玩家ID:482736422909116417 移动到新位置: -4.3998885 , 0 , 4.5257473
2025-12-05 18:46:55.6115 (StateSyncRequestHandler.cs:17) 玩家ID:482736422909116417 移动到新位置: -4.3998885 , 0 , 4.5257473
2025-12-05 18:46:55.8040 (StateSyncRequestHandler.cs:17) 玩家ID:482736422909116417 移动方向: -0.1796618 , 0 , -0.9837284
2025-12-05 18:46:55.8040 (StateSyncRequestHandler.cs:17) 玩家ID:482736422909116417 移动到新位置: -4.435821 , 0 , 4.3290014
2025-12-05 18:46:55.9040 (StateSyncRequestHandler.cs:17) 玩家ID:482736422909116417 移动方向: -0.1796618 , 0 , -0.9837284
2025-12-05 18:46:55.9040 (StateSyncRequestHandler.cs:17) 玩家ID:482736422909116417 移动到新位置: -4.4717536 , 0 , 4.1322556
2025-12-05 18:46:56.0047 (StateSyncRequestHandler.cs:17) 玩家ID:482736422909116417 移动方向: -0.1796618 , 0 , -0.9837284
2025-12-05 18:46:56.0047 (StateSyncRequestHandler.cs:17) 玩家ID:482736422909116417 移动到新位置: -4.507686 , 0 , 3.93551
2025-12-05 18:46:56.1032 (StateSyncRequestHandler.cs:17) 玩家ID:482736422909116417 移动方向: -0.1796618 , 0 , -0.9837284
2025-12-05 18:46:56.1032 (StateSyncRequestHandler.cs:17) 玩家ID:482736422909116417 移动到新位置: -4.5436187 , 0 , 3.7387643
2025-12-05 18:46:56.2032 (StateSyncRequestHandler.cs:17) 玩家ID:482736422909116417 移动方向: -0.1796618 , 0 , -0.9837284
2025-12-05 18:46:56.2032 (StateSyncRequestHandler.cs:17) 玩家ID:482736422909116417 移动到新位置: -4.579551 , 0 , 3.5420187
2025-12-05 18:46:56.3028 (StateSyncRequestHandler.cs:17) 玩家ID:482736422909116417 移动方向: -0.1796618 , 0 , -0.9837284
2025-12-05 18:46:56.3028 (StateSyncRequestHandler.cs:17) 玩家ID:482736422909116417 移动到新位置: -4.6154838 , 0 , 3.345273
2025-12-05 18:46:56.4029 (StateSyncRequestHandler.cs:17) 玩家ID:482736422909116417 移动方向: -0.1796618 , 0 , -0.9837284
2025-12-05 18:46:56.4029 (StateSyncRequestHandler.cs:17) 玩家ID:482736422909116417 移动到新位置: -4.6514163 , 0 , 3.1485274
2025-12-05 18:46:56.5139 (StateSyncRequestHandler.cs:17) 玩家ID:482736422909116417 移动方向: -0.1796618 , 0 , -0.9837284
2025-12-05 18:46:56.5139 (StateSyncRequestHandler.cs:17) 玩家ID:482736422909116417 移动到新位置: -4.687349 , 0 , 2.9517817
2025-12-05 18:46:56.6064 (StateSyncRequestHandler.cs:17) 玩家ID:482736422909116417 移动方向: -0.1796618 , 0 , -0.9837284
2025-12-05 18:46:56.6064 (StateSyncRequestHandler.cs:17) 玩家ID:482736422909116417 移动到新位置: -4.7232814 , 0 , 2.755036
2025-12-05 18:46:56.7066 (StateSyncRequestHandler.cs:17) 玩家ID:482736422909116417 移动到新位置: -4.7232814 , 0 , 2.755036
2025-12-05 18:46:59.8776 (StateSyncRequestHandler.cs:17) 玩家ID:482736422909116417 移动方向: -0.674652 , 0 , 0.73813593
2025-12-05 18:46:59.8776 (StateSyncRequestHandler.cs:17) 玩家ID:482736422909116417 移动到新位置: -4.858212 , 0 , 2.9026632
2025-12-05 18:46:59.9786 (StateSyncRequestHandler.cs:17) 玩家ID:482736422909116417 移动方向: -0.034975328 , 0 , 0.9993882
2025-12-05 18:46:59.9786 (StateSyncRequestHandler.cs:17) 玩家ID:482736422909116417 移动到新位置: -4.865207 , 0 , 3.102541
2025-12-05 18:47:00.0815 (StateSyncRequestHandler.cs:17) 玩家ID:482736422909116417 移动方向: 0.9976491 , 0 , 0.06853033
2025-12-05 18:47:00.0815 (StateSyncRequestHandler.cs:17) 玩家ID:482736422909116417 移动到新位置: -4.6656775 , 0 , 3.116247
2025-12-05 18:47:00.1738 (StateSyncRequestHandler.cs:17) 玩家ID:482736422909116417 移动方向: 0.9968182 , 0 , 0.07970944
2025-12-05 18:47:00.1738 (StateSyncRequestHandler.cs:17) 玩家ID:482736422909116417 移动到新位置: -4.466314 , 0 , 3.1321888
2025-12-05 18:47:00.2758 (StateSyncRequestHandler.cs:17) 玩家ID:482736422909116417 移动方向: 0.6452009 , 0 , 0.7640129
2025-12-05 18:47:00.2758 (StateSyncRequestHandler.cs:17) 玩家ID:482736422909116417 移动到新位置: -4.3372736 , 0 , 3.2849913
2025-12-05 18:47:00.3814 (StateSyncRequestHandler.cs:17) 玩家ID:482736422909116417 移动到新位置: -4.3372736 , 0 , 3.2849913
2025-12-05 18:47:00.5728 (StateSyncRequestHandler.cs:17) 玩家ID:482736422909116417 移动方向: 0.086223304 , 0 , -0.9962758
2025-12-05 18:47:00.5728 (StateSyncRequestHandler.cs:17) 玩家ID:482736422909116417 移动到新位置: -4.320029 , 0 , 3.085736
2025-12-05 18:47:00.6758 (StateSyncRequestHandler.cs:17) 玩家ID:482736422909116417 移动方向: 0.0862675 , 0 , -0.996272
2025-12-05 18:47:00.6758 (StateSyncRequestHandler.cs:17) 玩家ID:482736422909116417 移动到新位置: -4.3027754 , 0 , 2.8864818
2025-12-05 18:47:00.7765 (StateSyncRequestHandler.cs:17) 玩家ID:482736422909116417 移动方向: 0.08627941 , 0 , -0.996271
2025-12-05 18:47:00.7765 (StateSyncRequestHandler.cs:17) 玩家ID:482736422909116417 移动到新位置: -4.2855196 , 0 , 2.6872275
2025-12-05 18:47:00.8783 (StateSyncRequestHandler.cs:17) 玩家ID:482736422909116417 移动方向: 0.08628141 , 0 , -0.99627084
2025-12-05 18:47:00.8783 (StateSyncRequestHandler.cs:17) 玩家ID:482736422909116417 移动到新位置: -4.2682633 , 0 , 2.4879732
2025-12-05 18:47:00.9787 (StateSyncRequestHandler.cs:17) 玩家ID:482736422909116417 移动方向: 0.0862813 , 0 , -0.9962708
2025-12-05 18:47:00.9787 (StateSyncRequestHandler.cs:17) 玩家ID:482736422909116417 移动到新位置: -4.251007 , 0 , 2.2887192
2025-12-05 18:47:01.0838 (StateSyncRequestHandler.cs:17) 玩家ID:482736422909116417 移动方向: 0.08628127 , 0 , -0.9962708
2025-12-05 18:47:01.0838 (StateSyncRequestHandler.cs:17) 玩家ID:482736422909116417 移动到新位置: -4.233751 , 0 , 2.0894651
2025-12-05 18:47:01.1811 (StateSyncRequestHandler.cs:17) 玩家ID:482736422909116417 移动方向: 0.08628127 , 0 , -0.9962708
2025-12-05 18:47:01.1811 (StateSyncRequestHandler.cs:17) 玩家ID:482736422909116417 移动到新位置: -4.2164946 , 0 , 1.890211
2025-12-05 18:47:01.2755 (StateSyncRequestHandler.cs:17) 玩家ID:482736422909116417 移动方向: 0.08628127 , 0 , -0.9962708
2025-12-05 18:47:01.2755 (StateSyncRequestHandler.cs:17) 玩家ID:482736422909116417 移动到新位置: -4.1992383 , 0 , 1.6909568
2025-12-05 18:47:01.3810 (StateSyncRequestHandler.cs:17) 玩家ID:482736422909116417 移动方向: 0.08628127 , 0 , -0.9962708
2025-12-05 18:47:01.3810 (StateSyncRequestHandler.cs:17) 玩家ID:482736422909116417 移动到新位置: -4.181982 , 0 , 1.4917027
2025-12-05 18:47:01.4831 (StateSyncRequestHandler.cs:17) 玩家ID:482736422909116417 移动方向: -0.08628127 , 0 , 0.9962708
2025-12-05 18:47:01.4831 (StateSyncRequestHandler.cs:17) 玩家ID:482736422909116417 移动到新位置: -4.1992383 , 0 , 1.6909568
2025-12-05 18:47:01.5781 (StateSyncRequestHandler.cs:17) 玩家ID:482736422909116417 移动方向: -0.08628127 , 0 , 0.9962708
2025-12-05 18:47:01.5781 (StateSyncRequestHandler.cs:17) 玩家ID:482736422909116417 移动到新位置: -4.2164946 , 0 , 1.890211
2025-12-05 18:47:01.6781 (StateSyncRequestHandler.cs:17) 玩家ID:482736422909116417 移动方向: -0.08628127 , 0 , 0.9962708
2025-12-05 18:47:01.6781 (StateSyncRequestHandler.cs:17) 玩家ID:482736422909116417 移动到新位置: -4.233751 , 0 , 2.0894651
2025-12-05 18:47:01.7774 (StateSyncRequestHandler.cs:17) 玩家ID:482736422909116417 移动方向: -0.08628127 , 0 , 0.9962708
2025-12-05 18:47:01.7774 (StateSyncRequestHandler.cs:17) 玩家ID:482736422909116417 移动到新位置: -4.251007 , 0 , 2.2887192
2025-12-05 18:47:01.8764 (StateSyncRequestHandler.cs:17) 玩家ID:482736422909116417 移动到新位置: -4.251007 , 0 , 2.2887192
2025-12-05 18:47:02.1845 (StateSyncRequestHandler.cs:17) 玩家ID:482736422909116417 移动方向: 0.08628127 , 0 , -0.9962708
2025-12-05 18:47:02.1845 (StateSyncRequestHandler.cs:17) 玩家ID:482736422909116417 移动到新位置: -4.233751 , 0 , 2.0894651
2025-12-05 18:47:02.2728 (StateSyncRequestHandler.cs:17) 玩家ID:482736422909116417 移动方向: 0.08628127 , 0 , -0.9962708
2025-12-05 18:47:02.2728 (StateSyncRequestHandler.cs:17) 玩家ID:482736422909116417 移动到新位置: -4.2164946 , 0 , 1.890211
2025-12-05 18:47:02.3777 (StateSyncRequestHandler.cs:17) 玩家ID:482736422909116417 移动方向: 0.08628127 , 0 , -0.9962708
2025-12-05 18:47:02.3777 (StateSyncRequestHandler.cs:17) 玩家ID:482736422909116417 移动到新位置: -4.1992383 , 0 , 1.6909568
2025-12-05 18:47:02.4783 (StateSyncRequestHandler.cs:17) 玩家ID:482736422909116417 移动方向: 0.08628127 , 0 , -0.9962708
2025-12-05 18:47:02.4783 (StateSyncRequestHandler.cs:17) 玩家ID:482736422909116417 移动到新位置: -4.181982 , 0 , 1.4917027
2025-12-05 18:47:02.5804 (StateSyncRequestHandler.cs:17) 玩家ID:482736422909116417 移动方向: 0.08628127 , 0 , -0.9962708
2025-12-05 18:47:02.5804 (StateSyncRequestHandler.cs:17) 玩家ID:482736422909116417 移动到新位置: -4.164726 , 0 , 1.2924485
2025-12-05 18:47:02.6820 (StateSyncRequestHandler.cs:17) 玩家ID:482736422909116417 移动方向: 0.08628127 , 0 , -0.9962708
2025-12-05 18:47:02.6820 (StateSyncRequestHandler.cs:17) 玩家ID:482736422909116417 移动到新位置: -4.1474695 , 0 , 1.0931944
2025-12-05 18:47:02.7767 (StateSyncRequestHandler.cs:17) 玩家ID:482736422909116417 移动方向: 0.0843861 , 0 , -0.9964331
2025-12-05 18:47:02.7767 (StateSyncRequestHandler.cs:17) 玩家ID:482736422909116417 移动到新位置: -4.1305923 , 0 , 0.8939078
2025-12-05 18:47:02.8734 (StateSyncRequestHandler.cs:17) 玩家ID:482736422909116417 移动方向: 0.08112622 , 0 , -0.99670386
2025-12-05 18:47:02.8734 (StateSyncRequestHandler.cs:17) 玩家ID:482736422909116417 移动到新位置: -4.114367 , 0 , 0.694567
2025-12-05 18:47:02.9748 (StateSyncRequestHandler.cs:17) 玩家ID:482736422909116417 移动方向: 0.761043 , 0 , -0.6487014
2025-12-05 18:47:02.9748 (StateSyncRequestHandler.cs:17) 玩家ID:482736422909116417 移动到新位置: -3.9621584 , 0 , 0.5648267
2025-12-05 18:47:03.0745 (StateSyncRequestHandler.cs:17) 玩家ID:482736422909116417 移动方向: 0.99689126 , 0 , 0.07879001
2025-12-05 18:47:03.0745 (StateSyncRequestHandler.cs:17) 玩家ID:482736422909116417 移动到新位置: -3.7627802 , 0 , 0.5805847
2025-12-05 18:47:03.1732 (StateSyncRequestHandler.cs:17) 玩家ID:482736422909116417 移动方向: 0.9956614 , 0 , 0.09305022
2025-12-05 18:47:03.1732 (StateSyncRequestHandler.cs:17) 玩家ID:482736422909116417 移动到新位置: -3.563648 , 0 , 0.59919477
2025-12-05 18:47:03.2782 (StateSyncRequestHandler.cs:17) 玩家ID:482736422909116417 移动方向: 0.8116341 , 0 , -0.5841661
2025-12-05 18:47:03.2782 (StateSyncRequestHandler.cs:17) 玩家ID:482736422909116417 移动到新位置: -3.4013212 , 0 , 0.48236156
2025-12-05 18:47:03.3767 (StateSyncRequestHandler.cs:17) 玩家ID:482736422909116417 移动方向: 0.22539027 , 0 , -0.9742685
2025-12-05 18:47:03.3767 (StateSyncRequestHandler.cs:17) 玩家ID:482736422909116417 移动到新位置: -3.3562431 , 0 , 0.28750786
2025-12-05 18:47:03.4848 (StateSyncRequestHandler.cs:17) 玩家ID:482736422909116417 移动方向: -0.44913456 , 0 , -0.89346415
2025-12-05 18:47:03.4848 (StateSyncRequestHandler.cs:17) 玩家ID:482736422909116417 移动到新位置: -3.44607 , 0 , 0.108815044
2025-12-05 18:47:03.5852 (StateSyncRequestHandler.cs:17) 玩家ID:482736422909116417 移动方向: -0.90756804 , 0 , -0.41990507
2025-12-05 18:47:03.5852 (StateSyncRequestHandler.cs:17) 玩家ID:482736422909116417 移动到新位置: -3.6275835 , 0 , 0.024834037
2025-12-05 18:47:03.6719 (StateSyncRequestHandler.cs:17) 玩家ID:482736422909116417 移动方向: -0.8839085 , 0 , -0.46765983
2025-12-05 18:47:03.6719 (StateSyncRequestHandler.cs:17) 玩家ID:482736422909116417 移动到新位置: -3.8043652 , 0 , -0.06869793
2025-12-05 18:47:03.7754 (StateSyncRequestHandler.cs:17) 玩家ID:482736422909116417 移动方向: -0.8728416 , 0 , -0.4880036
2025-12-05 18:47:03.7754 (StateSyncRequestHandler.cs:17) 玩家ID:482736422909116417 移动到新位置: -3.9789336 , 0 , -0.16629866
2025-12-05 18:47:03.8716 (StateSyncRequestHandler.cs:17) 玩家ID:482736422909116417 移动方向: -0.26383597 , 0 , -0.9645676
2025-12-05 18:47:03.8716 (StateSyncRequestHandler.cs:17) 玩家ID:482736422909116417 移动到新位置: -4.0317006 , 0 , -0.3592122
2025-12-05 18:47:03.9775 (StateSyncRequestHandler.cs:17) 玩家ID:482736422909116417 移动方向: -0.26035848 , 0 , -0.96551204
2025-12-05 18:47:03.9775 (StateSyncRequestHandler.cs:17) 玩家ID:482736422909116417 移动到新位置: -4.083772 , 0 , -0.5523146
2025-12-05 18:47:04.0722 (StateSyncRequestHandler.cs:17) 玩家ID:482736422909116417 移动方向: -0.8744691 , 0 , -0.4850812
2025-12-05 18:47:04.0722 (StateSyncRequestHandler.cs:17) 玩家ID:482736422909116417 移动到新位置: -4.258666 , 0 , -0.6493308
2025-12-05 18:47:04.1764 (StateSyncRequestHandler.cs:17) 玩家ID:482736422909116417 移动到新位置: -4.258666 , 0 , -0.6493308
2025-12-05 18:47:04.3759 (StateSyncRequestHandler.cs:17) 玩家ID:482736422909116417 移动方向: -0.41928485 , 0 , 0.90785474
2025-12-05 18:47:04.3759 (StateSyncRequestHandler.cs:17) 玩家ID:482736422909116417 移动到新位置: -4.342523 , 0 , -0.46775985
2025-12-05 18:47:04.4760 (StateSyncRequestHandler.cs:17) 玩家ID:482736422909116417 移动方向: -0.41639647 , 0 , 0.9091832
2025-12-05 18:47:04.4760 (StateSyncRequestHandler.cs:17) 玩家ID:482736422909116417 移动到新位置: -4.425802 , 0 , -0.2859232
2025-12-05 18:47:04.5765 (StateSyncRequestHandler.cs:17) 玩家ID:482736422909116417 移动方向: 0.34937546 , 0 , 0.93698275
2025-12-05 18:47:04.5765 (StateSyncRequestHandler.cs:17) 玩家ID:482736422909116417 移动到新位置: -4.355927 , 0 , -0.09852667
2025-12-05 18:47:04.6750 (StateSyncRequestHandler.cs:17) 玩家ID:482736422909116417 移动方向: 0.9097258 , 0 , 0.41520962
2025-12-05 18:47:04.6750 (StateSyncRequestHandler.cs:17) 玩家ID:482736422909116417 移动到新位置: -4.1739817 , 0 , -0.015484743
2025-12-05 18:47:04.7737 (StateSyncRequestHandler.cs:17) 玩家ID:482736422909116417 移动方向: 0.90990967 , 0 , 0.41480651
2025-12-05 18:47:04.7737 (StateSyncRequestHandler.cs:17) 玩家ID:482736422909116417 移动到新位置: -3.9919996 , 0 , 0.06747656
2025-12-05 18:47:04.8837 (StateSyncRequestHandler.cs:17) 玩家ID:482736422909116417 移动方向: 0.91971743 , 0 , 0.39258102
2025-12-05 18:47:04.8837 (StateSyncRequestHandler.cs:17) 玩家ID:482736422909116417 移动到新位置: -3.808056 , 0 , 0.14599276
2025-12-05 18:47:04.9761 (StateSyncRequestHandler.cs:17) 玩家ID:482736422909116417 移动方向: 0.93187994 , 0 , 0.36276692
2025-12-05 18:47:04.9761 (StateSyncRequestHandler.cs:17) 玩家ID:482736422909116417 移动到新位置: -3.6216803 , 0 , 0.21854614
2025-12-05 18:47:05.0782 (StateSyncRequestHandler.cs:17) 玩家ID:482736422909116417 移动方向: 0.93860906 , 0 , 0.3449826
2025-12-05 18:47:05.0782 (StateSyncRequestHandler.cs:17) 玩家ID:482736422909116417 移动到新位置: -3.4339585 , 0 , 0.28754264
2025-12-05 18:47:05.1752 (StateSyncRequestHandler.cs:17) 玩家ID:482736422909116417 移动方向: 0.44375587 , 0 , 0.8961477
2025-12-05 18:47:05.1752 (StateSyncRequestHandler.cs:17) 玩家ID:482736422909116417 移动到新位置: -3.3452075 , 0 , 0.4667722
2025-12-05 18:47:05.2770 (StateSyncRequestHandler.cs:17) 玩家ID:482736422909116417 移动方向: -0.19853316 , 0 , 0.98009413
2025-12-05 18:47:05.2770 (StateSyncRequestHandler.cs:17) 玩家ID:482736422909116417 移动到新位置: -3.3849142 , 0 , 0.662791
2025-12-05 18:47:05.3814 (StateSyncRequestHandler.cs:17) 玩家ID:482736422909116417 移动方向: -0.78537434 , 0 , 0.6190211
2025-12-05 18:47:05.3814 (StateSyncRequestHandler.cs:17) 玩家ID:482736422909116417 移动到新位置: -3.541989 , 0 , 0.7865952
2025-12-05 18:47:05.4834 (StateSyncRequestHandler.cs:17) 玩家ID:482736422909116417 移动方向: -0.08214804 , 0 , 0.9966201
2025-12-05 18:47:05.4834 (StateSyncRequestHandler.cs:17) 玩家ID:482736422909116417 移动到新位置: -3.5584188 , 0 , 0.98591924
2025-12-05 18:47:05.5832 (StateSyncRequestHandler.cs:17) 玩家ID:482736422909116417 移动方向: -0.06869723 , 0 , 0.9976375
2025-12-05 18:47:05.5832 (StateSyncRequestHandler.cs:17) 玩家ID:482736422909116417 移动到新位置: -3.572158 , 0 , 1.1854467
2025-12-05 18:47:05.6795 (StateSyncRequestHandler.cs:17) 玩家ID:482736422909116417 移动方向: 0.65991604 , 0 , 0.7513394
2025-12-05 18:47:05.6795 (StateSyncRequestHandler.cs:17) 玩家ID:482736422909116417 移动到新位置: -3.4401748 , 0 , 1.3357146
2025-12-05 18:47:05.7759 (StateSyncRequestHandler.cs:17) 玩家ID:482736422909116417 移动方向: 0.66084796 , 0 , 0.75051975
2025-12-05 18:47:05.7759 (StateSyncRequestHandler.cs:17) 玩家ID:482736422909116417 移动到新位置: -3.3080053 , 0 , 1.4858185
2025-12-05 18:47:05.8786 (StateSyncRequestHandler.cs:17) 玩家ID:482736422909116417 移动方向: 0.66118836 , 0 , 0.75021994
2025-12-05 18:47:05.8786 (StateSyncRequestHandler.cs:17) 玩家ID:482736422909116417 移动到新位置: -3.1757677 , 0 , 1.6358625
2025-12-05 18:47:05.9766 (StateSyncRequestHandler.cs:17) 玩家ID:482736422909116417 移动到新位置: -3.1757677 , 0 , 1.6358625
2025-12-05 18:47:06.3873 (StateSyncRequestHandler.cs:17) 玩家ID:482736422909116417 移动方向: 0.043501087 , 0 , -0.9990534
2025-12-05 18:47:06.3873 (StateSyncRequestHandler.cs:17) 玩家ID:482736422909116417 移动到新位置: -3.1670675 , 0 , 1.4360518
2025-12-05 18:47:06.4781 (StateSyncRequestHandler.cs:17) 玩家ID:482736422909116417 移动方向: -0.6758483 , 0 , -0.7370407
2025-12-05 18:47:06.4781 (StateSyncRequestHandler.cs:17) 玩家ID:482736422909116417 移动到新位置: -3.3022373 , 0 , 1.2886437
2025-12-05 18:47:06.5763 (StateSyncRequestHandler.cs:17) 玩家ID:482736422909116417 移动方向: -0.67589647 , 0 , -0.73699653
2025-12-05 18:47:06.5763 (StateSyncRequestHandler.cs:17) 玩家ID:482736422909116417 移动到新位置: -3.4374166 , 0 , 1.1412444
2025-12-05 18:47:06.6789 (StateSyncRequestHandler.cs:17) 玩家ID:482736422909116417 移动方向: -0.6759112 , 0 , -0.73698306
2025-12-05 18:47:06.6789 (StateSyncRequestHandler.cs:17) 玩家ID:482736422909116417 移动到新位置: -3.5725987 , 0 , 0.9938478
2025-12-05 18:47:06.7809 (StateSyncRequestHandler.cs:17) 玩家ID:482736422909116417 移动方向: -0.73697823 , 0 , 0.6759165
2025-12-05 18:47:06.7809 (StateSyncRequestHandler.cs:17) 玩家ID:482736422909116417 移动到新位置: -3.7199943 , 0 , 1.1290311
2025-12-05 18:47:06.8749 (StateSyncRequestHandler.cs:17) 玩家ID:482736422909116417 移动方向: -0.7369779 , 0 , 0.67591685
2025-12-05 18:47:06.8749 (StateSyncRequestHandler.cs:17) 玩家ID:482736422909116417 移动到新位置: -3.86739 , 0 , 1.2642144
2025-12-05 18:47:06.9739 (StateSyncRequestHandler.cs:17) 玩家ID:482736422909116417 移动方向: -0.043176625 , 0 , 0.9990675
2025-12-05 18:47:06.9739 (StateSyncRequestHandler.cs:17) 玩家ID:482736422909116417 移动到新位置: -3.8760252 , 0 , 1.4640279
2025-12-05 18:47:07.0782 (StateSyncRequestHandler.cs:17) 玩家ID:482736422909116417 移动方向: 0.9990674 , 0 , 0.04317662
2025-12-05 18:47:07.0782 (StateSyncRequestHandler.cs:17) 玩家ID:482736422909116417 移动到新位置: -3.6762118 , 0 , 1.4726632
2025-12-05 18:47:07.1788 (StateSyncRequestHandler.cs:17) 玩家ID:482736422909116417 移动方向: 0.9990674 , 0 , 0.04317662
2025-12-05 18:47:07.1788 (StateSyncRequestHandler.cs:17) 玩家ID:482736422909116417 移动到新位置: -3.4763985 , 0 , 1.4812984
2025-12-05 18:47:07.2764 (StateSyncRequestHandler.cs:17) 玩家ID:482736422909116417 移动方向: 0.67591685 , 0 , 0.7369778
2025-12-05 18:47:07.2764 (StateSyncRequestHandler.cs:17) 玩家ID:482736422909116417 移动到新位置: -3.3412151 , 0 , 1.628694
2025-12-05 18:47:07.3709 (StateSyncRequestHandler.cs:17) 玩家ID:482736422909116417 移动方向: -0.043176625 , 0 , 0.9990675
2025-12-05 18:47:07.3709 (StateSyncRequestHandler.cs:17) 玩家ID:482736422909116417 移动到新位置: -3.3498504 , 0 , 1.8285075
2025-12-05 18:47:07.4796 (StateSyncRequestHandler.cs:17) 玩家ID:482736422909116417 移动到新位置: -3.3498504 , 0 , 1.8285075
2025-12-05 18:47:07.8766 (StateSyncRequestHandler.cs:17) 玩家ID:482736422909116417 移动方向: 0.043176625 , 0 , -0.9990675
2025-12-05 18:47:07.8766 (StateSyncRequestHandler.cs:17) 玩家ID:482736422909116417 移动到新位置: -3.3412151 , 0 , 1.628694
2025-12-05 18:47:07.9732 (StateSyncRequestHandler.cs:17) 玩家ID:482736422909116417 移动方向: 0.043176625 , 0 , -0.9990675
2025-12-05 18:47:07.9732 (StateSyncRequestHandler.cs:17) 玩家ID:482736422909116417 移动到新位置: -3.3325799 , 0 , 1.4288806
2025-12-05 18:47:08.0716 (StateSyncRequestHandler.cs:17) 玩家ID:482736422909116417 移动方向: 0.043176625 , 0 , -0.9990675
2025-12-05 18:47:08.0716 (StateSyncRequestHandler.cs:17) 玩家ID:482736422909116417 移动到新位置: -3.3239446 , 0 , 1.2290671
2025-12-05 18:47:08.1869 (StateSyncRequestHandler.cs:17) 玩家ID:482736422909116417 移动方向: 0.043176625 , 0 , -0.9990675
2025-12-05 18:47:08.1869 (StateSyncRequestHandler.cs:17) 玩家ID:482736422909116417 移动到新位置: -3.3153093 , 0 , 1.0292536
2025-12-05 18:47:08.2801 (StateSyncRequestHandler.cs:17) 玩家ID:482736422909116417 移动方向: 0.043176625 , 0 , -0.9990675
2025-12-05 18:47:08.2801 (StateSyncRequestHandler.cs:17) 玩家ID:482736422909116417 移动到新位置: -3.306674 , 0 , 0.8294401
2025-12-05 18:47:08.3709 (StateSyncRequestHandler.cs:17) 玩家ID:482736422909116417 移动方向: -0.043176625 , 0 , 0.9990675
2025-12-05 18:47:08.3709 (StateSyncRequestHandler.cs:17) 玩家ID:482736422909116417 移动到新位置: -3.3153093 , 0 , 1.0292536
2025-12-05 18:47:08.4726 (StateSyncRequestHandler.cs:17) 玩家ID:482736422909116417 移动方向: -0.043176625 , 0 , 0.9990675
2025-12-05 18:47:08.4726 (StateSyncRequestHandler.cs:17) 玩家ID:482736422909116417 移动到新位置: -3.3239446 , 0 , 1.2290671
2025-12-05 18:47:08.5782 (StateSyncRequestHandler.cs:17) 玩家ID:482736422909116417 移动到新位置: -3.3239446 , 0 , 1.2290671
2025-12-05 18:47:08.6765 (StateSyncRequestHandler.cs:17) 玩家ID:482736422909116417 移动方向: -0.9990674 , 0 , -0.043176617
2025-12-05 18:47:08.6765 (StateSyncRequestHandler.cs:17) 玩家ID:482736422909116417 移动到新位置: -3.523758 , 0 , 1.2204318
2025-12-05 18:47:08.7741 (StateSyncRequestHandler.cs:17) 玩家ID:482736422909116417 移动方向: -0.9990674 , 0 , -0.043176617
2025-12-05 18:47:08.7741 (StateSyncRequestHandler.cs:17) 玩家ID:482736422909116417 移动到新位置: -3.7235713 , 0 , 1.2117965
2025-12-05 18:47:08.8811 (StateSyncRequestHandler.cs:17) 玩家ID:482736422909116417 移动方向: -0.9990674 , 0 , -0.043176617
2025-12-05 18:47:08.8811 (StateSyncRequestHandler.cs:17) 玩家ID:482736422909116417 移动到新位置: -3.9233847 , 0 , 1.2031612
2025-12-05 18:47:08.9819 (StateSyncRequestHandler.cs:17) 玩家ID:482736422909116417 移动到新位置: -3.9233847 , 0 , 1.2031612
2025-12-05 18:47:09.2869 (StateSyncRequestHandler.cs:17) 玩家ID:482736422909116417 移动方向: 0.9990674 , 0 , 0.043176617
2025-12-05 18:47:09.2869 (StateSyncRequestHandler.cs:17) 玩家ID:482736422909116417 移动到新位置: -3.7235713 , 0 , 1.2117965
2025-12-05 18:47:09.3829 (StateSyncRequestHandler.cs:17) 玩家ID:482736422909116417 移动方向: 0.9990674 , 0 , 0.043176617
2025-12-05 18:47:09.3829 (StateSyncRequestHandler.cs:17) 玩家ID:482736422909116417 移动到新位置: -3.523758 , 0 , 1.2204318
2025-12-05 18:47:09.4732 (StateSyncRequestHandler.cs:17) 玩家ID:482736422909116417 移动到新位置: -3.523758 , 0 , 1.2204318
2025-12-05 18:47:09.8723 (StateSyncRequestHandler.cs:17) 玩家ID:482736422909116417 移动方向: -0.9990674 , 0 , -0.043176617
2025-12-05 18:47:09.8723 (StateSyncRequestHandler.cs:17) 玩家ID:482736422909116417 移动到新位置: -3.7235713 , 0 , 1.2117965
2025-12-05 18:47:09.9760 (StateSyncRequestHandler.cs:17) 玩家ID:482736422909116417 移动方向: -0.9990674 , 0 , -0.043176617
2025-12-05 18:47:09.9760 (StateSyncRequestHandler.cs:17) 玩家ID:482736422909116417 移动到新位置: -3.9233847 , 0 , 1.2031612
2025-12-05 18:47:10.0780 (StateSyncRequestHandler.cs:17) 玩家ID:482736422909116417 移动到新位置: -3.9233847 , 0 , 1.2031612
2025-12-05 18:47:10.6794 (StateSyncRequestHandler.cs:17) 玩家ID:482736422909116417 移动方向: 0.9990674 , 0 , 0.043176617
2025-12-05 18:47:10.6794 (StateSyncRequestHandler.cs:17) 玩家ID:482736422909116417 移动到新位置: -3.7235713 , 0 , 1.2117965
2025-12-05 18:47:10.7795 (StateSyncRequestHandler.cs:17) 玩家ID:482736422909116417 移动方向: 0.9990674 , 0 , 0.043176617
2025-12-05 18:47:10.7795 (StateSyncRequestHandler.cs:17) 玩家ID:482736422909116417 移动到新位置: -3.523758 , 0 , 1.2204318
2025-12-05 18:47:10.8805 (StateSyncRequestHandler.cs:17) 玩家ID:482736422909116417 移动到新位置: -3.523758 , 0 , 1.2204318
2025-12-05 18:47:11.2721 (StateSyncRequestHandler.cs:17) 玩家ID:482736422909116417 移动方向: -0.9990674 , 0 , -0.043176617
2025-12-05 18:47:11.2721 (StateSyncRequestHandler.cs:17) 玩家ID:482736422909116417 移动到新位置: -3.7235713 , 0 , 1.2117965
2025-12-05 18:47:11.3768 (StateSyncRequestHandler.cs:17) 玩家ID:482736422909116417 移动方向: -0.9990674 , 0 , -0.043176617
2025-12-05 18:47:11.3768 (StateSyncRequestHandler.cs:17) 玩家ID:482736422909116417 移动到新位置: -3.9233847 , 0 , 1.2031612
2025-12-05 18:47:11.4729 (StateSyncRequestHandler.cs:17) 玩家ID:482736422909116417 移动方向: -0.9990674 , 0 , -0.043176617
2025-12-05 18:47:11.4729 (StateSyncRequestHandler.cs:17) 玩家ID:482736422909116417 移动到新位置: -4.123198 , 0 , 1.194526
2025-12-05 18:47:11.5724 (StateSyncRequestHandler.cs:17) 玩家ID:482736422909116417 移动方向: -0.9990674 , 0 , -0.043176617
2025-12-05 18:47:11.5724 (StateSyncRequestHandler.cs:17) 玩家ID:482736422909116417 移动到新位置: -4.3230114 , 0 , 1.1858907
2025-12-05 18:47:11.6733 (StateSyncRequestHandler.cs:17) 玩家ID:482736422909116417 移动到新位置: -4.3230114 , 0 , 1.1858907
2025-12-05 18:47:12.2775 (StateSyncRequestHandler.cs:17) 玩家ID:482736422909116417 移动方向: 0.9990674 , 0 , 0.043176617
2025-12-05 18:47:12.2775 (StateSyncRequestHandler.cs:17) 玩家ID:482736422909116417 移动到新位置: -4.123198 , 0 , 1.194526
2025-12-05 18:47:12.3752 (StateSyncRequestHandler.cs:17) 玩家ID:482736422909116417 移动方向: 0.9990674 , 0 , 0.043176617
2025-12-05 18:47:12.3752 (StateSyncRequestHandler.cs:17) 玩家ID:482736422909116417 移动到新位置: -3.9233847 , 0 , 1.2031612
2025-12-05 18:47:12.4820 (StateSyncRequestHandler.cs:17) 玩家ID:482736422909116417 移动方向: 0.9990674 , 0 , 0.043176617
2025-12-05 18:47:12.4820 (StateSyncRequestHandler.cs:17) 玩家ID:482736422909116417 移动到新位置: -3.7235713 , 0 , 1.2117965
2025-12-05 18:47:12.5770 (StateSyncRequestHandler.cs:17) 玩家ID:482736422909116417 移动到新位置: -3.7235713 , 0 , 1.2117965
2025-12-05 18:47:12.8760 (StateSyncRequestHandler.cs:17) 玩家ID:482736422909116417 移动方向: -0.9990674 , 0 , -0.043176617
2025-12-05 18:47:12.8760 (StateSyncRequestHandler.cs:17) 玩家ID:482736422909116417 移动到新位置: -3.9233847 , 0 , 1.2031612
2025-12-05 18:47:12.9732 (StateSyncRequestHandler.cs:17) 玩家ID:482736422909116417 移动方向: -0.9990674 , 0 , -0.043176617
2025-12-05 18:47:12.9732 (StateSyncRequestHandler.cs:17) 玩家ID:482736422909116417 移动到新位置: -4.123198 , 0 , 1.194526
2025-12-05 18:47:13.0861 (StateSyncRequestHandler.cs:17) 玩家ID:482736422909116417 移动方向: -0.9990674 , 0 , -0.043176617
2025-12-05 18:47:13.0861 (StateSyncRequestHandler.cs:17) 玩家ID:482736422909116417 移动到新位置: -4.3230114 , 0 , 1.1858907
2025-12-05 18:47:13.1736 (StateSyncRequestHandler.cs:17) 玩家ID:482736422909116417 移动方向: -0.9990674 , 0 , -0.043176617
2025-12-05 18:47:13.1736 (StateSyncRequestHandler.cs:17) 玩家ID:482736422909116417 移动到新位置: -4.522825 , 0 , 1.1772554
2025-12-05 18:47:13.2720 (StateSyncRequestHandler.cs:17) 玩家ID:482736422909116417 移动方向: -0.9990674 , 0 , -0.043176617
2025-12-05 18:47:13.2720 (StateSyncRequestHandler.cs:17) 玩家ID:482736422909116417 移动到新位置: -4.722638 , 0 , 1.1686201
2025-12-05 18:47:13.3739 (StateSyncRequestHandler.cs:17) 玩家ID:482736422909116417 移动方向: -0.9990674 , 0 , -0.043176617
2025-12-05 18:47:13.3739 (StateSyncRequestHandler.cs:17) 玩家ID:482736422909116417 移动到新位置: -4.9224515 , 0 , 1.1599848
2025-12-05 18:47:13.4818 (StateSyncRequestHandler.cs:17) 玩家ID:482736422909116417 移动方向: -0.043176625 , 0 , 0.9990675
2025-12-05 18:47:13.4818 (StateSyncRequestHandler.cs:17) 玩家ID:482736422909116417 移动到新位置: -4.931087 , 0 , 1.3597983
2025-12-05 18:47:13.5813 (StateSyncRequestHandler.cs:17) 玩家ID:482736422909116417 移动到新位置: -4.931087 , 0 , 1.3597983
2025-12-05 18:47:13.8753 (StateSyncRequestHandler.cs:17) 玩家ID:482736422909116417 移动方向: -0.043176625 , 0 , 0.9990675
2025-12-05 18:47:13.8753 (StateSyncRequestHandler.cs:17) 玩家ID:482736422909116417 移动到新位置: -4.94404 , 0 , 1.6595185
2025-12-05 18:47:13.9772 (StateSyncRequestHandler.cs:17) 玩家ID:482736422909116417 移动方向: -0.043176625 , 0 , 0.9990675
2025-12-05 18:47:13.9772 (StateSyncRequestHandler.cs:17) 玩家ID:482736422909116417 移动到新位置: -4.9569926 , 0 , 1.9592388
2025-12-05 18:47:14.0745 (StateSyncRequestHandler.cs:17) 玩家ID:482736422909116417 移动到新位置: -4.9569926 , 0 , 1.9592388
2025-12-05 18:47:14.4789 (StateSyncRequestHandler.cs:17) 玩家ID:482736422909116417 移动方向: -0.043176625 , 0 , 0.9990675
2025-12-05 18:47:14.4789 (StateSyncRequestHandler.cs:17) 玩家ID:482736422909116417 移动到新位置: -4.9699454 , 0 , 2.258959
2025-12-05 18:47:14.5766 (StateSyncRequestHandler.cs:17) 玩家ID:482736422909116417 移动方向: -0.043176625 , 0 , 0.9990675
2025-12-05 18:47:14.5766 (StateSyncRequestHandler.cs:17) 玩家ID:482736422909116417 移动到新位置: -4.982898 , 0 , 2.5586793
2025-12-05 18:47:14.6761 (StateSyncRequestHandler.cs:17) 玩家ID:482736422909116417 移动方向: -0.043176625 , 0 , 0.9990675
2025-12-05 18:47:14.6761 (StateSyncRequestHandler.cs:17) 玩家ID:482736422909116417 移动到新位置: -4.995851 , 0 , 2.8583996
2025-12-05 18:47:14.7731 (StateSyncRequestHandler.cs:17) 玩家ID:482736422909116417 移动方向: -0.043176625 , 0 , 0.9990675
2025-12-05 18:47:14.7731 (StateSyncRequestHandler.cs:17) 玩家ID:482736422909116417 移动到新位置: -5.008804 , 0 , 3.15812
2025-12-05 18:47:14.8815 (StateSyncRequestHandler.cs:17) 玩家ID:482736422909116417 移动方向: -0.043176625 , 0 , 0.9990675
2025-12-05 18:47:14.8815 (StateSyncRequestHandler.cs:17) 玩家ID:482736422909116417 移动到新位置: -5.0217566 , 0 , 3.4578402
2025-12-05 18:47:14.9770 (StateSyncRequestHandler.cs:17) 玩家ID:482736422909116417 移动到新位置: -5.0217566 , 0 , 3.4578402
2025-12-05 18:47:15.5743 (StateSyncRequestHandler.cs:17) 玩家ID:482736422909116417 移动方向: 0.043176625 , 0 , -0.9990675
2025-12-05 18:47:15.5743 (StateSyncRequestHandler.cs:17) 玩家ID:482736422909116417 移动到新位置: -5.013121 , 0 , 3.2580266
2025-12-05 18:47:15.6796 (StateSyncRequestHandler.cs:17) 玩家ID:482736422909116417 移动方向: 0.043176625 , 0 , -0.9990675
2025-12-05 18:47:15.6796 (StateSyncRequestHandler.cs:17) 玩家ID:482736422909116417 移动到新位置: -5.0044856 , 0 , 3.0582132
2025-12-05 18:47:15.7771 (StateSyncRequestHandler.cs:17) 玩家ID:482736422909116417 移动方向: 0.043176625 , 0 , -0.9990675
2025-12-05 18:47:15.7771 (StateSyncRequestHandler.cs:17) 玩家ID:482736422909116417 移动到新位置: -4.99585 , 0 , 2.8583999
2025-12-05 18:47:15.8739 (StateSyncRequestHandler.cs:17) 玩家ID:482736422909116417 移动方向: 0.043176625 , 0 , -0.9990675
2025-12-05 18:47:15.8739 (StateSyncRequestHandler.cs:17) 玩家ID:482736422909116417 移动到新位置: -4.9872146 , 0 , 2.6585865
2025-12-05 18:47:15.9713 (StateSyncRequestHandler.cs:17) 玩家ID:482736422909116417 移动方向: 0.043176625 , 0 , -0.9990675
2025-12-05 18:47:15.9713 (StateSyncRequestHandler.cs:17) 玩家ID:482736422909116417 移动到新位置: -4.978579 , 0 , 2.4587731
2025-12-05 18:47:16.0761 (StateSyncRequestHandler.cs:17) 玩家ID:482736422909116417 移动方向: 0.043176625 , 0 , -0.9990675
2025-12-05 18:47:16.0761 (StateSyncRequestHandler.cs:17) 玩家ID:482736422909116417 移动到新位置: -4.9656262 , 0 , 2.1590528
2025-12-05 18:47:16.1748 (StateSyncRequestHandler.cs:17) 玩家ID:482736422909116417 移动方向: 0.043176625 , 0 , -0.9990675
2025-12-05 18:47:16.1748 (StateSyncRequestHandler.cs:17) 玩家ID:482736422909116417 移动到新位置: -4.9526734 , 0 , 1.8593326
2025-12-05 18:47:16.2714 (StateSyncRequestHandler.cs:17) 玩家ID:482736422909116417 移动方向: 0.043176625 , 0 , -0.9990675
2025-12-05 18:47:16.2714 (StateSyncRequestHandler.cs:17) 玩家ID:482736422909116417 移动到新位置: -4.9397206 , 0 , 1.5596123
2025-12-05 18:47:16.3729 (StateSyncRequestHandler.cs:17) 玩家ID:482736422909116417 移动到新位置: -4.9397206 , 0 , 1.5596123
2025-12-05 18:47:17.4716 (StateSyncRequestHandler.cs:17) 玩家ID:482736422909116417 移动方向: -0.043176625 , 0 , 0.9990675
2025-12-05 18:47:17.4716 (StateSyncRequestHandler.cs:17) 玩家ID:482736422909116417 移动到新位置: -4.948356 , 0 , 1.7594258
2025-12-05 18:47:17.5733 (StateSyncRequestHandler.cs:17) 玩家ID:482736422909116417 移动方向: -0.043176625 , 0 , 0.9990675
2025-12-05 18:47:17.5733 (StateSyncRequestHandler.cs:17) 玩家ID:482736422909116417 移动到新位置: -4.9569917 , 0 , 1.9592392
2025-12-05 18:47:17.6724 (StateSyncRequestHandler.cs:17) 玩家ID:482736422909116417 移动方向: -0.043176625 , 0 , 0.9990675
2025-12-05 18:47:17.6724 (StateSyncRequestHandler.cs:17) 玩家ID:482736422909116417 移动到新位置: -4.965627 , 0 , 2.1590528
2025-12-05 18:47:17.7797 (StateSyncRequestHandler.cs:17) 玩家ID:482736422909116417 移动方向: -0.043176625 , 0 , 0.9990675
2025-12-05 18:47:17.7797 (StateSyncRequestHandler.cs:17) 玩家ID:482736422909116417 移动到新位置: -4.9742627 , 0 , 2.3588662
2025-12-05 18:47:17.8814 (StateSyncRequestHandler.cs:17) 玩家ID:482736422909116417 移动方向: -0.043176625 , 0 , 0.9990675
2025-12-05 18:47:17.8814 (StateSyncRequestHandler.cs:17) 玩家ID:482736422909116417 移动到新位置: -4.9872155 , 0 , 2.6585865
2025-12-05 18:47:17.9769 (StateSyncRequestHandler.cs:17) 玩家ID:482736422909116417 移动方向: -0.043176625 , 0 , 0.9990675
2025-12-05 18:47:17.9769 (StateSyncRequestHandler.cs:17) 玩家ID:482736422909116417 移动到新位置: -5.0001683 , 0 , 2.9583068
2025-12-05 18:47:18.0803 (StateSyncRequestHandler.cs:17) 玩家ID:482736422909116417 移动到新位置: -5.0001683 , 0 , 2.9583068
2025-12-05 18:47:19.0828 (StateSyncRequestHandler.cs:17) 玩家ID:482736422909116417 移动方向: 0.043176625 , 0 , -0.9990675
2025-12-05 18:47:19.0828 (StateSyncRequestHandler.cs:17) 玩家ID:482736422909116417 移动到新位置: -4.991533 , 0 , 2.7584934
2025-12-05 18:47:19.1815 (StateSyncRequestHandler.cs:17) 玩家ID:482736422909116417 移动方向: 0.043176625 , 0 , -0.9990675
2025-12-05 18:47:19.1815 (StateSyncRequestHandler.cs:17) 玩家ID:482736422909116417 移动到新位置: -4.9828973 , 0 , 2.55868
2025-12-05 18:47:19.2753 (StateSyncRequestHandler.cs:17) 玩家ID:482736422909116417 移动方向: 0.9990674 , 0 , 0.043176617
2025-12-05 18:47:19.2753 (StateSyncRequestHandler.cs:17) 玩家ID:482736422909116417 移动到新位置: -4.783084 , 0 , 2.5673153
2025-12-05 18:47:19.3863 (StateSyncRequestHandler.cs:17) 玩家ID:482736422909116417 移动方向: -0.043176625 , 0 , 0.9990675
2025-12-05 18:47:19.3863 (StateSyncRequestHandler.cs:17) 玩家ID:482736422909116417 移动到新位置: -4.7917194 , 0 , 2.767129
2025-12-05 18:47:19.4826 (StateSyncRequestHandler.cs:17) 玩家ID:482736422909116417 移动到新位置: -4.7917194 , 0 , 2.767129
2025-12-05 18:47:20.8739 (StateSyncRequestHandler.cs:17) 玩家ID:482736422909116417 移动方向: -0.8458194 , 0 , -0.5334694
2025-12-05 18:47:20.8739 (StateSyncRequestHandler.cs:17) 玩家ID:482736422909116417 移动到新位置: -4.960883 , 0 , 2.660435
2025-12-05 18:47:20.9716 (StateSyncRequestHandler.cs:17) 玩家ID:482736422909116417 移动方向: -0.5420665 , 0 , -0.8403356
2025-12-05 18:47:20.9716 (StateSyncRequestHandler.cs:17) 玩家ID:482736422909116417 移动到新位置: -5.0692964 , 0 , 2.4923677
2025-12-05 18:47:21.0778 (StateSyncRequestHandler.cs:17) 玩家ID:482736422909116417 移动方向: -0.26848114 , 0 , -0.96328497
2025-12-05 18:47:21.0778 (StateSyncRequestHandler.cs:17) 玩家ID:482736422909116417 移动到新位置: -5.1229925 , 0 , 2.2997108
2025-12-05 18:47:21.1728 (StateSyncRequestHandler.cs:17) 玩家ID:482736422909116417 移动方向: -0.14169689 , 0 , -0.98991007
2025-12-05 18:47:21.1728 (StateSyncRequestHandler.cs:17) 玩家ID:482736422909116417 移动到新位置: -5.151332 , 0 , 2.1017287
2025-12-05 18:47:21.2775 (StateSyncRequestHandler.cs:17) 玩家ID:482736422909116417 移动方向: -0.9959198 , 0 , 0.090242654
2025-12-05 18:47:21.2775 (StateSyncRequestHandler.cs:17) 玩家ID:482736422909116417 移动到新位置: -5.350516 , 0 , 2.1197772
2025-12-05 18:47:21.3744 (StateSyncRequestHandler.cs:17) 玩家ID:482736422909116417 移动方向: 0.08484992 , 0 , 0.99639374
2025-12-05 18:47:21.3744 (StateSyncRequestHandler.cs:17) 玩家ID:482736422909116417 移动到新位置: -5.3335457 , 0 , 2.319056
2025-12-05 18:47:21.4718 (StateSyncRequestHandler.cs:17) 玩家ID:482736422909116417 移动方向: 0.81982625 , 0 , 0.57261235
2025-12-05 18:47:21.4718 (StateSyncRequestHandler.cs:17) 玩家ID:482736422909116417 移动到新位置: -5.1695805 , 0 , 2.4335785
2025-12-05 18:47:21.5755 (StateSyncRequestHandler.cs:17) 玩家ID:482736422909116417 移动方向: 0.94213605 , 0 , 0.33523086
2025-12-05 18:47:21.5755 (StateSyncRequestHandler.cs:17) 玩家ID:482736422909116417 移动到新位置: -4.9811535 , 0 , 2.5006247
2025-12-05 18:47:21.6730 (StateSyncRequestHandler.cs:17) 玩家ID:482736422909116417 移动方向: 0.65886754 , 0 , 0.752259
2025-12-05 18:47:21.6730 (StateSyncRequestHandler.cs:17) 玩家ID:482736422909116417 移动到新位置: -4.84938 , 0 , 2.6510766
2025-12-05 18:47:21.7743 (StateSyncRequestHandler.cs:17) 玩家ID:482736422909116417 移动方向: 0.77146226 , 0 , 0.6362751
2025-12-05 18:47:21.7743 (StateSyncRequestHandler.cs:17) 玩家ID:482736422909116417 移动到新位置: -4.6950874 , 0 , 2.7783315
2025-12-05 18:47:21.8812 (StateSyncRequestHandler.cs:17) 玩家ID:482736422909116417 移动方向: -0.58467156 , 0 , 0.8112701
2025-12-05 18:47:21.8812 (StateSyncRequestHandler.cs:17) 玩家ID:482736422909116417 移动到新位置: -4.8120217 , 0 , 2.9405856
2025-12-05 18:47:21.9748 (StateSyncRequestHandler.cs:17) 玩家ID:482736422909116417 移动到新位置: -4.8120217 , 0 , 2.9405856
2025-12-05 18:47:28.4804 (StateSyncRequestHandler.cs:17) 玩家ID:482736422909116417 移动方向: -0.76957786 , 0 , 0.63855296
2025-12-05 18:47:28.4804 (StateSyncRequestHandler.cs:17) 玩家ID:482736422909116417 移动到新位置: -4.965937 , 0 , 3.0682962
2025-12-05 18:47:28.5890 (StateSyncRequestHandler.cs:17) 玩家ID:482736422909116417 移动方向: -0.7456019 , 0 , 0.6663916
2025-12-05 18:47:28.5890 (StateSyncRequestHandler.cs:17) 玩家ID:482736422909116417 移动到新位置: -5.1150575 , 0 , 3.2015746
2025-12-05 18:47:28.6967 (StateSyncRequestHandler.cs:17) 玩家ID:482736422909116417 移动方向: -0.7425052 , 0 , 0.6698403
2025-12-05 18:47:28.6967 (StateSyncRequestHandler.cs:17) 玩家ID:482736422909116417 移动到新位置: -5.2635584 , 0 , 3.3355427
2025-12-05 18:47:28.7880 (StateSyncRequestHandler.cs:17) 玩家ID:482736422909116417 移动方向: -0.7475124 , 0 , 0.6642479
2025-12-05 18:47:28.7880 (StateSyncRequestHandler.cs:17) 玩家ID:482736422909116417 移动到新位置: -5.4130607 , 0 , 3.4683924
2025-12-05 18:47:28.8822 (StateSyncRequestHandler.cs:17) 玩家ID:482736422909116417 移动方向: -0.77214384 , 0 , 0.63544774
2025-12-05 18:47:28.8822 (StateSyncRequestHandler.cs:17) 玩家ID:482736422909116417 移动到新位置: -5.5674896 , 0 , 3.5954819
2025-12-05 18:47:28.9912 (StateSyncRequestHandler.cs:17) 玩家ID:482736422909116417 移动方向: -0.22953078 , 0 , 0.9733014
2025-12-05 18:47:28.9912 (StateSyncRequestHandler.cs:17) 玩家ID:482736422909116417 移动到新位置: -5.6133957 , 0 , 3.790142
2025-12-05 18:47:29.0841 (StateSyncRequestHandler.cs:17) 玩家ID:482736422909116417 移动方向: -0.31526828 , 0 , 0.9490025
2025-12-05 18:47:29.0841 (StateSyncRequestHandler.cs:17) 玩家ID:482736422909116417 移动到新位置: -5.6764493 , 0 , 3.9799426
2025-12-05 18:47:29.1775 (StateSyncRequestHandler.cs:17) 玩家ID:482736422909116417 移动方向: 0.41079128 , 0 , 0.91172934
2025-12-05 18:47:29.1775 (StateSyncRequestHandler.cs:17) 玩家ID:482736422909116417 移动到新位置: -5.594291 , 0 , 4.1622887
2025-12-05 18:47:29.2858 (StateSyncRequestHandler.cs:17) 玩家ID:482736422909116417 移动方向: 0.40365505 , 0 , 0.91491127
2025-12-05 18:47:29.2858 (StateSyncRequestHandler.cs:17) 玩家ID:482736422909116417 移动到新位置: -5.5135603 , 0 , 4.345271
2025-12-05 18:47:29.3950 (StateSyncRequestHandler.cs:17) 玩家ID:482736422909116417 移动方向: 0.42105103 , 0 , 0.90703696
2025-12-05 18:47:29.3950 (StateSyncRequestHandler.cs:17) 玩家ID:482736422909116417 移动到新位置: -5.42935 , 0 , 4.5266786
2025-12-05 18:47:29.4861 (StateSyncRequestHandler.cs:17) 玩家ID:482736422909116417 移动方向: 0.4759511 , 0 , 0.8794717
2025-12-05 18:47:29.4861 (StateSyncRequestHandler.cs:17) 玩家ID:482736422909116417 移动到新位置: -5.33416 , 0 , 4.702573
2025-12-05 18:47:29.5794 (StateSyncRequestHandler.cs:17) 玩家ID:482736422909116417 移动到新位置: -5.33416 , 0 , 4.702573
2025-12-05 18:47:30.0792 (StateSyncRequestHandler.cs:17) 玩家ID:482736422909116417 移动方向: -0.7998779 , 0 , 0.6001628
2025-12-05 18:47:30.0792 (StateSyncRequestHandler.cs:17) 玩家ID:482736422909116417 移动到新位置: -5.4941354 , 0 , 4.8226056
2025-12-05 18:47:30.1865 (StateSyncRequestHandler.cs:17) 玩家ID:482736422909116417 移动到新位置: -5.4941354 , 0 , 4.8226056
2025-12-05 18:47:34.7857 (StateSyncRequestHandler.cs:17) 玩家ID:482736422909116417 移动方向: -0.7810482 , 0 , 0.6244708
2025-12-05 18:47:34.7857 (StateSyncRequestHandler.cs:17) 玩家ID:482736422909116417 移动到新位置: -5.650345 , 0 , 4.9474998
2025-12-05 18:47:34.8778 (StateSyncRequestHandler.cs:17) 玩家ID:482736422909116417 移动方向: -0.7756626 , 0 , 0.6311478
2025-12-05 18:47:34.8778 (StateSyncRequestHandler.cs:17) 玩家ID:482736422909116417 移动到新位置: -5.805477 , 0 , 5.0737295
2025-12-05 18:47:34.9862 (StateSyncRequestHandler.cs:17) 玩家ID:482736422909116417 移动方向: 0.6333924 , 0 , 0.7738307
2025-12-05 18:47:34.9862 (StateSyncRequestHandler.cs:17) 玩家ID:482736422909116417 移动到新位置: -5.6787987 , 0 , 5.2284956
2025-12-05 18:47:35.0787 (StateSyncRequestHandler.cs:17) 玩家ID:482736422909116417 移动方向: 0.9951403 , 0 , 0.09846693
2025-12-05 18:47:35.0787 (StateSyncRequestHandler.cs:17) 玩家ID:482736422909116417 移动到新位置: -5.4797707 , 0 , 5.248189
2025-12-05 18:47:35.1876 (StateSyncRequestHandler.cs:17) 玩家ID:482736422909116417 移动方向: 0.7730751 , 0 , -0.6343145
2025-12-05 18:47:35.1876 (StateSyncRequestHandler.cs:17) 玩家ID:482736422909116417 移动到新位置: -5.3251557 , 0 , 5.121326
2025-12-05 18:47:35.2803 (StateSyncRequestHandler.cs:17) 玩家ID:482736422909116417 移动方向: 0.09803599 , 0 , -0.9951829
2025-12-05 18:47:35.2803 (StateSyncRequestHandler.cs:17) 玩家ID:482736422909116417 移动到新位置: -5.3055487 , 0 , 4.9222894
2025-12-05 18:47:35.3863 (StateSyncRequestHandler.cs:17) 玩家ID:482736422909116417 移动方向: 0.09801227 , 0 , -0.99518514
2025-12-05 18:47:35.3863 (StateSyncRequestHandler.cs:17) 玩家ID:482736422909116417 移动到新位置: -5.2859464 , 0 , 4.7232523
2025-12-05 18:47:35.4820 (StateSyncRequestHandler.cs:17) 玩家ID:482736422909116417 移动到新位置: -5.2859464 , 0 , 4.7232523
2025-12-05 18:47:39.7773 (StateSyncRequestHandler.cs:17) 玩家ID:482736422909116417 移动方向: -0.7730037 , 0 , 0.6344015
2025-12-05 18:47:39.7773 (StateSyncRequestHandler.cs:17) 玩家ID:482736422909116417 移动到新位置: -5.440547 , 0 , 4.8501325
2025-12-05 18:47:39.8854 (StateSyncRequestHandler.cs:17) 玩家ID:482736422909116417 移动方向: -0.7730037 , 0 , 0.6344015
2025-12-05 18:47:39.8854 (StateSyncRequestHandler.cs:17) 玩家ID:482736422909116417 移动到新位置: -5.5951476 , 0 , 4.9770126
2025-12-05 18:47:39.9791 (StateSyncRequestHandler.cs:17) 玩家ID:482736422909116417 移动方向: -0.7730037 , 0 , 0.6344015
2025-12-05 18:47:39.9791 (StateSyncRequestHandler.cs:17) 玩家ID:482736422909116417 移动到新位置: -5.749748 , 0 , 5.103893
2025-12-05 18:47:40.0754 (StateSyncRequestHandler.cs:17) 玩家ID:482736422909116417 移动方向: -0.7730037 , 0 , 0.6344015
2025-12-05 18:47:40.0754 (StateSyncRequestHandler.cs:17) 玩家ID:482736422909116417 移动到新位置: -5.904349 , 0 , 5.230773
2025-12-05 18:47:40.1839 (StateSyncRequestHandler.cs:17) 玩家ID:482736422909116417 移动方向: -0.99518573 , 0 , -0.09800652
2025-12-05 18:47:40.1839 (StateSyncRequestHandler.cs:17) 玩家ID:482736422909116417 移动到新位置: -6.103386 , 0 , 5.2111716
2025-12-05 18:47:40.2909 (StateSyncRequestHandler.cs:17) 玩家ID:482736422909116417 移动方向: -0.99518573 , 0 , -0.09800652
2025-12-05 18:47:40.2909 (StateSyncRequestHandler.cs:17) 玩家ID:482736422909116417 移动到新位置: -6.302423 , 0 , 5.1915703
2025-12-05 18:47:40.4061 (StateSyncRequestHandler.cs:17) 玩家ID:482736422909116417 移动方向: -0.7730037 , 0 , 0.6344015
2025-12-05 18:47:40.4061 (StateSyncRequestHandler.cs:17) 玩家ID:482736422909116417 移动到新位置: -6.4570236 , 0 , 5.3184505
2025-12-05 18:47:40.4789 (StateSyncRequestHandler.cs:17) 玩家ID:482736422909116417 移动方向: -0.7730037 , 0 , 0.6344015
2025-12-05 18:47:40.4789 (StateSyncRequestHandler.cs:17) 玩家ID:482736422909116417 移动到新位置: -6.6116242 , 0 , 5.4453306
2025-12-05 18:47:40.5861 (StateSyncRequestHandler.cs:17) 玩家ID:482736422909116417 移动方向: 0.6344015 , 0 , 0.77300364
2025-12-05 18:47:40.5861 (StateSyncRequestHandler.cs:17) 玩家ID:482736422909116417 移动到新位置: -6.484744 , 0 , 5.5999312
2025-12-05 18:47:40.6788 (StateSyncRequestHandler.cs:17) 玩家ID:482736422909116417 移动方向: 0.6344015 , 0 , 0.77300364
2025-12-05 18:47:40.6788 (StateSyncRequestHandler.cs:17) 玩家ID:482736422909116417 移动到新位置: -6.357864 , 0 , 5.754532
2025-12-05 18:47:40.7866 (StateSyncRequestHandler.cs:17) 玩家ID:482736422909116417 移动方向: 0.7730037 , 0 , -0.6344015
2025-12-05 18:47:40.7866 (StateSyncRequestHandler.cs:17) 玩家ID:482736422909116417 移动到新位置: -6.2032633 , 0 , 5.6276517
2025-12-05 18:47:40.8792 (StateSyncRequestHandler.cs:17) 玩家ID:482736422909116417 移动方向: 0.7659372 , 0 , -0.64291537
2025-12-05 18:47:40.8792 (StateSyncRequestHandler.cs:17) 玩家ID:482736422909116417 移动到新位置: -6.050076 , 0 , 5.4990687
2025-12-05 18:47:40.9869 (StateSyncRequestHandler.cs:17) 玩家ID:482736422909116417 移动方向: 0.7473895 , 0 , -0.6643862
2025-12-05 18:47:40.9869 (StateSyncRequestHandler.cs:17) 玩家ID:482736422909116417 移动到新位置: -5.900598 , 0 , 5.3661914
2025-12-05 18:47:41.0821 (StateSyncRequestHandler.cs:17) 玩家ID:482736422909116417 移动方向: 0.7380634 , 0 , -0.6747314
2025-12-05 18:47:41.0821 (StateSyncRequestHandler.cs:17) 玩家ID:482736422909116417 移动到新位置: -5.7529855 , 0 , 5.231245
2025-12-05 18:47:41.1914 (StateSyncRequestHandler.cs:17) 玩家ID:482736422909116417 移动方向: 0.73371506 , 0 , -0.67945725
2025-12-05 18:47:41.1914 (StateSyncRequestHandler.cs:17) 玩家ID:482736422909116417 移动到新位置: -5.6062427 , 0 , 5.0953536
2025-12-05 18:47:41.2845 (StateSyncRequestHandler.cs:17) 玩家ID:482736422909116417 移动方向: 0.73231256 , 0 , -0.6809687
2025-12-05 18:47:41.2845 (StateSyncRequestHandler.cs:17) 玩家ID:482736422909116417 移动到新位置: -5.45978 , 0 , 4.95916
2025-12-05 18:47:41.3784 (StateSyncRequestHandler.cs:17) 玩家ID:482736422909116417 移动方向: 0.7318747 , 0 , -0.6814392
2025-12-05 18:47:41.3784 (StateSyncRequestHandler.cs:17) 玩家ID:482736422909116417 移动到新位置: -5.313405 , 0 , 4.822872
2025-12-05 18:47:41.4877 (StateSyncRequestHandler.cs:17) 玩家ID:482736422909116417 移动方向: 0.7317135 , 0 , -0.6816123
2025-12-05 18:47:41.4877 (StateSyncRequestHandler.cs:17) 玩家ID:482736422909116417 移动到新位置: -5.1670623 , 0 , 4.6865497
2025-12-05 18:47:41.5803 (StateSyncRequestHandler.cs:17) 玩家ID:482736422909116417 移动方向: 0.73166215 , 0 , -0.68166745
2025-12-05 18:47:41.5803 (StateSyncRequestHandler.cs:17) 玩家ID:482736422909116417 移动到新位置: -5.02073 , 0 , 4.550216
2025-12-05 18:47:41.6906 (StateSyncRequestHandler.cs:17) 玩家ID:482736422909116417 移动方向: 0.9993756 , 0 , 0.03533259
2025-12-05 18:47:41.6906 (StateSyncRequestHandler.cs:17) 玩家ID:482736422909116417 移动到新位置: -4.820855 , 0 , 4.557283
2025-12-05 18:47:41.7843 (StateSyncRequestHandler.cs:17) 玩家ID:482736422909116417 移动方向: 0.6816842 , 0 , 0.7316466
2025-12-05 18:47:41.7843 (StateSyncRequestHandler.cs:17) 玩家ID:482736422909116417 移动到新位置: -4.6845183 , 0 , 4.7036123
2025-12-05 18:47:41.8762 (StateSyncRequestHandler.cs:17) 玩家ID:482736422909116417 移动到新位置: -4.6845183 , 0 , 4.7036123
2025-12-05 18:47:42.5856 (StateSyncRequestHandler.cs:17) 玩家ID:482736422909116417 移动方向: -0.73164594 , 0 , 0.6816848
2025-12-05 18:47:42.5856 (StateSyncRequestHandler.cs:17) 玩家ID:482736422909116417 移动到新位置: -4.8308477 , 0 , 4.839949
2025-12-05 18:47:42.6796 (StateSyncRequestHandler.cs:17) 玩家ID:482736422909116417 移动方向: -0.9993758 , 0 , -0.03532794
2025-12-05 18:47:42.6796 (StateSyncRequestHandler.cs:17) 玩家ID:482736422909116417 移动到新位置: -5.030723 , 0 , 4.8328834
2025-12-05 18:47:42.7886 (StateSyncRequestHandler.cs:17) 玩家ID:482736422909116417 移动方向: -0.9993758 , 0 , -0.03532794
2025-12-05 18:47:42.7886 (StateSyncRequestHandler.cs:17) 玩家ID:482736422909116417 移动到新位置: -5.2305984 , 0 , 4.8258176
2025-12-05 18:47:42.8976 (StateSyncRequestHandler.cs:17) 玩家ID:482736422909116417 移动方向: -0.9993758 , 0 , -0.03532794
2025-12-05 18:47:42.8976 (StateSyncRequestHandler.cs:17) 玩家ID:482736422909116417 移动到新位置: -5.430474 , 0 , 4.818752
2025-12-05 18:47:42.9760 (StateSyncRequestHandler.cs:17) 玩家ID:482736422909116417 移动方向: -0.9993758 , 0 , -0.03532794
2025-12-05 18:47:42.9760 (StateSyncRequestHandler.cs:17) 玩家ID:482736422909116417 移动到新位置: -5.630349 , 0 , 4.811686
2025-12-05 18:47:43.0985 (StateSyncRequestHandler.cs:17) 玩家ID:482736422909116417 移动方向: -0.9993758 , 0 , -0.03532794
2025-12-05 18:47:43.0985 (StateSyncRequestHandler.cs:17) 玩家ID:482736422909116417 移动到新位置: -5.8302245 , 0 , 4.8046203
2025-12-05 18:47:43.1774 (StateSyncRequestHandler.cs:17) 玩家ID:482736422909116417 移动方向: -0.73164594 , 0 , 0.6816848
2025-12-05 18:47:43.1774 (StateSyncRequestHandler.cs:17) 玩家ID:482736422909116417 移动到新位置: -5.976554 , 0 , 4.940957
2025-12-05 18:47:43.2893 (StateSyncRequestHandler.cs:17) 玩家ID:482736422909116417 移动方向: -0.73164594 , 0 , 0.6816848
2025-12-05 18:47:43.2893 (StateSyncRequestHandler.cs:17) 玩家ID:482736422909116417 移动到新位置: -6.1228833 , 0 , 5.077294
2025-12-05 18:47:43.3822 (StateSyncRequestHandler.cs:17) 玩家ID:482736422909116417 移动方向: -0.9993758 , 0 , -0.03532794
2025-12-05 18:47:43.3822 (StateSyncRequestHandler.cs:17) 玩家ID:482736422909116417 移动到新位置: -6.3227587 , 0 , 5.070228
2025-12-05 18:47:43.4746 (StateSyncRequestHandler.cs:17) 玩家ID:482736422909116417 移动方向: -0.9993758 , 0 , -0.03532794
2025-12-05 18:47:43.4746 (StateSyncRequestHandler.cs:17) 玩家ID:482736422909116417 移动到新位置: -6.522634 , 0 , 5.0631623
2025-12-05 18:47:43.5836 (StateSyncRequestHandler.cs:17) 玩家ID:482736422909116417 移动方向: -0.73164594 , 0 , 0.6816848
2025-12-05 18:47:43.5836 (StateSyncRequestHandler.cs:17) 玩家ID:482736422909116417 移动到新位置: -6.6689634 , 0 , 5.199499
2025-12-05 18:47:43.6931 (StateSyncRequestHandler.cs:17) 玩家ID:482736422909116417 移动方向: -0.73164594 , 0 , 0.6816848
2025-12-05 18:47:43.6931 (StateSyncRequestHandler.cs:17) 玩家ID:482736422909116417 移动到新位置: -6.815293 , 0 , 5.335836
2025-12-05 18:47:43.7851 (StateSyncRequestHandler.cs:17) 玩家ID:482736422909116417 移动方向: -0.9993758 , 0 , -0.03532794
2025-12-05 18:47:43.7851 (StateSyncRequestHandler.cs:17) 玩家ID:482736422909116417 移动到新位置: -7.015168 , 0 , 5.32877
2025-12-05 18:47:43.8776 (StateSyncRequestHandler.cs:17) 玩家ID:482736422909116417 移动方向: -0.73164594 , 0 , 0.6816848
2025-12-05 18:47:43.8776 (StateSyncRequestHandler.cs:17) 玩家ID:482736422909116417 移动到新位置: -7.1614976 , 0 , 5.465107
2025-12-05 18:47:43.9861 (StateSyncRequestHandler.cs:17) 玩家ID:482736422909116417 移动方向: -0.035327822 , 0 , 0.9993758
2025-12-05 18:47:43.9861 (StateSyncRequestHandler.cs:17) 玩家ID:482736422909116417 移动到新位置: -7.1685634 , 0 , 5.6649823
2025-12-05 18:47:44.0785 (StateSyncRequestHandler.cs:17) 玩家ID:482736422909116417 移动方向: 0.68168485 , 0 , 0.731646
2025-12-05 18:47:44.0785 (StateSyncRequestHandler.cs:17) 玩家ID:482736422909116417 移动到新位置: -7.0322266 , 0 , 5.8113117
2025-12-05 18:47:44.1867 (StateSyncRequestHandler.cs:17) 玩家ID:482736422909116417 移动方向: 0.73164594 , 0 , -0.6816848
2025-12-05 18:47:44.1867 (StateSyncRequestHandler.cs:17) 玩家ID:482736422909116417 移动到新位置: -6.885897 , 0 , 5.674975
2025-12-05 18:47:44.2826 (StateSyncRequestHandler.cs:17) 玩家ID:482736422909116417 移动方向: 0.73164594 , 0 , -0.6816848
2025-12-05 18:47:44.2826 (StateSyncRequestHandler.cs:17) 玩家ID:482736422909116417 移动到新位置: -6.7395678 , 0 , 5.538638
2025-12-05 18:47:44.3753 (StateSyncRequestHandler.cs:17) 玩家ID:482736422909116417 移动方向: 0.73164594 , 0 , -0.6816848
2025-12-05 18:47:44.3753 (StateSyncRequestHandler.cs:17) 玩家ID:482736422909116417 移动到新位置: -6.5932384 , 0 , 5.4023013
2025-12-05 18:47:44.4833 (StateSyncRequestHandler.cs:17) 玩家ID:482736422909116417 移动方向: 0.7316726 , 0 , -0.68165624
2025-12-05 18:47:44.4833 (StateSyncRequestHandler.cs:17) 玩家ID:482736422909116417 移动到新位置: -6.4469037 , 0 , 5.26597
2025-12-05 18:47:44.5932 (StateSyncRequestHandler.cs:17) 玩家ID:482736422909116417 移动方向: 0.7454366 , 0 , -0.6665765
2025-12-05 18:47:44.5932 (StateSyncRequestHandler.cs:17) 玩家ID:482736422909116417 移动到新位置: -6.2978163 , 0 , 5.132655
2025-12-05 18:47:44.6865 (StateSyncRequestHandler.cs:17) 玩家ID:482736422909116417 移动方向: 0.77987176 , 0 , -0.62593937
2025-12-05 18:47:44.6865 (StateSyncRequestHandler.cs:17) 玩家ID:482736422909116417 移动到新位置: -6.141842 , 0 , 5.0074673
2025-12-05 18:47:44.7956 (StateSyncRequestHandler.cs:17) 玩家ID:482736422909116417 移动方向: 0.8118861 , 0 , -0.5838159
2025-12-05 18:47:44.7956 (StateSyncRequestHandler.cs:17) 玩家ID:482736422909116417 移动到新位置: -5.9794645 , 0 , 4.890704
2025-12-05 18:47:44.8893 (StateSyncRequestHandler.cs:17) 玩家ID:482736422909116417 移动方向: 0.82595253 , 0 , -0.56373966
2025-12-05 18:47:44.8893 (StateSyncRequestHandler.cs:17) 玩家ID:482736422909116417 移动到新位置: -5.814274 , 0 , 4.777956
2025-12-05 18:47:44.9806 (StateSyncRequestHandler.cs:17) 玩家ID:482736422909116417 移动到新位置: -5.814274 , 0 , 4.777956
2025-12-05 18:47:47.9765 (StateSyncRequestHandler.cs:17) 玩家ID:482736422909116417 移动方向: -0.82549685 , 0 , 0.5644067
2025-12-05 18:47:47.9765 (StateSyncRequestHandler.cs:17) 玩家ID:482736422909116417 移动到新位置: -5.979373 , 0 , 4.890837
2025-12-05 18:47:48.0868 (StateSyncRequestHandler.cs:17) 玩家ID:482736422909116417 移动方向: -0.7772383 , 0 , 0.6292063
2025-12-05 18:47:48.0868 (StateSyncRequestHandler.cs:17) 玩家ID:482736422909116417 移动到新位置: -6.1348205 , 0 , 5.0166783
2025-12-05 18:47:48.1796 (StateSyncRequestHandler.cs:17) 玩家ID:482736422909116417 移动方向: -0.7464319 , 0 , 0.6654618
2025-12-05 18:47:48.1796 (StateSyncRequestHandler.cs:17) 玩家ID:482736422909116417 移动到新位置: -6.2841067 , 0 , 5.1497707
2025-12-05 18:47:48.2898 (StateSyncRequestHandler.cs:17) 玩家ID:482736422909116417 移动方向: 0.68440354 , 0 , 0.7291035
2025-12-05 18:47:48.2898 (StateSyncRequestHandler.cs:17) 玩家ID:482736422909116417 移动到新位置: -6.147226 , 0 , 5.2955914
2025-12-05 18:47:48.3969 (StateSyncRequestHandler.cs:17) 玩家ID:482736422909116417 移动方向: 0.72369355 , 0 , -0.6901215
2025-12-05 18:47:48.3969 (StateSyncRequestHandler.cs:17) 玩家ID:482736422909116417 移动到新位置: -6.002487 , 0 , 5.157567
2025-12-05 18:47:48.4740 (StateSyncRequestHandler.cs:17) 玩家ID:482736422909116417 移动方向: 0.72186464 , 0 , -0.69203424
2025-12-05 18:47:48.4740 (StateSyncRequestHandler.cs:17) 玩家ID:482736422909116417 移动到新位置: -5.8581142 , 0 , 5.0191603
2025-12-05 18:47:48.5819 (StateSyncRequestHandler.cs:17) 玩家ID:482736422909116417 移动方向: 0.7211303 , 0 , -0.69279945
2025-12-05 18:47:48.5819 (StateSyncRequestHandler.cs:17) 玩家ID:482736422909116417 移动到新位置: -5.713888 , 0 , 4.8806005
2025-12-05 18:47:48.6760 (StateSyncRequestHandler.cs:17) 玩家ID:482736422909116417 移动方向: 0.72092617 , 0 , -0.6930119
2025-12-05 18:47:48.6760 (StateSyncRequestHandler.cs:17) 玩家ID:482736422909116417 移动到新位置: -5.569703 , 0 , 4.741998
2025-12-05 18:47:48.7997 (StateSyncRequestHandler.cs:17) 玩家ID:482736422909116417 移动到新位置: -5.569703 , 0 , 4.741998
2025-12-05 18:47:50.1888 (StateSyncRequestHandler.cs:17) 玩家ID:482736422909116417 移动方向: -0.88966554 , 0 , 0.4566128
2025-12-05 18:47:50.1888 (StateSyncRequestHandler.cs:17) 玩家ID:482736422909116417 移动到新位置: -5.7476363 , 0 , 4.8333206
2025-12-05 18:47:50.2829 (StateSyncRequestHandler.cs:17) 玩家ID:482736422909116417 移动方向: -0.9379586 , 0 , 0.34674728
2025-12-05 18:47:50.2829 (StateSyncRequestHandler.cs:17) 玩家ID:482736422909116417 移动到新位置: -5.935228 , 0 , 4.90267
2025-12-05 18:47:50.3918 (StateSyncRequestHandler.cs:17) 玩家ID:482736422909116417 移动方向: -0.8935791 , 0 , -0.4489057
2025-12-05 18:47:50.3918 (StateSyncRequestHandler.cs:17) 玩家ID:482736422909116417 移动到新位置: -6.1139436 , 0 , 4.8128886
2025-12-05 18:47:50.4856 (StateSyncRequestHandler.cs:17) 玩家ID:482736422909116417 移动方向: -0.90993416 , 0 , -0.4147529
2025-12-05 18:47:50.4856 (StateSyncRequestHandler.cs:17) 玩家ID:482736422909116417 移动到新位置: -6.2959304 , 0 , 4.729938
2025-12-05 18:47:50.5775 (StateSyncRequestHandler.cs:17) 玩家ID:482736422909116417 移动方向: -0.3823465 , 0 , 0.924019
2025-12-05 18:47:50.5775 (StateSyncRequestHandler.cs:17) 玩家ID:482736422909116417 移动到新位置: -6.3724 , 0 , 4.914742
2025-12-05 18:47:50.6862 (StateSyncRequestHandler.cs:17) 玩家ID:482736422909116417 移动方向: 0.39661938 , 0 , 0.9179832
2025-12-05 18:47:50.6862 (StateSyncRequestHandler.cs:17) 玩家ID:482736422909116417 移动到新位置: -6.293076 , 0 , 5.0983386
2025-12-05 18:47:50.7785 (StateSyncRequestHandler.cs:17) 玩家ID:482736422909116417 移动到新位置: -6.293076 , 0 , 5.0983386
2025-12-05 18:47:51.2920 (StateSyncRequestHandler.cs:17) 玩家ID:482736422909116417 移动方向: 0.9146042 , 0 , -0.40435037
2025-12-05 18:47:51.2920 (StateSyncRequestHandler.cs:17) 玩家ID:482736422909116417 移动到新位置: -6.110155 , 0 , 5.0174685
2025-12-05 18:47:51.3860 (StateSyncRequestHandler.cs:17) 玩家ID:482736422909116417 移动方向: 0.914603 , 0 , -0.404353
2025-12-05 18:47:51.3860 (StateSyncRequestHandler.cs:17) 玩家ID:482736422909116417 移动到新位置: -5.9272346 , 0 , 4.936598
2025-12-05 18:47:51.4948 (StateSyncRequestHandler.cs:17) 玩家ID:482736422909116417 移动到新位置: -5.9272346 , 0 , 4.936598
2025-12-05 18:47:58.5847 (StateSyncRequestHandler.cs:17) 玩家ID:482736422909116417 移动方向: -0.8909978 , 0 , -0.45400754
2025-12-05 18:47:58.5847 (StateSyncRequestHandler.cs:17) 玩家ID:482736422909116417 移动到新位置: -6.1054344 , 0 , 4.845796
2025-12-05 18:47:58.6785 (StateSyncRequestHandler.cs:17) 玩家ID:482736422909116417 移动到新位置: -6.1054344 , 0 , 4.845796
2025-12-05 18:48:01.0879 (StateSyncRequestHandler.cs:17) 玩家ID:482736422909116417 移动方向: 0.08237842 , 0 , 0.99660116
2025-12-05 18:48:01.0879 (StateSyncRequestHandler.cs:17) 玩家ID:482736422909116417 移动到新位置: -6.0889587 , 0 , 5.0451164
2025-12-05 18:48:01.1830 (StateSyncRequestHandler.cs:17) 玩家ID:482736422909116417 移动方向: 0.08237842 , 0 , 0.99660116
2025-12-05 18:48:01.1830 (StateSyncRequestHandler.cs:17) 玩家ID:482736422909116417 移动到新位置: -6.072483 , 0 , 5.2444367
2025-12-05 18:48:01.2916 (StateSyncRequestHandler.cs:17) 玩家ID:482736422909116417 移动方向: 0.9966011 , 0 , -0.08237841
2025-12-05 18:48:01.2916 (StateSyncRequestHandler.cs:17) 玩家ID:482736422909116417 移动到新位置: -5.8731627 , 0 , 5.227961
2025-12-05 18:48:01.3848 (StateSyncRequestHandler.cs:17) 玩家ID:482736422909116417 移动方向: 0.9966011 , 0 , -0.08237841
2025-12-05 18:48:01.3848 (StateSyncRequestHandler.cs:17) 玩家ID:482736422909116417 移动到新位置: -5.6738424 , 0 , 5.2114854
2025-12-05 18:48:01.4933 (StateSyncRequestHandler.cs:17) 玩家ID:482736422909116417 移动方向: 0.99577135 , 0 , -0.0918664
2025-12-05 18:48:01.4933 (StateSyncRequestHandler.cs:17) 玩家ID:482736422909116417 移动到新位置: -5.474688 , 0 , 5.193112
2025-12-05 18:48:01.5874 (StateSyncRequestHandler.cs:17) 玩家ID:482736422909116417 移动方向: 0.9889929 , 0 , -0.14796291
2025-12-05 18:48:01.5874 (StateSyncRequestHandler.cs:17) 玩家ID:482736422909116417 移动到新位置: -5.2768893 , 0 , 5.1635194
2025-12-05 18:48:01.6959 (StateSyncRequestHandler.cs:17) 玩家ID:482736422909116417 移动方向: 0.9808231 , 0 , -0.19490005
2025-12-05 18:48:01.6959 (StateSyncRequestHandler.cs:17) 玩家ID:482736422909116417 移动到新位置: -5.0807247 , 0 , 5.1245394
2025-12-05 18:48:01.7894 (StateSyncRequestHandler.cs:17) 玩家ID:482736422909116417 移动方向: 0.97485954 , 0 , -0.22282039
2025-12-05 18:48:01.7894 (StateSyncRequestHandler.cs:17) 玩家ID:482736422909116417 移动到新位置: -4.8857527 , 0 , 5.079975
2025-12-05 18:48:01.8855 (StateSyncRequestHandler.cs:17) 玩家ID:482736422909116417 移动方向: 0.9726497 , 0 , -0.23227698
2025-12-05 18:48:01.8855 (StateSyncRequestHandler.cs:17) 玩家ID:482736422909116417 移动到新位置: -4.6912227 , 0 , 5.0335197
2025-12-05 18:48:01.9935 (StateSyncRequestHandler.cs:17) 玩家ID:482736422909116417 移动到新位置: -4.6912227 , 0 , 5.0335197
2025-12-05 18:48:02.8819 (StateSyncRequestHandler.cs:17) 玩家ID:482736422909116417 移动方向: -0.9714453 , 0 , 0.23726334
2025-12-05 18:48:02.8819 (StateSyncRequestHandler.cs:17) 玩家ID:482736422909116417 移动到新位置: -4.885512 , 0 , 5.080972
2025-12-05 18:48:02.9903 (StateSyncRequestHandler.cs:17) 玩家ID:482736422909116417 移动方向: -0.9714453 , 0 , 0.23726334
2025-12-05 18:48:02.9903 (StateSyncRequestHandler.cs:17) 玩家ID:482736422909116417 移动到新位置: -5.079801 , 0 , 5.1284246
2025-12-05 18:48:03.0830 (StateSyncRequestHandler.cs:17) 玩家ID:482736422909116417 移动方向: -0.8546861 , 0 , -0.5191451
2025-12-05 18:48:03.0830 (StateSyncRequestHandler.cs:17) 玩家ID:482736422909116417 移动到新位置: -5.250738 , 0 , 5.0245957
2025-12-05 18:48:03.1773 (StateSyncRequestHandler.cs:17) 玩家ID:482736422909116417 移动方向: -0.8546861 , 0 , -0.5191451
2025-12-05 18:48:03.1773 (StateSyncRequestHandler.cs:17) 玩家ID:482736422909116417 移动到新位置: -5.421675 , 0 , 4.920767
2025-12-05 18:48:03.2716 (StateSyncRequestHandler.cs:17) 玩家ID:482736422909116417 移动方向: -0.9714453 , 0 , 0.23726334
2025-12-05 18:48:03.2716 (StateSyncRequestHandler.cs:17) 玩家ID:482736422909116417 移动到新位置: -5.6159644 , 0 , 4.9682193
2025-12-05 18:48:03.3804 (StateSyncRequestHandler.cs:17) 玩家ID:482736422909116417 移动方向: -0.9714453 , 0 , 0.23726334
2025-12-05 18:48:03.3804 (StateSyncRequestHandler.cs:17) 玩家ID:482736422909116417 移动到新位置: -5.8102536 , 0 , 5.0156717
2025-12-05 18:48:03.4881 (StateSyncRequestHandler.cs:17) 玩家ID:482736422909116417 移动方向: -0.9714453 , 0 , 0.23726334
2025-12-05 18:48:03.4881 (StateSyncRequestHandler.cs:17) 玩家ID:482736422909116417 移动到新位置: -6.004543 , 0 , 5.063124
2025-12-05 18:48:03.5820 (StateSyncRequestHandler.cs:17) 玩家ID:482736422909116417 移动方向: -0.5191451 , 0 , 0.8546861
2025-12-05 18:48:03.5820 (StateSyncRequestHandler.cs:17) 玩家ID:482736422909116417 移动到新位置: -6.1083717 , 0 , 5.2340612
2025-12-05 18:48:03.6881 (StateSyncRequestHandler.cs:17) 玩家ID:482736422909116417 移动方向: -0.5191451 , 0 , 0.8546861
2025-12-05 18:48:03.6881 (StateSyncRequestHandler.cs:17) 玩家ID:482736422909116417 移动到新位置: -6.2122006 , 0 , 5.4049983
2025-12-05 18:48:03.7815 (StateSyncRequestHandler.cs:17) 玩家ID:482736422909116417 移动方向: -0.9714453 , 0 , 0.23726334
2025-12-05 18:48:03.7815 (StateSyncRequestHandler.cs:17) 玩家ID:482736422909116417 移动到新位置: -6.40649 , 0 , 5.4524508
2025-12-05 18:48:03.8890 (StateSyncRequestHandler.cs:17) 玩家ID:482736422909116417 移动到新位置: -6.40649 , 0 , 5.4524508
2025-12-05 18:48:04.0883 (StateSyncRequestHandler.cs:17) 玩家ID:482736422909116417 移动方向: 0.9714453 , 0 , -0.23726334
2025-12-05 18:48:04.0883 (StateSyncRequestHandler.cs:17) 玩家ID:482736422909116417 移动到新位置: -6.2122006 , 0 , 5.4049983
2025-12-05 18:48:04.1806 (StateSyncRequestHandler.cs:17) 玩家ID:482736422909116417 移动方向: 0.9714453 , 0 , -0.23726334
2025-12-05 18:48:04.1806 (StateSyncRequestHandler.cs:17) 玩家ID:482736422909116417 移动到新位置: -6.0179114 , 0 , 5.357546
2025-12-05 18:48:04.2887 (StateSyncRequestHandler.cs:17) 玩家ID:482736422909116417 移动方向: 0.9714453 , 0 , -0.23726334
2025-12-05 18:48:04.2887 (StateSyncRequestHandler.cs:17) 玩家ID:482736422909116417 移动到新位置: -5.823622 , 0 , 5.3100934
2025-12-05 18:48:04.3806 (StateSyncRequestHandler.cs:17) 玩家ID:482736422909116417 移动到新位置: -5.823622 , 0 , 5.3100934
2025-12-05 18:48:06.8919 (StateSyncRequestHandler.cs:17) 玩家ID:482736422909116417 移动方向: 0.8800634 , 0 , -0.47485614
2025-12-05 18:48:06.8919 (StateSyncRequestHandler.cs:17) 玩家ID:482736422909116417 移动到新位置: -5.6476097 , 0 , 5.215122
2025-12-05 18:48:06.9841 (StateSyncRequestHandler.cs:17) 玩家ID:482736422909116417 移动方向: 0.8800634 , 0 , -0.47485614
2025-12-05 18:48:06.9841 (StateSyncRequestHandler.cs:17) 玩家ID:482736422909116417 移动到新位置: -5.471597 , 0 , 5.120151
2025-12-05 18:48:07.0929 (StateSyncRequestHandler.cs:17) 玩家ID:482736422909116417 移动方向: 0.8800634 , 0 , -0.47485617
2025-12-05 18:48:07.0929 (StateSyncRequestHandler.cs:17) 玩家ID:482736422909116417 移动到新位置: -5.2955847 , 0 , 5.02518
2025-12-05 18:48:07.1855 (StateSyncRequestHandler.cs:17) 玩家ID:482736422909116417 移动方向: 0.8800634 , 0 , -0.47485617
2025-12-05 18:48:07.1855 (StateSyncRequestHandler.cs:17) 玩家ID:482736422909116417 移动到新位置: -5.119572 , 0 , 4.9302087
2025-12-05 18:48:07.2773 (StateSyncRequestHandler.cs:17) 玩家ID:482736422909116417 移动方向: 0.8800634 , 0 , -0.47485617
2025-12-05 18:48:07.2773 (StateSyncRequestHandler.cs:17) 玩家ID:482736422909116417 移动到新位置: -4.9435596 , 0 , 4.8352375
2025-12-05 18:48:07.3854 (StateSyncRequestHandler.cs:17) 玩家ID:482736422909116417 移动方向: 0.9580731 , 0 , 0.28652388
2025-12-05 18:48:07.3854 (StateSyncRequestHandler.cs:17) 玩家ID:482736422909116417 移动到新位置: -4.751945 , 0 , 4.8925424
2025-12-05 18:48:07.4935 (StateSyncRequestHandler.cs:17) 玩家ID:482736422909116417 移动方向: 0.9580731 , 0 , 0.28652388
2025-12-05 18:48:07.4935 (StateSyncRequestHandler.cs:17) 玩家ID:482736422909116417 移动到新位置: -4.5603304 , 0 , 4.949847
2025-12-05 18:48:07.5867 (StateSyncRequestHandler.cs:17) 玩家ID:482736422909116417 移动方向: 0.474857 , 0 , 0.88006294
2025-12-05 18:48:07.5867 (StateSyncRequestHandler.cs:17) 玩家ID:482736422909116417 移动到新位置: -4.465359 , 0 , 5.1258597
2025-12-05 18:48:07.6794 (StateSyncRequestHandler.cs:17) 玩家ID:482736422909116417 移动方向: 0.474857 , 0 , 0.88006294
2025-12-05 18:48:07.6794 (StateSyncRequestHandler.cs:17) 玩家ID:482736422909116417 移动到新位置: -4.370388 , 0 , 5.3018723
2025-12-05 18:48:07.7750 (StateSyncRequestHandler.cs:17) 玩家ID:482736422909116417 移动方向: 0.474857 , 0 , 0.88006294
2025-12-05 18:48:07.7750 (StateSyncRequestHandler.cs:17) 玩家ID:482736422909116417 移动到新位置: -4.275417 , 0 , 5.477885
2025-12-05 18:48:07.8830 (StateSyncRequestHandler.cs:17) 玩家ID:482736422909116417 移动方向: 0.9582644 , 0 , 0.28588334
2025-12-05 18:48:07.8830 (StateSyncRequestHandler.cs:17) 玩家ID:482736422909116417 移动到新位置: -4.083764 , 0 , 5.5350614
2025-12-05 18:48:07.9771 (StateSyncRequestHandler.cs:17) 玩家ID:482736422909116417 移动方向: 0.9641992 , 0 , 0.26517877
2025-12-05 18:48:07.9771 (StateSyncRequestHandler.cs:17) 玩家ID:482736422909116417 移动到新位置: -3.8909242 , 0 , 5.588097
2025-12-05 18:48:08.0855 (StateSyncRequestHandler.cs:17) 玩家ID:482736422909116417 移动方向: 0.98112845 , 0 , 0.1933569
2025-12-05 18:48:08.0855 (StateSyncRequestHandler.cs:17) 玩家ID:482736422909116417 移动到新位置: -3.6946986 , 0 , 5.6267686
2025-12-05 18:48:08.1787 (StateSyncRequestHandler.cs:17) 玩家ID:482736422909116417 移动方向: 0.6742575 , 0 , 0.73849636
2025-12-05 18:48:08.1787 (StateSyncRequestHandler.cs:17) 玩家ID:482736422909116417 移动到新位置: -3.559847 , 0 , 5.774468
2025-12-05 18:48:08.2872 (StateSyncRequestHandler.cs:17) 玩家ID:482736422909116417 移动方向: 0.7895674 , 0 , 0.61366373
2025-12-05 18:48:08.2872 (StateSyncRequestHandler.cs:17) 玩家ID:482736422909116417 移动到新位置: -3.4019337 , 0 , 5.8972006
2025-12-05 18:48:08.3797 (StateSyncRequestHandler.cs:17) 玩家ID:482736422909116417 移动方向: 0.8508986 , 0 , 0.5253298
2025-12-05 18:48:08.3797 (StateSyncRequestHandler.cs:17) 玩家ID:482736422909116417 移动到新位置: -3.2317538 , 0 , 6.0022664
2025-12-05 18:48:08.4895 (StateSyncRequestHandler.cs:17) 玩家ID:482736422909116417 移动方向: 0.86994034 , 0 , 0.49315688
2025-12-05 18:48:08.4895 (StateSyncRequestHandler.cs:17) 玩家ID:482736422909116417 移动到新位置: -3.0577657 , 0 , 6.100898
2025-12-05 18:48:08.5822 (StateSyncRequestHandler.cs:17) 玩家ID:482736422909116417 移动到新位置: -3.0577657 , 0 , 6.100898
2025-12-05 18:48:14.8803 (StateSyncRequestHandler.cs:17) 玩家ID:482736422909116417 移动方向: 0.6987219 , 0 , -0.7153934
2025-12-05 18:48:14.8803 (StateSyncRequestHandler.cs:17) 玩家ID:482736422909116417 移动到新位置: -2.9180214 , 0 , 5.957819
2025-12-05 18:48:14.9740 (StateSyncRequestHandler.cs:17) 玩家ID:482736422909116417 移动方向: 0.6987219 , 0 , -0.7153934
2025-12-05 18:48:14.9740 (StateSyncRequestHandler.cs:17) 玩家ID:482736422909116417 移动到新位置: -2.7782772 , 0 , 5.81474
2025-12-05 18:48:15.0821 (StateSyncRequestHandler.cs:17) 玩家ID:482736422909116417 移动方向: 0.6987219 , 0 , -0.7153934
2025-12-05 18:48:15.0821 (StateSyncRequestHandler.cs:17) 玩家ID:482736422909116417 移动到新位置: -2.6385329 , 0 , 5.6716614
2025-12-05 18:48:15.1910 (StateSyncRequestHandler.cs:17) 玩家ID:482736422909116417 移动到新位置: -2.6385329 , 0 , 5.6716614
2025-12-05 18:48:18.2805 (StateSyncRequestHandler.cs:17) 玩家ID:482736422909116417 移动方向: 0.6987219 , 0 , -0.7153934
2025-12-05 18:48:18.2805 (StateSyncRequestHandler.cs:17) 玩家ID:482736422909116417 移动到新位置: -2.4987886 , 0 , 5.5285826
2025-12-05 18:48:18.3740 (StateSyncRequestHandler.cs:17) 玩家ID:482736422909116417 移动方向: 0.6987219 , 0 , -0.7153934
2025-12-05 18:48:18.3740 (StateSyncRequestHandler.cs:17) 玩家ID:482736422909116417 移动到新位置: -2.3590443 , 0 , 5.385504
2025-12-05 18:48:18.4971 (StateSyncRequestHandler.cs:17) 玩家ID:482736422909116417 移动方向: 0.6987219 , 0 , -0.7153934
2025-12-05 18:48:18.4971 (StateSyncRequestHandler.cs:17) 玩家ID:482736422909116417 移动到新位置: -2.2193 , 0 , 5.242425
2025-12-05 18:48:18.5913 (StateSyncRequestHandler.cs:17) 玩家ID:482736422909116417 移动到新位置: -2.2193 , 0 , 5.242425
2025-12-05 18:48:20.9835 (StateSyncRequestHandler.cs:17) 玩家ID:482736422909116417 移动方向: 0.6987219 , 0 , -0.7153934
2025-12-05 18:48:20.9835 (StateSyncRequestHandler.cs:17) 玩家ID:482736422909116417 移动到新位置: -2.0795557 , 0 , 5.099346
2025-12-05 18:48:21.0905 (StateSyncRequestHandler.cs:17) 玩家ID:482736422909116417 移动方向: 0.6987219 , 0 , -0.7153934
2025-12-05 18:48:21.0905 (StateSyncRequestHandler.cs:17) 玩家ID:482736422909116417 移动到新位置: -1.9398113 , 0 , 4.9562674
2025-12-05 18:48:21.1841 (StateSyncRequestHandler.cs:17) 玩家ID:482736422909116417 移动方向: 0.6967434 , 0 , -0.71732044
2025-12-05 18:48:21.1841 (StateSyncRequestHandler.cs:17) 玩家ID:482736422909116417 移动到新位置: -1.8004627 , 0 , 4.8128033
2025-12-05 18:48:21.2796 (StateSyncRequestHandler.cs:17) 玩家ID:482736422909116417 移动方向: 0.6129602 , 0 , -0.7901138
2025-12-05 18:48:21.2796 (StateSyncRequestHandler.cs:17) 玩家ID:482736422909116417 移动到新位置: -1.6778706 , 0 , 4.6547804
2025-12-05 18:48:21.3874 (StateSyncRequestHandler.cs:17) 玩家ID:482736422909116417 移动方向: 0.45552906 , 0 , -0.8902209
2025-12-05 18:48:21.3874 (StateSyncRequestHandler.cs:17) 玩家ID:482736422909116417 移动到新位置: -1.5867648 , 0 , 4.476736
2025-12-05 18:48:21.4797 (StateSyncRequestHandler.cs:17) 玩家ID:482736422909116417 移动到新位置: -1.5867648 , 0 , 4.476736
2025-12-05 18:48:23.2937 (StateSyncRequestHandler.cs:17) 玩家ID:482736422909116417 移动方向: 0.22580118 , 0 , -0.9741734
2025-12-05 18:48:23.2937 (StateSyncRequestHandler.cs:17) 玩家ID:482736422909116417 移动到新位置: -1.5416045 , 0 , 4.2819014
2025-12-05 18:48:23.3853 (StateSyncRequestHandler.cs:17) 玩家ID:482736422909116417 移动方向: 0.22580118 , 0 , -0.9741734
2025-12-05 18:48:23.3853 (StateSyncRequestHandler.cs:17) 玩家ID:482736422909116417 移动到新位置: -1.4964442 , 0 , 4.0870667
2025-12-05 18:48:23.4936 (StateSyncRequestHandler.cs:17) 玩家ID:482736422909116417 移动方向: 0.22580118 , 0 , -0.9741734
2025-12-05 18:48:23.4936 (StateSyncRequestHandler.cs:17) 玩家ID:482736422909116417 移动到新位置: -1.4512839 , 0 , 3.892232
2025-12-05 18:48:23.5869 (StateSyncRequestHandler.cs:17) 玩家ID:482736422909116417 移动到新位置: -1.4512839 , 0 , 3.892232
2025-12-05 18:48:24.8730 (StateSyncRequestHandler.cs:17) 玩家ID:482736422909116417 移动方向: 0.22580118 , 0 , -0.9741734
2025-12-05 18:48:24.8730 (StateSyncRequestHandler.cs:17) 玩家ID:482736422909116417 移动到新位置: -1.4061236 , 0 , 3.6973972
2025-12-05 18:48:24.9804 (StateSyncRequestHandler.cs:17) 玩家ID:482736422909116417 移动方向: 0.22584479 , 0 , -0.9741633
2025-12-05 18:48:24.9804 (StateSyncRequestHandler.cs:17) 玩家ID:482736422909116417 移动到新位置: -1.3609546 , 0 , 3.5025647
2025-12-05 18:48:25.0880 (StateSyncRequestHandler.cs:17) 玩家ID:482736422909116417 移动方向: 0.23792225 , 0 , -0.9712842
2025-12-05 18:48:25.0880 (StateSyncRequestHandler.cs:17) 玩家ID:482736422909116417 移动到新位置: -1.3133702 , 0 , 3.308308
2025-12-05 18:48:25.1822 (StateSyncRequestHandler.cs:17) 玩家ID:482736422909116417 移动方向: 0.29189152 , 0 , -0.9564514
2025-12-05 18:48:25.1822 (StateSyncRequestHandler.cs:17) 玩家ID:482736422909116417 移动到新位置: -1.2549919 , 0 , 3.1170175
2025-12-05 18:48:25.2752 (StateSyncRequestHandler.cs:17) 玩家ID:482736422909116417 移动方向: 0.37022904 , 0 , -0.92894053
2025-12-05 18:48:25.2752 (StateSyncRequestHandler.cs:17) 玩家ID:482736422909116417 移动到新位置: -1.1809461 , 0 , 2.9312294
2025-12-05 18:48:25.3983 (StateSyncRequestHandler.cs:17) 玩家ID:482736422909116417 移动方向: 0.45209923 , 0 , -0.89196765
2025-12-05 18:48:25.3983 (StateSyncRequestHandler.cs:17) 玩家ID:482736422909116417 移动到新位置: -1.0905262 , 0 , 2.7528358
2025-12-05 18:48:25.4752 (StateSyncRequestHandler.cs:17) 玩家ID:482736422909116417 移动方向: 0.49189612 , 0 , -0.87065387
2025-12-05 18:48:25.4752 (StateSyncRequestHandler.cs:17) 玩家ID:482736422909116417 移动到新位置: -0.99214697 , 0 , 2.578705
2025-12-05 18:48:25.5829 (StateSyncRequestHandler.cs:17) 玩家ID:482736422909116417 移动方向: 0.9683347 , 0 , -0.24965551
2025-12-05 18:48:25.5829 (StateSyncRequestHandler.cs:17) 玩家ID:482736422909116417 移动到新位置: -0.79848003 , 0 , 2.528774
2025-12-05 18:48:25.6774 (StateSyncRequestHandler.cs:17) 玩家ID:482736422909116417 移动方向: 0.9697267 , 0 , -0.24419287
2025-12-05 18:48:25.6774 (StateSyncRequestHandler.cs:17) 玩家ID:482736422909116417 移动到新位置: -0.6045347 , 0 , 2.4799354
2025-12-05 18:48:25.7881 (StateSyncRequestHandler.cs:17) 玩家ID:482736422909116417 移动方向: 0.5149188 , 0 , -0.85723895
2025-12-05 18:48:25.7881 (StateSyncRequestHandler.cs:17) 玩家ID:482736422909116417 移动到新位置: -0.5015509 , 0 , 2.3084877
2025-12-05 18:48:25.8827 (StateSyncRequestHandler.cs:17) 玩家ID:482736422909116417 移动方向: 0.515504 , 0 , -0.8568872
2025-12-05 18:48:25.8827 (StateSyncRequestHandler.cs:17) 玩家ID:482736422909116417 移动到新位置: -0.3984501 , 0 , 2.1371102
2025-12-05 18:48:25.9746 (StateSyncRequestHandler.cs:17) 玩家ID:482736422909116417 移动到新位置: -0.3984501 , 0 , 2.1371102
2025-12-05 18:48:26.8924 (StateSyncRequestHandler.cs:17) 玩家ID:482736422909116417 移动方向: -0.85672235 , 0 , -0.51577777
2025-12-05 18:48:26.8924 (StateSyncRequestHandler.cs:17) 玩家ID:482736422909116417 移动到新位置: -0.56979454 , 0 , 2.0339546
2025-12-05 18:48:26.9852 (StateSyncRequestHandler.cs:17) 玩家ID:482736422909116417 移动方向: 0.51577777 , 0 , -0.8567225
2025-12-05 18:48:26.9852 (StateSyncRequestHandler.cs:17) 玩家ID:482736422909116417 移动到新位置: -0.46663898 , 0 , 1.8626101
2025-12-05 18:48:27.0783 (StateSyncRequestHandler.cs:17) 玩家ID:482736422909116417 移动方向: 0.51577777 , 0 , -0.8567225
2025-12-05 18:48:27.0783 (StateSyncRequestHandler.cs:17) 玩家ID:482736422909116417 移动到新位置: -0.36348343 , 0 , 1.6912656
2025-12-05 18:48:27.1878 (StateSyncRequestHandler.cs:17) 玩家ID:482736422909116417 移动方向: 0.51577777 , 0 , -0.8567225
2025-12-05 18:48:27.1878 (StateSyncRequestHandler.cs:17) 玩家ID:482736422909116417 移动到新位置: -0.26032788 , 0 , 1.5199211
2025-12-05 18:48:27.2942 (StateSyncRequestHandler.cs:17) 玩家ID:482736422909116417 移动方向: 0.51577777 , 0 , -0.8567225
2025-12-05 18:48:27.2942 (StateSyncRequestHandler.cs:17) 玩家ID:482736422909116417 移动到新位置: -0.15717232 , 0 , 1.3485765
2025-12-05 18:48:27.3873 (StateSyncRequestHandler.cs:17) 玩家ID:482736422909116417 移动方向: 0.51577777 , 0 , -0.8567225
2025-12-05 18:48:27.3873 (StateSyncRequestHandler.cs:17) 玩家ID:482736422909116417 移动到新位置: -0.05401677 , 0 , 1.177232
2025-12-05 18:48:27.4940 (StateSyncRequestHandler.cs:17) 玩家ID:482736422909116417 移动到新位置: -0.05401677 , 0 , 1.177232
2025-12-05 18:48:28.3792 (StateSyncRequestHandler.cs:17) 玩家ID:482736422909116417 移动方向: -0.856722 , 0 , -0.51577854
2025-12-05 18:48:28.3792 (StateSyncRequestHandler.cs:17) 玩家ID:482736422909116417 移动到新位置: -0.22536117 , 0 , 1.0740763
2025-12-05 18:48:28.4883 (StateSyncRequestHandler.cs:17) 玩家ID:482736422909116417 移动方向: -0.856722 , 0 , -0.51577854
2025-12-05 18:48:28.4883 (StateSyncRequestHandler.cs:17) 玩家ID:482736422909116417 移动到新位置: -0.39670557 , 0 , 0.97092056
2025-12-05 18:48:28.5809 (StateSyncRequestHandler.cs:17) 玩家ID:482736422909116417 移动方向: -0.97050446 , 0 , 0.24108344
2025-12-05 18:48:28.5809 (StateSyncRequestHandler.cs:17) 玩家ID:482736422909116417 移动到新位置: -0.5908065 , 0 , 1.0191373
2025-12-05 18:48:28.6743 (StateSyncRequestHandler.cs:17) 玩家ID:482736422909116417 移动方向: -0.51577854 , 0 , 0.856722
2025-12-05 18:48:28.6743 (StateSyncRequestHandler.cs:17) 玩家ID:482736422909116417 移动到新位置: -0.6939622 , 0 , 1.1904817
2025-12-05 18:48:28.7835 (StateSyncRequestHandler.cs:17) 玩家ID:482736422909116417 移动方向: -0.51577854 , 0 , 0.856722
2025-12-05 18:48:28.7835 (StateSyncRequestHandler.cs:17) 玩家ID:482736422909116417 移动到新位置: -0.79711795 , 0 , 1.3618261
2025-12-05 18:48:28.8910 (StateSyncRequestHandler.cs:17) 玩家ID:482736422909116417 移动方向: -0.51577854 , 0 , 0.856722
2025-12-05 18:48:28.8910 (StateSyncRequestHandler.cs:17) 玩家ID:482736422909116417 移动到新位置: -0.9002737 , 0 , 1.5331705
2025-12-05 18:48:28.9845 (StateSyncRequestHandler.cs:17) 玩家ID:482736422909116417 移动方向: -0.51577854 , 0 , 0.856722
2025-12-05 18:48:28.9845 (StateSyncRequestHandler.cs:17) 玩家ID:482736422909116417 移动到新位置: -1.0034294 , 0 , 1.7045149
2025-12-05 18:48:29.0766 (StateSyncRequestHandler.cs:17) 玩家ID:482736422909116417 移动方向: -0.51577854 , 0 , 0.856722
2025-12-05 18:48:29.0766 (StateSyncRequestHandler.cs:17) 玩家ID:482736422909116417 移动到新位置: -1.1065851 , 0 , 1.8758593
2025-12-05 18:48:29.1849 (StateSyncRequestHandler.cs:17) 玩家ID:482736422909116417 移动方向: -0.51577854 , 0 , 0.856722
2025-12-05 18:48:29.1849 (StateSyncRequestHandler.cs:17) 玩家ID:482736422909116417 移动到新位置: -1.2097409 , 0 , 2.0472035
2025-12-05 18:48:29.2933 (StateSyncRequestHandler.cs:17) 玩家ID:482736422909116417 移动方向: -0.51577854 , 0 , 0.856722
2025-12-05 18:48:29.2933 (StateSyncRequestHandler.cs:17) 玩家ID:482736422909116417 移动到新位置: -1.3128966 , 0 , 2.2185478
2025-12-05 18:48:29.3710 (StateSyncRequestHandler.cs:17) 玩家ID:482736422909116417 移动方向: 0.24108344 , 0 , 0.97050446
2025-12-05 18:48:29.3710 (StateSyncRequestHandler.cs:17) 玩家ID:482736422909116417 移动到新位置: -1.2646799 , 0 , 2.4126487
2025-12-05 18:48:29.4784 (StateSyncRequestHandler.cs:17) 玩家ID:482736422909116417 移动方向: 0.24108344 , 0 , 0.97050446
2025-12-05 18:48:29.4784 (StateSyncRequestHandler.cs:17) 玩家ID:482736422909116417 移动到新位置: -1.2164632 , 0 , 2.6067495
2025-12-05 18:48:29.5872 (StateSyncRequestHandler.cs:17) 玩家ID:482736422909116417 移动方向: 0.856722 , 0 , 0.51577854
2025-12-05 18:48:29.5872 (StateSyncRequestHandler.cs:17) 玩家ID:482736422909116417 移动到新位置: -1.0451188 , 0 , 2.7099051
2025-12-05 18:48:29.6801 (StateSyncRequestHandler.cs:17) 玩家ID:482736422909116417 移动方向: 0.856722 , 0 , 0.51577854
2025-12-05 18:48:29.6801 (StateSyncRequestHandler.cs:17) 玩家ID:482736422909116417 移动到新位置: -0.8737744 , 0 , 2.8130608
2025-12-05 18:48:29.7736 (StateSyncRequestHandler.cs:17) 玩家ID:482736422909116417 移动方向: 0.856722 , 0 , 0.51577854
2025-12-05 18:48:29.7736 (StateSyncRequestHandler.cs:17) 玩家ID:482736422909116417 移动到新位置: -0.70243 , 0 , 2.9162164
2025-12-05 18:48:29.8820 (StateSyncRequestHandler.cs:17) 玩家ID:482736422909116417 移动方向: 0.97050446 , 0 , -0.24108344
2025-12-05 18:48:29.8820 (StateSyncRequestHandler.cs:17) 玩家ID:482736422909116417 移动到新位置: -0.50832915 , 0 , 2.8679998
2025-12-05 18:48:29.9755 (StateSyncRequestHandler.cs:17) 玩家ID:482736422909116417 移动方向: 0.51577854 , 0 , -0.856722
2025-12-05 18:48:29.9755 (StateSyncRequestHandler.cs:17) 玩家ID:482736422909116417 移动到新位置: -0.40517345 , 0 , 2.6966553
2025-12-05 18:48:30.0834 (StateSyncRequestHandler.cs:17) 玩家ID:482736422909116417 移动方向: -0.24108344 , 0 , -0.97050446
2025-12-05 18:48:30.0834 (StateSyncRequestHandler.cs:17) 玩家ID:482736422909116417 移动到新位置: -0.45339015 , 0 , 2.5025544
2025-12-05 18:48:30.1786 (StateSyncRequestHandler.cs:17) 玩家ID:482736422909116417 移动方向: -0.24108344 , 0 , -0.97050446
2025-12-05 18:48:30.1786 (StateSyncRequestHandler.cs:17) 玩家ID:482736422909116417 移动到新位置: -0.5016068 , 0 , 2.3084536
2025-12-05 18:48:30.2867 (StateSyncRequestHandler.cs:17) 玩家ID:482736422909116417 移动方向: -0.24108344 , 0 , -0.97050446
2025-12-05 18:48:30.2867 (StateSyncRequestHandler.cs:17) 玩家ID:482736422909116417 移动到新位置: -0.5498235 , 0 , 2.1143527
2025-12-05 18:48:30.3794 (StateSyncRequestHandler.cs:17) 玩家ID:482736422909116417 移动方向: 0.856722 , 0 , 0.51577854
2025-12-05 18:48:30.3800 (StateSyncRequestHandler.cs:17) 玩家ID:482736422909116417 移动到新位置: -0.37847912 , 0 , 2.2175083
2025-12-05 18:48:30.4871 (StateSyncRequestHandler.cs:17) 玩家ID:482736422909116417 移动方向: 0.24108344 , 0 , 0.97050446
2025-12-05 18:48:30.4871 (StateSyncRequestHandler.cs:17) 玩家ID:482736422909116417 移动到新位置: -0.33026242 , 0 , 2.4116092
2025-12-05 18:48:30.5815 (StateSyncRequestHandler.cs:17) 玩家ID:482736422909116417 移动方向: -0.97050446 , 0 , 0.24108344
2025-12-05 18:48:30.5815 (StateSyncRequestHandler.cs:17) 玩家ID:482736422909116417 移动到新位置: -0.5243633 , 0 , 2.4598258
2025-12-05 18:48:30.6896 (StateSyncRequestHandler.cs:17) 玩家ID:482736422909116417 移动方向: -0.856722 , 0 , -0.51577854
2025-12-05 18:48:30.6896 (StateSyncRequestHandler.cs:17) 玩家ID:482736422909116417 移动到新位置: -0.6957077 , 0 , 2.3566701
2025-12-05 18:48:30.7816 (StateSyncRequestHandler.cs:17) 玩家ID:482736422909116417 移动方向: -0.856722 , 0 , -0.51577854
2025-12-05 18:48:30.7816 (StateSyncRequestHandler.cs:17) 玩家ID:482736422909116417 移动到新位置: -0.8670521 , 0 , 2.2535145
2025-12-05 18:48:30.8904 (StateSyncRequestHandler.cs:17) 玩家ID:482736422909116417 移动方向: -0.856722 , 0 , -0.51577854
2025-12-05 18:48:30.8904 (StateSyncRequestHandler.cs:17) 玩家ID:482736422909116417 移动到新位置: -1.0383965 , 0 , 2.150359
2025-12-05 18:48:30.9829 (StateSyncRequestHandler.cs:17) 玩家ID:482736422909116417 移动方向: 0.856722 , 0 , 0.51577854
2025-12-05 18:48:30.9829 (StateSyncRequestHandler.cs:17) 玩家ID:482736422909116417 移动到新位置: -0.8670521 , 0 , 2.2535145
2025-12-05 18:48:31.0929 (StateSyncRequestHandler.cs:17) 玩家ID:482736422909116417 移动方向: 0.856722 , 0 , 0.51577854
2025-12-05 18:48:31.0929 (StateSyncRequestHandler.cs:17) 玩家ID:482736422909116417 移动到新位置: -0.6957077 , 0 , 2.3566701
2025-12-05 18:48:31.1872 (StateSyncRequestHandler.cs:17) 玩家ID:482736422909116417 移动方向: 0.8567214 , 0 , 0.5157794
2025-12-05 18:48:31.1872 (StateSyncRequestHandler.cs:17) 玩家ID:482736422909116417 移动到新位置: -0.5243634 , 0 , 2.459826
2025-12-05 18:48:31.2812 (StateSyncRequestHandler.cs:17) 玩家ID:482736422909116417 移动方向: 0.5157794 , 0 , -0.8567214
2025-12-05 18:48:31.2812 (StateSyncRequestHandler.cs:17) 玩家ID:482736422909116417 移动到新位置: -0.42120752 , 0 , 2.2884817
2025-12-05 18:48:31.3735 (StateSyncRequestHandler.cs:17) 玩家ID:482736422909116417 移动到新位置: -0.42120752 , 0 , 2.2884817
2025-12-05 18:48:38.2855 (StateSyncRequestHandler.cs:17) 玩家ID:482736422909116417 移动方向: 0.8412456 , 0 , 0.5406531
2025-12-05 18:48:38.2855 (StateSyncRequestHandler.cs:17) 玩家ID:482736422909116417 移动到新位置: -0.2529584 , 0 , 2.3966124
2025-12-05 18:48:38.3784 (StateSyncRequestHandler.cs:17) 玩家ID:482736422909116417 移动方向: 0.61743104 , 0 , 0.786625
2025-12-05 18:48:38.3784 (StateSyncRequestHandler.cs:17) 玩家ID:482736422909116417 移动到新位置: -0.12947218 , 0 , 2.5539374
2025-12-05 18:48:38.4865 (StateSyncRequestHandler.cs:17) 玩家ID:482736422909116417 移动方向: 0.29689008 , 0 , 0.95491165
2025-12-05 18:48:38.4865 (StateSyncRequestHandler.cs:17) 玩家ID:482736422909116417 移动到新位置: -0.07009417 , 0 , 2.7449198
2025-12-05 18:48:38.5957 (StateSyncRequestHandler.cs:17) 玩家ID:482736422909116417 移动方向: -0.62987083 , 0 , 0.7766999
2025-12-05 18:48:38.5957 (StateSyncRequestHandler.cs:17) 玩家ID:482736422909116417 移动到新位置: -0.19606833 , 0 , 2.9002597
2025-12-05 18:48:38.6876 (StateSyncRequestHandler.cs:17) 玩家ID:482736422909116417 移动方向: -0.6825224 , 0 , 0.7308647
2025-12-05 18:48:38.6876 (StateSyncRequestHandler.cs:17) 玩家ID:482736422909116417 移动到新位置: -0.33257282 , 0 , 3.0464327
2025-12-05 18:48:38.7804 (StateSyncRequestHandler.cs:17) 玩家ID:482736422909116417 移动方向: 0.047854934 , 0 , 0.9988543
2025-12-05 18:48:38.7804 (StateSyncRequestHandler.cs:17) 玩家ID:482736422909116417 移动到新位置: -0.32300183 , 0 , 3.2462037
2025-12-05 18:48:38.8736 (StateSyncRequestHandler.cs:17) 玩家ID:482736422909116417 移动方向: 0.069854744 , 0 , 0.99755716
2025-12-05 18:48:38.8736 (StateSyncRequestHandler.cs:17) 玩家ID:482736422909116417 移动到新位置: -0.3090309 , 0 , 3.4457152
2025-12-05 18:48:38.9827 (StateSyncRequestHandler.cs:17) 玩家ID:482736422909116417 移动方向: 0.76274765 , 0 , 0.64669627
2025-12-05 18:48:38.9827 (StateSyncRequestHandler.cs:17) 玩家ID:482736422909116417 移动到新位置: -0.15648136 , 0 , 3.5750544
2025-12-05 18:48:39.0913 (StateSyncRequestHandler.cs:17) 玩家ID:482736422909116417 移动方向: 0.9963608 , 0 , -0.085236676
2025-12-05 18:48:39.0913 (StateSyncRequestHandler.cs:17) 玩家ID:482736422909116417 移动到新位置: 0.0427908 , 0 , 3.558007
2025-12-05 18:48:39.1849 (StateSyncRequestHandler.cs:17) 玩家ID:482736422909116417 移动方向: 0.9961454 , 0 , -0.08771739
2025-12-05 18:48:39.1849 (StateSyncRequestHandler.cs:17) 玩家ID:482736422909116417 移动到新位置: 0.24201989 , 0 , 3.5404634
2025-12-05 18:48:39.2924 (StateSyncRequestHandler.cs:17) 玩家ID:482736422909116417 移动方向: -0.08927718 , 0 , -0.99600685
2025-12-05 18:48:39.2924 (StateSyncRequestHandler.cs:17) 玩家ID:482736422909116417 移动到新位置: 0.22416446 , 0 , 3.341262
2025-12-05 18:48:39.3855 (StateSyncRequestHandler.cs:17) 玩家ID:482736422909116417 移动方向: -0.089859426 , 0 , -0.99595445
2025-12-05 18:48:39.3855 (StateSyncRequestHandler.cs:17) 玩家ID:482736422909116417 移动到新位置: 0.20619257 , 0 , 3.1420712
2025-12-05 18:48:39.4925 (StateSyncRequestHandler.cs:17) 玩家ID:482736422909116417 移动方向: -0.7679391 , 0 , -0.64052284
2025-12-05 18:48:39.4925 (StateSyncRequestHandler.cs:17) 玩家ID:482736422909116417 移动到新位置: 0.05260475 , 0 , 3.0139666
2025-12-05 18:48:39.5853 (StateSyncRequestHandler.cs:17) 玩家ID:482736422909116417 移动到新位置: 0.05260475 , 0 , 3.0139666
2025-12-05 18:48:40.5849 (StateSyncRequestHandler.cs:17) 玩家ID:482736422909116417 移动方向: -0.9959239 , 0 , 0.09019754
2025-12-05 18:48:40.5849 (StateSyncRequestHandler.cs:17) 玩家ID:482736422909116417 移动到新位置: -0.14658003 , 0 , 3.032006
2025-12-05 18:48:40.6758 (StateSyncRequestHandler.cs:17) 玩家ID:482736422909116417 移动方向: -0.9959239 , 0 , 0.09019754
2025-12-05 18:48:40.6758 (StateSyncRequestHandler.cs:17) 玩家ID:482736422909116417 移动到新位置: -0.34576482 , 0 , 3.0500455
2025-12-05 18:48:40.7844 (StateSyncRequestHandler.cs:17) 玩家ID:482736422909116417 移动方向: -0.64044523 , 0 , 0.7680038
2025-12-05 18:48:40.7844 (StateSyncRequestHandler.cs:17) 玩家ID:482736422909116417 移动到新位置: -0.47385386 , 0 , 3.2036462
2025-12-05 18:48:40.8925 (StateSyncRequestHandler.cs:17) 玩家ID:482736422909116417 移动方向: -0.64044523 , 0 , 0.7680038
2025-12-05 18:48:40.8925 (StateSyncRequestHandler.cs:17) 玩家ID:482736422909116417 移动到新位置: -0.6019429 , 0 , 3.3572469
2025-12-05 18:48:40.9849 (StateSyncRequestHandler.cs:17) 玩家ID:482736422909116417 移动方向: 0.090197556 , 0 , 0.9959239
2025-12-05 18:48:40.9849 (StateSyncRequestHandler.cs:17) 玩家ID:482736422909116417 移动到新位置: -0.5839034 , 0 , 3.5564318
2025-12-05 18:48:41.0790 (StateSyncRequestHandler.cs:17) 玩家ID:482736422909116417 移动方向: 0.7680038 , 0 , 0.64044523
2025-12-05 18:48:41.0790 (StateSyncRequestHandler.cs:17) 玩家ID:482736422909116417 移动到新位置: -0.3535022 , 0 , 3.7485654
2025-12-05 18:48:41.1873 (StateSyncRequestHandler.cs:17) 玩家ID:482736422909116417 移动方向: 0.9959239 , 0 , -0.09019754
2025-12-05 18:48:41.1873 (StateSyncRequestHandler.cs:17) 玩家ID:482736422909116417 移动到新位置: -0.05472505 , 0 , 3.721506
2025-12-05 18:48:41.2805 (StateSyncRequestHandler.cs:17) 玩家ID:482736422909116417 移动方向: 0.64044523 , 0 , -0.7680038
2025-12-05 18:48:41.2805 (StateSyncRequestHandler.cs:17) 玩家ID:482736422909116417 移动到新位置: 0.13740851 , 0 , 3.491105
2025-12-05 18:48:41.3887 (StateSyncRequestHandler.cs:17) 玩家ID:482736422909116417 移动方向: 0.64044523 , 0 , -0.7680038
2025-12-05 18:48:41.3887 (StateSyncRequestHandler.cs:17) 玩家ID:482736422909116417 移动到新位置: 0.32954207 , 0 , 3.260704
2025-12-05 18:48:41.4818 (StateSyncRequestHandler.cs:17) 玩家ID:482736422909116417 移动方向: 0.64044523 , 0 , -0.7680038
2025-12-05 18:48:41.4818 (StateSyncRequestHandler.cs:17) 玩家ID:482736422909116417 移动到新位置: 0.52167565 , 0 , 3.030303
2025-12-05 18:48:41.5910 (StateSyncRequestHandler.cs:17) 玩家ID:482736422909116417 移动方向: 0.64044523 , 0 , -0.7680038
2025-12-05 18:48:41.5910 (StateSyncRequestHandler.cs:17) 玩家ID:482736422909116417 移动到新位置: 0.7138092 , 0 , 2.799902
2025-12-05 18:48:41.6816 (StateSyncRequestHandler.cs:17) 玩家ID:482736422909116417 移动方向: 0.64044523 , 0 , -0.7680038
2025-12-05 18:48:41.6816 (StateSyncRequestHandler.cs:17) 玩家ID:482736422909116417 移动到新位置: 0.90594274 , 0 , 2.569501
2025-12-05 18:48:41.7906 (StateSyncRequestHandler.cs:17) 玩家ID:482736422909116417 移动到新位置: 0.90594274 , 0 , 2.569501
2025-12-05 18:48:43.2830 (StateSyncRequestHandler.cs:17) 玩家ID:482736422909116417 移动方向: -0.9959239 , 0 , 0.09019754
2025-12-05 18:48:43.2830 (StateSyncRequestHandler.cs:17) 玩家ID:482736422909116417 移动到新位置: 0.70675796 , 0 , 2.5875404
2025-12-05 18:48:43.3922 (StateSyncRequestHandler.cs:17) 玩家ID:482736422909116417 移动方向: -0.9959239 , 0 , 0.09019754
2025-12-05 18:48:43.3922 (StateSyncRequestHandler.cs:17) 玩家ID:482736422909116417 移动到新位置: 0.5075732 , 0 , 2.6055799
2025-12-05 18:48:43.4850 (StateSyncRequestHandler.cs:17) 玩家ID:482736422909116417 移动方向: -0.9959239 , 0 , 0.09019754
2025-12-05 18:48:43.4850 (StateSyncRequestHandler.cs:17) 玩家ID:482736422909116417 移动到新位置: 0.3083884 , 0 , 2.6236193
2025-12-05 18:48:43.5946 (StateSyncRequestHandler.cs:17) 玩家ID:482736422909116417 移动方向: -0.64044523 , 0 , 0.7680038
2025-12-05 18:48:43.5946 (StateSyncRequestHandler.cs:17) 玩家ID:482736422909116417 移动到新位置: 0.18029937 , 0 , 2.77722
2025-12-05 18:48:43.6717 (StateSyncRequestHandler.cs:17) 玩家ID:482736422909116417 移动方向: 0.7680038 , 0 , 0.64044523
2025-12-05 18:48:43.6717 (StateSyncRequestHandler.cs:17) 玩家ID:482736422909116417 移动到新位置: 0.4107005 , 0 , 2.9693537
2025-12-05 18:48:43.7809 (StateSyncRequestHandler.cs:17) 玩家ID:482736422909116417 移动方向: 0.9959239 , 0 , -0.09019754
2025-12-05 18:48:43.7809 (StateSyncRequestHandler.cs:17) 玩家ID:482736422909116417 移动到新位置: 0.70947766 , 0 , 2.9422944
2025-12-05 18:48:43.8902 (StateSyncRequestHandler.cs:17) 玩家ID:482736422909116417 移动方向: 0.9959239 , 0 , -0.09019754
2025-12-05 18:48:43.8902 (StateSyncRequestHandler.cs:17) 玩家ID:482736422909116417 移动到新位置: 1.0082548 , 0 , 2.915235
2025-12-05 18:48:43.9983 (StateSyncRequestHandler.cs:17) 玩家ID:482736422909116417 移动方向: 0.9959239 , 0 , -0.09019754
2025-12-05 18:48:43.9983 (StateSyncRequestHandler.cs:17) 玩家ID:482736422909116417 移动到新位置: 1.3070319 , 0 , 2.8881757
2025-12-05 18:48:44.0904 (StateSyncRequestHandler.cs:17) 玩家ID:482736422909116417 移动方向: 0.64044523 , 0 , -0.7680038
2025-12-05 18:48:44.0904 (StateSyncRequestHandler.cs:17) 玩家ID:482736422909116417 移动到新位置: 1.4991654 , 0 , 2.6577747
2025-12-05 18:48:44.1838 (StateSyncRequestHandler.cs:17) 玩家ID:482736422909116417 移动方向: 0.9959239 , 0 , -0.09019754
2025-12-05 18:48:44.1838 (StateSyncRequestHandler.cs:17) 玩家ID:482736422909116417 移动到新位置: 1.7979426 , 0 , 2.6307154
2025-12-05 18:48:44.2920 (StateSyncRequestHandler.cs:17) 玩家ID:482736422909116417 移动方向: 0.7680038 , 0 , 0.64044523
2025-12-05 18:48:44.2920 (StateSyncRequestHandler.cs:17) 玩家ID:482736422909116417 移动到新位置: 2.0283437 , 0 , 2.822849
2025-12-05 18:48:44.3850 (StateSyncRequestHandler.cs:17) 玩家ID:482736422909116417 移动方向: 0.090197556 , 0 , 0.9959239
2025-12-05 18:48:44.3850 (StateSyncRequestHandler.cs:17) 玩家ID:482736422909116417 移动到新位置: 2.055403 , 0 , 3.1216261
2025-12-05 18:48:44.4935 (StateSyncRequestHandler.cs:17) 玩家ID:482736422909116417 移动方向: 0.090197556 , 0 , 0.9959239
2025-12-05 18:48:44.4935 (StateSyncRequestHandler.cs:17) 玩家ID:482736422909116417 移动到新位置: 2.0824623 , 0 , 3.4204032
2025-12-05 18:48:44.5877 (StateSyncRequestHandler.cs:17) 玩家ID:482736422909116417 移动方向: -0.64044446 , 0 , 0.7680044
2025-12-05 18:48:44.5877 (StateSyncRequestHandler.cs:17) 玩家ID:482736422909116417 移动到新位置: 1.890329 , 0 , 3.6508045
2025-12-05 18:48:44.6804 (StateSyncRequestHandler.cs:17) 玩家ID:482736422909116417 移动方向: -0.64044446 , 0 , 0.7680044
2025-12-05 18:48:44.6804 (StateSyncRequestHandler.cs:17) 玩家ID:482736422909116417 移动到新位置: 1.6981957 , 0 , 3.8812058
2025-12-05 18:48:44.7886 (StateSyncRequestHandler.cs:17) 玩家ID:482736422909116417 移动方向: 0.76800436 , 0 , 0.6404445
2025-12-05 18:48:44.7886 (StateSyncRequestHandler.cs:17) 玩家ID:482736422909116417 移动到新位置: 1.928597 , 0 , 4.073339
2025-12-05 18:48:44.8820 (StateSyncRequestHandler.cs:17) 玩家ID:482736422909116417 移动方向: 0.76800436 , 0 , 0.6404445
2025-12-05 18:48:44.8820 (StateSyncRequestHandler.cs:17) 玩家ID:482736422909116417 移动到新位置: 2.1589983 , 0 , 4.2654724
2025-12-05 18:48:44.9912 (StateSyncRequestHandler.cs:17) 玩家ID:482736422909116417 移动方向: 0.76800436 , 0 , 0.6404445
2025-12-05 18:48:44.9912 (StateSyncRequestHandler.cs:17) 玩家ID:482736422909116417 移动到新位置: 2.3893995 , 0 , 4.457606
2025-12-05 18:48:45.0859 (StateSyncRequestHandler.cs:17) 玩家ID:482736422909116417 移动方向: 0.99592376 , 0 , -0.090198494
2025-12-05 18:48:45.0859 (StateSyncRequestHandler.cs:17) 玩家ID:482736422909116417 移动到新位置: 2.6881766 , 0 , 4.4305463
2025-12-05 18:48:45.1948 (StateSyncRequestHandler.cs:17) 玩家ID:482736422909116417 移动方向: 0.99592376 , 0 , -0.090198494
2025-12-05 18:48:45.1948 (StateSyncRequestHandler.cs:17) 玩家ID:482736422909116417 移动到新位置: 2.9869537 , 0 , 4.4034867
2025-12-05 18:48:45.2878 (StateSyncRequestHandler.cs:17) 玩家ID:482736422909116417 移动方向: 0.0901985 , 0 , 0.9959238
2025-12-05 18:48:45.2878 (StateSyncRequestHandler.cs:17) 玩家ID:482736422909116417 移动到新位置: 3.0140133 , 0 , 4.702264
2025-12-05 18:48:45.3803 (StateSyncRequestHandler.cs:17) 玩家ID:482736422909116417 移动方向: -0.64044446 , 0 , 0.7680044
2025-12-05 18:48:45.3803 (StateSyncRequestHandler.cs:17) 玩家ID:482736422909116417 移动到新位置: 2.8218799 , 0 , 4.9326653
2025-12-05 18:48:45.4739 (StateSyncRequestHandler.cs:17) 玩家ID:482736422909116417 移动方向: -0.64044446 , 0 , 0.7680044
2025-12-05 18:48:45.4739 (StateSyncRequestHandler.cs:17) 玩家ID:482736422909116417 移动到新位置: 2.6297464 , 0 , 5.163067
2025-12-05 18:48:45.5836 (StateSyncRequestHandler.cs:17) 玩家ID:482736422909116417 移动方向: 0.76800436 , 0 , 0.6404445
2025-12-05 18:48:45.5836 (StateSyncRequestHandler.cs:17) 玩家ID:482736422909116417 移动到新位置: 2.8601477 , 0 , 5.3552003
2025-12-05 18:48:45.6783 (StateSyncRequestHandler.cs:17) 玩家ID:482736422909116417 移动方向: 0.76800436 , 0 , 0.6404445
2025-12-05 18:48:45.6783 (StateSyncRequestHandler.cs:17) 玩家ID:482736422909116417 移动到新位置: 3.090549 , 0 , 5.5473337
2025-12-05 18:48:45.7877 (StateSyncRequestHandler.cs:17) 玩家ID:482736422909116417 移动方向: 0.99592376 , 0 , -0.090198494
2025-12-05 18:48:45.7877 (StateSyncRequestHandler.cs:17) 玩家ID:482736422909116417 移动到新位置: 3.389326 , 0 , 5.520274
2025-12-05 18:48:45.8808 (StateSyncRequestHandler.cs:17) 玩家ID:482736422909116417 移动方向: 0.99592376 , 0 , -0.090198494
2025-12-05 18:48:45.8808 (StateSyncRequestHandler.cs:17) 玩家ID:482736422909116417 移动到新位置: 3.6881032 , 0 , 5.4932146
2025-12-05 18:48:45.9885 (StateSyncRequestHandler.cs:17) 玩家ID:482736422909116417 移动方向: 0.99592376 , 0 , -0.090198494
2025-12-05 18:48:45.9885 (StateSyncRequestHandler.cs:17) 玩家ID:482736422909116417 移动到新位置: 3.9868803 , 0 , 5.466155
2025-12-05 18:48:46.0822 (StateSyncRequestHandler.cs:17) 玩家ID:482736422909116417 移动方向: 0.090371355 , 0 , 0.9959082
2025-12-05 18:48:46.0822 (StateSyncRequestHandler.cs:17) 玩家ID:482736422909116417 移动到新位置: 4.013992 , 0 , 5.7649274
2025-12-05 18:48:46.1762 (StateSyncRequestHandler.cs:17) 玩家ID:482736422909116417 移动方向: 0.1985558 , 0 , 0.98008955
2025-12-05 18:48:46.1762 (StateSyncRequestHandler.cs:17) 玩家ID:482736422909116417 移动到新位置: 4.073559 , 0 , 6.0589542
2025-12-05 18:48:46.2855 (StateSyncRequestHandler.cs:17) 玩家ID:482736422909116417 移动方向: 0.48605582 , 0 , 0.8739277
2025-12-05 18:48:46.2855 (StateSyncRequestHandler.cs:17) 玩家ID:482736422909116417 移动到新位置: 4.2193756 , 0 , 6.3211327
2025-12-05 18:48:46.3797 (StateSyncRequestHandler.cs:17) 玩家ID:482736422909116417 移动方向: 0.662815 , 0 , 0.74878323
2025-12-05 18:48:46.3797 (StateSyncRequestHandler.cs:17) 玩家ID:482736422909116417 移动到新位置: 4.41822 , 0 , 6.545768
2025-12-05 18:48:46.4729 (StateSyncRequestHandler.cs:17) 玩家ID:482736422909116417 移动方向: 0.7247592 , 0 , 0.6890022
2025-12-05 18:48:46.4729 (StateSyncRequestHandler.cs:17) 玩家ID:482736422909116417 移动到新位置: 4.635648 , 0 , 6.7524686
2025-12-05 18:48:46.5964 (StateSyncRequestHandler.cs:17) 玩家ID:482736422909116417 移动方向: 0.99803597 , 0 , -0.06264305
2025-12-05 18:48:46.5964 (StateSyncRequestHandler.cs:17) 玩家ID:482736422909116417 移动到新位置: 4.9350586 , 0 , 6.7336755
2025-12-05 18:48:46.6885 (StateSyncRequestHandler.cs:17) 玩家ID:482736422909116417 移动方向: 0.6532413 , 0 , -0.7571498
2025-12-05 18:48:46.6885 (StateSyncRequestHandler.cs:17) 玩家ID:482736422909116417 移动到新位置: 5.131031 , 0 , 6.506531
2025-12-05 18:48:46.7816 (StateSyncRequestHandler.cs:17) 玩家ID:482736422909116417 移动方向: 0.65066123 , 0 , -0.7593682
2025-12-05 18:48:46.7816 (StateSyncRequestHandler.cs:17) 玩家ID:482736422909116417 移动到新位置: 5.3262296 , 0 , 6.2787204
2025-12-05 18:48:46.8906 (StateSyncRequestHandler.cs:17) 玩家ID:482736422909116417 移动方向: 0.64979017 , 0 , -0.76011366
2025-12-05 18:48:46.8906 (StateSyncRequestHandler.cs:17) 玩家ID:482736422909116417 移动到新位置: 5.521167 , 0 , 6.0506864
2025-12-05 18:48:46.9982 (StateSyncRequestHandler.cs:17) 玩家ID:482736422909116417 移动方向: 0.6495554 , 0 , -0.76031435
2025-12-05 18:48:46.9982 (StateSyncRequestHandler.cs:17) 玩家ID:482736422909116417 移动到新位置: 5.7160335 , 0 , 5.8225923
2025-12-05 18:48:47.0931 (StateSyncRequestHandler.cs:17) 玩家ID:482736422909116417 移动方向: 0.64947695 , 0 , -0.7603813
2025-12-05 18:48:47.0931 (StateSyncRequestHandler.cs:17) 玩家ID:482736422909116417 移动到新位置: 5.9108768 , 0 , 5.5944777
2025-12-05 18:48:47.1871 (StateSyncRequestHandler.cs:17) 玩家ID:482736422909116417 移动方向: 0.7603999 , 0 , 0.6494552
2025-12-05 18:48:47.1871 (StateSyncRequestHandler.cs:17) 玩家ID:482736422909116417 移动到新位置: 6.1389966 , 0 , 5.7893143
2025-12-05 18:48:47.2800 (StateSyncRequestHandler.cs:17) 玩家ID:482736422909116417 移动方向: 0.76040596 , 0 , 0.64944804
2025-12-05 18:48:47.2800 (StateSyncRequestHandler.cs:17) 玩家ID:482736422909116417 移动到新位置: 6.3671184 , 0 , 5.9841485
2025-12-05 18:48:47.3872 (StateSyncRequestHandler.cs:17) 玩家ID:482736422909116417 移动方向: 0.7604061 , 0 , 0.6494479
2025-12-05 18:48:47.3872 (StateSyncRequestHandler.cs:17) 玩家ID:482736422909116417 移动到新位置: 6.59524 , 0 , 6.1789827
2025-12-05 18:48:47.4818 (StateSyncRequestHandler.cs:17) 玩家ID:482736422909116417 移动方向: 0.7604061 , 0 , 0.6494479
2025-12-05 18:48:47.4818 (StateSyncRequestHandler.cs:17) 玩家ID:482736422909116417 移动到新位置: 6.823362 , 0 , 6.373817
2025-12-05 18:48:47.5916 (StateSyncRequestHandler.cs:17) 玩家ID:482736422909116417 移动方向: 0.9969173 , 0 , -0.07845923
2025-12-05 18:48:47.5916 (StateSyncRequestHandler.cs:17) 玩家ID:482736422909116417 移动到新位置: 7.122437 , 0 , 6.3502793
2025-12-05 18:48:47.6848 (StateSyncRequestHandler.cs:17) 玩家ID:482736422909116417 移动方向: 0.649448 , 0 , -0.760406
2025-12-05 18:48:47.6848 (StateSyncRequestHandler.cs:17) 玩家ID:482736422909116417 移动到新位置: 7.317271 , 0 , 6.1221576
2025-12-05 18:48:47.7795 (StateSyncRequestHandler.cs:17) 玩家ID:482736422909116417 移动方向: 0.649448 , 0 , -0.760406
2025-12-05 18:48:47.7795 (StateSyncRequestHandler.cs:17) 玩家ID:482736422909116417 移动到新位置: 7.5121055 , 0 , 5.894036
2025-12-05 18:48:47.8879 (StateSyncRequestHandler.cs:17) 玩家ID:482736422909116417 移动方向: 0.649448 , 0 , -0.760406
2025-12-05 18:48:47.8879 (StateSyncRequestHandler.cs:17) 玩家ID:482736422909116417 移动到新位置: 7.7069397 , 0 , 5.665914
2025-12-05 18:48:47.9810 (StateSyncRequestHandler.cs:17) 玩家ID:482736422909116417 移动方向: 0.649448 , 0 , -0.760406
2025-12-05 18:48:47.9810 (StateSyncRequestHandler.cs:17) 玩家ID:482736422909116417 移动到新位置: 7.901774 , 0 , 5.4377923
2025-12-05 18:48:48.0893 (StateSyncRequestHandler.cs:17) 玩家ID:482736422909116417 移动到新位置: 7.901774 , 0 , 5.4377923
2025-12-05 18:48:48.1832 (StateSyncRequestHandler.cs:17) 玩家ID:482736422909116417 移动方向: 0.7604061 , 0 , 0.6494479
2025-12-05 18:48:48.1832 (StateSyncRequestHandler.cs:17) 玩家ID:482736422909116417 移动到新位置: 8.129896 , 0 , 5.6326265
2025-12-05 18:48:48.2922 (StateSyncRequestHandler.cs:17) 玩家ID:482736422909116417 移动方向: 0.7604061 , 0 , 0.6494479
2025-12-05 18:48:48.2922 (StateSyncRequestHandler.cs:17) 玩家ID:482736422909116417 移动到新位置: 8.358018 , 0 , 5.827461
2025-12-05 18:48:48.3850 (StateSyncRequestHandler.cs:17) 玩家ID:482736422909116417 移动方向: 0.7604061 , 0 , 0.6494479
2025-12-05 18:48:48.3850 (StateSyncRequestHandler.cs:17) 玩家ID:482736422909116417 移动到新位置: 8.58614 , 0 , 6.022295
2025-12-05 18:48:48.4783 (StateSyncRequestHandler.cs:17) 玩家ID:482736422909116417 移动方向: 0.0784592 , 0 , 0.99691725
2025-12-05 18:48:48.4783 (StateSyncRequestHandler.cs:17) 玩家ID:482736422909116417 移动到新位置: 8.609677 , 0 , 6.32137
2025-12-05 18:48:48.5888 (StateSyncRequestHandler.cs:17) 玩家ID:482736422909116417 移动方向: -0.649448 , 0 , 0.760406
2025-12-05 18:48:48.5888 (StateSyncRequestHandler.cs:17) 玩家ID:482736422909116417 移动到新位置: 8.414843 , 0 , 6.549492
2025-12-05 18:48:48.6810 (StateSyncRequestHandler.cs:17) 玩家ID:482736422909116417 移动方向: -0.649448 , 0 , 0.760406
2025-12-05 18:48:48.6810 (StateSyncRequestHandler.cs:17) 玩家ID:482736422909116417 移动到新位置: 8.220008 , 0 , 6.7776136
2025-12-05 18:48:48.7907 (StateSyncRequestHandler.cs:17) 玩家ID:482736422909116417 移动方向: -0.9969173 , 0 , 0.07845923
2025-12-05 18:48:48.7907 (StateSyncRequestHandler.cs:17) 玩家ID:482736422909116417 移动到新位置: 7.920933 , 0 , 6.8011513
2025-12-05 18:48:48.8832 (StateSyncRequestHandler.cs:17) 玩家ID:482736422909116417 移动方向: -0.7604061 , 0 , -0.6494479
2025-12-05 18:48:48.8832 (StateSyncRequestHandler.cs:17) 玩家ID:482736422909116417 移动到新位置: 7.692811 , 0 , 6.606317
2025-12-05 18:48:48.9923 (StateSyncRequestHandler.cs:17) 玩家ID:482736422909116417 移动方向: -0.7604061 , 0 , -0.6494479
2025-12-05 18:48:48.9923 (StateSyncRequestHandler.cs:17) 玩家ID:482736422909116417 移动到新位置: 7.4646893 , 0 , 6.411483
2025-12-05 18:48:49.0716 (StateSyncRequestHandler.cs:17) 玩家ID:482736422909116417 移动方向: -0.7604061 , 0 , -0.6494479
2025-12-05 18:48:49.0716 (StateSyncRequestHandler.cs:17) 玩家ID:482736422909116417 移动到新位置: 7.2365675 , 0 , 6.2166486
2025-12-05 18:48:49.1805 (StateSyncRequestHandler.cs:17) 玩家ID:482736422909116417 移动方向: -0.7604061 , 0 , -0.6494479
2025-12-05 18:48:49.1805 (StateSyncRequestHandler.cs:17) 玩家ID:482736422909116417 移动到新位置: 7.0084457 , 0 , 6.0218143
2025-12-05 18:48:49.2881 (StateSyncRequestHandler.cs:17) 玩家ID:482736422909116417 移动方向: -0.7604061 , 0 , -0.6494479
2025-12-05 18:48:49.2881 (StateSyncRequestHandler.cs:17) 玩家ID:482736422909116417 移动到新位置: 6.780324 , 0 , 5.82698
2025-12-05 18:48:49.3809 (StateSyncRequestHandler.cs:17) 玩家ID:482736422909116417 移动方向: -0.7604061 , 0 , -0.6494479
2025-12-05 18:48:49.3815 (StateSyncRequestHandler.cs:17) 玩家ID:482736422909116417 移动到新位置: 6.552202 , 0 , 5.632146
2025-12-05 18:48:49.4732 (StateSyncRequestHandler.cs:17) 玩家ID:482736422909116417 移动方向: -0.7604061 , 0 , -0.6494479
2025-12-05 18:48:49.4732 (StateSyncRequestHandler.cs:17) 玩家ID:482736422909116417 移动到新位置: 6.3240805 , 0 , 5.4373116
2025-12-05 18:48:49.5795 (StateSyncRequestHandler.cs:17) 玩家ID:482736422909116417 移动方向: -0.0784592 , 0 , -0.99691725
2025-12-05 18:48:49.5795 (StateSyncRequestHandler.cs:17) 玩家ID:482736422909116417 移动到新位置: 6.300543 , 0 , 5.1382365
2025-12-05 18:48:49.6736 (StateSyncRequestHandler.cs:17) 玩家ID:482736422909116417 移动方向: -0.0784592 , 0 , -0.99691725
2025-12-05 18:48:49.6736 (StateSyncRequestHandler.cs:17) 玩家ID:482736422909116417 移动到新位置: 6.277005 , 0 , 4.8391614
2025-12-05 18:48:49.7813 (StateSyncRequestHandler.cs:17) 玩家ID:482736422909116417 移动方向: -0.0784592 , 0 , -0.99691725
2025-12-05 18:48:49.7813 (StateSyncRequestHandler.cs:17) 玩家ID:482736422909116417 移动到新位置: 6.2534676 , 0 , 4.5400863
2025-12-05 18:48:49.8735 (StateSyncRequestHandler.cs:17) 玩家ID:482736422909116417 移动方向: -0.7604061 , 0 , -0.6494479
2025-12-05 18:48:49.8735 (StateSyncRequestHandler.cs:17) 玩家ID:482736422909116417 移动到新位置: 6.025346 , 0 , 4.345252
2025-12-05 18:48:49.9826 (StateSyncRequestHandler.cs:17) 玩家ID:482736422909116417 移动方向: -0.7604061 , 0 , -0.6494479
2025-12-05 18:48:49.9826 (StateSyncRequestHandler.cs:17) 玩家ID:482736422909116417 移动到新位置: 5.797224 , 0 , 4.150418
2025-12-05 18:48:50.0768 (StateSyncRequestHandler.cs:17) 玩家ID:482736422909116417 移动方向: -0.7604061 , 0 , -0.6494479
2025-12-05 18:48:50.0768 (StateSyncRequestHandler.cs:17) 玩家ID:482736422909116417 移动到新位置: 5.5691023 , 0 , 3.9555833
2025-12-05 18:48:50.1862 (StateSyncRequestHandler.cs:17) 玩家ID:482736422909116417 移动方向: -0.7604061 , 0 , -0.6494479
2025-12-05 18:48:50.1862 (StateSyncRequestHandler.cs:17) 玩家ID:482736422909116417 移动到新位置: 5.3409805 , 0 , 3.7607489
2025-12-05 18:48:50.2796 (StateSyncRequestHandler.cs:17) 玩家ID:482736422909116417 移动方向: -0.7604061 , 0 , -0.6494479
2025-12-05 18:48:50.2796 (StateSyncRequestHandler.cs:17) 玩家ID:482736422909116417 移动到新位置: 5.112859 , 0 , 3.5659144
2025-12-05 18:48:50.3878 (StateSyncRequestHandler.cs:17) 玩家ID:482736422909116417 移动方向: -0.7604061 , 0 , -0.6494479
2025-12-05 18:48:50.3878 (StateSyncRequestHandler.cs:17) 玩家ID:482736422909116417 移动到新位置: 4.884737 , 0 , 3.37108
2025-12-05 18:48:50.4811 (StateSyncRequestHandler.cs:17) 玩家ID:482736422909116417 移动方向: -0.760406 , 0 , -0.649448
2025-12-05 18:48:50.4811 (StateSyncRequestHandler.cs:17) 玩家ID:482736422909116417 移动到新位置: 4.6566153 , 0 , 3.1762455
2025-12-05 18:48:50.5893 (StateSyncRequestHandler.cs:17) 玩家ID:482736422909116417 移动方向: -0.760406 , 0 , -0.649448
2025-12-05 18:48:50.5893 (StateSyncRequestHandler.cs:17) 玩家ID:482736422909116417 移动到新位置: 4.4284935 , 0 , 2.981411
2025-12-05 18:48:50.6821 (StateSyncRequestHandler.cs:17) 玩家ID:482736422909116417 移动方向: -0.760406 , 0 , -0.649448
2025-12-05 18:48:50.6821 (StateSyncRequestHandler.cs:17) 玩家ID:482736422909116417 移动到新位置: 4.2003717 , 0 , 2.7865765
2025-12-05 18:48:50.7908 (StateSyncRequestHandler.cs:17) 玩家ID:482736422909116417 移动方向: -0.0784592 , 0 , -0.9969173
2025-12-05 18:48:50.7908 (StateSyncRequestHandler.cs:17) 玩家ID:482736422909116417 移动到新位置: 4.176834 , 0 , 2.4875014
2025-12-05 18:48:50.8825 (StateSyncRequestHandler.cs:17) 玩家ID:482736422909116417 移动方向: -0.0784592 , 0 , -0.9969173
2025-12-05 18:48:50.8825 (StateSyncRequestHandler.cs:17) 玩家ID:482736422909116417 移动到新位置: 4.1532965 , 0 , 2.1884263
2025-12-05 18:48:50.9915 (StateSyncRequestHandler.cs:17) 玩家ID:482736422909116417 移动方向: -0.0784592 , 0 , -0.9969173
2025-12-05 18:48:50.9915 (StateSyncRequestHandler.cs:17) 玩家ID:482736422909116417 移动到新位置: 4.129759 , 0 , 1.8893511
2025-12-05 18:48:51.0842 (StateSyncRequestHandler.cs:17) 玩家ID:482736422909116417 移动方向: -0.0784592 , 0 , -0.9969173
2025-12-05 18:48:51.0842 (StateSyncRequestHandler.cs:17) 玩家ID:482736422909116417 移动到新位置: 4.106221 , 0 , 1.590276
2025-12-05 18:48:51.1768 (StateSyncRequestHandler.cs:17) 玩家ID:482736422909116417 移动方向: -0.0784592 , 0 , -0.9969173
2025-12-05 18:48:51.1768 (StateSyncRequestHandler.cs:17) 玩家ID:482736422909116417 移动到新位置: 4.0826836 , 0 , 1.2912009
2025-12-05 18:48:51.2869 (StateSyncRequestHandler.cs:17) 玩家ID:482736422909116417 移动方向: -0.0784592 , 0 , -0.9969173
2025-12-05 18:48:51.2869 (StateSyncRequestHandler.cs:17) 玩家ID:482736422909116417 移动到新位置: 4.059146 , 0 , 0.9921257
2025-12-05 18:48:51.3958 (StateSyncRequestHandler.cs:17) 玩家ID:482736422909116417 移动方向: -0.0784592 , 0 , -0.9969173
2025-12-05 18:48:51.3965 (StateSyncRequestHandler.cs:17) 玩家ID:482736422909116417 移动到新位置: 4.0356083 , 0 , 0.6930505
2025-12-05 18:48:51.4874 (StateSyncRequestHandler.cs:17) 玩家ID:482736422909116417 移动方向: 0.649448 , 0 , -0.7604061
2025-12-05 18:48:51.4874 (StateSyncRequestHandler.cs:17) 玩家ID:482736422909116417 移动到新位置: 4.2304425 , 0 , 0.4649287
2025-12-05 18:48:51.5817 (StateSyncRequestHandler.cs:17) 玩家ID:482736422909116417 移动方向: 0.649448 , 0 , -0.7604061
2025-12-05 18:48:51.5817 (StateSyncRequestHandler.cs:17) 玩家ID:482736422909116417 移动到新位置: 4.4252768 , 0 , 0.23680687
2025-12-05 18:48:51.6899 (StateSyncRequestHandler.cs:17) 玩家ID:482736422909116417 移动方向: 0.649448 , 0 , -0.7604061
2025-12-05 18:48:51.6899 (StateSyncRequestHandler.cs:17) 玩家ID:482736422909116417 移动到新位置: 4.620111 , 0 , 0.008685052
2025-12-05 18:48:51.7834 (StateSyncRequestHandler.cs:17) 玩家ID:482736422909116417 移动方向: 0.760406 , 0 , 0.649448
2025-12-05 18:48:51.7834 (StateSyncRequestHandler.cs:17) 玩家ID:482736422909116417 移动到新位置: 4.8482327 , 0 , 0.20351945
2025-12-05 18:48:51.8907 (StateSyncRequestHandler.cs:17) 玩家ID:482736422909116417 移动方向: 0.760406 , 0 , 0.649448
2025-12-05 18:48:51.8907 (StateSyncRequestHandler.cs:17) 玩家ID:482736422909116417 移动到新位置: 5.0763545 , 0 , 0.39835384
2025-12-05 18:48:51.9838 (StateSyncRequestHandler.cs:17) 玩家ID:482736422909116417 移动方向: 0.760406 , 0 , 0.649448
2025-12-05 18:48:51.9838 (StateSyncRequestHandler.cs:17) 玩家ID:482736422909116417 移动到新位置: 5.3044763 , 0 , 0.5931882
2025-12-05 18:48:52.0935 (StateSyncRequestHandler.cs:17) 玩家ID:482736422909116417 移动方向: 0.760406 , 0 , 0.649448
2025-12-05 18:48:52.0935 (StateSyncRequestHandler.cs:17) 玩家ID:482736422909116417 移动到新位置: 5.532598 , 0 , 0.78802264
2025-12-05 18:48:52.1866 (StateSyncRequestHandler.cs:17) 玩家ID:482736422909116417 移动方向: 0.0784592 , 0 , 0.9969173
2025-12-05 18:48:52.1866 (StateSyncRequestHandler.cs:17) 玩家ID:482736422909116417 移动到新位置: 5.5561357 , 0 , 1.0870979
2025-12-05 18:48:52.2825 (StateSyncRequestHandler.cs:17) 玩家ID:482736422909116417 移动方向: 0.0784592 , 0 , 0.9969173
2025-12-05 18:48:52.2825 (StateSyncRequestHandler.cs:17) 玩家ID:482736422909116417 移动到新位置: 5.5796733 , 0 , 1.386173
2025-12-05 18:48:52.3919 (StateSyncRequestHandler.cs:17) 玩家ID:482736422909116417 移动方向: -0.649448 , 0 , 0.7604061
2025-12-05 18:48:52.3919 (StateSyncRequestHandler.cs:17) 玩家ID:482736422909116417 移动到新位置: 5.384839 , 0 , 1.6142948
2025-12-05 18:48:52.4851 (StateSyncRequestHandler.cs:17) 玩家ID:482736422909116417 移动方向: -0.649448 , 0 , 0.7604061
2025-12-05 18:48:52.4851 (StateSyncRequestHandler.cs:17) 玩家ID:482736422909116417 移动到新位置: 5.190005 , 0 , 1.8424165
2025-12-05 18:48:52.5777 (StateSyncRequestHandler.cs:17) 玩家ID:482736422909116417 移动方向: -0.9969173 , 0 , 0.0784592
2025-12-05 18:48:52.5777 (StateSyncRequestHandler.cs:17) 玩家ID:482736422909116417 移动到新位置: 4.8909297 , 0 , 1.8659543
2025-12-05 18:48:52.6857 (StateSyncRequestHandler.cs:17) 玩家ID:482736422909116417 移动方向: -0.760406 , 0 , -0.649448
2025-12-05 18:48:52.6857 (StateSyncRequestHandler.cs:17) 玩家ID:482736422909116417 移动到新位置: 4.662808 , 0 , 1.6711199
2025-12-05 18:48:52.7939 (StateSyncRequestHandler.cs:17) 玩家ID:482736422909116417 移动方向: -0.760406 , 0 , -0.649448
2025-12-05 18:48:52.7939 (StateSyncRequestHandler.cs:17) 玩家ID:482736422909116417 移动到新位置: 4.434686 , 0 , 1.4762856
2025-12-05 18:48:52.8867 (StateSyncRequestHandler.cs:17) 玩家ID:482736422909116417 移动方向: -0.760406 , 0 , -0.649448
2025-12-05 18:48:52.8867 (StateSyncRequestHandler.cs:17) 玩家ID:482736422909116417 移动到新位置: 4.2065644 , 0 , 1.2814512
2025-12-05 18:48:52.9798 (StateSyncRequestHandler.cs:17) 玩家ID:482736422909116417 移动方向: -0.760406 , 0 , -0.649448
2025-12-05 18:48:52.9798 (StateSyncRequestHandler.cs:17) 玩家ID:482736422909116417 移动到新位置: 3.9784427 , 0 , 1.0866169
2025-12-05 18:48:53.0897 (StateSyncRequestHandler.cs:17) 玩家ID:482736422909116417 移动方向: -0.760406 , 0 , -0.649448
2025-12-05 18:48:53.0897 (StateSyncRequestHandler.cs:17) 玩家ID:482736422909116417 移动到新位置: 3.750321 , 0 , 0.89178246
2025-12-05 18:48:53.1824 (StateSyncRequestHandler.cs:17) 玩家ID:482736422909116417 移动方向: -0.760406 , 0 , -0.649448
2025-12-05 18:48:53.1824 (StateSyncRequestHandler.cs:17) 玩家ID:482736422909116417 移动到新位置: 3.5221992 , 0 , 0.69694805
2025-12-05 18:48:53.2903 (StateSyncRequestHandler.cs:17) 玩家ID:482736422909116417 移动方向: -0.0784592 , 0 , -0.9969173
2025-12-05 18:48:53.2903 (StateSyncRequestHandler.cs:17) 玩家ID:482736422909116417 移动到新位置: 3.4986613 , 0 , 0.39787287
2025-12-05 18:48:53.3835 (StateSyncRequestHandler.cs:17) 玩家ID:482736422909116417 移动方向: -0.0784592 , 0 , -0.9969173
2025-12-05 18:48:53.3835 (StateSyncRequestHandler.cs:17) 玩家ID:482736422909116417 移动到新位置: 3.4751234 , 0 , 0.09879768
2025-12-05 18:48:53.4934 (StateSyncRequestHandler.cs:17) 玩家ID:482736422909116417 移动方向: 0.649448 , 0 , -0.7604061
2025-12-05 18:48:53.4934 (StateSyncRequestHandler.cs:17) 玩家ID:482736422909116417 移动到新位置: 3.6699579 , 0 , -0.12932414
2025-12-05 18:48:53.5843 (StateSyncRequestHandler.cs:17) 玩家ID:482736422909116417 移动方向: 0.649448 , 0 , -0.7604061
2025-12-05 18:48:53.5843 (StateSyncRequestHandler.cs:17) 玩家ID:482736422909116417 移动到新位置: 3.8647923 , 0 , -0.35744596
2025-12-05 18:48:53.6774 (StateSyncRequestHandler.cs:17) 玩家ID:482736422909116417 移动方向: 0.649448 , 0 , -0.7604061
2025-12-05 18:48:53.6774 (StateSyncRequestHandler.cs:17) 玩家ID:482736422909116417 移动到新位置: 4.0596266 , 0 , -0.5855678
2025-12-05 18:48:53.7855 (StateSyncRequestHandler.cs:17) 玩家ID:482736422909116417 移动方向: 0.649448 , 0 , -0.7604061
2025-12-05 18:48:53.7855 (StateSyncRequestHandler.cs:17) 玩家ID:482736422909116417 移动到新位置: 4.254461 , 0 , -0.8136896
2025-12-05 18:48:53.8804 (StateSyncRequestHandler.cs:17) 玩家ID:482736422909116417 移动方向: -0.0784592 , 0 , -0.9969173
2025-12-05 18:48:53.8804 (StateSyncRequestHandler.cs:17) 玩家ID:482736422909116417 移动到新位置: 4.230923 , 0 , -1.1127648
2025-12-05 18:48:53.9742 (StateSyncRequestHandler.cs:17) 玩家ID:482736422909116417 移动方向: -0.760406 , 0 , -0.649448
2025-12-05 18:48:53.9742 (StateSyncRequestHandler.cs:17) 玩家ID:482736422909116417 移动到新位置: 4.0028014 , 0 , -1.3075992
2025-12-05 18:48:54.0839 (StateSyncRequestHandler.cs:17) 玩家ID:482736422909116417 移动方向: -0.9969173 , 0 , 0.0784592
2025-12-05 18:48:54.0839 (StateSyncRequestHandler.cs:17) 玩家ID:482736422909116417 移动到新位置: 3.7037263 , 0 , -1.2840614
2025-12-05 18:48:54.1782 (StateSyncRequestHandler.cs:17) 玩家ID:482736422909116417 移动方向: -0.9969173 , 0 , 0.0784592
2025-12-05 18:48:54.1782 (StateSyncRequestHandler.cs:17) 玩家ID:482736422909116417 移动到新位置: 3.4046512 , 0 , -1.2605237
2025-12-05 18:48:54.2874 (StateSyncRequestHandler.cs:17) 玩家ID:482736422909116417 移动方向: -0.9969173 , 0 , 0.0784592
2025-12-05 18:48:54.2874 (StateSyncRequestHandler.cs:17) 玩家ID:482736422909116417 移动到新位置: 3.105576 , 0 , -1.2369859
2025-12-05 18:48:54.3805 (StateSyncRequestHandler.cs:17) 玩家ID:482736422909116417 移动方向: -0.9969173 , 0 , 0.0784592
2025-12-05 18:48:54.3805 (StateSyncRequestHandler.cs:17) 玩家ID:482736422909116417 移动到新位置: 2.806501 , 0 , -1.2134482
2025-12-05 18:48:54.4886 (StateSyncRequestHandler.cs:17) 玩家ID:482736422909116417 移动方向: -0.649448 , 0 , 0.7604061
2025-12-05 18:48:54.4886 (StateSyncRequestHandler.cs:17) 玩家ID:482736422909116417 移动到新位置: 2.6116664 , 0 , -0.98532635
2025-12-05 18:48:54.5818 (StateSyncRequestHandler.cs:17) 玩家ID:482736422909116417 移动方向: -0.649448 , 0 , 0.7604061
2025-12-05 18:48:54.5818 (StateSyncRequestHandler.cs:17) 玩家ID:482736422909116417 移动到新位置: 2.416832 , 0 , -0.75720453
2025-12-05 18:48:54.6906 (StateSyncRequestHandler.cs:17) 玩家ID:482736422909116417 移动方向: 0.760406 , 0 , 0.649448
2025-12-05 18:48:54.6906 (StateSyncRequestHandler.cs:17) 玩家ID:482736422909116417 移动到新位置: 2.6449537 , 0 , -0.5623701
2025-12-05 18:48:54.7841 (StateSyncRequestHandler.cs:17) 玩家ID:482736422909116417 移动方向: 0.760406 , 0 , 0.649448
2025-12-05 18:48:54.7841 (StateSyncRequestHandler.cs:17) 玩家ID:482736422909116417 移动到新位置: 2.8730755 , 0 , -0.3675357
2025-12-05 18:48:54.8766 (StateSyncRequestHandler.cs:17) 玩家ID:482736422909116417 移动方向: 0.9969173 , 0 , -0.0784592
2025-12-05 18:48:54.8766 (StateSyncRequestHandler.cs:17) 玩家ID:482736422909116417 移动到新位置: 3.1721506 , 0 , -0.39107347
2025-12-05 18:48:54.9847 (StateSyncRequestHandler.cs:17) 玩家ID:482736422909116417 移动方向: 0.9969173 , 0 , -0.0784592
2025-12-05 18:48:54.9847 (StateSyncRequestHandler.cs:17) 玩家ID:482736422909116417 移动到新位置: 3.4712257 , 0 , -0.41461122
2025-12-05 18:48:55.0925 (StateSyncRequestHandler.cs:17) 玩家ID:482736422909116417 移动方向: 0.9969173 , 0 , -0.0784592
2025-12-05 18:48:55.0925 (StateSyncRequestHandler.cs:17) 玩家ID:482736422909116417 移动到新位置: 3.7703009 , 0 , -0.43814898
2025-12-05 18:48:55.1874 (StateSyncRequestHandler.cs:17) 玩家ID:482736422909116417 移动方向: 0.9969173 , 0 , -0.0784592
2025-12-05 18:48:55.1874 (StateSyncRequestHandler.cs:17) 玩家ID:482736422909116417 移动到新位置: 4.069376 , 0 , -0.46168673
2025-12-05 18:48:55.2798 (StateSyncRequestHandler.cs:17) 玩家ID:482736422909116417 移动方向: 0.9969173 , 0 , -0.0784592
2025-12-05 18:48:55.2798 (StateSyncRequestHandler.cs:17) 玩家ID:482736422909116417 移动到新位置: 4.368451 , 0 , -0.4852245
2025-12-05 18:48:55.3898 (StateSyncRequestHandler.cs:17) 玩家ID:482736422909116417 移动方向: 0.9969173 , 0 , -0.0784592
2025-12-05 18:48:55.3898 (StateSyncRequestHandler.cs:17) 玩家ID:482736422909116417 移动到新位置: 4.6675262 , 0 , -0.50876224
2025-12-05 18:48:55.4834 (StateSyncRequestHandler.cs:17) 玩家ID:482736422909116417 移动方向: 0.760406 , 0 , 0.649448
2025-12-05 18:48:55.4834 (StateSyncRequestHandler.cs:17) 玩家ID:482736422909116417 移动到新位置: 4.895648 , 0 , -0.31392783
2025-12-05 18:48:55.5784 (StateSyncRequestHandler.cs:17) 玩家ID:482736422909116417 移动方向: 0.760406 , 0 , 0.649448
2025-12-05 18:48:55.5784 (StateSyncRequestHandler.cs:17) 玩家ID:482736422909116417 移动到新位置: 5.1237698 , 0 , -0.11909343
2025-12-05 18:48:55.6861 (StateSyncRequestHandler.cs:17) 玩家ID:482736422909116417 移动方向: 0.760406 , 0 , 0.649448
2025-12-05 18:48:55.6861 (StateSyncRequestHandler.cs:17) 玩家ID:482736422909116417 移动到新位置: 5.3518915 , 0 , 0.07574096
2025-12-05 18:48:55.7786 (StateSyncRequestHandler.cs:17) 玩家ID:482736422909116417 移动方向: 0.760406 , 0 , 0.649448
2025-12-05 18:48:55.7786 (StateSyncRequestHandler.cs:17) 玩家ID:482736422909116417 移动到新位置: 5.5800133 , 0 , 0.27057534
2025-12-05 18:48:55.8864 (StateSyncRequestHandler.cs:17) 玩家ID:482736422909116417 移动方向: 0.0784592 , 0 , 0.9969173
2025-12-05 18:48:55.8864 (StateSyncRequestHandler.cs:17) 玩家ID:482736422909116417 移动到新位置: 5.603551 , 0 , 0.56965053
2025-12-05 18:48:55.9812 (StateSyncRequestHandler.cs:17) 玩家ID:482736422909116417 移动方向: -0.649448 , 0 , 0.7604061
2025-12-05 18:48:55.9812 (StateSyncRequestHandler.cs:17) 玩家ID:482736422909116417 移动到新位置: 5.4087167 , 0 , 0.79777235
2025-12-05 18:48:56.0893 (StateSyncRequestHandler.cs:17) 玩家ID:482736422909116417 移动方向: -0.649448 , 0 , 0.7604061
2025-12-05 18:48:56.0893 (StateSyncRequestHandler.cs:17) 玩家ID:482736422909116417 移动到新位置: 5.2138824 , 0 , 1.0258942
2025-12-05 18:48:56.1845 (StateSyncRequestHandler.cs:17) 玩家ID:482736422909116417 移动方向: -0.9969173 , 0 , 0.0784592
2025-12-05 18:48:56.1845 (StateSyncRequestHandler.cs:17) 玩家ID:482736422909116417 移动到新位置: 4.9148073 , 0 , 1.0494319
2025-12-05 18:48:56.2933 (StateSyncRequestHandler.cs:17) 玩家ID:482736422909116417 移动方向: -0.760406 , 0 , -0.649448
2025-12-05 18:48:56.2933 (StateSyncRequestHandler.cs:17) 玩家ID:482736422909116417 移动到新位置: 4.6866856 , 0 , 0.8545975
2025-12-05 18:48:56.3869 (StateSyncRequestHandler.cs:17) 玩家ID:482736422909116417 移动方向: -0.760406 , 0 , -0.649448
2025-12-05 18:48:56.3869 (StateSyncRequestHandler.cs:17) 玩家ID:482736422909116417 移动到新位置: 4.458564 , 0 , 0.6597631
2025-12-05 18:48:56.4817 (StateSyncRequestHandler.cs:17) 玩家ID:482736422909116417 移动方向: -0.760406 , 0 , -0.649448
2025-12-05 18:48:56.4817 (StateSyncRequestHandler.cs:17) 玩家ID:482736422909116417 移动到新位置: 4.230442 , 0 , 0.4649287
2025-12-05 18:48:56.5752 (StateSyncRequestHandler.cs:17) 玩家ID:482736422909116417 移动方向: -0.760406 , 0 , -0.649448
2025-12-05 18:48:56.5752 (StateSyncRequestHandler.cs:17) 玩家ID:482736422909116417 移动到新位置: 4.0023203 , 0 , 0.27009428
2025-12-05 18:48:56.6991 (StateSyncRequestHandler.cs:17) 玩家ID:482736422909116417 移动方向: -0.760406 , 0 , -0.649448
2025-12-05 18:48:56.6991 (StateSyncRequestHandler.cs:17) 玩家ID:482736422909116417 移动到新位置: 3.7741985 , 0 , 0.07525988
2025-12-05 18:48:56.7791 (StateSyncRequestHandler.cs:17) 玩家ID:482736422909116417 移动方向: -0.0784592 , 0 , -0.9969173
2025-12-05 18:48:56.7791 (StateSyncRequestHandler.cs:17) 玩家ID:482736422909116417 移动到新位置: 3.7506607 , 0 , -0.2238153
2025-12-05 18:48:56.8874 (StateSyncRequestHandler.cs:17) 玩家ID:482736422909116417 移动方向: -0.0784592 , 0 , -0.9969173
2025-12-05 18:48:56.8874 (StateSyncRequestHandler.cs:17) 玩家ID:482736422909116417 移动到新位置: 3.7271228 , 0 , -0.5228905
2025-12-05 18:48:56.9799 (StateSyncRequestHandler.cs:17) 玩家ID:482736422909116417 移动方向: 0.649448 , 0 , -0.7604061
2025-12-05 18:48:56.9799 (StateSyncRequestHandler.cs:17) 玩家ID:482736422909116417 移动到新位置: 3.9219573 , 0 , -0.7510123
2025-12-05 18:48:57.0885 (StateSyncRequestHandler.cs:17) 玩家ID:482736422909116417 移动方向: 0.649448 , 0 , -0.7604061
2025-12-05 18:48:57.0885 (StateSyncRequestHandler.cs:17) 玩家ID:482736422909116417 移动到新位置: 4.1167917 , 0 , -0.97913414
2025-12-05 18:48:57.1829 (StateSyncRequestHandler.cs:17) 玩家ID:482736422909116417 移动方向: 0.649448 , 0 , -0.7604061
2025-12-05 18:48:57.1829 (StateSyncRequestHandler.cs:17) 玩家ID:482736422909116417 移动到新位置: 4.311626 , 0 , -1.207256
2025-12-05 18:48:57.2916 (StateSyncRequestHandler.cs:17) 玩家ID:482736422909116417 移动方向: 0.649448 , 0 , -0.7604061
2025-12-05 18:48:57.2916 (StateSyncRequestHandler.cs:17) 玩家ID:482736422909116417 移动到新位置: 4.50646 , 0 , -1.4353778
2025-12-05 18:48:57.4010 (StateSyncRequestHandler.cs:17) 玩家ID:482736422909116417 移动方向: 0.649448 , 0 , -0.7604061
2025-12-05 18:48:57.4010 (StateSyncRequestHandler.cs:17) 玩家ID:482736422909116417 移动到新位置: 4.7012944 , 0 , -1.6634996
2025-12-05 18:48:57.4941 (StateSyncRequestHandler.cs:17) 玩家ID:482736422909116417 移动方向: -0.0784592 , 0 , -0.9969173
2025-12-05 18:48:57.4941 (StateSyncRequestHandler.cs:17) 玩家ID:482736422909116417 移动到新位置: 4.677757 , 0 , -1.9625747
2025-12-05 18:48:57.5715 (StateSyncRequestHandler.cs:17) 玩家ID:482736422909116417 移动方向: -0.0784592 , 0 , -0.9969173
2025-12-05 18:48:57.5715 (StateSyncRequestHandler.cs:17) 玩家ID:482736422909116417 移动到新位置: 4.654219 , 0 , -2.2616498
2025-12-05 18:48:57.6823 (StateSyncRequestHandler.cs:17) 玩家ID:482736422909116417 移动方向: -0.760406 , 0 , -0.649448
2025-12-05 18:48:57.6823 (StateSyncRequestHandler.cs:17) 玩家ID:482736422909116417 移动到新位置: 4.4260974 , 0 , -2.4564843
2025-12-05 18:48:57.7919 (StateSyncRequestHandler.cs:17) 玩家ID:482736422909116417 移动方向: -0.9969173 , 0 , 0.0784592
2025-12-05 18:48:57.7919 (StateSyncRequestHandler.cs:17) 玩家ID:482736422909116417 移动到新位置: 4.1270223 , 0 , -2.4329464
2025-12-05 18:48:57.8852 (StateSyncRequestHandler.cs:17) 玩家ID:482736422909116417 移动方向: -0.9969173 , 0 , 0.0784592
2025-12-05 18:48:57.8852 (StateSyncRequestHandler.cs:17) 玩家ID:482736422909116417 移动到新位置: 3.8279471 , 0 , -2.4094086
2025-12-05 18:48:57.9914 (StateSyncRequestHandler.cs:17) 玩家ID:482736422909116417 移动方向: -0.9969173 , 0 , 0.0784592
2025-12-05 18:48:57.9914 (StateSyncRequestHandler.cs:17) 玩家ID:482736422909116417 移动到新位置: 3.528872 , 0 , -2.3858707
2025-12-05 18:48:58.0849 (StateSyncRequestHandler.cs:17) 玩家ID:482736422909116417 移动方向: -0.9969173 , 0 , 0.0784592
2025-12-05 18:48:58.0849 (StateSyncRequestHandler.cs:17) 玩家ID:482736422909116417 移动到新位置: 3.229797 , 0 , -2.3623328
2025-12-05 18:48:58.1935 (StateSyncRequestHandler.cs:17) 玩家ID:482736422909116417 移动方向: -0.649448 , 0 , 0.7604061
2025-12-05 18:48:58.1935 (StateSyncRequestHandler.cs:17) 玩家ID:482736422909116417 移动到新位置: 3.0349624 , 0 , -2.134211
2025-12-05 18:48:58.2856 (StateSyncRequestHandler.cs:17) 玩家ID:482736422909116417 移动方向: 0.0784592 , 0 , 0.9969173
2025-12-05 18:48:58.2856 (StateSyncRequestHandler.cs:17) 玩家ID:482736422909116417 移动到新位置: 3.0585003 , 0 , -1.8351359
2025-12-05 18:48:58.3812 (StateSyncRequestHandler.cs:17) 玩家ID:482736422909116417 移动方向: 0.760406 , 0 , 0.649448
2025-12-05 18:48:58.3812 (StateSyncRequestHandler.cs:17) 玩家ID:482736422909116417 移动到新位置: 3.286622 , 0 , -1.6403016
2025-12-05 18:48:58.4898 (StateSyncRequestHandler.cs:17) 玩家ID:482736422909116417 移动方向: 0.760406 , 0 , 0.649448
2025-12-05 18:48:58.4898 (StateSyncRequestHandler.cs:17) 玩家ID:482736422909116417 移动到新位置: 3.5147438 , 0 , -1.4454672
2025-12-05 18:48:58.5838 (StateSyncRequestHandler.cs:17) 玩家ID:482736422909116417 移动方向: 0.9969173 , 0 , -0.0784592
2025-12-05 18:48:58.5838 (StateSyncRequestHandler.cs:17) 玩家ID:482736422909116417 移动到新位置: 3.813819 , 0 , -1.469005
2025-12-05 18:48:58.6906 (StateSyncRequestHandler.cs:17) 玩家ID:482736422909116417 移动方向: 0.9969173 , 0 , -0.0784592
2025-12-05 18:48:58.6906 (StateSyncRequestHandler.cs:17) 玩家ID:482736422909116417 移动到新位置: 4.112894 , 0 , -1.4925427
2025-12-05 18:48:58.7859 (StateSyncRequestHandler.cs:17) 玩家ID:482736422909116417 移动方向: 0.9969173 , 0 , -0.0784592
2025-12-05 18:48:58.7859 (StateSyncRequestHandler.cs:17) 玩家ID:482736422909116417 移动到新位置: 4.411969 , 0 , -1.5160805
2025-12-05 18:48:58.8816 (StateSyncRequestHandler.cs:17) 玩家ID:482736422909116417 移动方向: 0.760406 , 0 , 0.649448
2025-12-05 18:48:58.8816 (StateSyncRequestHandler.cs:17) 玩家ID:482736422909116417 移动到新位置: 4.640091 , 0 , -1.3212461
2025-12-05 18:48:58.9756 (StateSyncRequestHandler.cs:17) 玩家ID:482736422909116417 移动方向: 0.0784592 , 0 , 0.9969173
2025-12-05 18:48:58.9756 (StateSyncRequestHandler.cs:17) 玩家ID:482736422909116417 移动到新位置: 4.6636286 , 0 , -1.022171
2025-12-05 18:48:59.0844 (StateSyncRequestHandler.cs:17) 玩家ID:482736422909116417 移动方向: 0.0784592 , 0 , 0.9969173
2025-12-05 18:48:59.0844 (StateSyncRequestHandler.cs:17) 玩家ID:482736422909116417 移动到新位置: 4.687166 , 0 , -0.72309583
2025-12-05 18:48:59.1925 (StateSyncRequestHandler.cs:17) 玩家ID:482736422909116417 移动方向: -0.649448 , 0 , 0.7604061
2025-12-05 18:48:59.1929 (StateSyncRequestHandler.cs:17) 玩家ID:482736422909116417 移动到新位置: 4.492332 , 0 , -0.49497402
2025-12-05 18:48:59.2843 (StateSyncRequestHandler.cs:17) 玩家ID:482736422909116417 移动方向: -0.760406 , 0 , -0.649448
2025-12-05 18:48:59.2843 (StateSyncRequestHandler.cs:17) 玩家ID:482736422909116417 移动到新位置: 4.26421 , 0 , -0.6898084
2025-12-05 18:48:59.3794 (StateSyncRequestHandler.cs:17) 玩家ID:482736422909116417 移动方向: -0.760406 , 0 , -0.649448
2025-12-05 18:48:59.3794 (StateSyncRequestHandler.cs:17) 玩家ID:482736422909116417 移动到新位置: 4.0360885 , 0 , -0.88464284
2025-12-05 18:48:59.4869 (StateSyncRequestHandler.cs:17) 玩家ID:482736422909116417 移动方向: -0.760406 , 0 , -0.649448
2025-12-05 18:48:59.4869 (StateSyncRequestHandler.cs:17) 玩家ID:482736422909116417 移动到新位置: 3.8079667 , 0 , -1.0794772
2025-12-05 18:48:59.5793 (StateSyncRequestHandler.cs:17) 玩家ID:482736422909116417 移动方向: -0.760406 , 0 , -0.649448
2025-12-05 18:48:59.5793 (StateSyncRequestHandler.cs:17) 玩家ID:482736422909116417 移动到新位置: 3.579845 , 0 , -1.2743115
2025-12-05 18:48:59.6904 (StateSyncRequestHandler.cs:17) 玩家ID:482736422909116417 移动到新位置: 3.579845 , 0 , -1.2743115
2025-12-05 18:49:03.3893 (StateSyncRequestHandler.cs:17) 玩家ID:482736422909116417 移动方向: 0.9885597 , 0 , 0.15083016
2025-12-05 18:49:03.3893 (StateSyncRequestHandler.cs:17) 玩家ID:482736422909116417 移动到新位置: 3.777557 , 0 , -1.2441455
2025-12-05 18:49:03.4820 (StateSyncRequestHandler.cs:17) 玩家ID:482736422909116417 移动方向: 0.9713447 , 0 , 0.23767526
2025-12-05 18:49:03.4820 (StateSyncRequestHandler.cs:17) 玩家ID:482736422909116417 移动到新位置: 3.9718258 , 0 , -1.1966105
2025-12-05 18:49:03.5896 (StateSyncRequestHandler.cs:17) 玩家ID:482736422909116417 移动方向: 0.9627801 , 0 , 0.2702859
2025-12-05 18:49:03.5896 (StateSyncRequestHandler.cs:17) 玩家ID:482736422909116417 移动到新位置: 4.164382 , 0 , -1.1425533
2025-12-05 18:49:03.6816 (StateSyncRequestHandler.cs:17) 玩家ID:482736422909116417 移动方向: 0.9596421 , 0 , 0.28122395
2025-12-05 18:49:03.6816 (StateSyncRequestHandler.cs:17) 玩家ID:482736422909116417 移动到新位置: 4.3563104 , 0 , -1.0863085
2025-12-05 18:49:03.7892 (StateSyncRequestHandler.cs:17) 玩家ID:482736422909116417 移动方向: 0.9585445 , 0 , 0.28494292
2025-12-05 18:49:03.7892 (StateSyncRequestHandler.cs:17) 玩家ID:482736422909116417 移动到新位置: 4.5480194 , 0 , -1.0293199
2025-12-05 18:49:03.8815 (StateSyncRequestHandler.cs:17) 玩家ID:482736422909116417 移动方向: 0.47532523 , 0 , 0.8798101
2025-12-05 18:49:03.8815 (StateSyncRequestHandler.cs:17) 玩家ID:482736422909116417 移动到新位置: 4.6430845 , 0 , -0.85335785
2025-12-05 18:49:03.9885 (StateSyncRequestHandler.cs:17) 玩家ID:482736422909116417 移动方向: 0.47499293 , 0 , 0.87998956
2025-12-05 18:49:03.9885 (StateSyncRequestHandler.cs:17) 玩家ID:482736422909116417 移动到新位置: 4.738083 , 0 , -0.67735994
2025-12-05 18:49:04.0966 (StateSyncRequestHandler.cs:17) 玩家ID:482736422909116417 移动方向: 0.47490054 , 0 , 0.88003945
2025-12-05 18:49:04.0966 (StateSyncRequestHandler.cs:17) 玩家ID:482736422909116417 移动到新位置: 4.833063 , 0 , -0.5013521
2025-12-05 18:49:04.1900 (StateSyncRequestHandler.cs:17) 玩家ID:482736422909116417 移动方向: 0.47487372 , 0 , 0.88005394
2025-12-05 18:49:04.1900 (StateSyncRequestHandler.cs:17) 玩家ID:482736422909116417 移动到新位置: 4.9280376 , 0 , -0.32534128
2025-12-05 18:49:04.2836 (StateSyncRequestHandler.cs:17) 玩家ID:482736422909116417 移动方向: 0.4748655 , 0 , 0.88005835
2025-12-05 18:49:04.2836 (StateSyncRequestHandler.cs:17) 玩家ID:482736422909116417 移动到新位置: 5.0230107 , 0 , -0.14932963
2025-12-05 18:49:04.3935 (StateSyncRequestHandler.cs:17) 玩家ID:482736422909116417 移动方向: 0.4748655 , 0 , 0.88005835
2025-12-05 18:49:04.3935 (StateSyncRequestHandler.cs:17) 玩家ID:482736422909116417 移动到新位置: 5.117984 , 0 , 0.02668202
2025-12-05 18:49:04.4866 (StateSyncRequestHandler.cs:17) 玩家ID:482736422909116417 移动方向: 0.88005835 , 0 , -0.4748655
2025-12-05 18:49:04.4866 (StateSyncRequestHandler.cs:17) 玩家ID:482736422909116417 移动到新位置: 5.2939954 , 0 , -0.06829108
2025-12-05 18:49:04.5809 (StateSyncRequestHandler.cs:17) 玩家ID:482736422909116417 移动方向: 0.88005835 , 0 , -0.4748655
2025-12-05 18:49:04.5809 (StateSyncRequestHandler.cs:17) 玩家ID:482736422909116417 移动到新位置: 5.470007 , 0 , -0.16326419
2025-12-05 18:49:04.6886 (StateSyncRequestHandler.cs:17) 玩家ID:482736422909116417 移动方向: 0.28651464 , 0 , -0.9580759
2025-12-05 18:49:04.6886 (StateSyncRequestHandler.cs:17) 玩家ID:482736422909116417 移动到新位置: 5.52731 , 0 , -0.35487935
2025-12-05 18:49:04.7977 (StateSyncRequestHandler.cs:17) 玩家ID:482736422909116417 移动方向: 0.28651464 , 0 , -0.9580759
2025-12-05 18:49:04.7977 (StateSyncRequestHandler.cs:17) 玩家ID:482736422909116417 移动到新位置: 5.584613 , 0 , -0.5464945
2025-12-05 18:49:04.8901 (StateSyncRequestHandler.cs:17) 玩家ID:482736422909116417 移动方向: 0.28651464 , 0 , -0.9580759
2025-12-05 18:49:04.8901 (StateSyncRequestHandler.cs:17) 玩家ID:482736422909116417 移动到新位置: 5.641916 , 0 , -0.73810965
2025-12-05 18:49:04.9976 (StateSyncRequestHandler.cs:17) 玩家ID:482736422909116417 移动方向: -0.4748655 , 0 , -0.88005835
2025-12-05 18:49:04.9976 (StateSyncRequestHandler.cs:17) 玩家ID:482736422909116417 移动到新位置: 5.5469427 , 0 , -0.91412127
2025-12-05 18:49:05.0906 (StateSyncRequestHandler.cs:17) 玩家ID:482736422909116417 移动方向: -0.4748655 , 0 , -0.88005835
2025-12-05 18:49:05.0906 (StateSyncRequestHandler.cs:17) 玩家ID:482736422909116417 移动到新位置: 5.4519696 , 0 , -1.090133
2025-12-05 18:49:05.1818 (StateSyncRequestHandler.cs:17) 玩家ID:482736422909116417 移动方向: -0.4748655 , 0 , -0.88005835
2025-12-05 18:49:05.1818 (StateSyncRequestHandler.cs:17) 玩家ID:482736422909116417 移动到新位置: 5.3095098 , 0 , -1.3541504
2025-12-05 18:49:05.2751 (StateSyncRequestHandler.cs:17) 玩家ID:482736422909116417 移动方向: -0.9580759 , 0 , -0.2865146
2025-12-05 18:49:05.2751 (StateSyncRequestHandler.cs:17) 玩家ID:482736422909116417 移动到新位置: 5.1178946 , 0 , -1.4114534
2025-12-05 18:49:05.3842 (StateSyncRequestHandler.cs:17) 玩家ID:482736422909116417 移动方向: -0.9580759 , 0 , -0.2865146
2025-12-05 18:49:05.3842 (StateSyncRequestHandler.cs:17) 玩家ID:482736422909116417 移动到新位置: 4.9262795 , 0 , -1.4687563
2025-12-05 18:49:05.4929 (StateSyncRequestHandler.cs:17) 玩家ID:482736422909116417 移动方向: -0.28651464 , 0 , 0.9580759
2025-12-05 18:49:05.4929 (StateSyncRequestHandler.cs:17) 玩家ID:482736422909116417 移动到新位置: 4.8689766 , 0 , -1.2771411
2025-12-05 18:49:05.5855 (StateSyncRequestHandler.cs:17) 玩家ID:482736422909116417 移动方向: -0.28651464 , 0 , 0.9580759
2025-12-05 18:49:05.5855 (StateSyncRequestHandler.cs:17) 玩家ID:482736422909116417 移动到新位置: 4.8116736 , 0 , -1.085526
2025-12-05 18:49:05.6796 (StateSyncRequestHandler.cs:17) 玩家ID:482736422909116417 移动方向: 0.4748655 , 0 , 0.88005835
2025-12-05 18:49:05.6796 (StateSyncRequestHandler.cs:17) 玩家ID:482736422909116417 移动到新位置: 4.9066467 , 0 , -0.9095143
2025-12-05 18:49:05.7879 (StateSyncRequestHandler.cs:17) 玩家ID:482736422909116417 移动方向: 0.88005835 , 0 , -0.4748655
2025-12-05 18:49:05.7879 (StateSyncRequestHandler.cs:17) 玩家ID:482736422909116417 移动到新位置: 5.0826583 , 0 , -1.0044874
2025-12-05 18:49:05.8833 (StateSyncRequestHandler.cs:17) 玩家ID:482736422909116417 移动方向: 0.28651464 , 0 , -0.9580759
2025-12-05 18:49:05.8833 (StateSyncRequestHandler.cs:17) 玩家ID:482736422909116417 移动到新位置: 5.1686125 , 0 , -1.2919102
2025-12-05 18:49:05.9775 (StateSyncRequestHandler.cs:17) 玩家ID:482736422909116417 移动方向: -0.88005835 , 0 , 0.4748655
2025-12-05 18:49:05.9775 (StateSyncRequestHandler.cs:17) 玩家ID:482736422909116417 移动到新位置: 4.992601 , 0 , -1.1969371
2025-12-05 18:49:06.0857 (StateSyncRequestHandler.cs:17) 玩家ID:482736422909116417 移动方向: -0.28651464 , 0 , 0.9580759
2025-12-05 18:49:06.0857 (StateSyncRequestHandler.cs:17) 玩家ID:482736422909116417 移动到新位置: 4.935298 , 0 , -1.005322
2025-12-05 18:49:06.1790 (StateSyncRequestHandler.cs:17) 玩家ID:482736422909116417 移动方向: 0.9580759 , 0 , 0.2865146
2025-12-05 18:49:06.1790 (StateSyncRequestHandler.cs:17) 玩家ID:482736422909116417 移动到新位置: 5.126913 , 0 , -0.948019
2025-12-05 18:49:06.2870 (StateSyncRequestHandler.cs:17) 玩家ID:482736422909116417 移动方向: 0.28651464 , 0 , -0.9580759
2025-12-05 18:49:06.2870 (StateSyncRequestHandler.cs:17) 玩家ID:482736422909116417 移动到新位置: 5.2128673 , 0 , -1.2354418
2025-12-05 18:49:06.3817 (StateSyncRequestHandler.cs:17) 玩家ID:482736422909116417 移动方向: -0.88005835 , 0 , 0.4748655
2025-12-05 18:49:06.3817 (StateSyncRequestHandler.cs:17) 玩家ID:482736422909116417 移动到新位置: 5.0368557 , 0 , -1.1404687
2025-12-05 18:49:06.4753 (StateSyncRequestHandler.cs:17) 玩家ID:482736422909116417 移动方向: -0.28651464 , 0 , 0.9580759
2025-12-05 18:49:06.4753 (StateSyncRequestHandler.cs:17) 玩家ID:482736422909116417 移动到新位置: 4.9509015 , 0 , -0.85304594
2025-12-05 18:49:06.5815 (StateSyncRequestHandler.cs:17) 玩家ID:482736422909116417 移动到新位置: 4.9509015 , 0 , -0.85304594
2025-12-05 18:49:06.8752 (StateSyncRequestHandler.cs:17) 玩家ID:482736422909116417 移动方向: 0.28651464 , 0 , -0.9580759
2025-12-05 18:49:06.8752 (StateSyncRequestHandler.cs:17) 玩家ID:482736422909116417 移动到新位置: 5.0368557 , 0 , -1.1404687
2025-12-05 18:49:06.9841 (StateSyncRequestHandler.cs:17) 玩家ID:482736422909116417 移动方向: -0.28651464 , 0 , 0.9580759
2025-12-05 18:49:06.9841 (StateSyncRequestHandler.cs:17) 玩家ID:482736422909116417 移动到新位置: 4.9795527 , 0 , -0.94885355
2025-12-05 18:49:07.0764 (StateSyncRequestHandler.cs:17) 玩家ID:482736422909116417 移动方向: -0.28651464 , 0 , 0.9580759
2025-12-05 18:49:07.0764 (StateSyncRequestHandler.cs:17) 玩家ID:482736422909116417 移动到新位置: 4.92225 , 0 , -0.7572384
2025-12-05 18:49:07.1846 (StateSyncRequestHandler.cs:17) 玩家ID:482736422909116417 移动方向: -0.28651464 , 0 , 0.9580759
2025-12-05 18:49:07.1846 (StateSyncRequestHandler.cs:17) 玩家ID:482736422909116417 移动到新位置: 4.8362956 , 0 , -0.46981564
2025-12-05 18:49:07.2795 (StateSyncRequestHandler.cs:17) 玩家ID:482736422909116417 移动方向: -0.9580759 , 0 , -0.2865146
2025-12-05 18:49:07.2795 (StateSyncRequestHandler.cs:17) 玩家ID:482736422909116417 移动到新位置: 4.6446805 , 0 , -0.52711856
2025-12-05 18:49:07.3870 (StateSyncRequestHandler.cs:17) 玩家ID:482736422909116417 移动方向: -0.88005835 , 0 , 0.4748655
2025-12-05 18:49:07.3870 (StateSyncRequestHandler.cs:17) 玩家ID:482736422909116417 移动到新位置: 4.380663 , 0 , -0.38465893
2025-12-05 18:49:07.4815 (StateSyncRequestHandler.cs:17) 玩家ID:482736422909116417 移动方向: -0.9580759 , 0 , -0.2865146
2025-12-05 18:49:07.4815 (StateSyncRequestHandler.cs:17) 玩家ID:482736422909116417 移动到新位置: 4.0932403 , 0 , -0.4706133
2025-12-05 18:49:07.5746 (StateSyncRequestHandler.cs:17) 玩家ID:482736422909116417 移动方向: -0.4748655 , 0 , -0.88005835
2025-12-05 18:49:07.5746 (StateSyncRequestHandler.cs:17) 玩家ID:482736422909116417 移动到新位置: 3.9507806 , 0 , -0.7346308
2025-12-05 18:49:07.6826 (StateSyncRequestHandler.cs:17) 玩家ID:482736422909116417 移动方向: -0.4748655 , 0 , -0.88005835
2025-12-05 18:49:07.6826 (StateSyncRequestHandler.cs:17) 玩家ID:482736422909116417 移动到新位置: 3.808321 , 0 , -0.9986483
2025-12-05 18:49:07.7931 (StateSyncRequestHandler.cs:17) 玩家ID:482736422909116417 移动方向: -0.4748655 , 0 , -0.88005835
2025-12-05 18:49:07.7931 (StateSyncRequestHandler.cs:17) 玩家ID:482736422909116417 移动到新位置: 3.6658614 , 0 , -1.2626657
2025-12-05 18:49:07.8873 (StateSyncRequestHandler.cs:17) 玩家ID:482736422909116417 移动方向: -0.4748655 , 0 , -0.88005835
2025-12-05 18:49:07.8873 (StateSyncRequestHandler.cs:17) 玩家ID:482736422909116417 移动到新位置: 3.5234017 , 0 , -1.5266832
2025-12-05 18:49:07.9953 (StateSyncRequestHandler.cs:17) 玩家ID:482736422909116417 移动方向: -0.4748655 , 0 , -0.88005835
2025-12-05 18:49:07.9953 (StateSyncRequestHandler.cs:17) 玩家ID:482736422909116417 移动到新位置: 3.380942 , 0 , -1.7907007
2025-12-05 18:49:08.0893 (StateSyncRequestHandler.cs:17) 玩家ID:482736422909116417 移动方向: -0.4748655 , 0 , -0.88005835
2025-12-05 18:49:08.0893 (StateSyncRequestHandler.cs:17) 玩家ID:482736422909116417 移动到新位置: 3.2384825 , 0 , -2.0547183
2025-12-05 18:49:08.1820 (StateSyncRequestHandler.cs:17) 玩家ID:482736422909116417 移动方向: -0.4748655 , 0 , -0.88005835
2025-12-05 18:49:08.1820 (StateSyncRequestHandler.cs:17) 玩家ID:482736422909116417 移动到新位置: 3.0960228 , 0 , -2.3187358
2025-12-05 18:49:08.2757 (StateSyncRequestHandler.cs:17) 玩家ID:482736422909116417 移动方向: -0.9580759 , 0 , -0.2865146
2025-12-05 18:49:08.2757 (StateSyncRequestHandler.cs:17) 玩家ID:482736422909116417 移动到新位置: 2.8086002 , 0 , -2.4046903
2025-12-05 18:49:08.3850 (StateSyncRequestHandler.cs:17) 玩家ID:482736422909116417 移动方向: -0.9580759 , 0 , -0.2865146
2025-12-05 18:49:08.3850 (StateSyncRequestHandler.cs:17) 玩家ID:482736422909116417 移动到新位置: 2.5211775 , 0 , -2.4906447
2025-12-05 18:49:08.4932 (StateSyncRequestHandler.cs:17) 玩家ID:482736422909116417 移动方向: -0.9580759 , 0 , -0.2865146
2025-12-05 18:49:08.4932 (StateSyncRequestHandler.cs:17) 玩家ID:482736422909116417 移动到新位置: 2.2337549 , 0 , -2.5765991
2025-12-05 18:49:08.5865 (StateSyncRequestHandler.cs:17) 玩家ID:482736422909116417 移动方向: -0.4748655 , 0 , -0.88005835
2025-12-05 18:49:08.5865 (StateSyncRequestHandler.cs:17) 玩家ID:482736422909116417 移动到新位置: 2.0912952 , 0 , -2.8406167
2025-12-05 18:49:08.6798 (StateSyncRequestHandler.cs:17) 玩家ID:482736422909116417 移动方向: 0.24917835 , 0 , -0.9684576
2025-12-05 18:49:08.6798 (StateSyncRequestHandler.cs:17) 玩家ID:482736422909116417 移动到新位置: 2.1660488 , 0 , -3.131154
2025-12-05 18:49:08.7881 (StateSyncRequestHandler.cs:17) 玩家ID:482736422909116417 移动方向: 0.99965405 , 0 , 0.026300032
2025-12-05 18:49:08.7881 (StateSyncRequestHandler.cs:17) 玩家ID:482736422909116417 移动到新位置: 2.465945 , 0 , -3.123264
2025-12-05 18:49:08.8981 (StateSyncRequestHandler.cs:17) 玩家ID:482736422909116417 移动方向: 0.1888475 , 0 , 0.9820064
2025-12-05 18:49:08.8981 (StateSyncRequestHandler.cs:17) 玩家ID:482736422909116417 移动到新位置: 2.5037146 , 0 , -2.9268627
2025-12-05 18:49:08.9929 (StateSyncRequestHandler.cs:17) 玩家ID:482736422909116417 移动到新位置: 2.5037146 , 0 , -2.9268627
2025-12-05 18:49:09.0878 (StateSyncRequestHandler.cs:17) 玩家ID:482736422909116417 移动方向: -0.95025665 , 0 , 0.311468
2025-12-05 18:49:09.0878 (StateSyncRequestHandler.cs:17) 玩家ID:482736422909116417 移动到新位置: 2.3136632 , 0 , -2.8645692
2025-12-05 18:49:09.1808 (StateSyncRequestHandler.cs:17) 玩家ID:482736422909116417 移动到新位置: 2.3136632 , 0 , -2.8645692
2025-12-05 18:49:09.4773 (StateSyncRequestHandler.cs:17) 玩家ID:482736422909116417 移动方向: -0.9448552 , 0 , 0.3274885
2025-12-05 18:49:09.4773 (StateSyncRequestHandler.cs:17) 玩家ID:482736422909116417 移动到新位置: 2.1246922 , 0 , -2.7990716
2025-12-05 18:49:09.5847 (StateSyncRequestHandler.cs:17) 玩家ID:482736422909116417 移动方向: -0.944819 , 0 , 0.32759297
2025-12-05 18:49:09.5847 (StateSyncRequestHandler.cs:17) 玩家ID:482736422909116417 移动到新位置: 1.9357284 , 0 , -2.733553
2025-12-05 18:49:09.6769 (StateSyncRequestHandler.cs:17) 玩家ID:482736422909116417 移动到新位置: 1.9357284 , 0 , -2.733553
2025-12-05 18:50:17.4372  收到登录请求
2025-12-05 18:50:17.4697  进入大厅成功，玩家ID:482736422909116417
2025-12-05 18:50:18.5656 (StateSyncRequestHandler.cs:17) 玩家ID:482736422909116417 移动方向: -0.9997494 , 0 , 0.022384776
2025-12-05 18:50:18.5656 (StateSyncRequestHandler.cs:17) 玩家ID:482736422909116417 移动到新位置: 1.7357786 , 0 , -2.729076
2025-12-05 18:50:18.6652 (StateSyncRequestHandler.cs:17) 玩家ID:482736422909116417 移动方向: -0.9990606 , 0 , 0.04333494
2025-12-05 18:50:18.6652 (StateSyncRequestHandler.cs:17) 玩家ID:482736422909116417 移动到新位置: 1.5359664 , 0 , -2.720409
2025-12-05 18:50:18.7612 (StateSyncRequestHandler.cs:17) 玩家ID:482736422909116417 移动方向: -0.9971915 , 0 , 0.07489388
2025-12-05 18:50:18.7612 (StateSyncRequestHandler.cs:17) 玩家ID:482736422909116417 移动到新位置: 1.3365281 , 0 , -2.70543
2025-12-05 18:50:18.8600 (StateSyncRequestHandler.cs:17) 玩家ID:482736422909116417 移动方向: -0.9950302 , 0 , 0.09957346
2025-12-05 18:50:18.8600 (StateSyncRequestHandler.cs:17) 玩家ID:482736422909116417 移动到新位置: 1.137522 , 0 , -2.6855154
2025-12-05 18:50:18.9656 (StateSyncRequestHandler.cs:17) 玩家ID:482736422909116417 移动方向: -0.99348116 , 0 , 0.113996506
2025-12-05 18:50:18.9656 (StateSyncRequestHandler.cs:17) 玩家ID:482736422909116417 移动到新位置: 0.9388257 , 0 , -2.6627162
2025-12-05 18:50:19.0569 (StateSyncRequestHandler.cs:17) 玩家ID:482736422909116417 移动方向: -0.9929221 , 0 , 0.11876724
2025-12-05 18:50:19.0569 (StateSyncRequestHandler.cs:17) 玩家ID:482736422909116417 移动到新位置: 0.7402413 , 0 , -2.6389627
2025-12-05 18:50:19.1675 (StateSyncRequestHandler.cs:17) 玩家ID:482736422909116417 移动方向: -0.9927036 , 0 , 0.1205802
2025-12-05 18:50:19.1675 (StateSyncRequestHandler.cs:17) 玩家ID:482736422909116417 移动到新位置: 0.5417006 , 0 , -2.6148467
2025-12-05 18:50:19.2617 (StateSyncRequestHandler.cs:17) 玩家ID:482736422909116417 移动方向: -0.9926323 , 0 , 0.121165305
2025-12-05 18:50:19.2617 (StateSyncRequestHandler.cs:17) 玩家ID:482736422909116417 移动到新位置: 0.34317416 , 0 , -2.5906136
2025-12-05 18:50:19.3642 (StateSyncRequestHandler.cs:17) 玩家ID:482736422909116417 移动方向: -0.9926085 , 0 , 0.12136058
2025-12-05 18:50:19.3646 (StateSyncRequestHandler.cs:17) 玩家ID:482736422909116417 移动到新位置: 0.14465247 , 0 , -2.5663414
2025-12-05 18:50:19.4590 (StateSyncRequestHandler.cs:17) 玩家ID:482736422909116417 移动方向: -0.9926022 , 0 , 0.12141156
2025-12-05 18:50:19.4590 (StateSyncRequestHandler.cs:17) 玩家ID:482736422909116417 移动到新位置: -0.053867966 , 0 , -2.5420592
2025-12-05 18:50:19.5659 (StateSyncRequestHandler.cs:17) 玩家ID:482736422909116417 移动方向: -0.9926001 , 0 , 0.12142939
2025-12-05 18:50:19.5659 (StateSyncRequestHandler.cs:17) 玩家ID:482736422909116417 移动到新位置: -0.25238797 , 0 , -2.5177734
2025-12-05 18:50:19.6601 (StateSyncRequestHandler.cs:17) 玩家ID:482736422909116417 移动方向: 0.12143417 , 0 , 0.9925995
2025-12-05 18:50:19.6601 (StateSyncRequestHandler.cs:17) 玩家ID:482736422909116417 移动到新位置: -0.22810113 , 0 , -2.3192534
2025-12-05 18:50:19.7621 (StateSyncRequestHandler.cs:17) 玩家ID:482736422909116417 移动方向: 0.12143564 , 0 , 0.9925993
2025-12-05 18:50:19.7621 (StateSyncRequestHandler.cs:17) 玩家ID:482736422909116417 移动到新位置: -0.203814 , 0 , -2.1207335
2025-12-05 18:50:19.8614 (StateSyncRequestHandler.cs:17) 玩家ID:482736422909116417 移动方向: 0.121436074 , 0 , 0.9925993
2025-12-05 18:50:19.8614 (StateSyncRequestHandler.cs:17) 玩家ID:482736422909116417 移动到新位置: -0.17952679 , 0 , -1.9222137
2025-12-05 18:50:19.9656 (StateSyncRequestHandler.cs:17) 玩家ID:482736422909116417 移动方向: 0.121436186 , 0 , 0.99259925
2025-12-05 18:50:19.9656 (StateSyncRequestHandler.cs:17) 玩家ID:482736422909116417 移动到新位置: -0.15523955 , 0 , -1.7236938
2025-12-05 18:50:20.0623 (StateSyncRequestHandler.cs:17) 玩家ID:482736422909116417 移动方向: 0.121436216 , 0 , 0.99259925
2025-12-05 18:50:20.0623 (StateSyncRequestHandler.cs:17) 玩家ID:482736422909116417 移动到新位置: -0.13095231 , 0 , -1.525174
2025-12-05 18:50:20.1607 (StateSyncRequestHandler.cs:17) 玩家ID:482736422909116417 移动方向: 0.121436216 , 0 , 0.99259925
2025-12-05 18:50:20.1607 (StateSyncRequestHandler.cs:17) 玩家ID:482736422909116417 移动到新位置: -0.106665075 , 0 , -1.3266542
2025-12-05 18:50:20.2716 (StateSyncRequestHandler.cs:17) 玩家ID:482736422909116417 移动方向: 0.121436216 , 0 , 0.99259925
2025-12-05 18:50:20.2716 (StateSyncRequestHandler.cs:17) 玩家ID:482736422909116417 移动到新位置: -0.082377836 , 0 , -1.1281344
2025-12-05 18:50:20.3639 (StateSyncRequestHandler.cs:17) 玩家ID:482736422909116417 移动方向: -0.6160053 , 0 , 0.787742
2025-12-05 18:50:20.3639 (StateSyncRequestHandler.cs:17) 玩家ID:482736422909116417 移动到新位置: -0.2055789 , 0 , -0.97058594
2025-12-05 18:50:20.4652 (StateSyncRequestHandler.cs:17) 玩家ID:482736422909116417 移动方向: -0.99259925 , 0 , 0.121436216
2025-12-05 18:50:20.4652 (StateSyncRequestHandler.cs:17) 玩家ID:482736422909116417 移动到新位置: -0.40409875 , 0 , -0.9462987
2025-12-05 18:50:20.5643 (StateSyncRequestHandler.cs:17) 玩家ID:482736422909116417 移动方向: -0.99259925 , 0 , 0.121436216
2025-12-05 18:50:20.5643 (StateSyncRequestHandler.cs:17) 玩家ID:482736422909116417 移动到新位置: -0.6026186 , 0 , -0.9220115
2025-12-05 18:50:20.6674 (StateSyncRequestHandler.cs:17) 玩家ID:482736422909116417 移动方向: -0.787742 , 0 , -0.6160053
2025-12-05 18:50:20.6674 (StateSyncRequestHandler.cs:17) 玩家ID:482736422909116417 移动到新位置: -0.760167 , 0 , -1.0452125
2025-12-05 18:50:20.7596 (StateSyncRequestHandler.cs:17) 玩家ID:482736422909116417 移动方向: -0.787742 , 0 , -0.6160053
2025-12-05 18:50:20.7596 (StateSyncRequestHandler.cs:17) 玩家ID:482736422909116417 移动到新位置: -0.91771543 , 0 , -1.1684135
2025-12-05 18:50:20.8598 (StateSyncRequestHandler.cs:17) 玩家ID:482736422909116417 移动方向: -0.787742 , 0 , -0.6160053
2025-12-05 18:50:20.8598 (StateSyncRequestHandler.cs:17) 玩家ID:482736422909116417 移动到新位置: -1.0752639 , 0 , -1.2916145
2025-12-05 18:50:20.9687 (StateSyncRequestHandler.cs:17) 玩家ID:482736422909116417 移动方向: -0.787742 , 0 , -0.6160053
2025-12-05 18:50:20.9687 (StateSyncRequestHandler.cs:17) 玩家ID:482736422909116417 移动到新位置: -1.2328123 , 0 , -1.4148155
2025-12-05 18:50:21.0606 (StateSyncRequestHandler.cs:17) 玩家ID:482736422909116417 移动方向: -0.99259925 , 0 , 0.121436216
2025-12-05 18:50:21.0606 (StateSyncRequestHandler.cs:17) 玩家ID:482736422909116417 移动到新位置: -1.5305921 , 0 , -1.3783847
2025-12-05 18:50:21.1683 (StateSyncRequestHandler.cs:17) 玩家ID:482736422909116417 移动方向: -0.6160053 , 0 , 0.787742
2025-12-05 18:50:21.1683 (StateSyncRequestHandler.cs:17) 玩家ID:482736422909116417 移动到新位置: -1.7153937 , 0 , -1.1420621
2025-12-05 18:50:21.2570 (StateSyncRequestHandler.cs:17) 玩家ID:482736422909116417 移动方向: 0.121436216 , 0 , 0.99259925
2025-12-05 18:50:21.2570 (StateSyncRequestHandler.cs:17) 玩家ID:482736422909116417 移动到新位置: -1.6789628 , 0 , -0.84428227
2025-12-05 18:50:21.3598 (StateSyncRequestHandler.cs:17) 玩家ID:482736422909116417 移动方向: 0.121436216 , 0 , 0.99259925
2025-12-05 18:50:21.3598 (StateSyncRequestHandler.cs:17) 玩家ID:482736422909116417 移动到新位置: -1.642532 , 0 , -0.5465025
2025-12-05 18:50:21.4604 (StateSyncRequestHandler.cs:17) 玩家ID:482736422909116417 移动方向: 0.121436216 , 0 , 0.99259925
2025-12-05 18:50:21.4604 (StateSyncRequestHandler.cs:17) 玩家ID:482736422909116417 移动到新位置: -1.6061012 , 0 , -0.2487227
2025-12-05 18:50:21.5616 (StateSyncRequestHandler.cs:17) 玩家ID:482736422909116417 移动方向: -0.99259925 , 0 , 0.121436216
2025-12-05 18:50:21.5616 (StateSyncRequestHandler.cs:17) 玩家ID:482736422909116417 移动到新位置: -1.903881 , 0 , -0.21229184
2025-12-05 18:50:21.6694 (StateSyncRequestHandler.cs:17) 玩家ID:482736422909116417 移动方向: -0.99259925 , 0 , 0.121436216
2025-12-05 18:50:21.6694 (StateSyncRequestHandler.cs:17) 玩家ID:482736422909116417 移动到新位置: -2.2016606 , 0 , -0.17586097
2025-12-05 18:50:21.7658 (StateSyncRequestHandler.cs:17) 玩家ID:482736422909116417 移动方向: -0.121436216 , 0 , -0.99259925
2025-12-05 18:50:21.7658 (StateSyncRequestHandler.cs:17) 玩家ID:482736422909116417 移动到新位置: -2.2380915 , 0 , -0.47364074
2025-12-05 18:50:21.8632 (StateSyncRequestHandler.cs:17) 玩家ID:482736422909116417 移动方向: -0.121436216 , 0 , -0.99259925
2025-12-05 18:50:21.8632 (StateSyncRequestHandler.cs:17) 玩家ID:482736422909116417 移动到新位置: -2.2745223 , 0 , -0.7714205
2025-12-05 18:50:21.9625 (StateSyncRequestHandler.cs:17) 玩家ID:482736422909116417 移动方向: -0.121436216 , 0 , -0.99259925
2025-12-05 18:50:21.9625 (StateSyncRequestHandler.cs:17) 玩家ID:482736422909116417 移动到新位置: -2.3109531 , 0 , -1.0692003
2025-12-05 18:50:22.0649 (StateSyncRequestHandler.cs:17) 玩家ID:482736422909116417 移动方向: -0.121436216 , 0 , -0.99259925
2025-12-05 18:50:22.0649 (StateSyncRequestHandler.cs:17) 玩家ID:482736422909116417 移动到新位置: -2.347384 , 0 , -1.3669801
2025-12-05 18:50:22.1631 (StateSyncRequestHandler.cs:17) 玩家ID:482736422909116417 移动方向: -0.787742 , 0 , -0.6160053
2025-12-05 18:50:22.1631 (StateSyncRequestHandler.cs:17) 玩家ID:482736422909116417 移动到新位置: -2.5837066 , 0 , -1.5517817
2025-12-05 18:50:22.2599 (StateSyncRequestHandler.cs:17) 玩家ID:482736422909116417 移动方向: -0.99259925 , 0 , 0.121436216
2025-12-05 18:50:22.2599 (StateSyncRequestHandler.cs:17) 玩家ID:482736422909116417 移动到新位置: -2.8814864 , 0 , -1.5153508
2025-12-05 18:50:22.3644 (StateSyncRequestHandler.cs:17) 玩家ID:482736422909116417 移动方向: -0.6160053 , 0 , 0.787742
2025-12-05 18:50:22.3644 (StateSyncRequestHandler.cs:17) 玩家ID:482736422909116417 移动到新位置: -3.066288 , 0 , -1.2790282
2025-12-05 18:50:22.4941 (StateSyncRequestHandler.cs:17) 玩家ID:482736422909116417 移动方向: 0.121436216 , 0 , 0.99259925
2025-12-05 18:50:22.4941 (StateSyncRequestHandler.cs:17) 玩家ID:482736422909116417 移动到新位置: -3.0298572 , 0 , -0.9812484
2025-12-05 18:50:22.5728 (StateSyncRequestHandler.cs:17) 玩家ID:482736422909116417 移动方向: 0.787742 , 0 , 0.6160053
2025-12-05 18:50:22.5728 (StateSyncRequestHandler.cs:17) 玩家ID:482736422909116417 移动到新位置: -2.7935345 , 0 , -0.7964468
2025-12-05 18:50:22.6716 (StateSyncRequestHandler.cs:17) 玩家ID:482736422909116417 移动到新位置: -2.7935345 , 0 , -0.7964468
2025-12-05 18:50:22.7678 (StateSyncRequestHandler.cs:17) 玩家ID:482736422909116417 移动方向: -0.12143624 , 0 , -0.99259925
2025-12-05 18:50:22.7678 (StateSyncRequestHandler.cs:17) 玩家ID:482736422909116417 移动到新位置: -2.8178217 , 0 , -0.9949666
2025-12-05 18:50:22.8573 (StateSyncRequestHandler.cs:17) 玩家ID:482736422909116417 移动方向: -0.12143624 , 0 , -0.99259925
2025-12-05 18:50:22.8573 (StateSyncRequestHandler.cs:17) 玩家ID:482736422909116417 移动到新位置: -2.8542526 , 0 , -1.2927464
2025-12-05 18:50:22.9605 (StateSyncRequestHandler.cs:17) 玩家ID:482736422909116417 移动方向: -0.12143624 , 0 , -0.99259925
2025-12-05 18:50:22.9605 (StateSyncRequestHandler.cs:17) 玩家ID:482736422909116417 移动到新位置: -2.8906834 , 0 , -1.5905262
2025-12-05 18:50:23.0599 (StateSyncRequestHandler.cs:17) 玩家ID:482736422909116417 移动方向: -0.12143624 , 0 , -0.99259925
2025-12-05 18:50:23.0599 (StateSyncRequestHandler.cs:17) 玩家ID:482736422909116417 移动到新位置: -2.9271142 , 0 , -1.888306
2025-12-05 18:50:23.1635 (StateSyncRequestHandler.cs:17) 玩家ID:482736422909116417 移动方向: -0.787742 , 0 , -0.6160053
2025-12-05 18:50:23.1635 (StateSyncRequestHandler.cs:17) 玩家ID:482736422909116417 移动到新位置: -3.163437 , 0 , -2.0731077
2025-12-05 18:50:23.2607 (StateSyncRequestHandler.cs:17) 玩家ID:482736422909116417 移动方向: -0.99259925 , 0 , 0.12143623
2025-12-05 18:50:23.2607 (StateSyncRequestHandler.cs:17) 玩家ID:482736422909116417 移动到新位置: -3.4612167 , 0 , -2.036677
2025-12-05 18:50:23.3627 (StateSyncRequestHandler.cs:17) 玩家ID:482736422909116417 移动方向: 0.12143624 , 0 , 0.99259925
2025-12-05 18:50:23.3627 (StateSyncRequestHandler.cs:17) 玩家ID:482736422909116417 移动到新位置: -3.4247859 , 0 , -1.7388971
2025-12-05 18:50:23.4636 (StateSyncRequestHandler.cs:17) 玩家ID:482736422909116417 移动方向: 0.99259925 , 0 , -0.12143623
2025-12-05 18:50:23.4636 (StateSyncRequestHandler.cs:17) 玩家ID:482736422909116417 移动到新位置: -3.127006 , 0 , -1.7753279
2025-12-05 18:50:23.5633 (StateSyncRequestHandler.cs:17) 玩家ID:482736422909116417 移动方向: 0.99259925 , 0 , -0.12143623
2025-12-05 18:50:23.5633 (StateSyncRequestHandler.cs:17) 玩家ID:482736422909116417 移动到新位置: -2.8292263 , 0 , -1.8117588
2025-12-05 18:50:23.6682 (StateSyncRequestHandler.cs:17) 玩家ID:482736422909116417 移动方向: -0.787742 , 0 , -0.6160053
2025-12-05 18:50:23.6682 (StateSyncRequestHandler.cs:17) 玩家ID:482736422909116417 移动到新位置: -3.065549 , 0 , -1.9965603
2025-12-05 18:50:23.7575 (StateSyncRequestHandler.cs:17) 玩家ID:482736422909116417 移动方向: -0.787742 , 0 , -0.6160053
2025-12-05 18:50:23.7575 (StateSyncRequestHandler.cs:17) 玩家ID:482736422909116417 移动到新位置: -3.3018715 , 0 , -2.181362
2025-12-05 18:50:23.8657 (StateSyncRequestHandler.cs:17) 玩家ID:482736422909116417 移动方向: 0.99259925 , 0 , -0.12143623
2025-12-05 18:50:23.8657 (StateSyncRequestHandler.cs:17) 玩家ID:482736422909116417 移动到新位置: -3.0040917 , 0 , -2.2177927
2025-12-05 18:50:23.9660 (StateSyncRequestHandler.cs:17) 玩家ID:482736422909116417 移动方向: 0.787742 , 0 , 0.6160053
2025-12-05 18:50:23.9660 (StateSyncRequestHandler.cs:17) 玩家ID:482736422909116417 移动到新位置: -2.767769 , 0 , -2.0329912
2025-12-05 18:50:24.0605 (StateSyncRequestHandler.cs:17) 玩家ID:482736422909116417 移动方向: -0.6160053 , 0 , 0.787742
2025-12-05 18:50:24.0605 (StateSyncRequestHandler.cs:17) 玩家ID:482736422909116417 移动到新位置: -2.9525707 , 0 , -1.7966685
2025-12-05 18:50:24.1613 (StateSyncRequestHandler.cs:17) 玩家ID:482736422909116417 移动方向: 0.12143624 , 0 , 0.99259925
2025-12-05 18:50:24.1613 (StateSyncRequestHandler.cs:17) 玩家ID:482736422909116417 移动到新位置: -2.9282835 , 0 , -1.5981487
2025-12-05 18:50:24.2615 (StateSyncRequestHandler.cs:17) 玩家ID:482736422909116417 移动到新位置: -2.9282835 , 0 , -1.5981487
2025-12-05 18:50:24.6616 (StateSyncRequestHandler.cs:17) 玩家ID:482736422909116417 移动方向: -0.12143624 , 0 , -0.99259925
2025-12-05 18:50:24.6616 (StateSyncRequestHandler.cs:17) 玩家ID:482736422909116417 移动到新位置: -2.9525707 , 0 , -1.7966685
2025-12-05 18:50:24.7681 (StateSyncRequestHandler.cs:17) 玩家ID:482736422909116417 移动到新位置: -2.9525707 , 0 , -1.7966685
2025-12-05 18:50:31.6615 (StateSyncRequestHandler.cs:17) 玩家ID:482736422909116417 移动方向: -0.6939083 , 0 , 0.7200634
2025-12-05 18:50:31.6615 (StateSyncRequestHandler.cs:17) 玩家ID:482736422909116417 移动到新位置: -3.0913522 , 0 , -1.6526558
2025-12-05 18:50:31.7571 (StateSyncRequestHandler.cs:17) 玩家ID:482736422909116417 移动方向: 0.70879763 , 0 , 0.70541185
2025-12-05 18:50:31.7571 (StateSyncRequestHandler.cs:17) 玩家ID:482736422909116417 移动到新位置: -2.9495926 , 0 , -1.5115734
2025-12-05 18:50:31.8712 (StateSyncRequestHandler.cs:17) 玩家ID:482736422909116417 移动方向: 0.70861393 , 0 , 0.70559645
2025-12-05 18:50:31.8712 (StateSyncRequestHandler.cs:17) 玩家ID:482736422909116417 移动到新位置: -2.7370083 , 0 , -1.2998946
2025-12-05 18:50:31.9612 (StateSyncRequestHandler.cs:17) 玩家ID:482736422909116417 移动方向: 0.70925075 , 0 , 0.7049563
2025-12-05 18:50:31.9612 (StateSyncRequestHandler.cs:17) 玩家ID:482736422909116417 移动到新位置: -2.524233 , 0 , -1.0884076
2025-12-05 18:50:32.0716 (StateSyncRequestHandler.cs:17) 玩家ID:482736422909116417 移动方向: 0.7096564 , 0 , 0.70454794
2025-12-05 18:50:32.0716 (StateSyncRequestHandler.cs:17) 玩家ID:482736422909116417 移动到新位置: -2.3113363 , 0 , -0.87704325
2025-12-05 18:50:32.1728 (StateSyncRequestHandler.cs:17) 玩家ID:482736422909116417 移动方向: 0.0038225949 , 0 , 0.9999926
2025-12-05 18:50:32.1728 (StateSyncRequestHandler.cs:17) 玩家ID:482736422909116417 移动到新位置: -2.3101895 , 0 , -0.57704544
2025-12-05 18:50:32.2582 (StateSyncRequestHandler.cs:17) 玩家ID:482736422909116417 移动方向: -0.7043513 , 0 , 0.7098516
2025-12-05 18:50:32.2582 (StateSyncRequestHandler.cs:17) 玩家ID:482736422909116417 移动到新位置: -2.5214949 , 0 , -0.36408997
2025-12-05 18:50:32.3620 (StateSyncRequestHandler.cs:17) 玩家ID:482736422909116417 移动方向: 0.70433253 , 0 , -0.7098702
2025-12-05 18:50:32.3620 (StateSyncRequestHandler.cs:17) 玩家ID:482736422909116417 移动到新位置: -2.3806283 , 0 , -0.506064
2025-12-05 18:50:32.4655 (StateSyncRequestHandler.cs:17) 玩家ID:482736422909116417 移动方向: 0.7043267 , 0 , -0.709876
2025-12-05 18:50:32.4655 (StateSyncRequestHandler.cs:17) 玩家ID:482736422909116417 移动到新位置: -2.1693304 , 0 , -0.7190268
2025-12-05 18:50:32.5609 (StateSyncRequestHandler.cs:17) 玩家ID:482736422909116417 移动方向: 0.7098774 , 0 , 0.7043253
2025-12-05 18:50:32.5609 (StateSyncRequestHandler.cs:17) 玩家ID:482736422909116417 移动到新位置: -1.9563671 , 0 , -0.5077292
2025-12-05 18:50:32.6637 (StateSyncRequestHandler.cs:17) 玩家ID:482736422909116417 移动到新位置: -1.9563671 , 0 , -0.5077292
2025-12-05 18:50:32.7597 (StateSyncRequestHandler.cs:17) 玩家ID:482736422909116417 移动方向: -0.709878 , 0 , -0.7043246
2025-12-05 18:50:32.7597 (StateSyncRequestHandler.cs:17) 玩家ID:482736422909116417 移动到新位置: -2.0983427 , 0 , -0.6485941
2025-12-05 18:50:32.8642 (StateSyncRequestHandler.cs:17) 玩家ID:482736422909116417 移动到新位置: -2.0983427 , 0 , -0.6485941
2025-12-05 18:50:33.2691 (StateSyncRequestHandler.cs:17) 玩家ID:482736422909116417 移动方向: 0.7043246 , 0 , -0.709878
2025-12-05 18:50:33.2691 (StateSyncRequestHandler.cs:17) 玩家ID:482736422909116417 移动到新位置: -1.9574778 , 0 , -0.79056966
2025-12-05 18:50:33.3686 (StateSyncRequestHandler.cs:17) 玩家ID:482736422909116417 移动方向: 0.9999923 , 0 , -0.0039268136
2025-12-05 18:50:33.3686 (StateSyncRequestHandler.cs:17) 玩家ID:482736422909116417 移动到新位置: -1.6574801 , 0 , -0.7917477
2025-12-05 18:50:33.4630 (StateSyncRequestHandler.cs:17) 玩家ID:482736422909116417 移动方向: 0.9999923 , 0 , -0.0039268136
2025-12-05 18:50:33.4630 (StateSyncRequestHandler.cs:17) 玩家ID:482736422909116417 移动到新位置: -1.3574824 , 0 , -0.7929257
2025-12-05 18:50:33.5688 (StateSyncRequestHandler.cs:17) 玩家ID:482736422909116417 移动方向: 0.7098781 , 0 , 0.70432466
2025-12-05 18:50:33.5688 (StateSyncRequestHandler.cs:17) 玩家ID:482736422909116417 移动到新位置: -1.144519 , 0 , -0.5816283
2025-12-05 18:50:33.6587 (StateSyncRequestHandler.cs:17) 玩家ID:482736422909116417 移动到新位置: -1.144519 , 0 , -0.5816283
2025-12-05 18:50:35.8646 (StateSyncRequestHandler.cs:17) 玩家ID:482736422909116417 移动方向: 0.7043246 , 0 , -0.709878
2025-12-05 18:50:35.8646 (StateSyncRequestHandler.cs:17) 玩家ID:482736422909116417 移动到新位置: -1.003654 , 0 , -0.7236039
2025-12-05 18:50:35.9641 (StateSyncRequestHandler.cs:17) 玩家ID:482736422909116417 移动方向: -0.7098781 , 0 , -0.70432466
2025-12-05 18:50:35.9641 (StateSyncRequestHandler.cs:17) 玩家ID:482736422909116417 移动到新位置: -1.1456296 , 0 , -0.8644688
2025-12-05 18:50:36.0585 (StateSyncRequestHandler.cs:17) 玩家ID:482736422909116417 移动方向: -0.9999919 , 0 , 0.0040104687
2025-12-05 18:50:36.0585 (StateSyncRequestHandler.cs:17) 玩家ID:482736422909116417 移动到新位置: -1.4456272 , 0 , -0.8632657
2025-12-05 18:50:36.1657 (StateSyncRequestHandler.cs:17) 玩家ID:482736422909116417 移动方向: -0.71842164 , 0 , 0.6956079
2025-12-05 18:50:36.1657 (StateSyncRequestHandler.cs:17) 玩家ID:482736422909116417 移动到新位置: -1.6611537 , 0 , -0.65458333
2025-12-05 18:50:36.2625 (StateSyncRequestHandler.cs:17) 玩家ID:482736422909116417 移动方向: 0.7166672 , 0 , -0.69741535
2025-12-05 18:50:36.2625 (StateSyncRequestHandler.cs:17) 玩家ID:482736422909116417 移动到新位置: -1.5178202 , 0 , -0.7940664
2025-12-05 18:50:36.3597 (StateSyncRequestHandler.cs:17) 玩家ID:482736422909116417 移动到新位置: -1.5178202 , 0 , -0.7940664
2025-12-05 18:50:36.6582 (StateSyncRequestHandler.cs:17) 玩家ID:482736422909116417 移动方向: -0.6963411 , 0 , 0.71771103
2025-12-05 18:50:36.6582 (StateSyncRequestHandler.cs:17) 玩家ID:482736422909116417 移动到新位置: -1.6570885 , 0 , -0.65052426
2025-12-05 18:50:36.7604 (StateSyncRequestHandler.cs:17) 玩家ID:482736422909116417 移动方向: -0.71799976 , 0 , -0.6960433
2025-12-05 18:50:36.7604 (StateSyncRequestHandler.cs:17) 玩家ID:482736422909116417 移动到新位置: -1.8006885 , 0 , -0.78973293
2025-12-05 18:50:36.8585 (StateSyncRequestHandler.cs:17) 玩家ID:482736422909116417 移动方向: 0.6959531 , 0 , -0.71808726
2025-12-05 18:50:36.8585 (StateSyncRequestHandler.cs:17) 玩家ID:482736422909116417 移动到新位置: -1.6614978 , 0 , -0.9333504
2025-12-05 18:50:36.9593 (StateSyncRequestHandler.cs:17) 玩家ID:482736422909116417 移动方向: 0.7181145 , 0 , 0.695925
2025-12-05 18:50:36.9593 (StateSyncRequestHandler.cs:17) 玩家ID:482736422909116417 移动到新位置: -1.517875 , 0 , -0.7941654
2025-12-05 18:50:37.0686 (StateSyncRequestHandler.cs:17) 玩家ID:482736422909116417 移动方向: 0.7181232 , 0 , 0.695916
2025-12-05 18:50:37.0686 (StateSyncRequestHandler.cs:17) 玩家ID:482736422909116417 移动到新位置: -1.302438 , 0 , -0.58539057
2025-12-05 18:50:37.1614 (StateSyncRequestHandler.cs:17) 玩家ID:482736422909116417 移动方向: 0.69591385 , 0 , -0.71812534
2025-12-05 18:50:37.1614 (StateSyncRequestHandler.cs:17) 玩家ID:482736422909116417 移动到新位置: -1.1632552 , 0 , -0.72901565
2025-12-05 18:50:37.2613 (StateSyncRequestHandler.cs:17) 玩家ID:482736422909116417 移动方向: -0.7181259 , 0 , -0.6959132
2025-12-05 18:50:37.2613 (StateSyncRequestHandler.cs:17) 玩家ID:482736422909116417 移动到新位置: -1.3068804 , 0 , -0.8681983
2025-12-05 18:50:37.3648 (StateSyncRequestHandler.cs:17) 玩家ID:482736422909116417 移动方向: -0.695913 , 0 , 0.71812606
2025-12-05 18:50:37.3648 (StateSyncRequestHandler.cs:17) 玩家ID:482736422909116417 移动到新位置: -1.5156542 , 0 , -0.65276045
2025-12-05 18:50:37.4641 (StateSyncRequestHandler.cs:17) 玩家ID:482736422909116417 移动方向: 0.71812606 , 0 , 0.695913
2025-12-05 18:50:37.4641 (StateSyncRequestHandler.cs:17) 玩家ID:482736422909116417 移动到新位置: -1.3720291 , 0 , -0.5135778
2025-12-05 18:50:37.5627 (StateSyncRequestHandler.cs:17) 玩家ID:482736422909116417 移动方向: 0.71812606 , 0 , 0.695913
2025-12-05 18:50:37.5627 (StateSyncRequestHandler.cs:17) 玩家ID:482736422909116417 移动到新位置: -1.1565913 , 0 , -0.3048039
2025-12-05 18:50:37.6682 (StateSyncRequestHandler.cs:17) 玩家ID:482736422909116417 移动方向: 0.71812606 , 0 , 0.695913
2025-12-05 18:50:37.6682 (StateSyncRequestHandler.cs:17) 玩家ID:482736422909116417 移动到新位置: -0.94115347 , 0 , -0.09603001
2025-12-05 18:50:37.7629 (StateSyncRequestHandler.cs:17) 玩家ID:482736422909116417 移动方向: 0.71812606 , 0 , 0.695913
2025-12-05 18:50:37.7629 (StateSyncRequestHandler.cs:17) 玩家ID:482736422909116417 移动到新位置: -0.72571564 , 0 , 0.112743884
2025-12-05 18:50:37.8619 (StateSyncRequestHandler.cs:17) 玩家ID:482736422909116417 移动方向: -0.695913 , 0 , 0.71812606
2025-12-05 18:50:37.8619 (StateSyncRequestHandler.cs:17) 玩家ID:482736422909116417 移动到新位置: -0.93448955 , 0 , 0.32818168
2025-12-05 18:50:37.9681 (StateSyncRequestHandler.cs:17) 玩家ID:482736422909116417 移动方向: -0.71812606 , 0 , -0.695913
2025-12-05 18:50:37.9681 (StateSyncRequestHandler.cs:17) 玩家ID:482736422909116417 移动到新位置: -1.0781147 , 0 , 0.18899909
2025-12-05 18:50:38.0636 (StateSyncRequestHandler.cs:17) 玩家ID:482736422909116417 移动方向: -0.015707016 , 0 , -0.9998766
2025-12-05 18:50:38.0636 (StateSyncRequestHandler.cs:17) 玩家ID:482736422909116417 移动到新位置: -1.0812562 , 0 , -0.010976225
2025-12-05 18:50:38.1677 (StateSyncRequestHandler.cs:17) 玩家ID:482736422909116417 移动方向: -0.71812606 , 0 , -0.695913
2025-12-05 18:50:38.1677 (StateSyncRequestHandler.cs:17) 玩家ID:482736422909116417 移动到新位置: -1.2248814 , 0 , -0.15015882
2025-12-05 18:50:38.2585 (StateSyncRequestHandler.cs:17) 玩家ID:482736422909116417 移动方向: 0.695913 , 0 , -0.71812606
2025-12-05 18:50:38.2585 (StateSyncRequestHandler.cs:17) 玩家ID:482736422909116417 移动到新位置: -1.0856988 , 0 , -0.29378402
2025-12-05 18:50:38.3622 (StateSyncRequestHandler.cs:17) 玩家ID:482736422909116417 移动方向: 0.015707016 , 0 , 0.9998766
2025-12-05 18:50:38.3622 (StateSyncRequestHandler.cs:17) 玩家ID:482736422909116417 移动到新位置: -1.0825574 , 0 , -0.09380871
2025-12-05 18:50:38.4715 (StateSyncRequestHandler.cs:17) 玩家ID:482736422909116417 移动到新位置: -1.0825574 , 0 , -0.09380871
2025-12-05 18:50:38.5603 (StateSyncRequestHandler.cs:17) 玩家ID:482736422909116417 移动方向: -0.7181261 , 0 , -0.69591296
2025-12-05 18:50:38.5603 (StateSyncRequestHandler.cs:17) 玩家ID:482736422909116417 移动到新位置: -1.2979953 , 0 , -0.3025826
2025-12-05 18:50:38.6659 (StateSyncRequestHandler.cs:17) 玩家ID:482736422909116417 移动方向: -0.015707046 , 0 , -0.9998766
2025-12-05 18:50:38.6659 (StateSyncRequestHandler.cs:17) 玩家ID:482736422909116417 移动到新位置: -1.3027074 , 0 , -0.60254556
2025-12-05 18:50:38.7611 (StateSyncRequestHandler.cs:17) 玩家ID:482736422909116417 移动方向: 0.69591296 , 0 , -0.7181262
2025-12-05 18:50:38.7611 (StateSyncRequestHandler.cs:17) 玩家ID:482736422909116417 移动到新位置: -1.0939336 , 0 , -0.8179834
2025-12-05 18:50:38.8612 (StateSyncRequestHandler.cs:17) 玩家ID:482736422909116417 移动方向: 0.7181261 , 0 , 0.69591296
2025-12-05 18:50:38.8612 (StateSyncRequestHandler.cs:17) 玩家ID:482736422909116417 移动到新位置: -0.87849575 , 0 , -0.60920954
2025-12-05 18:50:38.9616 (StateSyncRequestHandler.cs:17) 玩家ID:482736422909116417 移动方向: 0.015707046 , 0 , 0.9998766
2025-12-05 18:50:38.9616 (StateSyncRequestHandler.cs:17) 玩家ID:482736422909116417 移动到新位置: -0.87378365 , 0 , -0.30924657
2025-12-05 18:50:39.0644 (StateSyncRequestHandler.cs:17) 玩家ID:482736422909116417 移动方向: 0.7181261 , 0 , 0.69591296
2025-12-05 18:50:39.0644 (StateSyncRequestHandler.cs:17) 玩家ID:482736422909116417 移动到新位置: -0.73015845 , 0 , -0.17006397
2025-12-05 18:50:39.1718 (StateSyncRequestHandler.cs:17) 玩家ID:482736422909116417 移动到新位置: -0.73015845 , 0 , -0.17006397
2025-12-05 18:50:41.4632 (StateSyncRequestHandler.cs:17) 玩家ID:482736422909116417 移动方向: 0.69591296 , 0 , -0.7181262
2025-12-05 18:50:41.4632 (StateSyncRequestHandler.cs:17) 玩家ID:482736422909116417 移动到新位置: -0.5909759 , 0 , -0.3136892
2025-12-05 18:50:41.5598 (StateSyncRequestHandler.cs:17) 玩家ID:482736422909116417 移动方向: -0.015707105 , 0 , -0.9998766
2025-12-05 18:50:41.5598 (StateSyncRequestHandler.cs:17) 玩家ID:482736422909116417 移动到新位置: -0.5941173 , 0 , -0.5136645
2025-12-05 18:50:41.6670 (StateSyncRequestHandler.cs:17) 玩家ID:482736422909116417 移动方向: -0.7181262 , 0 , -0.69591296
2025-12-05 18:50:41.6670 (StateSyncRequestHandler.cs:17) 玩家ID:482736422909116417 移动到新位置: -0.73774254 , 0 , -0.65284705
2025-12-05 18:50:41.7702 (StateSyncRequestHandler.cs:17) 玩家ID:482736422909116417 移动方向: -0.69591296 , 0 , 0.7181262
2025-12-05 18:50:41.7702 (StateSyncRequestHandler.cs:17) 玩家ID:482736422909116417 移动到新位置: -0.9465164 , 0 , -0.43740922
2025-12-05 18:50:41.8600 (StateSyncRequestHandler.cs:17) 玩家ID:482736422909116417 移动方向: 0.9998766 , 0 , -0.015707105
2025-12-05 18:50:41.8600 (StateSyncRequestHandler.cs:17) 玩家ID:482736422909116417 移动到新位置: -0.6465534 , 0 , -0.44212136
2025-12-05 18:50:41.9664 (StateSyncRequestHandler.cs:17) 玩家ID:482736422909116417 移动方向: 0.9998766 , 0 , -0.015707105
2025-12-05 18:50:41.9664 (StateSyncRequestHandler.cs:17) 玩家ID:482736422909116417 移动到新位置: -0.34659043 , 0 , -0.4468335
2025-12-05 18:50:42.0601 (StateSyncRequestHandler.cs:17) 玩家ID:482736422909116417 移动方向: 0.7181262 , 0 , 0.69591296
2025-12-05 18:50:42.0601 (StateSyncRequestHandler.cs:17) 玩家ID:482736422909116417 移动到新位置: -0.13115259 , 0 , -0.23805961
2025-12-05 18:50:42.1593 (StateSyncRequestHandler.cs:17) 玩家ID:482736422909116417 移动方向: 0.7181262 , 0 , 0.69591296
2025-12-05 18:50:42.1593 (StateSyncRequestHandler.cs:17) 玩家ID:482736422909116417 移动到新位置: 0.08428526 , 0 , -0.029285729
2025-12-05 18:50:42.2582 (StateSyncRequestHandler.cs:17) 玩家ID:482736422909116417 移动方向: 0.7181262 , 0 , 0.69591296
2025-12-05 18:50:42.2582 (StateSyncRequestHandler.cs:17) 玩家ID:482736422909116417 移动到新位置: 0.2997231 , 0 , 0.17948815
2025-12-05 18:50:42.3573 (StateSyncRequestHandler.cs:17) 玩家ID:482736422909116417 移动方向: 0.015707105 , 0 , 0.9998766
2025-12-05 18:50:42.3573 (StateSyncRequestHandler.cs:17) 玩家ID:482736422909116417 移动到新位置: 0.30443522 , 0 , 0.47945112
2025-12-05 18:50:42.4602 (StateSyncRequestHandler.cs:17) 玩家ID:482736422909116417 移动方向: -0.69591296 , 0 , 0.7181262
2025-12-05 18:50:42.4602 (StateSyncRequestHandler.cs:17) 玩家ID:482736422909116417 移动到新位置: 0.09566134 , 0 , 0.69488895
2025-12-05 18:50:42.5600 (StateSyncRequestHandler.cs:17) 玩家ID:482736422909116417 移动方向: -0.7181262 , 0 , -0.69591296
2025-12-05 18:50:42.5600 (StateSyncRequestHandler.cs:17) 玩家ID:482736422909116417 移动到新位置: -0.047963887 , 0 , 0.5557064
2025-12-05 18:50:42.6632 (StateSyncRequestHandler.cs:17) 玩家ID:482736422909116417 移动方向: 0.69591296 , 0 , -0.7181262
2025-12-05 18:50:42.6632 (StateSyncRequestHandler.cs:17) 玩家ID:482736422909116417 移动到新位置: 0.09121871 , 0 , 0.41208115
2025-12-05 18:50:42.7633 (StateSyncRequestHandler.cs:17) 玩家ID:482736422909116417 移动到新位置: 0.09121871 , 0 , 0.41208115
2025-12-05 18:50:43.0687 (StateSyncRequestHandler.cs:17) 玩家ID:482736422909116417 移动方向: -0.7181262 , 0 , -0.69591296
2025-12-05 18:50:43.0687 (StateSyncRequestHandler.cs:17) 玩家ID:482736422909116417 移动到新位置: -0.124219134 , 0 , 0.20330727
2025-12-05 18:50:43.1578 (StateSyncRequestHandler.cs:17) 玩家ID:482736422909116417 移动到新位置: -0.124219134 , 0 , 0.20330727
2025-12-05 18:50:43.2662 (StateSyncRequestHandler.cs:17) 玩家ID:482736422909116417 移动方向: 0.9998766 , 0 , -0.015707105
2025-12-05 18:50:43.2662 (StateSyncRequestHandler.cs:17) 玩家ID:482736422909116417 移动到新位置: 0.07575618 , 0 , 0.20016585
2025-12-05 18:50:43.3618 (StateSyncRequestHandler.cs:17) 玩家ID:482736422909116417 移动方向: 0.9998766 , 0 , -0.015707105
2025-12-05 18:50:43.3618 (StateSyncRequestHandler.cs:17) 玩家ID:482736422909116417 移动到新位置: 0.2757315 , 0 , 0.19702443
2025-12-05 18:50:43.4617 (StateSyncRequestHandler.cs:17) 玩家ID:482736422909116417 移动到新位置: 0.2757315 , 0 , 0.19702443
2025-12-05 18:50:43.5599 (StateSyncRequestHandler.cs:17) 玩家ID:482736422909116417 移动方向: 0.7181262 , 0 , 0.69591296
2025-12-05 18:50:43.5599 (StateSyncRequestHandler.cs:17) 玩家ID:482736422909116417 移动到新位置: 0.49116933 , 0 , 0.40579832
2025-12-05 18:50:43.6652 (StateSyncRequestHandler.cs:17) 玩家ID:482736422909116417 移动方向: 0.7181262 , 0 , 0.69591296
2025-12-05 18:50:43.6652 (StateSyncRequestHandler.cs:17) 玩家ID:482736422909116417 移动到新位置: 0.70660716 , 0 , 0.61457217
2025-12-05 18:50:43.7631 (StateSyncRequestHandler.cs:17) 玩家ID:482736422909116417 移动方向: 0.7181262 , 0 , 0.69591296
2025-12-05 18:50:43.7631 (StateSyncRequestHandler.cs:17) 玩家ID:482736422909116417 移动到新位置: 0.85023236 , 0 , 0.75375473
2025-12-05 18:50:43.8616 (StateSyncRequestHandler.cs:17) 玩家ID:482736422909116417 移动方向: 0.7181262 , 0 , 0.69591296
2025-12-05 18:50:43.8616 (StateSyncRequestHandler.cs:17) 玩家ID:482736422909116417 移动到新位置: 0.9938576 , 0 , 0.8929373
2025-12-05 18:50:43.9570 (StateSyncRequestHandler.cs:17) 玩家ID:482736422909116417 移动到新位置: 0.9938576 , 0 , 0.8929373
2025-12-05 18:50:45.4687 (StateSyncRequestHandler.cs:17) 玩家ID:482736422909116417 移动方向: 0.69591296 , 0 , -0.7181262
2025-12-05 18:50:45.4687 (StateSyncRequestHandler.cs:17) 玩家ID:482736422909116417 移动到新位置: 1.1330402 , 0 , 0.74931204
2025-12-05 18:50:45.5665 (StateSyncRequestHandler.cs:17) 玩家ID:482736422909116417 移动方向: -0.015707105 , 0 , -0.9998766
2025-12-05 18:50:45.5665 (StateSyncRequestHandler.cs:17) 玩家ID:482736422909116417 移动到新位置: 1.1298988 , 0 , 0.54933673
2025-12-05 18:50:45.6686 (StateSyncRequestHandler.cs:17) 玩家ID:482736422909116417 移动方向: -0.9998766 , 0 , 0.015707105
2025-12-05 18:50:45.6686 (StateSyncRequestHandler.cs:17) 玩家ID:482736422909116417 移动到新位置: 0.9299235 , 0 , 0.55247813
2025-12-05 18:50:45.7669 (StateSyncRequestHandler.cs:17) 玩家ID:482736422909116417 移动方向: 0.7181262 , 0 , 0.69591296
2025-12-05 18:50:45.7669 (StateSyncRequestHandler.cs:17) 玩家ID:482736422909116417 移动到新位置: 1.0735487 , 0 , 0.69166076
2025-12-05 18:50:45.8593 (StateSyncRequestHandler.cs:17) 玩家ID:482736422909116417 移动方向: 0.69591296 , 0 , -0.7181262
2025-12-05 18:50:45.8593 (StateSyncRequestHandler.cs:17) 玩家ID:482736422909116417 移动到新位置: 1.2127312 , 0 , 0.5480355
2025-12-05 18:50:45.9615 (StateSyncRequestHandler.cs:17) 玩家ID:482736422909116417 移动方向: -0.9998766 , 0 , 0.015707105
2025-12-05 18:50:45.9615 (StateSyncRequestHandler.cs:17) 玩家ID:482736422909116417 移动到新位置: 1.0127559 , 0 , 0.5511769
2025-12-05 18:50:46.0661 (StateSyncRequestHandler.cs:17) 玩家ID:482736422909116417 移动方向: -0.7181262 , 0 , -0.69591296
2025-12-05 18:50:46.0661 (StateSyncRequestHandler.cs:17) 玩家ID:482736422909116417 移动到新位置: 0.8691306 , 0 , 0.4119943
2025-12-05 18:50:46.1597 (StateSyncRequestHandler.cs:17) 玩家ID:482736422909116417 移动到新位置: 0.8691306 , 0 , 0.4119943
2025-12-05 18:50:46.2623 (StateSyncRequestHandler.cs:17) 玩家ID:482736422909116417 移动方向: 0.7181262 , 0 , 0.69591296
2025-12-05 18:50:46.2623 (StateSyncRequestHandler.cs:17) 玩家ID:482736422909116417 移动到新位置: 1.0845685 , 0 , 0.6207682
2025-12-05 18:50:46.3584 (StateSyncRequestHandler.cs:17) 玩家ID:482736422909116417 移动到新位置: 1.0845685 , 0 , 0.6207682
2025-12-05 18:50:46.4595 (StateSyncRequestHandler.cs:17) 玩家ID:482736422909116417 移动方向: -0.7181262 , 0 , -0.69591296
2025-12-05 18:50:46.4595 (StateSyncRequestHandler.cs:17) 玩家ID:482736422909116417 移动到新位置: 0.94094324 , 0 , 0.4815856
2025-12-05 18:50:46.5631 (StateSyncRequestHandler.cs:17) 玩家ID:482736422909116417 移动方向: -0.7181262 , 0 , -0.69591296
2025-12-05 18:50:46.5631 (StateSyncRequestHandler.cs:17) 玩家ID:482736422909116417 移动到新位置: 0.797318 , 0 , 0.342403
2025-12-05 18:50:46.6625 (StateSyncRequestHandler.cs:17) 玩家ID:482736422909116417 移动到新位置: 0.797318 , 0 , 0.342403
2025-12-05 18:50:46.9685 (StateSyncRequestHandler.cs:17) 玩家ID:482736422909116417 移动方向: -0.7181262 , 0 , -0.69591296
2025-12-05 18:50:46.9685 (StateSyncRequestHandler.cs:17) 玩家ID:482736422909116417 移动到新位置: 0.6536927 , 0 , 0.2032204
2025-12-05 18:50:47.0623 (StateSyncRequestHandler.cs:17) 玩家ID:482736422909116417 移动方向: 0.69591296 , 0 , -0.7181262
2025-12-05 18:50:47.0623 (StateSyncRequestHandler.cs:17) 玩家ID:482736422909116417 移动到新位置: 0.7928753 , 0 , 0.059595168
2025-12-05 18:50:47.1678 (StateSyncRequestHandler.cs:17) 玩家ID:482736422909116417 移动方向: 0.7181262 , 0 , 0.69591296
2025-12-05 18:50:47.1678 (StateSyncRequestHandler.cs:17) 玩家ID:482736422909116417 移动到新位置: 0.93650055 , 0 , 0.19877777
2025-12-05 18:50:47.2625 (StateSyncRequestHandler.cs:17) 玩家ID:482736422909116417 移动到新位置: 0.93650055 , 0 , 0.19877777
2025-12-05 18:50:47.3615 (StateSyncRequestHandler.cs:17) 玩家ID:482736422909116417 移动方向: -0.7181262 , 0 , -0.69591296
2025-12-05 18:50:47.3615 (StateSyncRequestHandler.cs:17) 玩家ID:482736422909116417 移动到新位置: 0.7928753 , 0 , 0.059595168
2025-12-05 18:50:47.4629 (StateSyncRequestHandler.cs:17) 玩家ID:482736422909116417 移动方向: -0.015707105 , 0 , -0.9998766
2025-12-05 18:50:47.4629 (StateSyncRequestHandler.cs:17) 玩家ID:482736422909116417 移动到新位置: 0.7881632 , 0 , -0.2403678
2025-12-05 18:50:47.5630 (StateSyncRequestHandler.cs:17) 玩家ID:482736422909116417 移动方向: -0.7181262 , 0 , -0.69591296
2025-12-05 18:50:47.5630 (StateSyncRequestHandler.cs:17) 玩家ID:482736422909116417 移动到新位置: 0.57272536 , 0 , -0.44914168
2025-12-05 18:50:47.6583 (StateSyncRequestHandler.cs:17) 玩家ID:482736422909116417 移动到新位置: 0.57272536 , 0 , -0.44914168
2025-12-05 18:50:47.7591 (StateSyncRequestHandler.cs:17) 玩家ID:482736422909116417 移动方向: 0.7181262 , 0 , 0.69591296
2025-12-05 18:50:47.7591 (StateSyncRequestHandler.cs:17) 玩家ID:482736422909116417 移动到新位置: 0.7881632 , 0 , -0.2403678
2025-12-05 18:50:47.8628 (StateSyncRequestHandler.cs:17) 玩家ID:482736422909116417 移动方向: 0.9998766 , 0 , -0.015707105
2025-12-05 18:50:47.8628 (StateSyncRequestHandler.cs:17) 玩家ID:482736422909116417 移动到新位置: 0.9881385 , 0 , -0.24350922
2025-12-05 18:50:47.9660 (StateSyncRequestHandler.cs:17) 玩家ID:482736422909116417 移动到新位置: 0.9881385 , 0 , -0.24350922
2025-12-05 18:50:48.0664 (StateSyncRequestHandler.cs:17) 玩家ID:482736422909116417 移动方向: -0.7181262 , 0 , -0.69591296
2025-12-05 18:50:48.0664 (StateSyncRequestHandler.cs:17) 玩家ID:482736422909116417 移动到新位置: 0.8445133 , 0 , -0.3826918
2025-12-05 18:50:48.1623 (StateSyncRequestHandler.cs:17) 玩家ID:482736422909116417 移动到新位置: 0.8445133 , 0 , -0.3826918
2025-12-05 18:50:48.2588 (StateSyncRequestHandler.cs:17) 玩家ID:482736422909116417 移动方向: 0.9998766 , 0 , -0.015707105
2025-12-05 18:50:48.2588 (StateSyncRequestHandler.cs:17) 玩家ID:482736422909116417 移动到新位置: 1.0444887 , 0 , -0.38583323
2025-12-05 18:50:48.3630 (StateSyncRequestHandler.cs:17) 玩家ID:482736422909116417 移动到新位置: 1.0444887 , 0 , -0.38583323
2025-12-05 18:50:51.6610 (StateSyncRequestHandler.cs:17) 玩家ID:482736422909116417 移动方向: -0.69591296 , 0 , 0.7181262
2025-12-05 18:50:51.6615 (StateSyncRequestHandler.cs:17) 玩家ID:482736422909116417 移动到新位置: 0.9053061 , 0 , -0.242208
2025-12-05 18:50:51.7637 (StateSyncRequestHandler.cs:17) 玩家ID:482736422909116417 移动方向: -0.69591296 , 0 , 0.7181262
2025-12-05 18:50:51.7637 (StateSyncRequestHandler.cs:17) 玩家ID:482736422909116417 移动到新位置: 0.76612353 , 0 , -0.098582774
2025-12-05 18:50:51.8655 (StateSyncRequestHandler.cs:17) 玩家ID:482736422909116417 移动方向: 0.69591296 , 0 , -0.7181262
2025-12-05 18:50:51.8655 (StateSyncRequestHandler.cs:17) 玩家ID:482736422909116417 移动到新位置: 0.9748974 , 0 , -0.31402063
2025-12-05 18:50:51.9601 (StateSyncRequestHandler.cs:17) 玩家ID:482736422909116417 移动到新位置: 0.9748974 , 0 , -0.31402063
2025-12-05 18:50:52.3661 (StateSyncRequestHandler.cs:17) 玩家ID:482736422909116417 移动方向: -0.7181262 , 0 , -0.69591296
2025-12-05 18:50:52.3661 (StateSyncRequestHandler.cs:17) 玩家ID:482736422909116417 移动到新位置: 0.75945956 , 0 , -0.5227945
2025-12-05 18:50:52.4616 (StateSyncRequestHandler.cs:17) 玩家ID:482736422909116417 移动方向: -0.7181262 , 0 , -0.69591296
2025-12-05 18:50:52.4616 (StateSyncRequestHandler.cs:17) 玩家ID:482736422909116417 移动到新位置: 0.61583436 , 0 , -0.66197705
2025-12-05 18:50:52.5579 (StateSyncRequestHandler.cs:17) 玩家ID:482736422909116417 移动到新位置: 0.61583436 , 0 , -0.66197705
2025-12-05 18:50:52.8645 (StateSyncRequestHandler.cs:17) 玩家ID:482736422909116417 移动方向: 0.7181262 , 0 , 0.69591296
2025-12-05 18:50:52.8645 (StateSyncRequestHandler.cs:17) 玩家ID:482736422909116417 移动到新位置: 0.7594596 , 0 , -0.5227945
2025-12-05 18:50:52.9611 (StateSyncRequestHandler.cs:17) 玩家ID:482736422909116417 移动到新位置: 0.7594596 , 0 , -0.5227945
2025-12-05 18:50:53.0597 (StateSyncRequestHandler.cs:17) 玩家ID:482736422909116417 移动方向: -0.7181262 , 0 , -0.69591296
2025-12-05 18:50:53.0597 (StateSyncRequestHandler.cs:17) 玩家ID:482736422909116417 移动到新位置: 0.5440218 , 0 , -0.73156834
2025-12-05 18:50:53.1614 (StateSyncRequestHandler.cs:17) 玩家ID:482736422909116417 移动方向: 0.69591296 , 0 , -0.7181262
2025-12-05 18:50:53.1614 (StateSyncRequestHandler.cs:17) 玩家ID:482736422909116417 移动到新位置: 0.6832044 , 0 , -0.8751936
2025-12-05 18:50:53.2603 (StateSyncRequestHandler.cs:17) 玩家ID:482736422909116417 移动到新位置: 0.6832044 , 0 , -0.8751936
2025-12-05 18:50:53.4598 (StateSyncRequestHandler.cs:17) 玩家ID:482736422909116417 移动方向: -0.69591296 , 0 , 0.7181262
2025-12-05 18:50:53.4598 (StateSyncRequestHandler.cs:17) 玩家ID:482736422909116417 移动到新位置: 0.54402184 , 0 , -0.73156834
2025-12-05 18:50:53.5689 (StateSyncRequestHandler.cs:17) 玩家ID:482736422909116417 移动到新位置: 0.54402184 , 0 , -0.73156834
2025-12-05 18:50:53.6614 (StateSyncRequestHandler.cs:17) 玩家ID:482736422909116417 移动方向: 0.69591296 , 0 , -0.7181262
2025-12-05 18:50:53.6614 (StateSyncRequestHandler.cs:17) 玩家ID:482736422909116417 移动到新位置: 0.6832044 , 0 , -0.8751936
2025-12-05 18:50:53.7623 (StateSyncRequestHandler.cs:17) 玩家ID:482736422909116417 移动到新位置: 0.6832044 , 0 , -0.8751936
2025-12-05 18:50:53.8686 (StateSyncRequestHandler.cs:17) 玩家ID:482736422909116417 移动方向: -0.69591296 , 0 , 0.7181262
2025-12-05 18:50:53.8686 (StateSyncRequestHandler.cs:17) 玩家ID:482736422909116417 移动到新位置: 0.54402184 , 0 , -0.73156834
2025-12-05 18:50:53.9625 (StateSyncRequestHandler.cs:17) 玩家ID:482736422909116417 移动到新位置: 0.54402184 , 0 , -0.73156834
2025-12-05 18:50:54.1665 (StateSyncRequestHandler.cs:17) 玩家ID:482736422909116417 移动方向: 0.73886114 , 0 , 0.67385775
2025-12-05 18:50:54.1665 (StateSyncRequestHandler.cs:17) 玩家ID:482736422909116417 移动到新位置: 0.69179404 , 0 , -0.59679675
2025-12-05 18:50:54.2648 (StateSyncRequestHandler.cs:17) 玩家ID:482736422909116417 移动到新位置: 0.69179404 , 0 , -0.59679675
2025-12-05 18:50:54.6592 (StateSyncRequestHandler.cs:17) 玩家ID:482736422909116417 移动方向: -0.78017485 , 0 , -0.6255615
2025-12-05 18:50:54.6592 (StateSyncRequestHandler.cs:17) 玩家ID:482736422909116417 移动到新位置: 0.5357591 , 0 , -0.72190905
2025-12-05 18:50:54.7600 (StateSyncRequestHandler.cs:17) 玩家ID:482736422909116417 移动方向: -0.10961217 , 0 , -0.9939744
2025-12-05 18:50:54.7600 (StateSyncRequestHandler.cs:17) 玩家ID:482736422909116417 移动到新位置: 0.5138367 , 0 , -0.9207039
2025-12-05 18:50:54.8663 (StateSyncRequestHandler.cs:17) 玩家ID:482736422909116417 移动方向: 0.6252683 , 0 , -0.78040993
2025-12-05 18:50:54.8663 (StateSyncRequestHandler.cs:17) 玩家ID:482736422909116417 移动到新位置: 0.6388903 , 0 , -1.0767858
2025-12-05 18:50:54.9612 (StateSyncRequestHandler.cs:17) 玩家ID:482736422909116417 移动方向: 0.78042376 , 0 , 0.625251
2025-12-05 18:50:54.9612 (StateSyncRequestHandler.cs:17) 玩家ID:482736422909116417 移动到新位置: 0.79497504 , 0 , -0.9517356
2025-12-05 18:50:55.0579 (StateSyncRequestHandler.cs:17) 玩家ID:482736422909116417 移动方向: -0.6252452 , 0 , 0.7804284
2025-12-05 18:50:55.0579 (StateSyncRequestHandler.cs:17) 玩家ID:482736422909116417 移动到新位置: 0.669926 , 0 , -0.79564995
2025-12-05 18:50:55.1640 (StateSyncRequestHandler.cs:17) 玩家ID:482736422909116417 移动方向: 0.62524337 , 0 , -0.7804299
2025-12-05 18:50:55.1640 (StateSyncRequestHandler.cs:17) 玩家ID:482736422909116417 移动到新位置: 0.7949747 , 0 , -0.9517359
2025-12-05 18:50:55.2569 (StateSyncRequestHandler.cs:17) 玩家ID:482736422909116417 移动方向: 0.6252429 , 0 , -0.7804302
2025-12-05 18:50:55.2569 (StateSyncRequestHandler.cs:17) 玩家ID:482736422909116417 移动到新位置: 0.92002326 , 0 , -1.107822
2025-12-05 18:50:55.3625 (StateSyncRequestHandler.cs:17) 玩家ID:482736422909116417 移动方向: 0.7804302 , 0 , 0.62524295
2025-12-05 18:50:55.3625 (StateSyncRequestHandler.cs:17) 玩家ID:482736422909116417 移动到新位置: 1.0761093 , 0 , -0.98277336
2025-12-05 18:50:55.4708 (StateSyncRequestHandler.cs:17) 玩家ID:482736422909116417 移动方向: 0.6252429 , 0 , -0.7804302
2025-12-05 18:50:55.4708 (StateSyncRequestHandler.cs:17) 玩家ID:482736422909116417 移动到新位置: 1.2011578 , 0 , -1.1388594
2025-12-05 18:50:55.5669 (StateSyncRequestHandler.cs:17) 玩家ID:482736422909116417 移动方向: -0.6252429 , 0 , 0.7804302
2025-12-05 18:50:55.5669 (StateSyncRequestHandler.cs:17) 玩家ID:482736422909116417 移动到新位置: 1.0761092 , 0 , -0.98277336
2025-12-05 18:50:55.6635 (StateSyncRequestHandler.cs:17) 玩家ID:482736422909116417 移动方向: 0.6252429 , 0 , -0.7804302
2025-12-05 18:50:55.6635 (StateSyncRequestHandler.cs:17) 玩家ID:482736422909116417 移动到新位置: 1.2011578 , 0 , -1.1388594
2025-12-05 18:50:55.7587 (StateSyncRequestHandler.cs:17) 玩家ID:482736422909116417 移动方向: -0.6252429 , 0 , 0.7804302
2025-12-05 18:50:55.7587 (StateSyncRequestHandler.cs:17) 玩家ID:482736422909116417 移动到新位置: 1.0761092 , 0 , -0.98277336
2025-12-05 18:50:55.8568 (StateSyncRequestHandler.cs:17) 玩家ID:482736422909116417 移动方向: -0.6252429 , 0 , 0.7804302
2025-12-05 18:50:55.8568 (StateSyncRequestHandler.cs:17) 玩家ID:482736422909116417 移动到新位置: 0.9510606 , 0 , -0.82668734
2025-12-05 18:50:55.9690 (StateSyncRequestHandler.cs:17) 玩家ID:482736422909116417 移动到新位置: 0.9510606 , 0 , -0.82668734
2025-12-05 18:50:56.0631 (StateSyncRequestHandler.cs:17) 玩家ID:482736422909116417 移动方向: -0.7804302 , 0 , -0.62524295
2025-12-05 18:50:56.0631 (StateSyncRequestHandler.cs:17) 玩家ID:482736422909116417 移动到新位置: 0.79497457 , 0 , -0.9517359
2025-12-05 18:50:56.1688 (StateSyncRequestHandler.cs:17) 玩家ID:482736422909116417 移动方向: -0.7804302 , 0 , -0.62524295
2025-12-05 18:50:56.1688 (StateSyncRequestHandler.cs:17) 玩家ID:482736422909116417 移动到新位置: 0.63888854 , 0 , -1.0767845
2025-12-05 18:50:56.2587 (StateSyncRequestHandler.cs:17) 玩家ID:482736422909116417 移动到新位置: 0.63888854 , 0 , -1.0767845
2025-12-05 18:50:56.3572 (StateSyncRequestHandler.cs:17) 玩家ID:482736422909116417 移动方向: 0.993961 , 0 , -0.10973394
2025-12-05 18:50:56.3572 (StateSyncRequestHandler.cs:17) 玩家ID:482736422909116417 移动到新位置: 0.8376807 , 0 , -1.0987313
2025-12-05 18:50:56.4617 (StateSyncRequestHandler.cs:17) 玩家ID:482736422909116417 移动方向: -0.6252429 , 0 , 0.7804302
2025-12-05 18:50:56.4617 (StateSyncRequestHandler.cs:17) 玩家ID:482736422909116417 移动到新位置: 0.7126321 , 0 , -0.94264525
2025-12-05 18:50:56.5582 (StateSyncRequestHandler.cs:17) 玩家ID:482736422909116417 移动到新位置: 0.7126321 , 0 , -0.94264525
2025-12-05 18:50:56.6701 (StateSyncRequestHandler.cs:17) 玩家ID:482736422909116417 移动方向: 0.6252429 , 0 , -0.7804302
2025-12-05 18:50:56.6701 (StateSyncRequestHandler.cs:17) 玩家ID:482736422909116417 移动到新位置: 0.8376807 , 0 , -1.0987313
2025-12-05 18:50:56.7616 (StateSyncRequestHandler.cs:17) 玩家ID:482736422909116417 移动到新位置: 0.8376807 , 0 , -1.0987313
2025-12-05 18:50:57.1588 (StateSyncRequestHandler.cs:17) 玩家ID:482736422909116417 移动方向: -0.6252429 , 0 , 0.7804302
2025-12-05 18:50:57.1588 (StateSyncRequestHandler.cs:17) 玩家ID:482736422909116417 移动到新位置: 0.7126321 , 0 , -0.94264525
2025-12-05 18:50:57.2696 (StateSyncRequestHandler.cs:17) 玩家ID:482736422909116417 移动到新位置: 0.7126321 , 0 , -0.94264525
2025-12-05 18:50:57.4727 (StateSyncRequestHandler.cs:17) 玩家ID:482736422909116417 移动方向: 0.6252428 , 0 , -0.78043026
2025-12-05 18:50:57.4727 (StateSyncRequestHandler.cs:17) 玩家ID:482736422909116417 移动到新位置: 0.8376807 , 0 , -1.0987313
2025-12-05 18:50:57.5666 (StateSyncRequestHandler.cs:17) 玩家ID:482736422909116417 移动到新位置: 0.8376807 , 0 , -1.0987313
2025-12-05 18:50:57.6600 (StateSyncRequestHandler.cs:17) 玩家ID:482736422909116417 移动方向: -0.6252428 , 0 , 0.78043026
2025-12-05 18:50:57.6600 (StateSyncRequestHandler.cs:17) 玩家ID:482736422909116417 移动到新位置: 0.7126321 , 0 , -0.9426452
2025-12-05 18:50:57.7592 (StateSyncRequestHandler.cs:17) 玩家ID:482736422909116417 移动方向: 0.6252428 , 0 , -0.78043026
2025-12-05 18:50:57.7592 (StateSyncRequestHandler.cs:17) 玩家ID:482736422909116417 移动到新位置: 0.8376807 , 0 , -1.0987313
2025-12-05 18:50:57.8594 (StateSyncRequestHandler.cs:17) 玩家ID:482736422909116417 移动方向: -0.78043026 , 0 , -0.6252429
2025-12-05 18:50:57.8594 (StateSyncRequestHandler.cs:17) 玩家ID:482736422909116417 移动到新位置: 0.6815946 , 0 , -1.2237799
2025-12-05 18:50:57.9601 (StateSyncRequestHandler.cs:17) 玩家ID:482736422909116417 移动方向: -0.78043026 , 0 , -0.6252429
2025-12-05 18:50:57.9601 (StateSyncRequestHandler.cs:17) 玩家ID:482736422909116417 移动到新位置: 0.5255085 , 0 , -1.3488286
2025-12-05 18:50:58.0596 (StateSyncRequestHandler.cs:17) 玩家ID:482736422909116417 移动方向: 0.6252428 , 0 , -0.78043026
2025-12-05 18:50:58.0596 (StateSyncRequestHandler.cs:17) 玩家ID:482736422909116417 移动到新位置: 0.6505571 , 0 , -1.5049146
2025-12-05 18:50:58.1615 (StateSyncRequestHandler.cs:17) 玩家ID:482736422909116417 移动方向: 0.78043026 , 0 , 0.6252429
2025-12-05 18:50:58.1615 (StateSyncRequestHandler.cs:17) 玩家ID:482736422909116417 移动到新位置: 0.8066431 , 0 , -1.3798661
2025-12-05 18:50:58.2665 (StateSyncRequestHandler.cs:17) 玩家ID:482736422909116417 移动方向: -0.6252428 , 0 , 0.78043026
2025-12-05 18:50:58.2665 (StateSyncRequestHandler.cs:17) 玩家ID:482736422909116417 移动到新位置: 0.68159455 , 0 , -1.22378
2025-12-05 18:50:58.3612 (StateSyncRequestHandler.cs:17) 玩家ID:482736422909116417 移动方向: -0.993961 , 0 , 0.10973403
2025-12-05 18:50:58.3612 (StateSyncRequestHandler.cs:17) 玩家ID:482736422909116417 移动到新位置: 0.48280236 , 0 , -1.2018332
2025-12-05 18:50:58.4615 (StateSyncRequestHandler.cs:17) 玩家ID:482736422909116417 移动方向: -0.78043026 , 0 , -0.6252429
2025-12-05 18:50:58.4615 (StateSyncRequestHandler.cs:17) 玩家ID:482736422909116417 移动到新位置: 0.3267163 , 0 , -1.3268819
2025-12-05 18:50:58.5587 (StateSyncRequestHandler.cs:17) 玩家ID:482736422909116417 移动方向: -0.10973409 , 0 , -0.993961
2025-12-05 18:50:58.5587 (StateSyncRequestHandler.cs:17) 玩家ID:482736422909116417 移动到新位置: 0.3047695 , 0 , -1.5256741
2025-12-05 18:50:58.6648 (StateSyncRequestHandler.cs:17) 玩家ID:482736422909116417 移动方向: -0.6252428 , 0 , 0.78043026
2025-12-05 18:50:58.6648 (StateSyncRequestHandler.cs:17) 玩家ID:482736422909116417 移动到新位置: 0.17972092 , 0 , -1.369588
2025-12-05 18:50:58.7684 (StateSyncRequestHandler.cs:17) 玩家ID:482736422909116417 移动方向: 0.993961 , 0 , -0.10973403
2025-12-05 18:50:58.7684 (StateSyncRequestHandler.cs:17) 玩家ID:482736422909116417 移动到新位置: 0.3785131 , 0 , -1.3915348
2025-12-05 18:50:58.8616 (StateSyncRequestHandler.cs:17) 玩家ID:482736422909116417 移动方向: -0.6252428 , 0 , 0.78043026
2025-12-05 18:50:58.8616 (StateSyncRequestHandler.cs:17) 玩家ID:482736422909116417 移动到新位置: 0.25346452 , 0 , -1.2354487
2025-12-05 18:50:58.9574 (StateSyncRequestHandler.cs:17) 玩家ID:482736422909116417 移动方向: 0.6252428 , 0 , -0.78043026
2025-12-05 18:50:58.9574 (StateSyncRequestHandler.cs:17) 玩家ID:482736422909116417 移动到新位置: 0.3785131 , 0 , -1.3915348
2025-12-05 18:50:59.0577 (StateSyncRequestHandler.cs:17) 玩家ID:482736422909116417 移动方向: -0.6252428 , 0 , 0.78043026
2025-12-05 18:50:59.0577 (StateSyncRequestHandler.cs:17) 玩家ID:482736422909116417 移动到新位置: 0.25346452 , 0 , -1.2354487
2025-12-05 18:50:59.1574 (StateSyncRequestHandler.cs:17) 玩家ID:482736422909116417 移动到新位置: 0.25346452 , 0 , -1.2354487
2025-12-05 18:50:59.2590 (StateSyncRequestHandler.cs:17) 玩家ID:482736422909116417 移动方向: -0.78043026 , 0 , -0.6252429
2025-12-05 18:50:59.2590 (StateSyncRequestHandler.cs:17) 玩家ID:482736422909116417 移动到新位置: 0.09737846 , 0 , -1.3604972
2025-12-05 18:50:59.3571 (StateSyncRequestHandler.cs:17) 玩家ID:482736422909116417 移动方向: -0.10973409 , 0 , -0.993961
2025-12-05 18:50:59.3571 (StateSyncRequestHandler.cs:17) 玩家ID:482736422909116417 移动到新位置: 0.075431645 , 0 , -1.5592895
2025-12-05 18:50:59.4616 (StateSyncRequestHandler.cs:17) 玩家ID:482736422909116417 移动方向: 0.993961 , 0 , -0.10973403
2025-12-05 18:50:59.4616 (StateSyncRequestHandler.cs:17) 玩家ID:482736422909116417 移动到新位置: 0.27422383 , 0 , -1.5812362
2025-12-05 18:50:59.5636 (StateSyncRequestHandler.cs:17) 玩家ID:482736422909116417 移动方向: -0.6252428 , 0 , 0.78043026
2025-12-05 18:50:59.5636 (StateSyncRequestHandler.cs:17) 玩家ID:482736422909116417 移动到新位置: 0.14917527 , 0 , -1.4251502
2025-12-05 18:50:59.6663 (StateSyncRequestHandler.cs:17) 玩家ID:482736422909116417 移动方向: -0.6252428 , 0 , 0.78043026
2025-12-05 18:50:59.6663 (StateSyncRequestHandler.cs:17) 玩家ID:482736422909116417 移动到新位置: -0.038397565 , 0 , -1.1910211
2025-12-05 18:50:59.7667 (StateSyncRequestHandler.cs:17) 玩家ID:482736422909116417 移动方向: 0.10973409 , 0 , 0.993961
2025-12-05 18:50:59.7667 (StateSyncRequestHandler.cs:17) 玩家ID:482736422909116417 移动到新位置: -0.005477339 , 0 , -0.8928328
2025-12-05 18:50:59.8599 (StateSyncRequestHandler.cs:17) 玩家ID:482736422909116417 移动方向: 0.78043026 , 0 , 0.6252429
2025-12-05 18:50:59.8599 (StateSyncRequestHandler.cs:17) 玩家ID:482736422909116417 移动到新位置: 0.22865173 , 0 , -0.70526
2025-12-05 18:50:59.9689 (StateSyncRequestHandler.cs:17) 玩家ID:482736422909116417 移动方向: 0.993961 , 0 , -0.10973403
2025-12-05 18:50:59.9689 (StateSyncRequestHandler.cs:17) 玩家ID:482736422909116417 移动到新位置: 0.52684 , 0 , -0.73818016
2025-12-05 18:51:00.0610 (StateSyncRequestHandler.cs:17) 玩家ID:482736422909116417 移动到新位置: 0.52684 , 0 , -0.73818016
2025-12-05 18:51:00.1579 (StateSyncRequestHandler.cs:17) 玩家ID:482736422909116417 移动方向: -0.993961 , 0 , 0.10973403
2025-12-05 18:51:00.1579 (StateSyncRequestHandler.cs:17) 玩家ID:482736422909116417 移动到新位置: 0.32804778 , 0 , -0.7162334
2025-12-05 18:51:00.2611 (StateSyncRequestHandler.cs:17) 玩家ID:482736422909116417 移动方向: -0.78043026 , 0 , -0.6252429
2025-12-05 18:51:00.2611 (StateSyncRequestHandler.cs:17) 玩家ID:482736422909116417 移动到新位置: 0.17196172 , 0 , -0.84128195
2025-12-05 18:51:00.3657 (StateSyncRequestHandler.cs:17) 玩家ID:482736422909116417 移动方向: 0.6252428 , 0 , -0.78043026
2025-12-05 18:51:00.3657 (StateSyncRequestHandler.cs:17) 玩家ID:482736422909116417 移动到新位置: 0.35953456 , 0 , -1.0754111
2025-12-05 18:51:00.4612 (StateSyncRequestHandler.cs:17) 玩家ID:482736422909116417 移动方向: 0.78043026 , 0 , 0.6252429
2025-12-05 18:51:00.4612 (StateSyncRequestHandler.cs:17) 玩家ID:482736422909116417 移动到新位置: 0.59366363 , 0 , -0.88783824
2025-12-05 18:51:00.5586 (StateSyncRequestHandler.cs:17) 玩家ID:482736422909116417 移动方向: 0.10973409 , 0 , 0.993961
2025-12-05 18:51:00.5586 (StateSyncRequestHandler.cs:17) 玩家ID:482736422909116417 移动到新位置: 0.6265839 , 0 , -0.58965
2025-12-05 18:51:00.6635 (StateSyncRequestHandler.cs:17) 玩家ID:482736422909116417 移动方向: 0.78043026 , 0 , 0.6252429
2025-12-05 18:51:00.6635 (StateSyncRequestHandler.cs:17) 玩家ID:482736422909116417 移动到新位置: 0.86071295 , 0 , -0.40207714
2025-12-05 18:51:00.7615 (StateSyncRequestHandler.cs:17) 玩家ID:482736422909116417 移动方向: 0.78043026 , 0 , 0.6252429
2025-12-05 18:51:00.7615 (StateSyncRequestHandler.cs:17) 玩家ID:482736422909116417 移动到新位置: 1.016799 , 0 , -0.27702856
2025-12-05 18:51:00.8606 (StateSyncRequestHandler.cs:17) 玩家ID:482736422909116417 移动到新位置: 1.016799 , 0 , -0.27702856
2025-12-05 18:51:08.6678 (StateSyncRequestHandler.cs:17) 玩家ID:482736422909116417 移动方向: -0.30106357 , 0 , -0.9536041
2025-12-05 18:51:08.6678 (StateSyncRequestHandler.cs:17) 玩家ID:482736422909116417 移动到新位置: 0.95658624 , 0 , -0.4677494
2025-12-05 18:51:08.7750 (StateSyncRequestHandler.cs:17) 玩家ID:482736422909116417 移动方向: -0.18047714 , 0 , -0.9835792
2025-12-05 18:51:08.7750 (StateSyncRequestHandler.cs:17) 玩家ID:482736422909116417 移动到新位置: 0.9204908 , 0 , -0.6644652
2025-12-05 18:51:08.8689 (StateSyncRequestHandler.cs:17) 玩家ID:482736422909116417 移动方向: 0.625491 , 0 , -0.7802313
2025-12-05 18:51:08.8689 (StateSyncRequestHandler.cs:17) 玩家ID:482736422909116417 移动到新位置: 1.045589 , 0 , -0.82051146
2025-12-05 18:51:08.9616 (StateSyncRequestHandler.cs:17) 玩家ID:482736422909116417 移动方向: 0.64171433 , 0 , -0.7669437
2025-12-05 18:51:08.9616 (StateSyncRequestHandler.cs:17) 玩家ID:482736422909116417 移动到新位置: 1.1739318 , 0 , -0.9739002
2025-12-05 18:51:09.0715 (StateSyncRequestHandler.cs:17) 玩家ID:482736422909116417 移动方向: 0.6138348 , 0 , -0.7894345
2025-12-05 18:51:09.0715 (StateSyncRequestHandler.cs:17) 玩家ID:482736422909116417 移动到新位置: 1.2966988 , 0 , -1.1317871
2025-12-05 18:51:09.1798 (StateSyncRequestHandler.cs:17) 玩家ID:482736422909116417 移动方向: -0.18954366 , 0 , -0.98187226
2025-12-05 18:51:09.1798 (StateSyncRequestHandler.cs:17) 玩家ID:482736422909116417 移动到新位置: 1.25879 , 0 , -1.3281615
2025-12-05 18:51:09.2743 (StateSyncRequestHandler.cs:17) 玩家ID:482736422909116417 移动方向: -0.7774187 , 0 , -0.62898344
2025-12-05 18:51:09.2743 (StateSyncRequestHandler.cs:17) 玩家ID:482736422909116417 移动到新位置: 1.1033063 , 0 , -1.4539582
2025-12-05 18:51:09.3652 (StateSyncRequestHandler.cs:17) 玩家ID:482736422909116417 移动方向: -0.93484384 , 0 , -0.3550592
2025-12-05 18:51:09.3652 (StateSyncRequestHandler.cs:17) 玩家ID:482736422909116417 移动到新位置: 0.91633755 , 0 , -1.52497
2025-12-05 18:51:09.4726 (StateSyncRequestHandler.cs:17) 玩家ID:482736422909116417 移动方向: -0.9999908 , 0 , -0.0042654574
2025-12-05 18:51:09.4747 (StateSyncRequestHandler.cs:17) 玩家ID:482736422909116417 移动到新位置: 0.7163394 , 0 , -1.5258231
2025-12-05 18:51:09.5818 (StateSyncRequestHandler.cs:17) 玩家ID:482736422909116417 移动方向: -0.9474468 , 0 , -0.31991345
2025-12-05 18:51:09.5818 (StateSyncRequestHandler.cs:17) 玩家ID:482736422909116417 移动到新位置: 0.52685004 , 0 , -1.5898058
2025-12-05 18:51:09.6747 (StateSyncRequestHandler.cs:17) 玩家ID:482736422909116417 移动方向: -0.81628036 , 0 , -0.57765585
2025-12-05 18:51:09.6747 (StateSyncRequestHandler.cs:17) 玩家ID:482736422909116417 移动到新位置: 0.28196597 , 0 , -1.7631025
2025-12-05 18:51:09.7661 (StateSyncRequestHandler.cs:17) 玩家ID:482736422909116417 移动方向: -0.71518135 , 0 , -0.69893885
2025-12-05 18:51:09.7661 (StateSyncRequestHandler.cs:17) 玩家ID:482736422909116417 移动到新位置: 0.06741157 , 0 , -1.9727842
2025-12-05 18:51:09.8580 (StateSyncRequestHandler.cs:17) 玩家ID:482736422909116417 移动方向: 0.0564019 , 0 , -0.99840814
2025-12-05 18:51:09.8580 (StateSyncRequestHandler.cs:17) 玩家ID:482736422909116417 移动到新位置: 0.08433214 , 0 , -2.2723067
2025-12-05 18:51:09.9672 (StateSyncRequestHandler.cs:17) 玩家ID:482736422909116417 移动方向: 0.07565853 , 0 , -0.99713373
2025-12-05 18:51:09.9672 (StateSyncRequestHandler.cs:17) 玩家ID:482736422909116417 移动到新位置: 0.1070297 , 0 , -2.571447
2025-12-05 18:51:10.0756 (StateSyncRequestHandler.cs:17) 玩家ID:482736422909116417 移动方向: 0.7282341 , 0 , -0.68532836
2025-12-05 18:51:10.0756 (StateSyncRequestHandler.cs:17) 玩家ID:482736422909116417 移动到新位置: 0.32549992 , 0 , -2.7770455
2025-12-05 18:51:10.1696 (StateSyncRequestHandler.cs:17) 玩家ID:482736422909116417 移动方向: 0.537669 , 0 , -0.84315586
2025-12-05 18:51:10.1696 (StateSyncRequestHandler.cs:17) 玩家ID:482736422909116417 移动到新位置: 0.4868006 , 0 , -3.0299923
2025-12-05 18:51:10.2632 (StateSyncRequestHandler.cs:17) 玩家ID:482736422909116417 移动方向: 0.2652018 , 0 , -0.96419287
2025-12-05 18:51:10.2632 (StateSyncRequestHandler.cs:17) 玩家ID:482736422909116417 移动到新位置: 0.5663611 , 0 , -3.31925
2025-12-05 18:51:10.3731 (StateSyncRequestHandler.cs:17) 玩家ID:482736422909116417 移动方向: 0.10210252 , 0 , -0.99477386
2025-12-05 18:51:10.3731 (StateSyncRequestHandler.cs:17) 玩家ID:482736422909116417 移动到新位置: 0.5969919 , 0 , -3.6176822
2025-12-05 18:51:10.4816 (StateSyncRequestHandler.cs:17) 玩家ID:482736422909116417 移动方向: 0.01612702 , 0 , -0.9998699
2025-12-05 18:51:10.4816 (StateSyncRequestHandler.cs:17) 玩家ID:482736422909116417 移动到新位置: 0.60183 , 0 , -3.917643
2025-12-05 18:51:10.5749 (StateSyncRequestHandler.cs:17) 玩家ID:482736422909116417 移动方向: 0.00036165118 , 0 , -0.9999999
2025-12-05 18:51:10.5749 (StateSyncRequestHandler.cs:17) 玩家ID:482736422909116417 移动到新位置: 0.6019385 , 0 , -4.217643
2025-12-05 18:51:10.6672 (StateSyncRequestHandler.cs:17) 玩家ID:482736422909116417 移动方向: -0.6310438 , 0 , -0.7757472
2025-12-05 18:51:10.6672 (StateSyncRequestHandler.cs:17) 玩家ID:482736422909116417 移动到新位置: 0.41262537 , 0 , -4.450367
2025-12-05 18:51:10.7611 (StateSyncRequestHandler.cs:17) 玩家ID:482736422909116417 移动方向: -0.56992793 , 0 , -0.8216947
2025-12-05 18:51:10.7611 (StateSyncRequestHandler.cs:17) 玩家ID:482736422909116417 移动到新位置: 0.24164699 , 0 , -4.6968756
2025-12-05 18:51:10.8693 (StateSyncRequestHandler.cs:17) 玩家ID:482736422909116417 移动方向: -0.5791629 , 0 , -0.8152119
2025-12-05 18:51:10.8693 (StateSyncRequestHandler.cs:17) 玩家ID:482736422909116417 移动到新位置: 0.067898124 , 0 , -4.941439
2025-12-05 18:51:10.9779 (StateSyncRequestHandler.cs:17) 玩家ID:482736422909116417 移动方向: 0.06381434 , 0 , -0.9979618
2025-12-05 18:51:10.9779 (StateSyncRequestHandler.cs:17) 玩家ID:482736422909116417 移动到新位置: 0.08704243 , 0 , -5.2408276
2025-12-05 18:51:11.0707 (StateSyncRequestHandler.cs:17) 玩家ID:482736422909116417 移动方向: -0.22761008 , 0 , -0.9737524
2025-12-05 18:51:11.0707 (StateSyncRequestHandler.cs:17) 玩家ID:482736422909116417 移动到新位置: 0.018759407 , 0 , -5.5329533
2025-12-05 18:51:11.1660 (StateSyncRequestHandler.cs:17) 玩家ID:482736422909116417 移动方向: -0.5316788 , 0 , -0.84694606
2025-12-05 18:51:11.1660 (StateSyncRequestHandler.cs:17) 玩家ID:482736422909116417 移动到新位置: -0.14074424 , 0 , -5.787037
2025-12-05 18:51:11.2774 (StateSyncRequestHandler.cs:17) 玩家ID:482736422909116417 移动方向: -0.66577655 , 0 , -0.74615115
2025-12-05 18:51:11.2774 (StateSyncRequestHandler.cs:17) 玩家ID:482736422909116417 移动到新位置: -0.3404772 , 0 , -6.0108824
2025-12-05 18:51:11.3708 (StateSyncRequestHandler.cs:17) 玩家ID:482736422909116417 移动方向: -0.7164113 , 0 , -0.69767815
2025-12-05 18:51:11.3708 (StateSyncRequestHandler.cs:17) 玩家ID:482736422909116417 移动到新位置: -0.5554006 , 0 , -6.2201858
2025-12-05 18:51:11.4640 (StateSyncRequestHandler.cs:17) 玩家ID:482736422909116417 移动方向: -0.7315117 , 0 , -0.68182886
2025-12-05 18:51:11.4640 (StateSyncRequestHandler.cs:17) 玩家ID:482736422909116417 移动到新位置: -0.7748541 , 0 , -6.4247346
2025-12-05 18:51:11.5727 (StateSyncRequestHandler.cs:17) 玩家ID:482736422909116417 移动方向: -0.73705304 , 0 , -0.6758349
2025-12-05 18:51:11.5727 (StateSyncRequestHandler.cs:17) 玩家ID:482736422909116417 移动到新位置: -0.99597 , 0 , -6.6274853
2025-12-05 18:51:11.6654 (StateSyncRequestHandler.cs:17) 玩家ID:482736422909116417 移动方向: -0.7388927 , 0 , -0.6738231
2025-12-05 18:51:11.6654 (StateSyncRequestHandler.cs:17) 玩家ID:482736422909116417 移动到新位置: -1.2176378 , 0 , -6.8296323
2025-12-05 18:51:11.7738 (StateSyncRequestHandler.cs:17) 玩家ID:482736422909116417 移动方向: -0.04679323 , 0 , -0.9989046
2025-12-05 18:51:11.7738 (StateSyncRequestHandler.cs:17) 玩家ID:482736422909116417 移动到新位置: -1.2316757 , 0 , -7.1293035
2025-12-05 18:51:11.8686 (StateSyncRequestHandler.cs:17) 玩家ID:482736422909116417 移动方向: -0.73955834 , 0 , -0.67309237
2025-12-05 18:51:11.8686 (StateSyncRequestHandler.cs:17) 玩家ID:482736422909116417 移动到新位置: -1.4535432 , 0 , -7.331231
2025-12-05 18:51:11.9774 (StateSyncRequestHandler.cs:17) 玩家ID:482736422909116417 移动方向: -0.7396116 , 0 , -0.67303383
2025-12-05 18:51:11.9774 (StateSyncRequestHandler.cs:17) 玩家ID:482736422909116417 移动到新位置: -1.6754267 , 0 , -7.533141
2025-12-05 18:51:12.0691 (StateSyncRequestHandler.cs:17) 玩家ID:482736422909116417 移动方向: -0.7396245 , 0 , -0.67301977
2025-12-05 18:51:12.0691 (StateSyncRequestHandler.cs:17) 玩家ID:482736422909116417 移动到新位置: -1.8973141 , 0 , -7.735047
2025-12-05 18:51:12.1616 (StateSyncRequestHandler.cs:17) 玩家ID:482736422909116417 移动方向: -0.99889004 , 0 , 0.04710284
2025-12-05 18:51:12.1623 (StateSyncRequestHandler.cs:17) 玩家ID:482736422909116417 移动到新位置: -2.196981 , 0 , -7.720916
2025-12-05 18:51:12.2728 (StateSyncRequestHandler.cs:17) 玩家ID:482736422909116417 移动方向: -0.99889004 , 0 , 0.047103312
2025-12-05 18:51:12.2728 (StateSyncRequestHandler.cs:17) 玩家ID:482736422909116417 移动到新位置: -2.4966478 , 0 , -7.7067847
2025-12-05 18:51:12.3662 (StateSyncRequestHandler.cs:17) 玩家ID:482736422909116417 移动方向: -0.99880224 , 0 , 0.048929878
2025-12-05 18:51:12.3662 (StateSyncRequestHandler.cs:17) 玩家ID:482736422909116417 移动到新位置: -2.7962885 , 0 , -7.692106
2025-12-05 18:51:12.4740 (StateSyncRequestHandler.cs:17) 玩家ID:482736422909116417 移动到新位置: -2.7962885 , 0 , -7.692106
2025-12-05 18:51:12.5663 (StateSyncRequestHandler.cs:17) 玩家ID:482736422909116417 移动方向: 0.9981887 , 0 , -0.060161185
2025-12-05 18:51:12.5663 (StateSyncRequestHandler.cs:17) 玩家ID:482736422909116417 移动到新位置: -2.496832 , 0 , -7.710154
2025-12-05 18:51:12.6746 (StateSyncRequestHandler.cs:17) 玩家ID:482736422909116417 移动方向: 0.9980846 , 0 , -0.061864123
2025-12-05 18:51:12.6746 (StateSyncRequestHandler.cs:17) 玩家ID:482736422909116417 移动到新位置: -2.1974065 , 0 , -7.7287135
2025-12-05 18:51:12.7698 (StateSyncRequestHandler.cs:17) 玩家ID:482736422909116417 移动方向: 0.9980466 , 0 , -0.062473767
2025-12-05 18:51:12.7698 (StateSyncRequestHandler.cs:17) 玩家ID:482736422909116417 移动到新位置: -1.8979926 , 0 , -7.7474556
2025-12-05 18:51:12.8620 (StateSyncRequestHandler.cs:17) 玩家ID:482736422909116417 移动方向: 0.9980333 , 0 , -0.062686026
2025-12-05 18:51:12.8620 (StateSyncRequestHandler.cs:17) 玩家ID:482736422909116417 移动到新位置: -1.5985826 , 0 , -7.7662616
2025-12-05 18:51:12.9727 (StateSyncRequestHandler.cs:17) 玩家ID:482736422909116417 移动方向: 0.9980285 , 0 , -0.062761694
2025-12-05 18:51:12.9727 (StateSyncRequestHandler.cs:17) 玩家ID:482736422909116417 移动到新位置: -1.2991741 , 0 , -7.78509
2025-12-05 18:51:13.0655 (StateSyncRequestHandler.cs:17) 玩家ID:482736422909116417 移动方向: -0.9980273 , 0 , 0.06278121
2025-12-05 18:51:13.0655 (StateSyncRequestHandler.cs:17) 玩家ID:482736422909116417 移动到新位置: -1.5985823 , 0 , -7.7662554
2025-12-05 18:51:13.1600 (StateSyncRequestHandler.cs:17) 玩家ID:482736422909116417 移动方向: -0.9980269 , 0 , 0.06278739
2025-12-05 18:51:13.1600 (StateSyncRequestHandler.cs:17) 玩家ID:482736422909116417 移动到新位置: -1.8979903 , 0 , -7.7474194
2025-12-05 18:51:13.2682 (StateSyncRequestHandler.cs:17) 玩家ID:482736422909116417 移动方向: -0.9980269 , 0 , 0.06278787
2025-12-05 18:51:13.2682 (StateSyncRequestHandler.cs:17) 玩家ID:482736422909116417 移动到新位置: -2.1973984 , 0 , -7.728583
2025-12-05 18:51:13.3619 (StateSyncRequestHandler.cs:17) 玩家ID:482736422909116417 移动方向: -0.9980269 , 0 , 0.06278787
2025-12-05 18:51:13.3619 (StateSyncRequestHandler.cs:17) 玩家ID:482736422909116417 移动到新位置: -2.4968066 , 0 , -7.7097464
2025-12-05 18:51:13.4698 (StateSyncRequestHandler.cs:17) 玩家ID:482736422909116417 移动方向: -0.9980269 , 0 , 0.06278787
2025-12-05 18:51:13.4698 (StateSyncRequestHandler.cs:17) 玩家ID:482736422909116417 移动到新位置: -2.7962146 , 0 , -7.69091
2025-12-05 18:51:13.5629 (StateSyncRequestHandler.cs:17) 玩家ID:482736422909116417 移动方向: -0.9980269 , 0 , 0.06278787
2025-12-05 18:51:13.5629 (StateSyncRequestHandler.cs:17) 玩家ID:482736422909116417 移动到新位置: -3.0956225 , 0 , -7.6720734
2025-12-05 18:51:13.6713 (StateSyncRequestHandler.cs:17) 玩家ID:482736422909116417 移动方向: -0.9980269 , 0 , 0.06278787
2025-12-05 18:51:13.6713 (StateSyncRequestHandler.cs:17) 玩家ID:482736422909116417 移动到新位置: -3.3950305 , 0 , -7.653237
2025-12-05 18:51:13.7650 (StateSyncRequestHandler.cs:17) 玩家ID:482736422909116417 移动到新位置: -3.3950305 , 0 , -7.653237
2025-12-05 18:51:13.8714 (StateSyncRequestHandler.cs:17) 玩家ID:482736422909116417 移动方向: 0.9980269 , 0 , -0.06278787
2025-12-05 18:51:13.8714 (StateSyncRequestHandler.cs:17) 玩家ID:482736422909116417 移动到新位置: -3.0956225 , 0 , -7.6720734
2025-12-05 18:51:13.9651 (StateSyncRequestHandler.cs:17) 玩家ID:482736422909116417 移动方向: 0.9980269 , 0 , -0.06278787
2025-12-05 18:51:13.9651 (StateSyncRequestHandler.cs:17) 玩家ID:482736422909116417 移动到新位置: -2.7962146 , 0 , -7.69091
2025-12-05 18:51:14.0736 (StateSyncRequestHandler.cs:17) 玩家ID:482736422909116417 移动方向: 0.9980269 , 0 , -0.06278787
2025-12-05 18:51:14.0736 (StateSyncRequestHandler.cs:17) 玩家ID:482736422909116417 移动到新位置: -2.4968066 , 0 , -7.7097464
2025-12-05 18:51:14.1680 (StateSyncRequestHandler.cs:17) 玩家ID:482736422909116417 移动方向: 0.9980269 , 0 , -0.06278787
2025-12-05 18:51:14.1680 (StateSyncRequestHandler.cs:17) 玩家ID:482736422909116417 移动到新位置: -2.1973987 , 0 , -7.728583
2025-12-05 18:51:14.2788 (StateSyncRequestHandler.cs:17) 玩家ID:482736422909116417 移动方向: 0.9980269 , 0 , -0.06278787
2025-12-05 18:51:14.2788 (StateSyncRequestHandler.cs:17) 玩家ID:482736422909116417 移动到新位置: -1.8979906 , 0 , -7.7474194
2025-12-05 18:51:14.3716 (StateSyncRequestHandler.cs:17) 玩家ID:482736422909116417 移动方向: 0.9980269 , 0 , -0.06278787
2025-12-05 18:51:14.3716 (StateSyncRequestHandler.cs:17) 玩家ID:482736422909116417 移动到新位置: -1.5985825 , 0 , -7.766256
2025-12-05 18:51:14.4647 (StateSyncRequestHandler.cs:17) 玩家ID:482736422909116417 移动方向: -0.9980269 , 0 , 0.06278787
2025-12-05 18:51:14.4647 (StateSyncRequestHandler.cs:17) 玩家ID:482736422909116417 移动到新位置: -1.8979906 , 0 , -7.7474194
2025-12-05 18:51:14.5732 (StateSyncRequestHandler.cs:17) 玩家ID:482736422909116417 移动方向: -0.9980269 , 0 , 0.06278787
2025-12-05 18:51:14.5732 (StateSyncRequestHandler.cs:17) 玩家ID:482736422909116417 移动到新位置: -2.1973987 , 0 , -7.728583
2025-12-05 18:51:14.6676 (StateSyncRequestHandler.cs:17) 玩家ID:482736422909116417 移动方向: -0.9980269 , 0 , 0.06278787
2025-12-05 18:51:14.6676 (StateSyncRequestHandler.cs:17) 玩家ID:482736422909116417 移动到新位置: -2.4968066 , 0 , -7.7097464
2025-12-05 18:51:14.7749 (StateSyncRequestHandler.cs:17) 玩家ID:482736422909116417 移动方向: -0.9980269 , 0 , 0.06278787
2025-12-05 18:51:14.7749 (StateSyncRequestHandler.cs:17) 玩家ID:482736422909116417 移动到新位置: -2.7962146 , 0 , -7.69091
2025-12-05 18:51:14.8829 (StateSyncRequestHandler.cs:17) 玩家ID:482736422909116417 移动方向: -0.9980269 , 0 , 0.06278787
2025-12-05 18:51:14.8829 (StateSyncRequestHandler.cs:17) 玩家ID:482736422909116417 移动到新位置: -3.0956225 , 0 , -7.6720734
2025-12-05 18:51:14.9762 (StateSyncRequestHandler.cs:17) 玩家ID:482736422909116417 移动方向: -0.9980269 , 0 , 0.06278787
2025-12-05 18:51:14.9762 (StateSyncRequestHandler.cs:17) 玩家ID:482736422909116417 移动到新位置: -3.3950305 , 0 , -7.653237
2025-12-05 18:51:15.0702 (StateSyncRequestHandler.cs:17) 玩家ID:482736422909116417 移动方向: -0.9980269 , 0 , 0.06278787
2025-12-05 18:51:15.0702 (StateSyncRequestHandler.cs:17) 玩家ID:482736422909116417 移动到新位置: -3.6944385 , 0 , -7.6344004
2025-12-05 18:51:15.1773 (StateSyncRequestHandler.cs:17) 玩家ID:482736422909116417 移动到新位置: -3.6944385 , 0 , -7.6344004
2025-12-05 18:51:15.2687 (StateSyncRequestHandler.cs:17) 玩家ID:482736422909116417 移动方向: 0.9980269 , 0 , -0.06278787
2025-12-05 18:51:15.2687 (StateSyncRequestHandler.cs:17) 玩家ID:482736422909116417 移动到新位置: -3.3950305 , 0 , -7.653237
2025-12-05 18:51:15.3755 (StateSyncRequestHandler.cs:17) 玩家ID:482736422909116417 移动方向: 0.9980269 , 0 , -0.06278787
2025-12-05 18:51:15.3755 (StateSyncRequestHandler.cs:17) 玩家ID:482736422909116417 移动到新位置: -3.0956225 , 0 , -7.6720734
2025-12-05 18:51:15.4680 (StateSyncRequestHandler.cs:17) 玩家ID:482736422909116417 移动方向: 0.9980269 , 0 , -0.06278787
2025-12-05 18:51:15.4680 (StateSyncRequestHandler.cs:17) 玩家ID:482736422909116417 移动到新位置: -2.7962146 , 0 , -7.69091
2025-12-05 18:51:15.5766 (StateSyncRequestHandler.cs:17) 玩家ID:482736422909116417 移动方向: 0.9980269 , 0 , -0.06278787
2025-12-05 18:51:15.5766 (StateSyncRequestHandler.cs:17) 玩家ID:482736422909116417 移动到新位置: -2.4968066 , 0 , -7.7097464
2025-12-05 18:51:15.6701 (StateSyncRequestHandler.cs:17) 玩家ID:482736422909116417 移动方向: 0.9980269 , 0 , -0.06278787
2025-12-05 18:51:15.6701 (StateSyncRequestHandler.cs:17) 玩家ID:482736422909116417 移动到新位置: -2.1973987 , 0 , -7.728583
2025-12-05 18:51:15.7647 (StateSyncRequestHandler.cs:17) 玩家ID:482736422909116417 移动方向: 0.9980269 , 0 , -0.06278787
2025-12-05 18:51:15.7647 (StateSyncRequestHandler.cs:17) 玩家ID:482736422909116417 移动到新位置: -1.8979906 , 0 , -7.7474194
2025-12-05 18:51:15.8740 (StateSyncRequestHandler.cs:17) 玩家ID:482736422909116417 移动方向: 0.9980269 , 0 , -0.06278787
2025-12-05 18:51:15.8740 (StateSyncRequestHandler.cs:17) 玩家ID:482736422909116417 移动到新位置: -1.5985825 , 0 , -7.766256
2025-12-05 18:51:15.9816 (StateSyncRequestHandler.cs:17) 玩家ID:482736422909116417 移动方向: 0.9980269 , 0 , -0.06278787
2025-12-05 18:51:15.9816 (StateSyncRequestHandler.cs:17) 玩家ID:482736422909116417 移动到新位置: -1.2991744 , 0 , -7.7850924
2025-12-05 18:51:16.0604 (StateSyncRequestHandler.cs:17) 玩家ID:482736422909116417 移动方向: 0.9980269 , 0 , -0.06278787
2025-12-05 18:51:16.0604 (StateSyncRequestHandler.cs:17) 玩家ID:482736422909116417 移动到新位置: -0.99976635 , 0 , -7.803929
2025-12-05 18:51:16.1697 (StateSyncRequestHandler.cs:17) 玩家ID:482736422909116417 移动方向: 0.9980269 , 0 , -0.06278787
2025-12-05 18:51:16.1697 (StateSyncRequestHandler.cs:17) 玩家ID:482736422909116417 移动到新位置: -0.7003583 , 0 , -7.8227654
2025-12-05 18:51:16.2617 (StateSyncRequestHandler.cs:17) 玩家ID:482736422909116417 移动方向: -0.9980269 , 0 , 0.06278787
2025-12-05 18:51:16.2617 (StateSyncRequestHandler.cs:17) 玩家ID:482736422909116417 移动到新位置: -0.99976635 , 0 , -7.803929
2025-12-05 18:51:16.3700 (StateSyncRequestHandler.cs:17) 玩家ID:482736422909116417 移动方向: -0.9980269 , 0 , 0.06278787
2025-12-05 18:51:16.3700 (StateSyncRequestHandler.cs:17) 玩家ID:482736422909116417 移动到新位置: -1.2991744 , 0 , -7.7850924
2025-12-05 18:51:16.4620 (StateSyncRequestHandler.cs:17) 玩家ID:482736422909116417 移动方向: -0.9980269 , 0 , 0.06278787
2025-12-05 18:51:16.4620 (StateSyncRequestHandler.cs:17) 玩家ID:482736422909116417 移动到新位置: -1.5985825 , 0 , -7.766256
2025-12-05 18:51:16.5707 (StateSyncRequestHandler.cs:17) 玩家ID:482736422909116417 移动方向: -0.9980269 , 0 , 0.06278787
2025-12-05 18:51:16.5707 (StateSyncRequestHandler.cs:17) 玩家ID:482736422909116417 移动到新位置: -1.8979906 , 0 , -7.7474194
2025-12-05 18:51:16.6813 (StateSyncRequestHandler.cs:17) 玩家ID:482736422909116417 移动方向: -0.9980269 , 0 , 0.06278787
2025-12-05 18:51:16.6813 (StateSyncRequestHandler.cs:17) 玩家ID:482736422909116417 移动到新位置: -2.1973987 , 0 , -7.728583
2025-12-05 18:51:16.7742 (StateSyncRequestHandler.cs:17) 玩家ID:482736422909116417 移动方向: -0.9980269 , 0 , 0.06278787
2025-12-05 18:51:16.7742 (StateSyncRequestHandler.cs:17) 玩家ID:482736422909116417 移动到新位置: -2.4968066 , 0 , -7.7097464
2025-12-05 18:51:16.8696 (StateSyncRequestHandler.cs:17) 玩家ID:482736422909116417 移动方向: -0.9980269 , 0 , 0.06278787
2025-12-05 18:51:16.8696 (StateSyncRequestHandler.cs:17) 玩家ID:482736422909116417 移动到新位置: -2.7962146 , 0 , -7.69091
2025-12-05 18:51:16.9788 (StateSyncRequestHandler.cs:17) 玩家ID:482736422909116417 移动方向: -0.9980269 , 0 , 0.06278787
2025-12-05 18:51:16.9788 (StateSyncRequestHandler.cs:17) 玩家ID:482736422909116417 移动到新位置: -3.0956225 , 0 , -7.6720734
2025-12-05 18:51:17.0706 (StateSyncRequestHandler.cs:17) 玩家ID:482736422909116417 移动方向: -0.9980269 , 0 , 0.06278787
2025-12-05 18:51:17.0706 (StateSyncRequestHandler.cs:17) 玩家ID:482736422909116417 移动到新位置: -3.3950305 , 0 , -7.653237
2025-12-05 18:51:17.1644 (StateSyncRequestHandler.cs:17) 玩家ID:482736422909116417 移动到新位置: -3.3950305 , 0 , -7.653237
2025-12-05 18:51:17.2718 (StateSyncRequestHandler.cs:17) 玩家ID:482736422909116417 移动方向: 0.06278787 , 0 , 0.99802685
2025-12-05 18:51:17.2718 (StateSyncRequestHandler.cs:17) 玩家ID:482736422909116417 移动到新位置: -3.3761942 , 0 , -7.353829
2025-12-05 18:51:17.3656 (StateSyncRequestHandler.cs:17) 玩家ID:482736422909116417 移动方向: 0.06278787 , 0 , 0.99802685
2025-12-05 18:51:17.3656 (StateSyncRequestHandler.cs:17) 玩家ID:482736422909116417 移动到新位置: -3.357358 , 0 , -7.054421
2025-12-05 18:51:17.4753 (StateSyncRequestHandler.cs:17) 玩家ID:482736422909116417 移动方向: 0.06278787 , 0 , 0.99802685
2025-12-05 18:51:17.4753 (StateSyncRequestHandler.cs:17) 玩家ID:482736422909116417 移动到新位置: -3.3385217 , 0 , -6.755013
2025-12-05 18:51:17.5672 (StateSyncRequestHandler.cs:17) 玩家ID:482736422909116417 移动方向: 0.06278787 , 0 , 0.99802685
2025-12-05 18:51:17.5672 (StateSyncRequestHandler.cs:17) 玩家ID:482736422909116417 移动到新位置: -3.3196855 , 0 , -6.455605
2025-12-05 18:51:17.6750 (StateSyncRequestHandler.cs:17) 玩家ID:482736422909116417 移动方向: 0.06278787 , 0 , 0.99802685
2025-12-05 18:51:17.6750 (StateSyncRequestHandler.cs:17) 玩家ID:482736422909116417 移动到新位置: -3.3008492 , 0 , -6.156197
2025-12-05 18:51:17.7665 (StateSyncRequestHandler.cs:17) 玩家ID:482736422909116417 移动方向: 0.06278787 , 0 , 0.99802685
2025-12-05 18:51:17.7665 (StateSyncRequestHandler.cs:17) 玩家ID:482736422909116417 移动到新位置: -3.282013 , 0 , -5.856789
2025-12-05 18:51:17.8749 (StateSyncRequestHandler.cs:17) 玩家ID:482736422909116417 移动到新位置: -3.282013 , 0 , -5.856789
2025-12-05 18:51:46.1514  收到登录请求
2025-12-05 18:51:46.1986  进入大厅成功，玩家ID:482736422909116417
2025-12-05 18:51:48.0567 (StateSyncRequestHandler.cs:17) 玩家ID:482736422909116417 移动方向: -0.058806982 , 0 , -0.9982694
2025-12-05 18:51:48.0567 (StateSyncRequestHandler.cs:17) 玩家ID:482736422909116417 移动到新位置: -3.2937744 , 0 , -6.056443
2025-12-05 18:51:48.1475 (StateSyncRequestHandler.cs:17) 玩家ID:482736422909116417 移动方向: -0.058854602 , 0 , -0.9982666
2025-12-05 18:51:48.1475 (StateSyncRequestHandler.cs:17) 玩家ID:482736422909116417 移动到新位置: -3.3055453 , 0 , -6.2560964
2025-12-05 18:51:48.2405 (StateSyncRequestHandler.cs:17) 玩家ID:482736422909116417 移动方向: -0.058866654 , 0 , -0.9982658
2025-12-05 18:51:48.2405 (StateSyncRequestHandler.cs:17) 玩家ID:482736422909116417 移动到新位置: -3.3173187 , 0 , -6.4557495
2025-12-05 18:51:48.3497 (StateSyncRequestHandler.cs:17) 玩家ID:482736422909116417 移动方向: -0.05886978 , 0 , -0.9982657
2025-12-05 18:51:48.3497 (StateSyncRequestHandler.cs:17) 玩家ID:482736422909116417 移动到新位置: -3.3290927 , 0 , -6.6554027
2025-12-05 18:51:48.4442 (StateSyncRequestHandler.cs:17) 玩家ID:482736422909116417 移动方向: -0.05887056 , 0 , -0.9982656
2025-12-05 18:51:48.4442 (StateSyncRequestHandler.cs:17) 玩家ID:482736422909116417 移动到新位置: -3.3408668 , 0 , -6.855056
2025-12-05 18:51:48.5531 (StateSyncRequestHandler.cs:17) 玩家ID:482736422909116417 移动方向: -0.7475083 , 0 , -0.6642525
2025-12-05 18:51:48.5531 (StateSyncRequestHandler.cs:17) 玩家ID:482736422909116417 移动到新位置: -3.4903684 , 0 , -6.9879065
2025-12-05 18:51:48.6463 (StateSyncRequestHandler.cs:17) 玩家ID:482736422909116417 移动方向: -0.9979927 , 0 , 0.063329495
2025-12-05 18:51:48.6463 (StateSyncRequestHandler.cs:17) 玩家ID:482736422909116417 移动到新位置: -3.689967 , 0 , -6.9752407
2025-12-05 18:51:48.7545 (StateSyncRequestHandler.cs:17) 玩家ID:482736422909116417 移动方向: -0.9970752 , 0 , 0.07642683
2025-12-05 18:51:48.7556 (StateSyncRequestHandler.cs:17) 玩家ID:482736422909116417 移动到新位置: -3.889382 , 0 , -6.959955
2025-12-05 18:51:48.8468 (StateSyncRequestHandler.cs:17) 玩家ID:482736422909116417 移动方向: 0.10027101 , 0 , 0.9949601
2025-12-05 18:51:48.8468 (StateSyncRequestHandler.cs:17) 玩家ID:482736422909116417 移动到新位置: -3.8693278 , 0 , -6.760963
2025-12-05 18:51:48.9558 (StateSyncRequestHandler.cs:17) 玩家ID:482736422909116417 移动方向: 0.11337562 , 0 , 0.9935522
2025-12-05 18:51:48.9558 (StateSyncRequestHandler.cs:17) 玩家ID:482736422909116417 移动到新位置: -3.8466527 , 0 , -6.5622525
2025-12-05 18:51:49.0497 (StateSyncRequestHandler.cs:17) 玩家ID:482736422909116417 移动方向: 0.11849667 , 0 , 0.99295443
2025-12-05 18:51:49.0497 (StateSyncRequestHandler.cs:17) 玩家ID:482736422909116417 移动到新位置: -3.8229535 , 0 , -6.363662
2025-12-05 18:51:49.1582 (StateSyncRequestHandler.cs:17) 玩家ID:482736422909116417 移动方向: 0.12055083 , 0 , 0.99270713
2025-12-05 18:51:49.1582 (StateSyncRequestHandler.cs:17) 玩家ID:482736422909116417 移动到新位置: -3.7988434 , 0 , -6.16512
2025-12-05 18:51:49.2503 (StateSyncRequestHandler.cs:17) 玩家ID:482736422909116417 移动方向: 0.121128045 , 0 , 0.9926369
2025-12-05 18:51:49.2503 (StateSyncRequestHandler.cs:17) 玩家ID:482736422909116417 移动到新位置: -3.7746177 , 0 , -5.966593
2025-12-05 18:51:49.3439 (StateSyncRequestHandler.cs:17) 玩家ID:482736422909116417 移动方向: 0.12134792 , 0 , 0.99261004
2025-12-05 18:51:49.3439 (StateSyncRequestHandler.cs:17) 玩家ID:482736422909116417 移动到新位置: -3.750348 , 0 , -5.7680707
2025-12-05 18:51:49.4542 (StateSyncRequestHandler.cs:17) 玩家ID:482736422909116417 移动到新位置: -3.750348 , 0 , -5.7680707
2025-12-05 18:51:49.5487 (StateSyncRequestHandler.cs:17) 玩家ID:482736422909116417 移动方向: -0.12142851 , 0 , -0.9926002
2025-12-05 18:51:49.5487 (StateSyncRequestHandler.cs:17) 玩家ID:482736422909116417 移动到新位置: -3.774634 , 0 , -5.966591
2025-12-05 18:51:49.6564 (StateSyncRequestHandler.cs:17) 玩家ID:482736422909116417 移动方向: -0.121434 , 0 , -0.99259955
2025-12-05 18:51:49.6564 (StateSyncRequestHandler.cs:17) 玩家ID:482736422909116417 移动到新位置: -3.7989206 , 0 , -6.1651106
2025-12-05 18:51:49.7483 (StateSyncRequestHandler.cs:17) 玩家ID:482736422909116417 移动方向: -0.12143548 , 0 , -0.99259937
2025-12-05 18:51:49.7483 (StateSyncRequestHandler.cs:17) 玩家ID:482736422909116417 移动到新位置: -3.8232076 , 0 , -6.3636303
2025-12-05 18:51:49.8562 (StateSyncRequestHandler.cs:17) 玩家ID:482736422909116417 移动方向: -0.12143604 , 0 , -0.9925993
2025-12-05 18:51:49.8562 (StateSyncRequestHandler.cs:17) 玩家ID:482736422909116417 移动到新位置: -3.8474948 , 0 , -6.56215
2025-12-05 18:51:49.9506 (StateSyncRequestHandler.cs:17) 玩家ID:482736422909116417 移动方向: -0.12143617 , 0 , -0.9925992
2025-12-05 18:51:49.9506 (StateSyncRequestHandler.cs:17) 玩家ID:482736422909116417 移动到新位置: -3.871782 , 0 , -6.7606697
2025-12-05 18:51:50.0437 (StateSyncRequestHandler.cs:17) 玩家ID:482736422909116417 移动方向: -0.1214362 , 0 , -0.9925992
2025-12-05 18:51:50.0437 (StateSyncRequestHandler.cs:17) 玩家ID:482736422909116417 移动到新位置: -3.8960693 , 0 , -6.9591894
2025-12-05 18:51:50.1538 (StateSyncRequestHandler.cs:17) 玩家ID:482736422909116417 移动到新位置: -3.8960693 , 0 , -6.9591894
2025-12-05 18:51:50.3403 (StateSyncRequestHandler.cs:17) 玩家ID:482736422909116417 移动方向: 0.1214362 , 0 , 0.9925992
2025-12-05 18:51:50.3403 (StateSyncRequestHandler.cs:17) 玩家ID:482736422909116417 移动到新位置: -3.871782 , 0 , -6.7606697
2025-12-05 18:51:50.4503 (StateSyncRequestHandler.cs:17) 玩家ID:482736422909116417 移动方向: 0.1214362 , 0 , 0.9925992
2025-12-05 18:51:50.4503 (StateSyncRequestHandler.cs:17) 玩家ID:482736422909116417 移动到新位置: -3.8474948 , 0 , -6.56215
2025-12-05 18:51:50.5580 (StateSyncRequestHandler.cs:17) 玩家ID:482736422909116417 移动方向: 0.1214362 , 0 , 0.9925992
2025-12-05 18:51:50.5580 (StateSyncRequestHandler.cs:17) 玩家ID:482736422909116417 移动到新位置: -3.8232076 , 0 , -6.3636303
2025-12-05 18:51:50.6499 (StateSyncRequestHandler.cs:17) 玩家ID:482736422909116417 移动方向: 0.1214362 , 0 , 0.9925992
2025-12-05 18:51:50.6499 (StateSyncRequestHandler.cs:17) 玩家ID:482736422909116417 移动到新位置: -3.7989204 , 0 , -6.1651106
2025-12-05 18:51:50.7439 (StateSyncRequestHandler.cs:17) 玩家ID:482736422909116417 移动方向: 0.1214362 , 0 , 0.9925992
2025-12-05 18:51:50.7439 (StateSyncRequestHandler.cs:17) 玩家ID:482736422909116417 移动到新位置: -3.7746332 , 0 , -5.966591
2025-12-05 18:51:50.8531 (StateSyncRequestHandler.cs:17) 玩家ID:482736422909116417 移动到新位置: -3.7746332 , 0 , -5.966591
2025-12-05 18:51:50.9611 (StateSyncRequestHandler.cs:17) 玩家ID:482736422909116417 移动方向: -0.1214362 , 0 , -0.9925992
2025-12-05 18:51:50.9611 (StateSyncRequestHandler.cs:17) 玩家ID:482736422909116417 移动到新位置: -3.7989204 , 0 , -6.1651106
2025-12-05 18:51:51.0532 (StateSyncRequestHandler.cs:17) 玩家ID:482736422909116417 移动方向: -0.1214362 , 0 , -0.9925992
2025-12-05 18:51:51.0532 (StateSyncRequestHandler.cs:17) 玩家ID:482736422909116417 移动到新位置: -3.8232076 , 0 , -6.3636303
2025-12-05 18:51:51.1460 (StateSyncRequestHandler.cs:17) 玩家ID:482736422909116417 移动方向: -0.1214362 , 0 , -0.9925992
2025-12-05 18:51:51.1460 (StateSyncRequestHandler.cs:17) 玩家ID:482736422909116417 移动到新位置: -3.8474948 , 0 , -6.56215
2025-12-05 18:51:51.2555 (StateSyncRequestHandler.cs:17) 玩家ID:482736422909116417 移动方向: -0.1214362 , 0 , -0.9925992
2025-12-05 18:51:51.2555 (StateSyncRequestHandler.cs:17) 玩家ID:482736422909116417 移动到新位置: -3.871782 , 0 , -6.7606697
2025-12-05 18:51:51.3482 (StateSyncRequestHandler.cs:17) 玩家ID:482736422909116417 移动方向: -0.1214362 , 0 , -0.9925992
2025-12-05 18:51:51.3482 (StateSyncRequestHandler.cs:17) 玩家ID:482736422909116417 移动到新位置: -3.8960693 , 0 , -6.9591894
2025-12-05 18:51:51.4416 (StateSyncRequestHandler.cs:17) 玩家ID:482736422909116417 移动方向: -0.99259925 , 0 , 0.12143621
2025-12-05 18:51:51.4416 (StateSyncRequestHandler.cs:17) 玩家ID:482736422909116417 移动到新位置: -4.094589 , 0 , -6.934902
2025-12-05 18:51:51.5507 (StateSyncRequestHandler.cs:17) 玩家ID:482736422909116417 移动方向: -0.99259925 , 0 , 0.12143621
2025-12-05 18:51:51.5507 (StateSyncRequestHandler.cs:17) 玩家ID:482736422909116417 移动到新位置: -4.293109 , 0 , -6.910615
2025-12-05 18:51:51.6590 (StateSyncRequestHandler.cs:17) 玩家ID:482736422909116417 移动方向: 0.13079402 , 0 , 0.99140954
2025-12-05 18:51:51.6590 (StateSyncRequestHandler.cs:17) 玩家ID:482736422909116417 移动到新位置: -4.26695 , 0 , -6.712333
2025-12-05 18:51:51.7517 (StateSyncRequestHandler.cs:17) 玩家ID:482736422909116417 移动方向: 0.15256962 , 0 , 0.98829275
2025-12-05 18:51:51.7517 (StateSyncRequestHandler.cs:17) 玩家ID:482736422909116417 移动到新位置: -4.2364364 , 0 , -6.5146747
2025-12-05 18:51:51.8463 (StateSyncRequestHandler.cs:17) 玩家ID:482736422909116417 移动方向: 0.81355107 , 0 , 0.58149344
2025-12-05 18:51:51.8463 (StateSyncRequestHandler.cs:17) 玩家ID:482736422909116417 移动到新位置: -4.073726 , 0 , -6.398376
2025-12-05 18:51:51.9534 (StateSyncRequestHandler.cs:17) 玩家ID:482736422909116417 移动方向: 0.8166079 , 0 , 0.57719284
2025-12-05 18:51:51.9534 (StateSyncRequestHandler.cs:17) 玩家ID:482736422909116417 移动到新位置: -3.9104047 , 0 , -6.2829375
2025-12-05 18:51:52.0461 (StateSyncRequestHandler.cs:17) 玩家ID:482736422909116417 移动方向: 0.9852632 , 0 , -0.17104489
2025-12-05 18:51:52.0461 (StateSyncRequestHandler.cs:17) 玩家ID:482736422909116417 移动到新位置: -3.713352 , 0 , -6.3171463
2025-12-05 18:51:52.1549 (StateSyncRequestHandler.cs:17) 玩家ID:482736422909116417 移动方向: -0.9851552 , 0 , 0.17166598
2025-12-05 18:51:52.1549 (StateSyncRequestHandler.cs:17) 玩家ID:482736422909116417 移动到新位置: -3.910383 , 0 , -6.282813
2025-12-05 18:51:52.2482 (StateSyncRequestHandler.cs:17) 玩家ID:482736422909116417 移动方向: -0.9851236 , 0 , 0.17184757
2025-12-05 18:51:52.2482 (StateSyncRequestHandler.cs:17) 玩家ID:482736422909116417 移动到新位置: -4.1074076 , 0 , -6.2484436
2025-12-05 18:51:52.3562 (StateSyncRequestHandler.cs:17) 玩家ID:482736422909116417 移动方向: -0.57475096 , 0 , 0.8183283
2025-12-05 18:51:52.3562 (StateSyncRequestHandler.cs:17) 玩家ID:482736422909116417 移动到新位置: -4.2223577 , 0 , -6.084778
2025-12-05 18:51:52.4492 (StateSyncRequestHandler.cs:17) 玩家ID:482736422909116417 移动方向: -0.5610221 , 0 , 0.82780075
2025-12-05 18:51:52.4492 (StateSyncRequestHandler.cs:17) 玩家ID:482736422909116417 移动到新位置: -4.3345623 , 0 , -5.9192176
2025-12-05 18:51:52.5581 (StateSyncRequestHandler.cs:17) 玩家ID:482736422909116417 移动方向: -0.9726505 , 0 , 0.23227333
2025-12-05 18:51:52.5581 (StateSyncRequestHandler.cs:17) 玩家ID:482736422909116417 移动到新位置: -4.6263576 , 0 , -5.8495355
2025-12-05 18:51:52.6511 (StateSyncRequestHandler.cs:17) 玩家ID:482736422909116417 移动方向: -0.9398645 , 0 , 0.34154758
2025-12-05 18:51:52.6511 (StateSyncRequestHandler.cs:17) 玩家ID:482736422909116417 移动到新位置: -4.908317 , 0 , -5.7470713
2025-12-05 18:51:52.7446 (StateSyncRequestHandler.cs:17) 玩家ID:482736422909116417 移动方向: -0.9644878 , 0 , -0.2641275
2025-12-05 18:51:52.7446 (StateSyncRequestHandler.cs:17) 玩家ID:482736422909116417 移动到新位置: -5.1976633 , 0 , -5.8263097
2025-12-05 18:51:52.8846 (StateSyncRequestHandler.cs:17) 玩家ID:482736422909116417 移动方向: -0.5909123 , 0 , -0.8067358
2025-12-05 18:51:52.8846 (StateSyncRequestHandler.cs:17) 玩家ID:482736422909116417 移动到新位置: -5.374937 , 0 , -6.0683303
2025-12-05 18:51:52.9458 (StateSyncRequestHandler.cs:17) 玩家ID:482736422909116417 移动方向: 0.10260904 , 0 , -0.9947218
2025-12-05 18:51:52.9458 (StateSyncRequestHandler.cs:17) 玩家ID:482736422909116417 移动到新位置: -5.3441544 , 0 , -6.366747
2025-12-05 18:51:53.0401 (StateSyncRequestHandler.cs:17) 玩家ID:482736422909116417 移动方向: -0.99621314 , 0 , -0.08694464
2025-12-05 18:51:53.0401 (StateSyncRequestHandler.cs:17) 玩家ID:482736422909116417 移动到新位置: -5.6430182 , 0 , -6.3928304
2025-12-05 18:51:53.1499 (StateSyncRequestHandler.cs:17) 玩家ID:482736422909116417 移动方向: -0.76209503 , 0 , 0.6474652
2025-12-05 18:51:53.1499 (StateSyncRequestHandler.cs:17) 玩家ID:482736422909116417 移动到新位置: -5.871647 , 0 , -6.1985908
2025-12-05 18:51:53.2564 (StateSyncRequestHandler.cs:17) 玩家ID:482736422909116417 移动方向: 0.6488279 , 0 , 0.7609351
2025-12-05 18:51:53.2564 (StateSyncRequestHandler.cs:17) 玩家ID:482736422909116417 移动到新位置: -5.6769986 , 0 , -5.97031
2025-12-05 18:51:53.3504 (StateSyncRequestHandler.cs:17) 玩家ID:482736422909116417 移动方向: 0.9968984 , 0 , 0.07869908
2025-12-05 18:51:53.3504 (StateSyncRequestHandler.cs:17) 玩家ID:482736422909116417 移动到新位置: -5.377929 , 0 , -5.9467006
2025-12-05 18:51:53.4454 (StateSyncRequestHandler.cs:17) 玩家ID:482736422909116417 移动方向: 0.7604562 , 0 , -0.6493892
2025-12-05 18:51:53.4454 (StateSyncRequestHandler.cs:17) 玩家ID:482736422909116417 移动到新位置: -5.149792 , 0 , -6.141517
2025-12-05 18:51:53.5532 (StateSyncRequestHandler.cs:17) 玩家ID:482736422909116417 移动方向: 0.99691576 , 0 , 0.07847887
2025-12-05 18:51:53.5532 (StateSyncRequestHandler.cs:17) 玩家ID:482736422909116417 移动到新位置: -4.8507175 , 0 , -6.1179733
2025-12-05 18:51:53.6466 (StateSyncRequestHandler.cs:17) 玩家ID:482736422909116417 移动方向: -0.07846549 , 0 , 0.9969169
2025-12-05 18:51:53.6466 (StateSyncRequestHandler.cs:17) 玩家ID:482736422909116417 移动到新位置: -4.874257 , 0 , -5.818898
2025-12-05 18:51:53.7395 (StateSyncRequestHandler.cs:17) 玩家ID:482736422909116417 移动方向: -0.76040715 , 0 , 0.64944667
2025-12-05 18:51:53.7400 (StateSyncRequestHandler.cs:17) 玩家ID:482736422909116417 移动到新位置: -5.1023793 , 0 , -5.6240644
2025-12-05 18:51:53.8471 (StateSyncRequestHandler.cs:17) 玩家ID:482736422909116417 移动方向: -0.7604063 , 0 , 0.6494476
2025-12-05 18:51:53.8471 (StateSyncRequestHandler.cs:17) 玩家ID:482736422909116417 移动到新位置: -5.330501 , 0 , -5.42923
2025-12-05 18:51:53.9529 (StateSyncRequestHandler.cs:17) 玩家ID:482736422909116417 移动方向: -0.76040614 , 0 , 0.6494479
2025-12-05 18:51:53.9529 (StateSyncRequestHandler.cs:17) 玩家ID:482736422909116417 移动到新位置: -5.558623 , 0 , -5.234396
2025-12-05 18:51:54.0443 (StateSyncRequestHandler.cs:17) 玩家ID:482736422909116417 移动方向: -0.07845929 , 0 , 0.99691725
2025-12-05 18:51:54.0443 (StateSyncRequestHandler.cs:17) 玩家ID:482736422909116417 移动到新位置: -5.5821605 , 0 , -4.935321
2025-12-05 18:51:54.1513 (StateSyncRequestHandler.cs:17) 玩家ID:482736422909116417 移动方向: 0.6494479 , 0 , 0.7604061
2025-12-05 18:51:54.1513 (StateSyncRequestHandler.cs:17) 玩家ID:482736422909116417 移动到新位置: -5.3873262 , 0 , -4.707199
2025-12-05 18:51:54.2449 (StateSyncRequestHandler.cs:17) 玩家ID:482736422909116417 移动方向: 0.99691737 , 0 , 0.07845923
2025-12-05 18:51:54.2449 (StateSyncRequestHandler.cs:17) 玩家ID:482736422909116417 移动到新位置: -5.088251 , 0 , -4.6836615
2025-12-05 18:51:54.3558 (StateSyncRequestHandler.cs:17) 玩家ID:482736422909116417 移动方向: 0.99691737 , 0 , 0.07845923
2025-12-05 18:51:54.3558 (StateSyncRequestHandler.cs:17) 玩家ID:482736422909116417 移动到新位置: -4.789176 , 0 , -4.660124
2025-12-05 18:51:54.4492 (StateSyncRequestHandler.cs:17) 玩家ID:482736422909116417 移动方向: 0.99691737 , 0 , 0.07845923
2025-12-05 18:51:54.4492 (StateSyncRequestHandler.cs:17) 玩家ID:482736422909116417 移动到新位置: -4.490101 , 0 , -4.636586
2025-12-05 18:51:54.5438 (StateSyncRequestHandler.cs:17) 玩家ID:482736422909116417 移动方向: 0.99691737 , 0 , 0.07845923
2025-12-05 18:51:54.5438 (StateSyncRequestHandler.cs:17) 玩家ID:482736422909116417 移动到新位置: -4.1910257 , 0 , -4.6130486
2025-12-05 18:51:54.6526 (StateSyncRequestHandler.cs:17) 玩家ID:482736422909116417 移动方向: 0.99691737 , 0 , 0.07845923
2025-12-05 18:51:54.6526 (StateSyncRequestHandler.cs:17) 玩家ID:482736422909116417 移动到新位置: -3.8919506 , 0 , -4.589511
2025-12-05 18:51:54.7620 (StateSyncRequestHandler.cs:17) 玩家ID:482736422909116417 移动方向: -0.07845929 , 0 , 0.99691725
2025-12-05 18:51:54.7620 (StateSyncRequestHandler.cs:17) 玩家ID:482736422909116417 移动到新位置: -3.9154885 , 0 , -4.290436
2025-12-05 18:51:54.8567 (StateSyncRequestHandler.cs:17) 玩家ID:482736422909116417 移动方向: -0.07845929 , 0 , 0.99691725
2025-12-05 18:51:54.8567 (StateSyncRequestHandler.cs:17) 玩家ID:482736422909116417 移动到新位置: -3.9390264 , 0 , -3.9913607
2025-12-05 18:51:54.9498 (StateSyncRequestHandler.cs:17) 玩家ID:482736422909116417 移动方向: -0.76040614 , 0 , 0.6494479
2025-12-05 18:51:54.9498 (StateSyncRequestHandler.cs:17) 玩家ID:482736422909116417 移动到新位置: -4.167148 , 0 , -3.7965262
2025-12-05 18:51:55.0426 (StateSyncRequestHandler.cs:17) 玩家ID:482736422909116417 移动方向: -0.76040614 , 0 , 0.6494479
2025-12-05 18:51:55.0426 (StateSyncRequestHandler.cs:17) 玩家ID:482736422909116417 移动到新位置: -4.39527 , 0 , -3.6016917
2025-12-05 18:51:55.1523 (StateSyncRequestHandler.cs:17) 玩家ID:482736422909116417 移动方向: -0.76040614 , 0 , 0.6494479
2025-12-05 18:51:55.1523 (StateSyncRequestHandler.cs:17) 玩家ID:482736422909116417 移动到新位置: -4.6233916 , 0 , -3.4068573
2025-12-05 18:51:55.2461 (StateSyncRequestHandler.cs:17) 玩家ID:482736422909116417 移动方向: -0.76040614 , 0 , 0.6494479
2025-12-05 18:51:55.2461 (StateSyncRequestHandler.cs:17) 玩家ID:482736422909116417 移动到新位置: -4.8515134 , 0 , -3.2120228
2025-12-05 18:51:55.3542 (StateSyncRequestHandler.cs:17) 玩家ID:482736422909116417 移动方向: -0.07845929 , 0 , 0.99691725
2025-12-05 18:51:55.3542 (StateSyncRequestHandler.cs:17) 玩家ID:482736422909116417 移动到新位置: -4.875051 , 0 , -2.9129477
2025-12-05 18:51:55.4460 (StateSyncRequestHandler.cs:17) 玩家ID:482736422909116417 移动方向: -0.07845929 , 0 , 0.99691725
2025-12-05 18:51:55.4460 (StateSyncRequestHandler.cs:17) 玩家ID:482736422909116417 移动到新位置: -4.8985887 , 0 , -2.6138725
2025-12-05 18:51:55.5536 (StateSyncRequestHandler.cs:17) 玩家ID:482736422909116417 移动方向: 0.6494479 , 0 , 0.7604061
2025-12-05 18:51:55.5536 (StateSyncRequestHandler.cs:17) 玩家ID:482736422909116417 移动到新位置: -4.7037544 , 0 , -2.3857508
2025-12-05 18:51:55.6480 (StateSyncRequestHandler.cs:17) 玩家ID:482736422909116417 移动方向: 0.9942988 , 0 , 0.10663006
2025-12-05 18:51:55.6480 (StateSyncRequestHandler.cs:17) 玩家ID:482736422909116417 移动到新位置: -4.4054646 , 0 , -2.3537617
2025-12-05 18:51:55.7585 (StateSyncRequestHandler.cs:17) 玩家ID:482736422909116417 移动方向: 0.97193307 , 0 , 0.23525745
2025-12-05 18:51:55.7585 (StateSyncRequestHandler.cs:17) 玩家ID:482736422909116417 移动到新位置: -4.113885 , 0 , -2.2831845
2025-12-05 18:51:55.8513 (StateSyncRequestHandler.cs:17) 玩家ID:482736422909116417 移动方向: 0.42951298 , 0 , 0.9030607
2025-12-05 18:51:55.8513 (StateSyncRequestHandler.cs:17) 玩家ID:482736422909116417 移动到新位置: -3.9850311 , 0 , -2.0122664
2025-12-05 18:51:55.9603 (StateSyncRequestHandler.cs:17) 玩家ID:482736422909116417 移动方向: -0.38052744 , 0 , 0.9247696
2025-12-05 18:51:55.9603 (StateSyncRequestHandler.cs:17) 玩家ID:482736422909116417 移动到新位置: -4.0991893 , 0 , -1.7348355
2025-12-05 18:51:56.0522 (StateSyncRequestHandler.cs:17) 玩家ID:482736422909116417 移动方向: -0.3961683 , 0 , 0.91817784
2025-12-05 18:51:56.0522 (StateSyncRequestHandler.cs:17) 玩家ID:482736422909116417 移动到新位置: -4.21804 , 0 , -1.4593822
2025-12-05 18:51:56.1599 (StateSyncRequestHandler.cs:17) 玩家ID:482736422909116417 移动方向: -0.93163484 , 0 , 0.3633958
2025-12-05 18:51:56.1599 (StateSyncRequestHandler.cs:17) 玩家ID:482736422909116417 移动到新位置: -4.4975305 , 0 , -1.3503635
2025-12-05 18:51:56.2542 (StateSyncRequestHandler.cs:17) 玩家ID:482736422909116417 移动方向: -0.93233514 , 0 , 0.36159536
2025-12-05 18:51:56.2542 (StateSyncRequestHandler.cs:17) 玩家ID:482736422909116417 移动到新位置: -4.777231 , 0 , -1.241885
2025-12-05 18:51:56.3610 (StateSyncRequestHandler.cs:17) 玩家ID:482736422909116417 移动方向: -0.9325437 , 0 , 0.36105707
2025-12-05 18:51:56.3610 (StateSyncRequestHandler.cs:17) 玩家ID:482736422909116417 移动到新位置: -5.0569944 , 0 , -1.1335678
2025-12-05 18:51:56.4536 (StateSyncRequestHandler.cs:17) 玩家ID:482736422909116417 移动方向: -0.40427512 , 0 , 0.91463745
2025-12-05 18:51:56.4536 (StateSyncRequestHandler.cs:17) 玩家ID:482736422909116417 移动到新位置: -5.178277 , 0 , -0.8591766
2025-12-05 18:51:56.5619 (StateSyncRequestHandler.cs:17) 玩家ID:482736422909116417 移动方向: 0.36083156 , 0 , 0.932631
2025-12-05 18:51:56.5619 (StateSyncRequestHandler.cs:17) 玩家ID:482736422909116417 移动到新位置: -5.0700274 , 0 , -0.5793873
2025-12-05 18:51:56.6552 (StateSyncRequestHandler.cs:17) 玩家ID:482736422909116417 移动方向: 0.9146098 , 0 , 0.40433756
2025-12-05 18:51:56.6552 (StateSyncRequestHandler.cs:17) 玩家ID:482736422909116417 移动到新位置: -4.7956443 , 0 , -0.45808604
2025-12-05 18:51:56.7486 (StateSyncRequestHandler.cs:17) 玩家ID:482736422909116417 移动方向: 0.91460794 , 0 , 0.4043419
2025-12-05 18:51:56.7486 (StateSyncRequestHandler.cs:17) 玩家ID:482736422909116417 移动到新位置: -4.5212617 , 0 , -0.33678347
2025-12-05 18:51:56.8564 (StateSyncRequestHandler.cs:17) 玩家ID:482736422909116417 移动方向: 0.91460735 , 0 , 0.40434307
2025-12-05 18:51:56.8564 (StateSyncRequestHandler.cs:17) 玩家ID:482736422909116417 移动到新位置: -4.2468796 , 0 , -0.21548055
2025-12-05 18:51:56.9649 (StateSyncRequestHandler.cs:17) 玩家ID:482736422909116417 移动方向: 0.932639 , 0 , -0.36081094
2025-12-05 18:51:56.9649 (StateSyncRequestHandler.cs:17) 玩家ID:482736422909116417 移动到新位置: -3.9670877 , 0 , -0.32372382
2025-12-05 18:51:57.0575 (StateSyncRequestHandler.cs:17) 玩家ID:482736422909116417 移动方向: 0.932639 , 0 , -0.3608109
2025-12-05 18:51:57.0575 (StateSyncRequestHandler.cs:17) 玩家ID:482736422909116417 移动到新位置: -3.687296 , 0 , -0.43196708
2025-12-05 18:51:57.1504 (StateSyncRequestHandler.cs:17) 玩家ID:482736422909116417 移动方向: 0.4043435 , 0 , -0.91460717
2025-12-05 18:51:57.1504 (StateSyncRequestHandler.cs:17) 玩家ID:482736422909116417 移动到新位置: -3.5659928 , 0 , -0.70634925
2025-12-05 18:51:57.2439 (StateSyncRequestHandler.cs:17) 玩家ID:482736422909116417 移动方向: -0.3608109 , 0 , -0.932639
2025-12-05 18:51:57.2439 (StateSyncRequestHandler.cs:17) 玩家ID:482736422909116417 移动到新位置: -3.674236 , 0 , -0.98614097
2025-12-05 18:51:57.3686 (StateSyncRequestHandler.cs:17) 玩家ID:482736422909116417 移动方向: -0.3608109 , 0 , -0.932639
2025-12-05 18:51:57.3686 (StateSyncRequestHandler.cs:17) 玩家ID:482736422909116417 移动到新位置: -3.7824793 , 0 , -1.2659327
2025-12-05 18:51:57.4474 (StateSyncRequestHandler.cs:17) 玩家ID:482736422909116417 移动方向: -0.3608109 , 0 , -0.932639
2025-12-05 18:51:57.4474 (StateSyncRequestHandler.cs:17) 玩家ID:482736422909116417 移动到新位置: -3.8907225 , 0 , -1.5457244
2025-12-05 18:51:57.5560 (StateSyncRequestHandler.cs:17) 玩家ID:482736422909116417 移动方向: 0.4043435 , 0 , -0.91460717
2025-12-05 18:51:57.5560 (StateSyncRequestHandler.cs:17) 玩家ID:482736422909116417 移动到新位置: -3.7694194 , 0 , -1.8201065
2025-12-05 18:51:57.6493 (StateSyncRequestHandler.cs:17) 玩家ID:482736422909116417 移动方向: 0.93148565 , 0 , -0.36377808
2025-12-05 18:51:57.6493 (StateSyncRequestHandler.cs:17) 玩家ID:482736422909116417 移动到新位置: -3.4899738 , 0 , -1.92924
2025-12-05 18:51:57.7412 (StateSyncRequestHandler.cs:17) 玩家ID:482736422909116417 移动方向: 0.92116255 , 0 , -0.38917807
2025-12-05 18:51:57.7412 (StateSyncRequestHandler.cs:17) 玩家ID:482736422909116417 移动到新位置: -3.213625 , 0 , -2.0459933
2025-12-05 18:51:57.8521 (StateSyncRequestHandler.cs:17) 玩家ID:482736422909116417 移动方向: 0.91264373 , 0 , -0.40875593
2025-12-05 18:51:57.8521 (StateSyncRequestHandler.cs:17) 玩家ID:482736422909116417 移动到新位置: -2.9398317 , 0 , -2.16862
2025-12-05 18:51:57.9443 (StateSyncRequestHandler.cs:17) 玩家ID:482736422909116417 移动方向: 0.90873456 , 0 , -0.41737452
2025-12-05 18:51:57.9443 (StateSyncRequestHandler.cs:17) 玩家ID:482736422909116417 移动到新位置: -2.6672113 , 0 , -2.2938325
2025-12-05 18:51:58.0532 (StateSyncRequestHandler.cs:17) 玩家ID:482736422909116417 移动方向: 0.9072044 , 0 , -0.4206902
2025-12-05 18:51:58.0532 (StateSyncRequestHandler.cs:17) 玩家ID:482736422909116417 移动到新位置: -2.39505 , 0 , -2.4200397
2025-12-05 18:51:58.1630 (StateSyncRequestHandler.cs:17) 玩家ID:482736422909116417 移动方向: 0.90671796 , 0 , -0.42173755
2025-12-05 18:51:58.1630 (StateSyncRequestHandler.cs:17) 玩家ID:482736422909116417 移动到新位置: -2.1230347 , 0 , -2.546561
2025-12-05 18:51:58.2570 (StateSyncRequestHandler.cs:17) 玩家ID:482736422909116417 移动方向: 0.9065635 , 0 , -0.42206937
2025-12-05 18:51:58.2570 (StateSyncRequestHandler.cs:17) 玩家ID:482736422909116417 移动到新位置: -1.8510656 , 0 , -2.6731818
2025-12-05 18:51:58.3494 (StateSyncRequestHandler.cs:17) 玩家ID:482736422909116417 移动方向: 0.90651447 , 0 , -0.42217478
2025-12-05 18:51:58.3494 (StateSyncRequestHandler.cs:17) 玩家ID:482736422909116417 移动到新位置: -1.5791113 , 0 , -2.7998343
2025-12-05 18:51:58.4568 (StateSyncRequestHandler.cs:17) 玩家ID:482736422909116417 移动方向: 0.90649915 , 0 , -0.4222076
2025-12-05 18:51:58.4568 (StateSyncRequestHandler.cs:17) 玩家ID:482736422909116417 移动到新位置: -1.3071616 , 0 , -2.9264965
2025-12-05 18:51:58.5504 (StateSyncRequestHandler.cs:17) 玩家ID:482736422909116417 移动方向: 0.9064939 , 0 , -0.4222189
2025-12-05 18:51:58.5504 (StateSyncRequestHandler.cs:17) 玩家ID:482736422909116417 移动到新位置: -1.0352135 , 0 , -3.053162
2025-12-05 18:51:58.6441 (StateSyncRequestHandler.cs:17) 玩家ID:482736422909116417 移动方向: 0.90649265 , 0 , -0.4222216
2025-12-05 18:51:58.6441 (StateSyncRequestHandler.cs:17) 玩家ID:482736422909116417 移动到新位置: -0.76326567 , 0 , -3.1798286
2025-12-05 18:51:58.7522 (StateSyncRequestHandler.cs:17) 玩家ID:482736422909116417 移动方向: 0.90649223 , 0 , -0.42222258
2025-12-05 18:51:58.7522 (StateSyncRequestHandler.cs:17) 玩家ID:482736422909116417 移动到新位置: -0.49131802 , 0 , -3.3064954
2025-12-05 18:51:58.8459 (StateSyncRequestHandler.cs:17) 玩家ID:482736422909116417 移动方向: 0.9064921 , 0 , -0.4222228
2025-12-05 18:51:58.8459 (StateSyncRequestHandler.cs:17) 玩家ID:482736422909116417 移动到新位置: -0.2193704 , 0 , -3.4331622
2025-12-05 18:51:58.9548 (StateSyncRequestHandler.cs:17) 玩家ID:482736422909116417 移动方向: 0.9064921 , 0 , -0.4222228
2025-12-05 18:51:58.9548 (StateSyncRequestHandler.cs:17) 玩家ID:482736422909116417 移动到新位置: 0.052577227 , 0 , -3.559829
2025-12-05 18:51:59.0469 (StateSyncRequestHandler.cs:17) 玩家ID:482736422909116417 移动方向: 0.9064921 , 0 , -0.4222228
2025-12-05 18:51:59.0469 (StateSyncRequestHandler.cs:17) 玩家ID:482736422909116417 移动到新位置: 0.32452485 , 0 , -3.6864958
2025-12-05 18:51:59.1553 (StateSyncRequestHandler.cs:17) 玩家ID:482736422909116417 移动方向: 0.9060084 , 0 , -0.4232597
2025-12-05 18:51:59.1553 (StateSyncRequestHandler.cs:17) 玩家ID:482736422909116417 移动到新位置: 0.59632736 , 0 , -3.8134737
2025-12-05 18:51:59.2651 (StateSyncRequestHandler.cs:17) 玩家ID:482736422909116417 移动方向: 0.8897851 , 0 , -0.45637974
2025-12-05 18:51:59.2651 (StateSyncRequestHandler.cs:17) 玩家ID:482736422909116417 移动到新位置: 0.8632629 , 0 , -3.9503877
2025-12-05 18:51:59.3589 (StateSyncRequestHandler.cs:17) 玩家ID:482736422909116417 移动方向: 0.87097067 , 0 , -0.49133503
2025-12-05 18:51:59.3589 (StateSyncRequestHandler.cs:17) 玩家ID:482736422909116417 移动到新位置: 1.1245542 , 0 , -4.0977883
2025-12-05 18:51:59.4513 (StateSyncRequestHandler.cs:17) 玩家ID:482736422909116417 移动方向: 0.8619416 , 0 , -0.50700766
2025-12-05 18:51:59.4513 (StateSyncRequestHandler.cs:17) 玩家ID:482736422909116417 移动到新位置: 1.3831366 , 0 , -4.249891
2025-12-05 18:51:59.5449 (StateSyncRequestHandler.cs:17) 玩家ID:482736422909116417 移动方向: 0.8586972 , 0 , -0.5124833
2025-12-05 18:51:59.5449 (StateSyncRequestHandler.cs:17) 玩家ID:482736422909116417 移动到新位置: 1.6407458 , 0 , -4.403636
2025-12-05 18:51:59.6382 (StateSyncRequestHandler.cs:17) 玩家ID:482736422909116417 移动方向: 0.85732406 , 0 , -0.5147772
2025-12-05 18:51:59.6382 (StateSyncRequestHandler.cs:17) 玩家ID:482736422909116417 移动到新位置: 1.897943 , 0 , -4.558069
2025-12-05 18:51:59.7466 (StateSyncRequestHandler.cs:17) 玩家ID:482736422909116417 移动方向: 0.8569106 , 0 , -0.5154651
2025-12-05 18:51:59.7466 (StateSyncRequestHandler.cs:17) 玩家ID:482736422909116417 移动到新位置: 2.1550162 , 0 , -4.712709
2025-12-05 18:51:59.8558 (StateSyncRequestHandler.cs:17) 玩家ID:482736422909116417 移动方向: 0.85677576 , 0 , -0.51568913
2025-12-05 18:51:59.8558 (StateSyncRequestHandler.cs:17) 玩家ID:482736422909116417 移动到新位置: 2.4120488 , 0 , -4.867416
2025-12-05 18:51:59.9508 (StateSyncRequestHandler.cs:17) 玩家ID:482736422909116417 移动方向: 0.8567348 , 0 , -0.51575714
2025-12-05 18:51:59.9508 (StateSyncRequestHandler.cs:17) 玩家ID:482736422909116417 移动到新位置: 2.6690693 , 0 , -5.022143
2025-12-05 18:52:00.0595 (StateSyncRequestHandler.cs:17) 玩家ID:482736422909116417 移动方向: 0.85672224 , 0 , -0.51577806
2025-12-05 18:52:00.0595 (StateSyncRequestHandler.cs:17) 玩家ID:482736422909116417 移动到新位置: 2.926086 , 0 , -5.176876
2025-12-05 18:52:00.1529 (StateSyncRequestHandler.cs:17) 玩家ID:482736422909116417 移动方向: 0.8567189 , 0 , -0.5157836
2025-12-05 18:52:00.1529 (StateSyncRequestHandler.cs:17) 玩家ID:482736422909116417 移动到新位置: 3.1831017 , 0 , -5.331611
2025-12-05 18:52:00.2480 (StateSyncRequestHandler.cs:17) 玩家ID:482736422909116417 移动方向: 0.8567178 , 0 , -0.51578534
2025-12-05 18:52:00.2480 (StateSyncRequestHandler.cs:17) 玩家ID:482736422909116417 移动到新位置: 3.440117 , 0 , -5.4863467
2025-12-05 18:52:00.3564 (StateSyncRequestHandler.cs:17) 玩家ID:482736422909116417 移动方向: 0.8567176 , 0 , -0.5157858
2025-12-05 18:52:00.3564 (StateSyncRequestHandler.cs:17) 玩家ID:482736422909116417 移动到新位置: 3.697132 , 0 , -5.6410823
2025-12-05 18:52:00.4513 (StateSyncRequestHandler.cs:17) 玩家ID:482736422909116417 移动方向: 0.85671747 , 0 , -0.51578593
2025-12-05 18:52:00.4513 (StateSyncRequestHandler.cs:17) 玩家ID:482736422909116417 移动到新位置: 3.9541473 , 0 , -5.795818
2025-12-05 18:52:00.5606 (StateSyncRequestHandler.cs:17) 玩家ID:482736422909116417 移动方向: 0.85671747 , 0 , -0.51578593
2025-12-05 18:52:00.5606 (StateSyncRequestHandler.cs:17) 玩家ID:482736422909116417 移动到新位置: 4.2111626 , 0 , -5.9505534
2025-12-05 18:52:00.6541 (StateSyncRequestHandler.cs:17) 玩家ID:482736422909116417 移动方向: -0.85671747 , 0 , 0.51578593
2025-12-05 18:52:00.6541 (StateSyncRequestHandler.cs:17) 玩家ID:482736422909116417 移动到新位置: 3.9541473 , 0 , -5.795818
2025-12-05 18:52:00.7471 (StateSyncRequestHandler.cs:17) 玩家ID:482736422909116417 移动方向: -0.85671747 , 0 , 0.51578593
2025-12-05 18:52:00.7471 (StateSyncRequestHandler.cs:17) 玩家ID:482736422909116417 移动到新位置: 3.697132 , 0 , -5.6410823
2025-12-05 18:52:00.8551 (StateSyncRequestHandler.cs:17) 玩家ID:482736422909116417 移动方向: -0.85671747 , 0 , 0.51578593
2025-12-05 18:52:00.8551 (StateSyncRequestHandler.cs:17) 玩家ID:482736422909116417 移动到新位置: 3.440117 , 0 , -5.4863467
2025-12-05 18:52:00.9476 (StateSyncRequestHandler.cs:17) 玩家ID:482736422909116417 移动方向: -0.85671747 , 0 , 0.51578593
2025-12-05 18:52:00.9476 (StateSyncRequestHandler.cs:17) 玩家ID:482736422909116417 移动到新位置: 3.1831017 , 0 , -5.331611
2025-12-05 18:52:01.0543 (StateSyncRequestHandler.cs:17) 玩家ID:482736422909116417 移动方向: -0.85671747 , 0 , 0.51578593
2025-12-05 18:52:01.0543 (StateSyncRequestHandler.cs:17) 玩家ID:482736422909116417 移动到新位置: 2.9260864 , 0 , -5.1768756
2025-12-05 18:52:01.1475 (StateSyncRequestHandler.cs:17) 玩家ID:482736422909116417 移动方向: -0.85671747 , 0 , 0.51578593
2025-12-05 18:52:01.1475 (StateSyncRequestHandler.cs:17) 玩家ID:482736422909116417 移动到新位置: 2.6690712 , 0 , -5.02214
2025-12-05 18:52:01.2414 (StateSyncRequestHandler.cs:17) 玩家ID:482736422909116417 移动方向: -0.85671747 , 0 , 0.51578593
2025-12-05 18:52:01.2414 (StateSyncRequestHandler.cs:17) 玩家ID:482736422909116417 移动到新位置: 2.412056 , 0 , -4.8674045
2025-12-05 18:52:01.3509 (StateSyncRequestHandler.cs:17) 玩家ID:482736422909116417 移动方向: -0.85671747 , 0 , 0.51578593
2025-12-05 18:52:01.3509 (StateSyncRequestHandler.cs:17) 玩家ID:482736422909116417 移动到新位置: 2.1550407 , 0 , -4.712669
2025-12-05 18:52:01.4448 (StateSyncRequestHandler.cs:17) 玩家ID:482736422909116417 移动方向: -0.8564718 , 0 , 0.5161938
2025-12-05 18:52:01.4448 (StateSyncRequestHandler.cs:17) 玩家ID:482736422909116417 移动到新位置: 1.8980992 , 0 , -4.557811
2025-12-05 18:52:01.5543 (StateSyncRequestHandler.cs:17) 玩家ID:482736422909116417 移动方向: -0.78898746 , 0 , 0.6144093
2025-12-05 18:52:01.5543 (StateSyncRequestHandler.cs:17) 玩家ID:482736422909116417 移动到新位置: 1.661403 , 0 , -4.373488
2025-12-05 18:52:01.6462 (StateSyncRequestHandler.cs:17) 玩家ID:482736422909116417 移动方向: -0.53839403 , 0 , 0.8426932
2025-12-05 18:52:01.6462 (StateSyncRequestHandler.cs:17) 玩家ID:482736422909116417 移动到新位置: 1.4998847 , 0 , -4.12068
2025-12-05 18:52:01.7560 (StateSyncRequestHandler.cs:17) 玩家ID:482736422909116417 移动方向: -0.30987352 , 0 , 0.95077777
2025-12-05 18:52:01.7560 (StateSyncRequestHandler.cs:17) 玩家ID:482736422909116417 移动到新位置: 1.4069227 , 0 , -3.8354466
2025-12-05 18:52:01.8510 (StateSyncRequestHandler.cs:17) 玩家ID:482736422909116417 移动方向: -0.83790475 , 0 , 0.5458164
2025-12-05 18:52:01.8510 (StateSyncRequestHandler.cs:17) 玩家ID:482736422909116417 移动到新位置: 1.1555512 , 0 , -3.6717017
2025-12-05 18:52:01.9435 (StateSyncRequestHandler.cs:17) 玩家ID:482736422909116417 移动方向: -0.8162321 , 0 , 0.5777242
2025-12-05 18:52:01.9435 (StateSyncRequestHandler.cs:17) 玩家ID:482736422909116417 移动到新位置: 0.9106816 , 0 , -3.4983845
2025-12-05 18:52:02.0507 (StateSyncRequestHandler.cs:17) 玩家ID:482736422909116417 移动方向: -0.8081196 , 0 , 0.5890185
2025-12-05 18:52:02.0507 (StateSyncRequestHandler.cs:17) 玩家ID:482736422909116417 移动到新位置: 0.66824573 , 0 , -3.3216789
2025-12-05 18:52:02.1569 (StateSyncRequestHandler.cs:17) 玩家ID:482736422909116417 移动方向: -0.8055771 , 0 , 0.5924909
2025-12-05 18:52:02.1569 (StateSyncRequestHandler.cs:17) 玩家ID:482736422909116417 移动到新位置: 0.42657262 , 0 , -3.1439316
2025-12-05 18:52:02.2503 (StateSyncRequestHandler.cs:17) 玩家ID:482736422909116417 移动方向: -0.8047303 , 0 , 0.59364045
2025-12-05 18:52:02.2503 (StateSyncRequestHandler.cs:17) 玩家ID:482736422909116417 移动到新位置: 0.18515353 , 0 , -2.9658394
2025-12-05 18:52:02.3427 (StateSyncRequestHandler.cs:17) 玩家ID:482736422909116417 移动方向: -0.8044814 , 0 , 0.5939779
2025-12-05 18:52:02.3427 (StateSyncRequestHandler.cs:17) 玩家ID:482736422909116417 移动到新位置: -0.05619088 , 0 , -2.787646
2025-12-05 18:52:02.4518 (StateSyncRequestHandler.cs:17) 玩家ID:482736422909116417 移动方向: -0.8044065 , 0 , 0.59407926
2025-12-05 18:52:02.4518 (StateSyncRequestHandler.cs:17) 玩家ID:482736422909116417 移动到新位置: -0.29751283 , 0 , -2.6094222
2025-12-05 18:52:02.5435 (StateSyncRequestHandler.cs:17) 玩家ID:482736422909116417 移动方向: -0.8043849 , 0 , 0.5941085
2025-12-05 18:52:02.5435 (StateSyncRequestHandler.cs:17) 玩家ID:482736422909116417 移动到新位置: -0.5388283 , 0 , -2.4311895
2025-12-05 18:52:02.6522 (StateSyncRequestHandler.cs:17) 玩家ID:482736422909116417 移动方向: -0.8043783 , 0 , 0.5941175
2025-12-05 18:52:02.6522 (StateSyncRequestHandler.cs:17) 玩家ID:482736422909116417 移动到新位置: -0.78014183 , 0 , -2.2529542
2025-12-05 18:52:02.7475 (StateSyncRequestHandler.cs:17) 玩家ID:482736422909116417 移动方向: -0.8043764 , 0 , 0.59411997
2025-12-05 18:52:02.7475 (StateSyncRequestHandler.cs:17) 玩家ID:482736422909116417 移动到新位置: -1.0214548 , 0 , -2.0747182
2025-12-05 18:52:02.8547 (StateSyncRequestHandler.cs:17) 玩家ID:482736422909116417 移动方向: -0.8043758 , 0 , 0.59412074
2025-12-05 18:52:02.8547 (StateSyncRequestHandler.cs:17) 玩家ID:482736422909116417 移动到新位置: -1.2627676 , 0 , -1.896482
2025-12-05 18:52:02.9491 (StateSyncRequestHandler.cs:17) 玩家ID:482736422909116417 移动方向: -0.8043758 , 0 , 0.59412074
2025-12-05 18:52:02.9491 (StateSyncRequestHandler.cs:17) 玩家ID:482736422909116417 移动到新位置: -1.5040803 , 0 , -1.7182457
2025-12-05 18:52:03.0580 (StateSyncRequestHandler.cs:17) 玩家ID:482736422909116417 移动方向: -0.8043758 , 0 , 0.59412074
2025-12-05 18:52:03.0580 (StateSyncRequestHandler.cs:17) 玩家ID:482736422909116417 移动到新位置: -1.745393 , 0 , -1.5400095
2025-12-05 18:52:03.1498 (StateSyncRequestHandler.cs:17) 玩家ID:482736422909116417 移动方向: -0.8043758 , 0 , 0.59412074
2025-12-05 18:52:03.1498 (StateSyncRequestHandler.cs:17) 玩家ID:482736422909116417 移动到新位置: -1.9867058 , 0 , -1.3617733
2025-12-05 18:52:03.2576 (StateSyncRequestHandler.cs:17) 玩家ID:482736422909116417 移动方向: -0.8043758 , 0 , 0.59412074
2025-12-05 18:52:03.2576 (StateSyncRequestHandler.cs:17) 玩家ID:482736422909116417 移动到新位置: -2.2280185 , 0 , -1.183537
2025-12-05 18:52:03.3507 (StateSyncRequestHandler.cs:17) 玩家ID:482736422909116417 移动方向: -0.8043758 , 0 , 0.59412074
2025-12-05 18:52:03.3507 (StateSyncRequestHandler.cs:17) 玩家ID:482736422909116417 移动到新位置: -2.4693313 , 0 , -1.0053008
2025-12-05 18:52:03.4445 (StateSyncRequestHandler.cs:17) 玩家ID:482736422909116417 移动方向: -0.9888864 , 0 , -0.14867288
2025-12-05 18:52:03.4445 (StateSyncRequestHandler.cs:17) 玩家ID:482736422909116417 移动到新位置: -2.7659972 , 0 , -1.0499027
2025-12-05 18:52:03.5531 (StateSyncRequestHandler.cs:17) 玩家ID:482736422909116417 移动方向: -0.9888864 , 0 , -0.14867288
2025-12-05 18:52:03.5531 (StateSyncRequestHandler.cs:17) 玩家ID:482736422909116417 移动到新位置: -3.062663 , 0 , -1.0945046
2025-12-05 18:52:03.6462 (StateSyncRequestHandler.cs:17) 玩家ID:482736422909116417 移动方向: -0.59427893 , 0 , -0.804259
2025-12-05 18:52:03.6462 (StateSyncRequestHandler.cs:17) 玩家ID:482736422909116417 移动到新位置: -3.2409468 , 0 , -1.3357823
2025-12-05 18:52:03.7379 (StateSyncRequestHandler.cs:17) 玩家ID:482736422909116417 移动方向: -0.59358233 , 0 , -0.80477315
2025-12-05 18:52:03.7379 (StateSyncRequestHandler.cs:17) 玩家ID:482736422909116417 移动到新位置: -3.4190214 , 0 , -1.5772142
2025-12-05 18:52:03.8466 (StateSyncRequestHandler.cs:17) 玩家ID:482736422909116417 移动方向: -0.59212047 , 0 , -0.8058494
2025-12-05 18:52:03.8466 (StateSyncRequestHandler.cs:17) 玩家ID:482736422909116417 移动到新位置: -3.5966575 , 0 , -1.818969
2025-12-05 18:52:03.9411 (StateSyncRequestHandler.cs:17) 玩家ID:482736422909116417 移动方向: -0.5913837 , 0 , -0.8063902
2025-12-05 18:52:03.9411 (StateSyncRequestHandler.cs:17) 玩家ID:482736422909116417 移动到新位置: -3.7740726 , 0 , -2.0608861
2025-12-05 18:52:04.0674 (StateSyncRequestHandler.cs:17) 玩家ID:482736422909116417 移动方向: 0.15238144 , 0 , -0.9883218
2025-12-05 18:52:04.0674 (StateSyncRequestHandler.cs:17) 玩家ID:482736422909116417 移动到新位置: -3.7283583 , 0 , -2.3573828
2025-12-05 18:52:04.1451 (StateSyncRequestHandler.cs:17) 玩家ID:482736422909116417 移动方向: 0.15147424 , 0 , -0.9884612
2025-12-05 18:52:04.1451 (StateSyncRequestHandler.cs:17) 玩家ID:482736422909116417 移动到新位置: -3.682916 , 0 , -2.6539211
2025-12-05 18:52:04.2525 (StateSyncRequestHandler.cs:17) 玩家ID:482736422909116417 移动方向: 0.80391794 , 0 , -0.5947403
2025-12-05 18:52:04.2525 (StateSyncRequestHandler.cs:17) 玩家ID:482736422909116417 移动到新位置: -3.4417405 , 0 , -2.832343
2025-12-05 18:52:04.3595 (StateSyncRequestHandler.cs:17) 玩家ID:482736422909116417 移动方向: 0.98928624 , 0 , 0.14598863
2025-12-05 18:52:04.3595 (StateSyncRequestHandler.cs:17) 玩家ID:482736422909116417 移动到新位置: -3.1449547 , 0 , -2.7885466
2025-12-05 18:52:04.4506 (StateSyncRequestHandler.cs:17) 玩家ID:482736422909116417 移动方向: 0.98940253 , 0 , 0.14519836
2025-12-05 18:52:04.4506 (StateSyncRequestHandler.cs:17) 玩家ID:482736422909116417 移动到新位置: -2.848134 , 0 , -2.744987
2025-12-05 18:52:04.5605 (StateSyncRequestHandler.cs:17) 玩家ID:482736422909116417 移动方向: 0.98944306 , 0 , 0.14492227
2025-12-05 18:52:04.5605 (StateSyncRequestHandler.cs:17) 玩家ID:482736422909116417 移动到新位置: -2.551301 , 0 , -2.7015104
2025-12-05 18:52:04.6531 (StateSyncRequestHandler.cs:17) 玩家ID:482736422909116417 移动方向: 0.9894566 , 0 , 0.14482953
2025-12-05 18:52:04.6531 (StateSyncRequestHandler.cs:17) 玩家ID:482736422909116417 移动到新位置: -2.2544641 , 0 , -2.6580615
2025-12-05 18:52:04.7619 (StateSyncRequestHandler.cs:17) 玩家ID:482736422909116417 移动方向: 0.9894609 , 0 , 0.14480048
2025-12-05 18:52:04.7619 (StateSyncRequestHandler.cs:17) 玩家ID:482736422909116417 移动到新位置: -1.9576259 , 0 , -2.6146214
2025-12-05 18:52:04.8556 (StateSyncRequestHandler.cs:17) 玩家ID:482736422909116417 移动方向: 0.9894621 , 0 , 0.14479196
2025-12-05 18:52:04.8556 (StateSyncRequestHandler.cs:17) 玩家ID:482736422909116417 移动到新位置: -1.6607872 , 0 , -2.571184
2025-12-05 18:52:04.9490 (StateSyncRequestHandler.cs:17) 玩家ID:482736422909116417 移动方向: 0.98946255 , 0 , 0.14478892
2025-12-05 18:52:04.9490 (StateSyncRequestHandler.cs:17) 玩家ID:482736422909116417 移动到新位置: -1.3639485 , 0 , -2.5277472
2025-12-05 18:52:05.0414 (StateSyncRequestHandler.cs:17) 玩家ID:482736422909116417 移动方向: 0.9894626 , 0 , 0.14478856
2025-12-05 18:52:05.0414 (StateSyncRequestHandler.cs:17) 玩家ID:482736422909116417 移动到新位置: -1.0671097 , 0 , -2.4843106
2025-12-05 18:52:05.1505 (StateSyncRequestHandler.cs:17) 玩家ID:482736422909116417 移动方向: 0.9894626 , 0 , 0.14478837
2025-12-05 18:52:05.1505 (StateSyncRequestHandler.cs:17) 玩家ID:482736422909116417 移动到新位置: -0.77027094 , 0 , -2.440874
2025-12-05 18:52:05.2427 (StateSyncRequestHandler.cs:17) 玩家ID:482736422909116417 移动方向: 0.9894626 , 0 , 0.14478849
2025-12-05 18:52:05.2427 (StateSyncRequestHandler.cs:17) 玩家ID:482736422909116417 移动到新位置: -0.47343215 , 0 , -2.3974376
2025-12-05 18:52:05.3512 (StateSyncRequestHandler.cs:17) 玩家ID:482736422909116417 移动方向: 0.9894626 , 0 , 0.14478852
2025-12-05 18:52:05.3512 (StateSyncRequestHandler.cs:17) 玩家ID:482736422909116417 移动到新位置: -0.17659336 , 0 , -2.354001
2025-12-05 18:52:05.4437 (StateSyncRequestHandler.cs:17) 玩家ID:482736422909116417 移动方向: 0.9894626 , 0 , 0.14478852
2025-12-05 18:52:05.4437 (StateSyncRequestHandler.cs:17) 玩家ID:482736422909116417 移动到新位置: 0.12024543 , 0 , -2.3105645
2025-12-05 18:52:05.5522 (StateSyncRequestHandler.cs:17) 玩家ID:482736422909116417 移动方向: 0.5972748 , 0 , 0.80203664
2025-12-05 18:52:05.5522 (StateSyncRequestHandler.cs:17) 玩家ID:482736422909116417 移动到新位置: 0.29942787 , 0 , -2.0699534
2025-12-05 18:52:05.6460 (StateSyncRequestHandler.cs:17) 玩家ID:482736422909116417 移动方向: -0.11544323 , 0 , 0.9933141
2025-12-05 18:52:05.6460 (StateSyncRequestHandler.cs:17) 玩家ID:482736422909116417 移动到新位置: 0.2647949 , 0 , -1.7719592
2025-12-05 18:52:05.7545 (StateSyncRequestHandler.cs:17) 玩家ID:482736422909116417 移动方向: 0.13426481 , 0 , 0.9909455
2025-12-05 18:52:05.7545 (StateSyncRequestHandler.cs:17) 玩家ID:482736422909116417 移动到新位置: 0.30507433 , 0 , -1.4746755
2025-12-05 18:52:05.8481 (StateSyncRequestHandler.cs:17) 玩家ID:482736422909116417 移动方向: 0.3325629 , 0 , 0.94308114
2025-12-05 18:52:05.8481 (StateSyncRequestHandler.cs:17) 玩家ID:482736422909116417 移动到新位置: 0.4048432 , 0 , -1.1917512
2025-12-05 18:52:05.9567 (StateSyncRequestHandler.cs:17) 玩家ID:482736422909116417 移动方向: 0.41458046 , 0 , 0.91001266
2025-12-05 18:52:05.9567 (StateSyncRequestHandler.cs:17) 玩家ID:482736422909116417 移动到新位置: 0.52921736 , 0 , -0.9187474
2025-12-05 18:52:06.0488 (StateSyncRequestHandler.cs:17) 玩家ID:482736422909116417 移动方向: 0.44479254 , 0 , 0.89563364
2025-12-05 18:52:06.0488 (StateSyncRequestHandler.cs:17) 玩家ID:482736422909116417 移动到新位置: 0.6626551 , 0 , -0.6500573
2025-12-05 18:52:06.1423 (StateSyncRequestHandler.cs:17) 玩家ID:482736422909116417 移动方向: 0.45576736 , 0 , 0.8900989
2025-12-05 18:52:06.1423 (StateSyncRequestHandler.cs:17) 玩家ID:482736422909116417 移动到新位置: 0.7993853 , 0 , -0.38302764
2025-12-05 18:52:06.2505 (StateSyncRequestHandler.cs:17) 玩家ID:482736422909116417 移动方向: 0.4594487 , 0 , 0.88820434
2025-12-05 18:52:06.2505 (StateSyncRequestHandler.cs:17) 玩家ID:482736422909116417 移动到新位置: 0.9372199 , 0 , -0.11656636
2025-12-05 18:52:06.3582 (StateSyncRequestHandler.cs:17) 玩家ID:482736422909116417 移动方向: 0.46051696 , 0 , 0.8876509
2025-12-05 18:52:06.3582 (StateSyncRequestHandler.cs:17) 玩家ID:482736422909116417 移动到新位置: 1.075375 , 0 , 0.14972892
2025-12-05 18:52:06.4501 (StateSyncRequestHandler.cs:17) 玩家ID:482736422909116417 移动方向: 0.46082973 , 0 , 0.8874886
2025-12-05 18:52:06.4501 (StateSyncRequestHandler.cs:17) 玩家ID:482736422909116417 移动到新位置: 1.2136239 , 0 , 0.41597548
2025-12-05 18:52:06.5435 (StateSyncRequestHandler.cs:17) 玩家ID:482736422909116417 移动方向: 0.460935 , 0 , 0.8874339
2025-12-05 18:52:06.5435 (StateSyncRequestHandler.cs:17) 玩家ID:482736422909116417 移动到新位置: 1.3519044 , 0 , 0.6822057
2025-12-05 18:52:06.6525 (StateSyncRequestHandler.cs:17) 玩家ID:482736422909116417 移动方向: 0.4609619 , 0 , 0.8874199
2025-12-05 18:52:06.6525 (StateSyncRequestHandler.cs:17) 玩家ID:482736422909116417 移动到新位置: 1.4901929 , 0 , 0.9484316
2025-12-05 18:52:06.7468 (StateSyncRequestHandler.cs:17) 玩家ID:482736422909116417 移动方向: 0.4609708 , 0 , 0.8874153
2025-12-05 18:52:06.7468 (StateSyncRequestHandler.cs:17) 玩家ID:482736422909116417 移动到新位置: 1.6284841 , 0 , 1.2146562
2025-12-05 18:52:06.8555 (StateSyncRequestHandler.cs:17) 玩家ID:482736422909116417 移动方向: 0.4609729 , 0 , 0.8874142
2025-12-05 18:52:06.8555 (StateSyncRequestHandler.cs:17) 玩家ID:482736422909116417 移动到新位置: 1.766776 , 0 , 1.4808805
2025-12-05 18:52:06.9488 (StateSyncRequestHandler.cs:17) 玩家ID:482736422909116417 移动方向: 0.4609736 , 0 , 0.88741386
2025-12-05 18:52:06.9488 (StateSyncRequestHandler.cs:17) 玩家ID:482736422909116417 移动到新位置: 1.905068 , 0 , 1.7471046
2025-12-05 18:52:07.0408 (StateSyncRequestHandler.cs:17) 玩家ID:482736422909116417 移动方向: -0.88741386 , 0 , 0.46097356
2025-12-05 18:52:07.0408 (StateSyncRequestHandler.cs:17) 玩家ID:482736422909116417 移动到新位置: 1.6388439 , 0 , 1.8853967
2025-12-05 18:52:07.1499 (StateSyncRequestHandler.cs:17) 玩家ID:482736422909116417 移动方向: -0.88741386 , 0 , 0.46097356
2025-12-05 18:52:07.1499 (StateSyncRequestHandler.cs:17) 玩家ID:482736422909116417 移动到新位置: 1.3726197 , 0 , 2.0236888
2025-12-05 18:52:07.2425 (StateSyncRequestHandler.cs:17) 玩家ID:482736422909116417 移动方向: -0.88741386 , 0 , 0.46097356
2025-12-05 18:52:07.2425 (StateSyncRequestHandler.cs:17) 玩家ID:482736422909116417 移动到新位置: 1.1063956 , 0 , 2.1619809
2025-12-05 18:52:07.3518 (StateSyncRequestHandler.cs:17) 玩家ID:482736422909116417 移动方向: -0.9534539 , 0 , -0.30153883
2025-12-05 18:52:07.3518 (StateSyncRequestHandler.cs:17) 玩家ID:482736422909116417 移动到新位置: 0.82035947 , 0 , 2.0715191
2025-12-05 18:52:07.4591 (StateSyncRequestHandler.cs:17) 玩家ID:482736422909116417 移动方向: -0.9534539 , 0 , -0.30153883
2025-12-05 18:52:07.4591 (StateSyncRequestHandler.cs:17) 玩家ID:482736422909116417 移动到新位置: 0.53432333 , 0 , 1.9810575
2025-12-05 18:52:07.5514 (StateSyncRequestHandler.cs:17) 玩家ID:482736422909116417 移动方向: -0.9534539 , 0 , -0.30153883
2025-12-05 18:52:07.5514 (StateSyncRequestHandler.cs:17) 玩家ID:482736422909116417 移动到新位置: 0.24828717 , 0 , 1.8905959
2025-12-05 18:52:07.6437 (StateSyncRequestHandler.cs:17) 玩家ID:482736422909116417 移动方向: -0.9534539 , 0 , -0.30153883
2025-12-05 18:52:07.6437 (StateSyncRequestHandler.cs:17) 玩家ID:482736422909116417 移动到新位置: -0.037748992 , 0 , 1.8001343
2025-12-05 18:52:07.7513 (StateSyncRequestHandler.cs:17) 玩家ID:482736422909116417 移动方向: -0.9534539 , 0 , -0.30153883
2025-12-05 18:52:07.7513 (StateSyncRequestHandler.cs:17) 玩家ID:482736422909116417 移动到新位置: -0.32378516 , 0 , 1.7096727
2025-12-05 18:52:07.8450 (StateSyncRequestHandler.cs:17) 玩家ID:482736422909116417 移动方向: -0.9534539 , 0 , -0.30153883
2025-12-05 18:52:07.8450 (StateSyncRequestHandler.cs:17) 玩家ID:482736422909116417 移动到新位置: -0.6098213 , 0 , 1.6192111
2025-12-05 18:52:07.9535 (StateSyncRequestHandler.cs:17) 玩家ID:482736422909116417 移动方向: -0.30153883 , 0 , 0.9534539
2025-12-05 18:52:07.9535 (StateSyncRequestHandler.cs:17) 玩家ID:482736422909116417 移动到新位置: -0.700283 , 0 , 1.9052472
2025-12-05 18:52:08.0455 (StateSyncRequestHandler.cs:17) 玩家ID:482736422909116417 移动到新位置: -0.700283 , 0 , 1.9052472
2025-12-05 18:52:10.0483 (StateSyncRequestHandler.cs:17) 玩家ID:482736422909116417 移动方向: 0.88741386 , 0 , -0.46097356
2025-12-05 18:52:10.0483 (StateSyncRequestHandler.cs:17) 玩家ID:482736422909116417 移动到新位置: -0.5228002 , 0 , 1.8130525
2025-12-05 18:52:10.1414 (StateSyncRequestHandler.cs:17) 玩家ID:482736422909116417 移动方向: 0.30153883 , 0 , -0.9534539
2025-12-05 18:52:10.1414 (StateSyncRequestHandler.cs:17) 玩家ID:482736422909116417 移动到新位置: -0.46249244 , 0 , 1.6223618
2025-12-05 18:52:10.2479 (StateSyncRequestHandler.cs:17) 玩家ID:482736422909116417 移动方向: -0.4609736 , 0 , -0.88741386
2025-12-05 18:52:10.2479 (StateSyncRequestHandler.cs:17) 玩家ID:482736422909116417 移动到新位置: -0.55468714 , 0 , 1.444879
2025-12-05 18:52:10.3560 (StateSyncRequestHandler.cs:17) 玩家ID:482736422909116417 移动方向: 0.4609736 , 0 , 0.88741386
2025-12-05 18:52:10.3560 (StateSyncRequestHandler.cs:17) 玩家ID:482736422909116417 移动到新位置: -0.46249244 , 0 , 1.6223619
2025-12-05 18:52:10.4515 (StateSyncRequestHandler.cs:17) 玩家ID:482736422909116417 移动方向: -0.4609736 , 0 , -0.88741386
2025-12-05 18:52:10.4515 (StateSyncRequestHandler.cs:17) 玩家ID:482736422909116417 移动到新位置: -0.55468714 , 0 , 1.444879
2025-12-05 18:52:10.5443 (StateSyncRequestHandler.cs:17) 玩家ID:482736422909116417 移动方向: 0.4609736 , 0 , 0.88741386
2025-12-05 18:52:10.5443 (StateSyncRequestHandler.cs:17) 玩家ID:482736422909116417 移动到新位置: -0.46249244 , 0 , 1.6223619
2025-12-05 18:52:10.6516 (StateSyncRequestHandler.cs:17) 玩家ID:482736422909116417 移动方向: 0.88741386 , 0 , -0.46097356
2025-12-05 18:52:10.6516 (StateSyncRequestHandler.cs:17) 玩家ID:482736422909116417 移动到新位置: -0.28500965 , 0 , 1.5301672
2025-12-05 18:52:10.7595 (StateSyncRequestHandler.cs:17) 玩家ID:482736422909116417 移动到新位置: -0.28500965 , 0 , 1.5301672
2025-12-05 18:52:10.8528 (StateSyncRequestHandler.cs:17) 玩家ID:482736422909116417 移动方向: 0.4609736 , 0 , 0.88741386
2025-12-05 18:52:10.8528 (StateSyncRequestHandler.cs:17) 玩家ID:482736422909116417 移动到新位置: -0.19281495 , 0 , 1.70765
2025-12-05 18:52:10.9612 (StateSyncRequestHandler.cs:17) 玩家ID:482736422909116417 移动到新位置: -0.19281495 , 0 , 1.70765
2025-12-05 18:52:11.0385 (StateSyncRequestHandler.cs:17) 玩家ID:482736422909116417 移动方向: -0.9534539 , 0 , -0.30153883
2025-12-05 18:52:11.0385 (StateSyncRequestHandler.cs:17) 玩家ID:482736422909116417 移动到新位置: -0.3835057 , 0 , 1.6473422
2025-12-05 18:52:11.1618 (StateSyncRequestHandler.cs:17) 玩家ID:482736422909116417 移动到新位置: -0.3835057 , 0 , 1.6473422
2025-12-05 18:52:11.2543 (StateSyncRequestHandler.cs:17) 玩家ID:482736422909116417 移动方向: 0.88741386 , 0 , -0.46097356
2025-12-05 18:52:11.2543 (StateSyncRequestHandler.cs:17) 玩家ID:482736422909116417 移动到新位置: -0.20602292 , 0 , 1.5551475
2025-12-05 18:52:11.3448 (StateSyncRequestHandler.cs:17) 玩家ID:482736422909116417 移动方向: -0.4609736 , 0 , -0.88741386
2025-12-05 18:52:11.3448 (StateSyncRequestHandler.cs:17) 玩家ID:482736422909116417 移动到新位置: -0.29821762 , 0 , 1.3776648
2025-12-05 18:52:11.4541 (StateSyncRequestHandler.cs:17) 玩家ID:482736422909116417 移动到新位置: -0.29821762 , 0 , 1.3776648
2025-12-05 18:52:11.5629 (StateSyncRequestHandler.cs:17) 玩家ID:482736422909116417 移动方向: 0.4609736 , 0 , 0.88741386
2025-12-05 18:52:11.5629 (StateSyncRequestHandler.cs:17) 玩家ID:482736422909116417 移动到新位置: -0.20602292 , 0 , 1.5551476
2025-12-05 18:52:11.6554 (StateSyncRequestHandler.cs:17) 玩家ID:482736422909116417 移动方向: 0.88741386 , 0 , -0.46097356
2025-12-05 18:52:11.6554 (StateSyncRequestHandler.cs:17) 玩家ID:482736422909116417 移动到新位置: -0.028540134 , 0 , 1.462953
2025-12-05 18:52:11.7484 (StateSyncRequestHandler.cs:17) 玩家ID:482736422909116417 移动方向: -0.4609736 , 0 , -0.88741386
2025-12-05 18:52:11.7484 (StateSyncRequestHandler.cs:17) 玩家ID:482736422909116417 移动到新位置: -0.12073485 , 0 , 1.2854702
2025-12-05 18:52:11.8418 (StateSyncRequestHandler.cs:17) 玩家ID:482736422909116417 移动到新位置: -0.12073485 , 0 , 1.2854702
2025-12-05 18:52:11.9514 (StateSyncRequestHandler.cs:17) 玩家ID:482736422909116417 移动方向: -0.88741386 , 0 , 0.46097356
2025-12-05 18:52:11.9514 (StateSyncRequestHandler.cs:17) 玩家ID:482736422909116417 移动到新位置: -0.29821762 , 0 , 1.3776649
2025-12-05 18:52:12.0592 (StateSyncRequestHandler.cs:17) 玩家ID:482736422909116417 移动到新位置: -0.29821762 , 0 , 1.3776649
2025-12-05 18:52:12.1526 (StateSyncRequestHandler.cs:17) 玩家ID:482736422909116417 移动方向: 0.9534539 , 0 , 0.30153883
2025-12-05 18:52:12.1526 (StateSyncRequestHandler.cs:17) 玩家ID:482736422909116417 移动到新位置: -0.10752685 , 0 , 1.4379727
2025-12-05 18:52:12.2464 (StateSyncRequestHandler.cs:17) 玩家ID:482736422909116417 移动方向: -0.4609736 , 0 , -0.88741386
2025-12-05 18:52:12.2464 (StateSyncRequestHandler.cs:17) 玩家ID:482736422909116417 移动到新位置: -0.19972157 , 0 , 1.26049
2025-12-05 18:52:12.3582 (StateSyncRequestHandler.cs:17) 玩家ID:482736422909116417 移动方向: -0.4609736 , 0 , -0.88741386
2025-12-05 18:52:12.3582 (StateSyncRequestHandler.cs:17) 玩家ID:482736422909116417 移动到新位置: -0.29191628 , 0 , 1.0830071
2025-12-05 18:52:12.4496 (StateSyncRequestHandler.cs:17) 玩家ID:482736422909116417 移动方向: 0.4609736 , 0 , 0.88741386
2025-12-05 18:52:12.4496 (StateSyncRequestHandler.cs:17) 玩家ID:482736422909116417 移动到新位置: -0.1536242 , 0 , 1.3492312
2025-12-05 18:52:12.5596 (StateSyncRequestHandler.cs:17) 玩家ID:482736422909116417 移动方向: -0.4609736 , 0 , -0.88741386
2025-12-05 18:52:12.5596 (StateSyncRequestHandler.cs:17) 玩家ID:482736422909116417 移动到新位置: -0.24581891 , 0 , 1.1717484
2025-12-05 18:52:12.6520 (StateSyncRequestHandler.cs:17) 玩家ID:482736422909116417 移动到新位置: -0.24581891 , 0 , 1.1717484
2025-12-05 18:52:12.7461 (StateSyncRequestHandler.cs:17) 玩家ID:482736422909116417 移动方向: 0.4609736 , 0 , 0.88741386
2025-12-05 18:52:12.7461 (StateSyncRequestHandler.cs:17) 玩家ID:482736422909116417 移动到新位置: -0.10752684 , 0 , 1.4379725
2025-12-05 18:52:12.8534 (StateSyncRequestHandler.cs:17) 玩家ID:482736422909116417 移动方向: -0.9534539 , 0 , -0.30153883
2025-12-05 18:52:12.8534 (StateSyncRequestHandler.cs:17) 玩家ID:482736422909116417 移动到新位置: -0.2982176 , 0 , 1.3776648
2025-12-05 18:52:12.9472 (StateSyncRequestHandler.cs:17) 玩家ID:482736422909116417 移动方向: 0.88741386 , 0 , -0.46097356
2025-12-05 18:52:12.9472 (StateSyncRequestHandler.cs:17) 玩家ID:482736422909116417 移动到新位置: -0.12073481 , 0 , 1.2854701
2025-12-05 18:52:13.0549 (StateSyncRequestHandler.cs:17) 玩家ID:482736422909116417 移动到新位置: -0.12073481 , 0 , 1.2854701
2025-12-05 18:52:13.1482 (StateSyncRequestHandler.cs:17) 玩家ID:482736422909116417 移动方向: -0.88741386 , 0 , 0.46097356
2025-12-05 18:52:13.1482 (StateSyncRequestHandler.cs:17) 玩家ID:482736422909116417 移动到新位置: -0.2982176 , 0 , 1.3776648
2025-12-05 18:52:13.2564 (StateSyncRequestHandler.cs:17) 玩家ID:482736422909116417 移动到新位置: -0.2982176 , 0 , 1.3776648
2025-12-05 18:52:13.4423 (StateSyncRequestHandler.cs:17) 玩家ID:482736422909116417 移动方向: -0.88741386 , 0 , 0.46097356
2025-12-05 18:52:13.4429 (StateSyncRequestHandler.cs:17) 玩家ID:482736422909116417 移动到新位置: -0.47570038 , 0 , 1.4698595
2025-12-05 18:52:13.5510 (StateSyncRequestHandler.cs:17) 玩家ID:482736422909116417 移动方向: -0.4609736 , 0 , -0.88741386
2025-12-05 18:52:13.5510 (StateSyncRequestHandler.cs:17) 玩家ID:482736422909116417 移动到新位置: -0.5678951 , 0 , 1.2923768
2025-12-05 18:52:13.6614 (StateSyncRequestHandler.cs:17) 玩家ID:482736422909116417 移动方向: 0.4609736 , 0 , 0.88741386
2025-12-05 18:52:13.6614 (StateSyncRequestHandler.cs:17) 玩家ID:482736422909116417 移动到新位置: -0.42960304 , 0 , 1.5586009
2025-12-05 18:52:13.7538 (StateSyncRequestHandler.cs:17) 玩家ID:482736422909116417 移动方向: 0.88741386 , 0 , -0.46097356
2025-12-05 18:52:13.7538 (StateSyncRequestHandler.cs:17) 玩家ID:482736422909116417 移动到新位置: -0.25212026 , 0 , 1.4664062
2025-12-05 18:52:13.8471 (StateSyncRequestHandler.cs:17) 玩家ID:482736422909116417 移动到新位置: -0.25212026 , 0 , 1.4664062
2025-12-05 18:52:13.9405 (StateSyncRequestHandler.cs:17) 玩家ID:482736422909116417 移动方向: -0.88741386 , 0 , 0.46097356
2025-12-05 18:52:13.9405 (StateSyncRequestHandler.cs:17) 玩家ID:482736422909116417 移动到新位置: -0.42960304 , 0 , 1.5586009
2025-12-05 18:52:14.0491 (StateSyncRequestHandler.cs:17) 玩家ID:482736422909116417 移动方向: -0.88741386 , 0 , 0.46097356
2025-12-05 18:52:14.0491 (StateSyncRequestHandler.cs:17) 玩家ID:482736422909116417 移动到新位置: -0.6070858 , 0 , 1.6507956
2025-12-05 18:52:14.1434 (StateSyncRequestHandler.cs:17) 玩家ID:482736422909116417 移动方向: -0.4609736 , 0 , -0.88741386
2025-12-05 18:52:14.1434 (StateSyncRequestHandler.cs:17) 玩家ID:482736422909116417 移动到新位置: -0.7453779 , 0 , 1.3845714
2025-12-05 18:52:14.2502 (StateSyncRequestHandler.cs:17) 玩家ID:482736422909116417 移动方向: 0.88741386 , 0 , -0.46097356
2025-12-05 18:52:14.2502 (StateSyncRequestHandler.cs:17) 玩家ID:482736422909116417 移动到新位置: -0.5678951 , 0 , 1.2923768
2025-12-05 18:52:14.3583 (StateSyncRequestHandler.cs:17) 玩家ID:482736422909116417 移动方向: 0.4609736 , 0 , 0.88741386
2025-12-05 18:52:14.3583 (StateSyncRequestHandler.cs:17) 玩家ID:482736422909116417 移动到新位置: -0.4757004 , 0 , 1.4698596
2025-12-05 18:52:14.4510 (StateSyncRequestHandler.cs:17) 玩家ID:482736422909116417 移动到新位置: -0.4757004 , 0 , 1.4698596
2025-12-05 18:52:14.5417 (StateSyncRequestHandler.cs:17) 玩家ID:482736422909116417 移动方向: -0.4609736 , 0 , -0.88741386
2025-12-05 18:52:14.5417 (StateSyncRequestHandler.cs:17) 玩家ID:482736422909116417 移动到新位置: -0.5678951 , 0 , 1.2923768
2025-12-05 18:52:14.6484 (StateSyncRequestHandler.cs:17) 玩家ID:482736422909116417 移动方向: 0.4609736 , 0 , 0.88741386
2025-12-05 18:52:14.6484 (StateSyncRequestHandler.cs:17) 玩家ID:482736422909116417 移动到新位置: -0.4757004 , 0 , 1.4698596
2025-12-05 18:52:14.7575 (StateSyncRequestHandler.cs:17) 玩家ID:482736422909116417 移动到新位置: -0.4757004 , 0 , 1.4698596
2025-12-05 18:52:14.8506 (StateSyncRequestHandler.cs:17) 玩家ID:482736422909116417 移动方向: -0.9534539 , 0 , -0.30153883
2025-12-05 18:52:14.8506 (StateSyncRequestHandler.cs:17) 玩家ID:482736422909116417 移动到新位置: -0.6663912 , 0 , 1.4095519
2025-12-05 18:52:14.9440 (StateSyncRequestHandler.cs:17) 玩家ID:482736422909116417 移动方向: -0.30153883 , 0 , 0.9534539
2025-12-05 18:52:14.9440 (StateSyncRequestHandler.cs:17) 玩家ID:482736422909116417 移动到新位置: -0.72669894 , 0 , 1.6002426
2025-12-05 18:52:15.0531 (StateSyncRequestHandler.cs:17) 玩家ID:482736422909116417 移动方向: 0.88741386 , 0 , -0.46097356
2025-12-05 18:52:15.0531 (StateSyncRequestHandler.cs:17) 玩家ID:482736422909116417 移动到新位置: -0.54921615 , 0 , 1.5080479
2025-12-05 18:52:15.1472 (StateSyncRequestHandler.cs:17) 玩家ID:482736422909116417 移动方向: -0.4609736 , 0 , -0.88741386
2025-12-05 18:52:15.1472 (StateSyncRequestHandler.cs:17) 玩家ID:482736422909116417 移动到新位置: -0.6414109 , 0 , 1.3305652
2025-12-05 18:52:15.2540 (StateSyncRequestHandler.cs:17) 玩家ID:482736422909116417 移动方向: -0.4609736 , 0 , -0.88741386
2025-12-05 18:52:15.2540 (StateSyncRequestHandler.cs:17) 玩家ID:482736422909116417 移动到新位置: -0.7336056 , 0 , 1.1530824
2025-12-05 18:52:15.3456 (StateSyncRequestHandler.cs:17) 玩家ID:482736422909116417 移动方向: -0.88741386 , 0 , 0.46097356
2025-12-05 18:52:15.3456 (StateSyncRequestHandler.cs:17) 玩家ID:482736422909116417 移动到新位置: -0.9110884 , 0 , 1.245277
2025-12-05 18:52:15.4535 (StateSyncRequestHandler.cs:17) 玩家ID:482736422909116417 移动方向: 0.4609736 , 0 , 0.88741386
2025-12-05 18:52:15.4535 (StateSyncRequestHandler.cs:17) 玩家ID:482736422909116417 移动到新位置: -0.8188937 , 0 , 1.4227598
2025-12-05 18:52:15.5616 (StateSyncRequestHandler.cs:17) 玩家ID:482736422909116417 移动方向: 0.30153883 , 0 , -0.9534539
2025-12-05 18:52:15.5616 (StateSyncRequestHandler.cs:17) 玩家ID:482736422909116417 移动到新位置: -0.75858593 , 0 , 1.232069
2025-12-05 18:52:15.6548 (StateSyncRequestHandler.cs:17) 玩家ID:482736422909116417 移动方向: 0.4609736 , 0 , 0.88741386
2025-12-05 18:52:15.6548 (StateSyncRequestHandler.cs:17) 玩家ID:482736422909116417 移动到新位置: -0.6663912 , 0 , 1.4095519
2025-12-05 18:52:15.7466 (StateSyncRequestHandler.cs:17) 玩家ID:482736422909116417 移动方向: 0.4609736 , 0 , 0.88741386
2025-12-05 18:52:15.7466 (StateSyncRequestHandler.cs:17) 玩家ID:482736422909116417 移动到新位置: -0.57419646 , 0 , 1.5870347
2025-12-05 18:52:15.8414 (StateSyncRequestHandler.cs:17) 玩家ID:482736422909116417 移动方向: 0.88741386 , 0 , -0.46097356
2025-12-05 18:52:15.8414 (StateSyncRequestHandler.cs:17) 玩家ID:482736422909116417 移动到新位置: -0.30797228 , 0 , 1.4487426
2025-12-05 18:52:15.9502 (StateSyncRequestHandler.cs:17) 玩家ID:482736422909116417 移动方向: 0.88741386 , 0 , -0.46097356
2025-12-05 18:52:15.9502 (StateSyncRequestHandler.cs:17) 玩家ID:482736422909116417 移动到新位置: -0.041748106 , 0 , 1.3104506
2025-12-05 18:52:16.0575 (StateSyncRequestHandler.cs:17) 玩家ID:482736422909116417 移动方向: 0.88741386 , 0 , -0.46097356
2025-12-05 18:52:16.0575 (StateSyncRequestHandler.cs:17) 玩家ID:482736422909116417 移动到新位置: 0.22447607 , 0 , 1.1721585
2025-12-05 18:52:16.1501 (StateSyncRequestHandler.cs:17) 玩家ID:482736422909116417 移动方向: 0.9534539 , 0 , 0.30153883
2025-12-05 18:52:16.1501 (StateSyncRequestHandler.cs:17) 玩家ID:482736422909116417 移动到新位置: 0.51051223 , 0 , 1.2626201
2025-12-05 18:52:16.2413 (StateSyncRequestHandler.cs:17) 玩家ID:482736422909116417 移动方向: 0.9534539 , 0 , 0.30153883
2025-12-05 18:52:16.2413 (StateSyncRequestHandler.cs:17) 玩家ID:482736422909116417 移动到新位置: 0.79654837 , 0 , 1.3530817
2025-12-05 18:52:16.3490 (StateSyncRequestHandler.cs:17) 玩家ID:482736422909116417 移动方向: 0.4609736 , 0 , 0.88741386
2025-12-05 18:52:16.3493 (StateSyncRequestHandler.cs:17) 玩家ID:482736422909116417 移动到新位置: 0.93484044 , 0 , 1.6193058
2025-12-05 18:52:16.4591 (StateSyncRequestHandler.cs:17) 玩家ID:482736422909116417 移动方向: 0.4609736 , 0 , 0.88741386
2025-12-05 18:52:16.4591 (StateSyncRequestHandler.cs:17) 玩家ID:482736422909116417 移动到新位置: 1.0731325 , 0 , 1.88553
2025-12-05 18:52:16.5522 (StateSyncRequestHandler.cs:17) 玩家ID:482736422909116417 移动到新位置: 1.0731325 , 0 , 1.88553
2025-12-05 18:52:18.3540 (StateSyncRequestHandler.cs:17) 玩家ID:482736422909116417 移动方向: -0.31385773 , 0 , 0.94947004
2025-12-05 18:52:18.3540 (StateSyncRequestHandler.cs:17) 玩家ID:482736422909116417 移动到新位置: 1.010361 , 0 , 2.075424
2025-12-05 18:52:18.4465 (StateSyncRequestHandler.cs:17) 玩家ID:482736422909116417 移动方向: -0.15003172 , 0 , 0.9886812
2025-12-05 18:52:18.4465 (StateSyncRequestHandler.cs:17) 玩家ID:482736422909116417 移动到新位置: 0.96535146 , 0 , 2.3720284
2025-12-05 18:52:18.5412 (StateSyncRequestHandler.cs:17) 玩家ID:482736422909116417 移动方向: -0.036254 , 0 , 0.99934256
2025-12-05 18:52:18.5412 (StateSyncRequestHandler.cs:17) 玩家ID:482736422909116417 移动到新位置: 0.9544753 , 0 , 2.6718311
2025-12-05 18:52:18.6497 (StateSyncRequestHandler.cs:17) 玩家ID:482736422909116417 移动方向: 0.017256444 , 0 , 0.9998511
2025-12-05 18:52:18.6497 (StateSyncRequestHandler.cs:17) 玩家ID:482736422909116417 移动到新位置: 0.95965225 , 0 , 2.9717865
2025-12-05 18:52:18.7421 (StateSyncRequestHandler.cs:17) 玩家ID:482736422909116417 移动方向: 0.7386786 , 0 , 0.67405784
2025-12-05 18:52:18.7421 (StateSyncRequestHandler.cs:17) 玩家ID:482736422909116417 移动到新位置: 1.1812558 , 0 , 3.1740038
2025-12-05 18:52:18.8510 (StateSyncRequestHandler.cs:17) 玩家ID:482736422909116417 移动方向: 0.74746484 , 0 , 0.66430134
2025-12-05 18:52:18.8510 (StateSyncRequestHandler.cs:17) 玩家ID:482736422909116417 移动到新位置: 1.4054953 , 0 , 3.3732944
2025-12-05 18:52:18.9444 (StateSyncRequestHandler.cs:17) 玩家ID:482736422909116417 移动方向: 0.7539833 , 0 , 0.6568936
2025-12-05 18:52:18.9444 (StateSyncRequestHandler.cs:17) 玩家ID:482736422909116417 移动到新位置: 1.6316903 , 0 , 3.5703623
2025-12-05 18:52:19.0549 (StateSyncRequestHandler.cs:17) 玩家ID:482736422909116417 移动方向: 0.7613242 , 0 , 0.6483713
2025-12-05 18:52:19.0549 (StateSyncRequestHandler.cs:17) 玩家ID:482736422909116417 移动到新位置: 1.8600875 , 0 , 3.7648737
2025-12-05 18:52:19.1474 (StateSyncRequestHandler.cs:17) 玩家ID:482736422909116417 移动方向: 0.999702 , 0 , -0.024411248
2025-12-05 18:52:19.1474 (StateSyncRequestHandler.cs:17) 玩家ID:482736422909116417 移动到新位置: 2.1599982 , 0 , 3.7575505
2025-12-05 18:52:19.2417 (StateSyncRequestHandler.cs:17) 玩家ID:482736422909116417 移动方向: 0.92397547 , 0 , 0.38245174
2025-12-05 18:52:19.2417 (StateSyncRequestHandler.cs:17) 玩家ID:482736422909116417 移动到新位置: 2.4371908 , 0 , 3.872286
2025-12-05 18:52:19.3487 (StateSyncRequestHandler.cs:17) 玩家ID:482736422909116417 移动方向: 0.6409013 , 0 , 0.7676233
2025-12-05 18:52:19.3487 (StateSyncRequestHandler.cs:17) 玩家ID:482736422909116417 移动到新位置: 2.6294613 , 0 , 4.102573
2025-12-05 18:52:19.4435 (StateSyncRequestHandler.cs:17) 玩家ID:482736422909116417 移动方向: 0.45595622 , 0 , 0.8900022
2025-12-05 18:52:19.4435 (StateSyncRequestHandler.cs:17) 玩家ID:482736422909116417 移动到新位置: 2.7662482 , 0 , 4.3695736
2025-12-05 18:52:19.5517 (StateSyncRequestHandler.cs:17) 玩家ID:482736422909116417 移动方向: 0.37349862 , 0 , 0.9276307
2025-12-05 18:52:19.5517 (StateSyncRequestHandler.cs:17) 玩家ID:482736422909116417 移动到新位置: 2.8782978 , 0 , 4.647863
2025-12-05 18:52:19.6447 (StateSyncRequestHandler.cs:17) 玩家ID:482736422909116417 移动方向: 0.85738564 , 0 , 0.5146745
2025-12-05 18:52:19.6447 (StateSyncRequestHandler.cs:17) 玩家ID:482736422909116417 移动到新位置: 3.1355135 , 0 , 4.802265
2025-12-05 18:52:19.7377 (StateSyncRequestHandler.cs:17) 玩家ID:482736422909116417 移动方向: 0.696387 , 0 , 0.7176664
2025-12-05 18:52:19.7377 (StateSyncRequestHandler.cs:17) 玩家ID:482736422909116417 移动到新位置: 3.3444297 , 0 , 5.0175653
2025-12-05 18:52:19.8467 (StateSyncRequestHandler.cs:17) 玩家ID:482736422909116417 移动方向: 0.5522585 , 0 , 0.8336729
2025-12-05 18:52:19.8467 (StateSyncRequestHandler.cs:17) 玩家ID:482736422909116417 移动到新位置: 3.5101073 , 0 , 5.2676673
2025-12-05 18:52:19.9536 (StateSyncRequestHandler.cs:17) 玩家ID:482736422909116417 移动方向: 0.48685429 , 0 , 0.8734832
2025-12-05 18:52:19.9536 (StateSyncRequestHandler.cs:17) 玩家ID:482736422909116417 移动到新位置: 3.6561635 , 0 , 5.529712
2025-12-05 18:52:20.0465 (StateSyncRequestHandler.cs:17) 玩家ID:482736422909116417 移动方向: -0.27475148 , 0 , 0.9615153
2025-12-05 18:52:20.0465 (StateSyncRequestHandler.cs:17) 玩家ID:482736422909116417 移动到新位置: 3.573738 , 0 , 5.8181667
2025-12-05 18:52:20.1548 (StateSyncRequestHandler.cs:17) 玩家ID:482736422909116417 移动方向: -0.656417 , 0 , 0.75439817
2025-12-05 18:52:20.1548 (StateSyncRequestHandler.cs:17) 玩家ID:482736422909116417 移动到新位置: 3.376813 , 0 , 6.044486
2025-12-05 18:52:20.2479 (StateSyncRequestHandler.cs:17) 玩家ID:482736422909116417 移动方向: -0.19073808 , 0 , 0.98164093
2025-12-05 18:52:20.2479 (StateSyncRequestHandler.cs:17) 玩家ID:482736422909116417 移动到新位置: 3.3195915 , 0 , 6.3389783
2025-12-05 18:52:20.3555 (StateSyncRequestHandler.cs:17) 玩家ID:482736422909116417 移动方向: 0.13635722 , 0 , 0.9906598
2025-12-05 18:52:20.3555 (StateSyncRequestHandler.cs:17) 玩家ID:482736422909116417 移动到新位置: 3.3604987 , 0 , 6.636176
2025-12-05 18:52:20.4477 (StateSyncRequestHandler.cs:17) 玩家ID:482736422909116417 移动方向: 0.27322814 , 0 , 0.9619492
2025-12-05 18:52:20.4477 (StateSyncRequestHandler.cs:17) 玩家ID:482736422909116417 移动到新位置: 3.4424672 , 0 , 6.924761
2025-12-05 18:52:20.5400 (StateSyncRequestHandler.cs:17) 玩家ID:482736422909116417 移动方向: 0.8962325 , 0 , 0.4435846
2025-12-05 18:52:20.5400 (StateSyncRequestHandler.cs:17) 玩家ID:482736422909116417 移动到新位置: 3.711337 , 0 , 7.057836
2025-12-05 18:52:20.6486 (StateSyncRequestHandler.cs:17) 玩家ID:482736422909116417 移动方向: 0.90332186 , 0 , 0.42896342
2025-12-05 18:52:20.6486 (StateSyncRequestHandler.cs:17) 玩家ID:482736422909116417 移动到新位置: 3.9823337 , 0 , 7.186525
2025-12-05 18:52:20.7418 (StateSyncRequestHandler.cs:17) 玩家ID:482736422909116417 移动方向: 0.9055063 , 0 , 0.42433286
2025-12-05 18:52:20.7418 (StateSyncRequestHandler.cs:17) 玩家ID:482736422909116417 移动到新位置: 4.2539854 , 0 , 7.3138247
2025-12-05 18:52:20.8497 (StateSyncRequestHandler.cs:17) 玩家ID:482736422909116417 移动方向: 0.90620905 , 0 , 0.42282984
2025-12-05 18:52:20.8497 (StateSyncRequestHandler.cs:17) 玩家ID:482736422909116417 移动到新位置: 4.525848 , 0 , 7.440674
2025-12-05 18:52:20.9440 (StateSyncRequestHandler.cs:17) 玩家ID:482736422909116417 移动方向: 0.9064067 , 0 , 0.4224061
2025-12-05 18:52:20.9440 (StateSyncRequestHandler.cs:17) 玩家ID:482736422909116417 移动到新位置: 4.79777 , 0 , 7.5673957
2025-12-05 18:52:21.0377 (StateSyncRequestHandler.cs:17) 玩家ID:482736422909116417 移动方向: 0.9064675 , 0 , 0.4222756
2025-12-05 18:52:21.0377 (StateSyncRequestHandler.cs:17) 玩家ID:482736422909116417 移动到新位置: 5.0697103 , 0 , 7.6940784
2025-12-05 18:52:21.1467 (StateSyncRequestHandler.cs:17) 玩家ID:482736422909116417 移动方向: 0.9073758 , 0 , 0.42032027
2025-12-05 18:52:21.1467 (StateSyncRequestHandler.cs:17) 玩家ID:482736422909116417 移动到新位置: 5.3419228 , 0 , 7.8201747
2025-12-05 18:52:21.2559 (StateSyncRequestHandler.cs:17) 玩家ID:482736422909116417 移动方向: 0.9130706 , 0 , 0.40780157
2025-12-05 18:52:21.2559 (StateSyncRequestHandler.cs:17) 玩家ID:482736422909116417 移动到新位置: 5.615844 , 0 , 7.9425154
2025-12-05 18:52:21.3482 (StateSyncRequestHandler.cs:17) 玩家ID:482736422909116417 移动方向: 0.9243586 , 0 , 0.38152477
2025-12-05 18:52:21.3482 (StateSyncRequestHandler.cs:17) 玩家ID:482736422909116417 移动到新位置: 5.8931513 , 0 , 8.0569725
2025-12-05 18:52:21.4564 (StateSyncRequestHandler.cs:17) 玩家ID:482736422909116417 移动方向: 0.95732474 , 0 , 0.28901455
2025-12-05 18:52:21.4564 (StateSyncRequestHandler.cs:17) 玩家ID:482736422909116417 移动到新位置: 6.180349 , 0 , 8.143677
2025-12-05 18:52:21.5482 (StateSyncRequestHandler.cs:17) 玩家ID:482736422909116417 移动方向: 0.98377335 , 0 , 0.17941537
2025-12-05 18:52:21.5482 (StateSyncRequestHandler.cs:17) 玩家ID:482736422909116417 移动到新位置: 6.475481 , 0 , 8.197501
2025-12-05 18:52:21.6569 (StateSyncRequestHandler.cs:17) 玩家ID:482736422909116417 移动方向: 0.9978598 , 0 , 0.06538982
2025-12-05 18:52:21.6569 (StateSyncRequestHandler.cs:17) 玩家ID:482736422909116417 移动到新位置: 6.774839 , 0 , 8.217118
2025-12-05 18:52:21.7510 (StateSyncRequestHandler.cs:17) 玩家ID:482736422909116417 移动方向: 0.69845176 , 0 , -0.7156571
2025-12-05 18:52:21.7510 (StateSyncRequestHandler.cs:17) 玩家ID:482736422909116417 移动到新位置: 6.9843745 , 0 , 8.002421
2025-12-05 18:52:21.8593 (StateSyncRequestHandler.cs:17) 玩家ID:482736422909116417 移动方向: 0.6351063 , 0 , -0.7724247
2025-12-05 18:52:21.8593 (StateSyncRequestHandler.cs:17) 玩家ID:482736422909116417 移动到新位置: 7.1749063 , 0 , 7.770694
2025-12-05 18:52:21.9547 (StateSyncRequestHandler.cs:17) 玩家ID:482736422909116417 移动方向: 0.5580163 , 0 , -0.82983
2025-12-05 18:52:21.9547 (StateSyncRequestHandler.cs:17) 玩家ID:482736422909116417 移动到新位置: 7.342311 , 0 , 7.5217447
2025-12-05 18:52:22.0490 (StateSyncRequestHandler.cs:17) 玩家ID:482736422909116417 移动方向: -0.25519267 , 0 , -0.9668902
2025-12-05 18:52:22.0490 (StateSyncRequestHandler.cs:17) 玩家ID:482736422909116417 移动到新位置: 7.291272 , 0 , 7.3283668
2025-12-05 18:52:22.1577 (StateSyncRequestHandler.cs:17) 玩家ID:482736422909116417 移动到新位置: 7.291272 , 0 , 7.3283668
2025-12-05 18:52:22.8402 (StateSyncRequestHandler.cs:17) 玩家ID:482736422909116417 移动方向: -0.60755014 , 0 , -0.79428136
2025-12-05 18:52:22.8402 (StateSyncRequestHandler.cs:17) 玩家ID:482736422909116417 移动到新位置: 7.169762 , 0 , 7.1695104
2025-12-05 18:52:22.9473 (StateSyncRequestHandler.cs:17) 玩家ID:482736422909116417 移动方向: 0.1301336 , 0 , -0.99149644
2025-12-05 18:52:22.9473 (StateSyncRequestHandler.cs:17) 玩家ID:482736422909116417 移动到新位置: 7.195789 , 0 , 6.971211
2025-12-05 18:52:23.0397 (StateSyncRequestHandler.cs:17) 玩家ID:482736422909116417 移动方向: 0.12949511 , 0 , -0.9915801
2025-12-05 18:52:23.0397 (StateSyncRequestHandler.cs:17) 玩家ID:482736422909116417 移动到新位置: 7.221688 , 0 , 6.772895
2025-12-05 18:52:23.1479 (StateSyncRequestHandler.cs:17) 玩家ID:482736422909116417 移动到新位置: 7.221688 , 0 , 6.772895
2025-12-05 18:52:25.1850  创建队伍成功 队伍ID：1000 玩家ID：482736422909116417
2025-12-05 18:52:38.5366  收到登录请求
2025-12-05 18:52:38.5977  进入大厅成功，玩家ID:482734309785206785
2025-12-05 18:52:38.5977  获取其他玩家数据，玩家ID:482736422909116417
2025-12-05 18:52:40.9125 (StateSyncRequestHandler.cs:17) 玩家ID:482734309785206785 移动方向: -0.34980863 , 0 , 0.93682116
2025-12-05 18:52:40.9125 (StateSyncRequestHandler.cs:17) 玩家ID:482734309785206785 移动到新位置: 2.376818 , 0 , -2.8312874
2025-12-05 18:52:41.0066 (StateSyncRequestHandler.cs:17) 玩家ID:482734309785206785 移动方向: 0.56758654 , 0 , 0.8233138
2025-12-05 18:52:41.0066 (StateSyncRequestHandler.cs:17) 玩家ID:482734309785206785 移动到新位置: 2.4903352 , 0 , -2.6666245
2025-12-05 18:52:41.0986 (StateSyncRequestHandler.cs:17) 玩家ID:482734309785206785 移动方向: 0.671418 , 0 , 0.7410788
2025-12-05 18:52:41.0986 (StateSyncRequestHandler.cs:17) 玩家ID:482734309785206785 移动到新位置: 2.6246188 , 0 , -2.5184088
2025-12-05 18:52:41.1917 (StateSyncRequestHandler.cs:17) 玩家ID:482734309785206785 移动方向: 0.7475025 , 0 , 0.66425896
2025-12-05 18:52:41.1917 (StateSyncRequestHandler.cs:17) 玩家ID:482734309785206785 移动到新位置: 2.7741194 , 0 , -2.385557
2025-12-05 18:52:41.3140 (StateSyncRequestHandler.cs:17) 玩家ID:482734309785206785 移动方向: 0.81775683 , 0 , 0.57556385
2025-12-05 18:52:41.3140 (StateSyncRequestHandler.cs:17) 玩家ID:482734309785206785 移动到新位置: 2.9376707 , 0 , -2.2704442
2025-12-05 18:52:41.4054 (StateSyncRequestHandler.cs:17) 玩家ID:482734309785206785 移动方向: 0.8433747 , 0 , 0.53732586
2025-12-05 18:52:41.4054 (StateSyncRequestHandler.cs:17) 玩家ID:482734309785206785 移动到新位置: 3.1063457 , 0 , -2.162979
2025-12-05 18:52:41.4991 (StateSyncRequestHandler.cs:17) 玩家ID:482734309785206785 移动方向: 0.23397289 , 0 , 0.97224313
2025-12-05 18:52:41.4991 (StateSyncRequestHandler.cs:17) 玩家ID:482734309785206785 移动到新位置: 3.1531403 , 0 , -1.9685303
2025-12-05 18:52:41.6081 (StateSyncRequestHandler.cs:17) 玩家ID:482734309785206785 移动方向: 0.24186784 , 0 , 0.9703092
2025-12-05 18:52:41.6081 (StateSyncRequestHandler.cs:17) 玩家ID:482734309785206785 移动到新位置: 3.2015138 , 0 , -1.7744684
2025-12-05 18:52:41.7015 (StateSyncRequestHandler.cs:17) 玩家ID:482734309785206785 移动方向: -0.5132785 , 0 , 0.8582221
2025-12-05 18:52:41.7015 (StateSyncRequestHandler.cs:17) 玩家ID:482734309785206785 移动到新位置: 3.0475302 , 0 , -1.5170017
2025-12-05 18:52:41.7936 (StateSyncRequestHandler.cs:17) 玩家ID:482734309785206785 移动方向: -0.96963656 , 0 , 0.24455051
2025-12-05 18:52:41.7936 (StateSyncRequestHandler.cs:17) 玩家ID:482734309785206785 移动到新位置: 2.7566392 , 0 , -1.4436367
2025-12-05 18:52:41.9022 (StateSyncRequestHandler.cs:17) 玩家ID:482734309785206785 移动方向: -0.9695743 , 0 , 0.24479741
2025-12-05 18:52:41.9022 (StateSyncRequestHandler.cs:17) 玩家ID:482734309785206785 移动到新位置: 2.465767 , 0 , -1.3701974
2025-12-05 18:52:42.0133 (StateSyncRequestHandler.cs:17) 玩家ID:482734309785206785 移动方向: -0.96955854 , 0 , 0.24485967
2025-12-05 18:52:42.0133 (StateSyncRequestHandler.cs:17) 玩家ID:482734309785206785 移动到新位置: 2.1748993 , 0 , -1.2967396
2025-12-05 18:52:42.1058 (StateSyncRequestHandler.cs:17) 玩家ID:482734309785206785 移动方向: -0.8587322 , 0 , -0.51242447
2025-12-05 18:52:42.1058 (StateSyncRequestHandler.cs:17) 玩家ID:482734309785206785 移动到新位置: 1.9172797 , 0 , -1.4504669
2025-12-05 18:52:42.1983 (StateSyncRequestHandler.cs:17) 玩家ID:482734309785206785 移动方向: -0.8587351 , 0 , -0.5124198
2025-12-05 18:52:42.1983 (StateSyncRequestHandler.cs:17) 玩家ID:482734309785206785 移动到新位置: 1.6596591 , 0 , -1.6041929
2025-12-05 18:52:42.3088 (StateSyncRequestHandler.cs:17) 玩家ID:482734309785206785 移动方向: -0.96955246 , 0 , 0.24488373
2025-12-05 18:52:42.3088 (StateSyncRequestHandler.cs:17) 玩家ID:482734309785206785 移动到新位置: 1.3687935 , 0 , -1.5307277
2025-12-05 18:52:42.4009 (StateSyncRequestHandler.cs:17) 玩家ID:482734309785206785 移动方向: 0.24488416 , 0 , 0.96955234
2025-12-05 18:52:42.4009 (StateSyncRequestHandler.cs:17) 玩家ID:482734309785206785 移动到新位置: 1.4422587 , 0 , -1.2398621
2025-12-05 18:52:42.5574 (StateSyncRequestHandler.cs:17) 玩家ID:482734309785206785 移动方向: 0.2448843 , 0 , 0.9695523
2025-12-05 18:52:42.5574 (StateSyncRequestHandler.cs:17) 玩家ID:482734309785206785 移动到新位置: 1.515724 , 0 , -0.9489964
2025-12-05 18:52:42.6041 (StateSyncRequestHandler.cs:17) 玩家ID:482734309785206785 移动方向: 0.85873634 , 0 , 0.51241755
2025-12-05 18:52:42.6041 (StateSyncRequestHandler.cs:17) 玩家ID:482734309785206785 移动到新位置: 1.7733449 , 0 , -0.79527116
2025-12-05 18:52:42.7132 (StateSyncRequestHandler.cs:17) 玩家ID:482734309785206785 移动方向: 0.85873634 , 0 , 0.51241755
2025-12-05 18:52:42.7132 (StateSyncRequestHandler.cs:17) 玩家ID:482734309785206785 移动到新位置: 2.0309658 , 0 , -0.6415459
2025-12-05 18:52:42.8068 (StateSyncRequestHandler.cs:17) 玩家ID:482734309785206785 移动方向: 0.85873634 , 0 , 0.51241755
2025-12-05 18:52:42.8068 (StateSyncRequestHandler.cs:17) 玩家ID:482734309785206785 移动到新位置: 2.2885866 , 0 , -0.48782063
2025-12-05 18:52:42.9019 (StateSyncRequestHandler.cs:17) 玩家ID:482734309785206785 移动方向: 0.85873634 , 0 , 0.51241755
2025-12-05 18:52:42.9019 (StateSyncRequestHandler.cs:17) 玩家ID:482734309785206785 移动到新位置: 2.5462074 , 0 , -0.33409536
2025-12-05 18:52:43.0084 (StateSyncRequestHandler.cs:17) 玩家ID:482734309785206785 移动方向: 0.86128813 , 0 , 0.5081168
2025-12-05 18:52:43.0084 (StateSyncRequestHandler.cs:17) 玩家ID:482734309785206785 移动到新位置: 2.8045938 , 0 , -0.18166032
2025-12-05 18:52:43.1161 (StateSyncRequestHandler.cs:17) 玩家ID:482734309785206785 移动方向: 0.88236237 , 0 , 0.47057053
2025-12-05 18:52:43.1161 (StateSyncRequestHandler.cs:17) 玩家ID:482734309785206785 移动到新位置: 3.0693026 , 0 , -0.040489167
2025-12-05 18:52:43.1951 (StateSyncRequestHandler.cs:17) 玩家ID:482734309785206785 移动方向: 0.3603871 , 0 , 0.9328028
2025-12-05 18:52:43.1951 (StateSyncRequestHandler.cs:17) 玩家ID:482734309785206785 移动到新位置: 3.1774187 , 0 , 0.23935169
2025-12-05 18:52:43.3035 (StateSyncRequestHandler.cs:17) 玩家ID:482734309785206785 移动方向: -0.3227341 , 0 , 0.9464897
2025-12-05 18:52:43.3035 (StateSyncRequestHandler.cs:17) 玩家ID:482734309785206785 移动到新位置: 3.0805986 , 0 , 0.5232986
2025-12-05 18:52:43.3955 (StateSyncRequestHandler.cs:17) 玩家ID:482734309785206785 移动方向: -0.28546014 , 0 , 0.9583906
2025-12-05 18:52:43.3965 (StateSyncRequestHandler.cs:17) 玩家ID:482734309785206785 移动到新位置: 2.9949605 , 0 , 0.8108158
2025-12-05 18:52:43.5039 (StateSyncRequestHandler.cs:17) 玩家ID:482734309785206785 移动方向: -0.2686996 , 0 , 0.963224
2025-12-05 18:52:43.5039 (StateSyncRequestHandler.cs:17) 玩家ID:482734309785206785 移动到新位置: 2.9143507 , 0 , 1.099783
2025-12-05 18:52:43.5956 (StateSyncRequestHandler.cs:17) 玩家ID:482734309785206785 移动方向: -0.26287603 , 0 , 0.96482956
2025-12-05 18:52:43.5956 (StateSyncRequestHandler.cs:17) 玩家ID:482734309785206785 移动到新位置: 2.8354878 , 0 , 1.3892318
2025-12-05 18:52:43.7037 (StateSyncRequestHandler.cs:17) 玩家ID:482734309785206785 移动方向: -0.86712205 , 0 , 0.49809575
2025-12-05 18:52:43.7037 (StateSyncRequestHandler.cs:17) 玩家ID:482734309785206785 移动到新位置: 2.5753512 , 0 , 1.5386605
2025-12-05 18:52:43.7978 (StateSyncRequestHandler.cs:17) 玩家ID:482734309785206785 移动方向: -0.86682725 , 0 , 0.49860853
2025-12-05 18:52:43.7978 (StateSyncRequestHandler.cs:17) 玩家ID:482734309785206785 移动到新位置: 2.315303 , 0 , 1.688243
2025-12-05 18:52:43.9061 (StateSyncRequestHandler.cs:17) 玩家ID:482734309785206785 移动方向: -0.86672413 , 0 , 0.49878782
2025-12-05 18:52:43.9061 (StateSyncRequestHandler.cs:17) 玩家ID:482734309785206785 移动到新位置: 2.055286 , 0 , 1.8378794
2025-12-05 18:52:44.0153 (StateSyncRequestHandler.cs:17) 玩家ID:482734309785206785 移动方向: -0.86669093 , 0 , 0.49884555
2025-12-05 18:52:44.0153 (StateSyncRequestHandler.cs:17) 玩家ID:482734309785206785 移动到新位置: 1.7952787 , 0 , 1.9875331
2025-12-05 18:52:44.1087 (StateSyncRequestHandler.cs:17) 玩家ID:482734309785206785 移动方向: -0.8666827 , 0 , 0.4988598
2025-12-05 18:52:44.1087 (StateSyncRequestHandler.cs:17) 玩家ID:482734309785206785 移动到新位置: 1.5352738 , 0 , 2.137191
2025-12-05 18:52:44.2014 (StateSyncRequestHandler.cs:17) 玩家ID:482734309785206785 移动方向: -0.9655857 , 0 , -0.26008523
2025-12-05 18:52:44.2014 (StateSyncRequestHandler.cs:17) 玩家ID:482734309785206785 移动到新位置: 1.2455981 , 0 , 2.0591655
2025-12-05 18:52:44.2950 (StateSyncRequestHandler.cs:17) 玩家ID:482734309785206785 移动方向: -0.96558607 , 0 , -0.26008382
2025-12-05 18:52:44.2950 (StateSyncRequestHandler.cs:17) 玩家ID:482734309785206785 移动到新位置: 0.95592225 , 0 , 1.9811404
2025-12-05 18:52:44.4014 (StateSyncRequestHandler.cs:17) 玩家ID:482734309785206785 移动方向: -0.4988658 , 0 , -0.86667925
2025-12-05 18:52:44.4014 (StateSyncRequestHandler.cs:17) 玩家ID:482734309785206785 移动到新位置: 0.8062625 , 0 , 1.7211366
2025-12-05 18:52:44.5079 (StateSyncRequestHandler.cs:17) 玩家ID:482734309785206785 移动方向: -0.49886584 , 0 , -0.8666792
2025-12-05 18:52:44.5079 (StateSyncRequestHandler.cs:17) 玩家ID:482734309785206785 移动到新位置: 0.65660274 , 0 , 1.4611328
2025-12-05 18:52:44.6002 (StateSyncRequestHandler.cs:17) 玩家ID:482734309785206785 移动方向: -0.49886584 , 0 , -0.8666792
2025-12-05 18:52:44.6002 (StateSyncRequestHandler.cs:17) 玩家ID:482734309785206785 移动到新位置: 0.506943 , 0 , 1.201129
2025-12-05 18:52:44.7101 (StateSyncRequestHandler.cs:17) 玩家ID:482734309785206785 移动方向: -0.49886584 , 0 , -0.8666792
2025-12-05 18:52:44.7101 (StateSyncRequestHandler.cs:17) 玩家ID:482734309785206785 移动到新位置: 0.35728323 , 0 , 0.9411252
2025-12-05 18:52:44.8035 (StateSyncRequestHandler.cs:17) 玩家ID:482734309785206785 移动方向: -0.49886584 , 0 , -0.8666792
2025-12-05 18:52:44.8035 (StateSyncRequestHandler.cs:17) 玩家ID:482734309785206785 移动到新位置: 0.20762348 , 0 , 0.68112147
2025-12-05 18:52:44.8961 (StateSyncRequestHandler.cs:17) 玩家ID:482734309785206785 移动方向: -0.49886584 , 0 , -0.8666792
2025-12-05 18:52:44.8967 (StateSyncRequestHandler.cs:17) 玩家ID:482734309785206785 移动到新位置: 0.05796373 , 0 , 0.42111772
2025-12-05 18:52:45.0064 (StateSyncRequestHandler.cs:17) 玩家ID:482734309785206785 移动方向: -0.49886584 , 0 , -0.8666792
2025-12-05 18:52:45.0064 (StateSyncRequestHandler.cs:17) 玩家ID:482734309785206785 移动到新位置: -0.091696024 , 0 , 0.16111398
2025-12-05 18:52:45.1151 (StateSyncRequestHandler.cs:17) 玩家ID:482734309785206785 移动方向: 0.8666792 , 0 , -0.4988659
2025-12-05 18:52:45.1151 (StateSyncRequestHandler.cs:17) 玩家ID:482734309785206785 移动到新位置: 0.16830772 , 0 , 0.01145421
2025-12-05 18:52:45.2083 (StateSyncRequestHandler.cs:17) 玩家ID:482734309785206785 移动方向: 0.8666792 , 0 , -0.4988659
2025-12-05 18:52:45.2096 (StateSyncRequestHandler.cs:17) 玩家ID:482734309785206785 移动到新位置: 0.42831147 , 0 , -0.13820556
2025-12-05 18:52:45.3160 (StateSyncRequestHandler.cs:17) 玩家ID:482734309785206785 移动方向: 0.9655862 , 0 , 0.2600833
2025-12-05 18:52:45.3160 (StateSyncRequestHandler.cs:17) 玩家ID:482734309785206785 移动到新位置: 0.7179873 , 0 , -0.060180575
2025-12-05 18:52:45.4081 (StateSyncRequestHandler.cs:17) 玩家ID:482734309785206785 移动方向: 0.49886584 , 0 , 0.8666792
2025-12-05 18:52:45.4081 (StateSyncRequestHandler.cs:17) 玩家ID:482734309785206785 移动到新位置: 0.86764705 , 0 , 0.19982317
2025-12-05 18:52:45.5001 (StateSyncRequestHandler.cs:17) 玩家ID:482734309785206785 移动方向: 0.49886584 , 0 , 0.8666792
2025-12-05 18:52:45.5001 (StateSyncRequestHandler.cs:17) 玩家ID:482734309785206785 移动到新位置: 1.0173068 , 0 , 0.45982692
2025-12-05 18:52:45.6088 (StateSyncRequestHandler.cs:17) 玩家ID:482734309785206785 移动方向: 0.49886584 , 0 , 0.8666792
2025-12-05 18:52:45.6088 (StateSyncRequestHandler.cs:17) 玩家ID:482734309785206785 移动到新位置: 1.1669666 , 0 , 0.71983063
2025-12-05 18:52:45.7153 (StateSyncRequestHandler.cs:17) 玩家ID:482734309785206785 移动方向: 0.49944568 , 0 , 0.8663452
2025-12-05 18:52:45.7153 (StateSyncRequestHandler.cs:17) 玩家ID:482734309785206785 移动到新位置: 1.3168002 , 0 , 0.9797342
2025-12-05 18:52:45.8086 (StateSyncRequestHandler.cs:17) 玩家ID:482734309785206785 移动方向: 0.51395386 , 0 , 0.85781777
2025-12-05 18:52:45.8086 (StateSyncRequestHandler.cs:17) 玩家ID:482734309785206785 移动到新位置: 1.4709864 , 0 , 1.2370795
2025-12-05 18:52:45.9032 (StateSyncRequestHandler.cs:17) 玩家ID:482734309785206785 移动方向: 0.9881085 , 0 , 0.15375823
2025-12-05 18:52:45.9032 (StateSyncRequestHandler.cs:17) 玩家ID:482734309785206785 移动到新位置: 1.7674189 , 0 , 1.2832069
2025-12-05 18:52:45.9983 (StateSyncRequestHandler.cs:17) 玩家ID:482734309785206785 移动方向: 0.9965192 , 0 , 0.08336303
2025-12-05 18:52:45.9983 (StateSyncRequestHandler.cs:17) 玩家ID:482734309785206785 移动到新位置: 2.0663745 , 0 , 1.3082159
2025-12-05 18:52:46.1062 (StateSyncRequestHandler.cs:17) 玩家ID:482734309785206785 移动方向: 0.9987805 , 0 , 0.04937169
2025-12-05 18:52:46.1062 (StateSyncRequestHandler.cs:17) 玩家ID:482734309785206785 移动到新位置: 2.3660088 , 0 , 1.3230274
2025-12-05 18:52:46.2005 (StateSyncRequestHandler.cs:17) 玩家ID:482734309785206785 移动方向: 0.9992962 , 0 , 0.03751135
2025-12-05 18:52:46.2005 (StateSyncRequestHandler.cs:17) 玩家ID:482734309785206785 移动到新位置: 2.6657977 , 0 , 1.3342807
2025-12-05 18:52:46.2937 (StateSyncRequestHandler.cs:17) 玩家ID:482734309785206785 移动方向: 0.6830249 , 0 , 0.7303951
2025-12-05 18:52:46.2937 (StateSyncRequestHandler.cs:17) 玩家ID:482734309785206785 移动到新位置: 2.8707051 , 0 , 1.5533992
2025-12-05 18:52:46.4000 (StateSyncRequestHandler.cs:17) 玩家ID:482734309785206785 移动方向: 0.6840882 , 0 , 0.7293993
2025-12-05 18:52:46.4000 (StateSyncRequestHandler.cs:17) 玩家ID:482734309785206785 移动到新位置: 3.0759315 , 0 , 1.772219
2025-12-05 18:52:46.4929 (StateSyncRequestHandler.cs:17) 玩家ID:482734309785206785 移动方向: 0.68439776 , 0 , 0.72910887
2025-12-05 18:52:46.4929 (StateSyncRequestHandler.cs:17) 玩家ID:482734309785206785 移动到新位置: 3.281251 , 0 , 1.9909515
2025-12-05 18:52:46.6034 (StateSyncRequestHandler.cs:17) 玩家ID:482734309785206785 移动方向: 0.68450063 , 0 , 0.7290123
2025-12-05 18:52:46.6034 (StateSyncRequestHandler.cs:17) 玩家ID:482734309785206785 移动到新位置: 3.486601 , 0 , 2.2096553
2025-12-05 18:52:46.7086 (StateSyncRequestHandler.cs:17) 玩家ID:482734309785206785 移动方向: 0.68453515 , 0 , 0.7289799
2025-12-05 18:52:46.7086 (StateSyncRequestHandler.cs:17) 玩家ID:482734309785206785 移动到新位置: 3.6919618 , 0 , 2.4283493
2025-12-05 18:52:46.8020 (StateSyncRequestHandler.cs:17) 玩家ID:482734309785206785 移动方向: 0.6845435 , 0 , 0.72897196
2025-12-05 18:52:46.8032 (StateSyncRequestHandler.cs:17) 玩家ID:482734309785206785 移动到新位置: 3.8973248 , 0 , 2.6470408
2025-12-05 18:52:46.9087 (StateSyncRequestHandler.cs:17) 玩家ID:482734309785206785 移动方向: 0.6845463 , 0 , 0.7289694
2025-12-05 18:52:46.9087 (StateSyncRequestHandler.cs:17) 玩家ID:482734309785206785 移动到新位置: 4.102689 , 0 , 2.8657317
2025-12-05 18:52:47.0017 (StateSyncRequestHandler.cs:17) 玩家ID:482734309785206785 移动方向: 0.68454677 , 0 , 0.7289689
2025-12-05 18:52:47.0017 (StateSyncRequestHandler.cs:17) 玩家ID:482734309785206785 移动到新位置: 4.308053 , 0 , 3.0844223
2025-12-05 18:52:47.1079 (StateSyncRequestHandler.cs:17) 玩家ID:482734309785206785 移动方向: 0.6845471 , 0 , 0.7289686
2025-12-05 18:52:47.1079 (StateSyncRequestHandler.cs:17) 玩家ID:482734309785206785 移动到新位置: 4.5134172 , 0 , 3.303113
2025-12-05 18:52:47.1998 (StateSyncRequestHandler.cs:17) 玩家ID:482734309785206785 移动方向: 0.6845471 , 0 , 0.7289686
2025-12-05 18:52:47.1998 (StateSyncRequestHandler.cs:17) 玩家ID:482734309785206785 移动到新位置: 4.7187815 , 0 , 3.5218036
2025-12-05 18:52:47.3081 (StateSyncRequestHandler.cs:17) 玩家ID:482734309785206785 移动方向: -0.031410724 , 0 , 0.9995066
2025-12-05 18:52:47.3081 (StateSyncRequestHandler.cs:17) 玩家ID:482734309785206785 移动到新位置: 4.709358 , 0 , 3.8216555
2025-12-05 18:52:47.4001 (StateSyncRequestHandler.cs:17) 玩家ID:482734309785206785 移动方向: -0.7289686 , 0 , 0.6845471
2025-12-05 18:52:47.4001 (StateSyncRequestHandler.cs:17) 玩家ID:482734309785206785 移动到新位置: 4.490668 , 0 , 4.0270195
2025-12-05 18:52:47.5072 (StateSyncRequestHandler.cs:17) 玩家ID:482734309785206785 移动方向: -0.7289686 , 0 , 0.6845471
2025-12-05 18:52:47.5072 (StateSyncRequestHandler.cs:17) 玩家ID:482734309785206785 移动到新位置: 4.2719774 , 0 , 4.2323837
2025-12-05 18:52:47.6016 (StateSyncRequestHandler.cs:17) 玩家ID:482734309785206785 移动方向: -0.7289686 , 0 , 0.6845471
2025-12-05 18:52:47.6016 (StateSyncRequestHandler.cs:17) 玩家ID:482734309785206785 移动到新位置: 4.053287 , 0 , 4.437748
2025-12-05 18:52:47.7097 (StateSyncRequestHandler.cs:17) 玩家ID:482734309785206785 移动方向: -0.7289686 , 0 , 0.6845471
2025-12-05 18:52:47.7097 (StateSyncRequestHandler.cs:17) 玩家ID:482734309785206785 移动到新位置: 3.8345964 , 0 , 4.643112
2025-12-05 18:52:47.8028 (StateSyncRequestHandler.cs:17) 玩家ID:482734309785206785 移动方向: -0.7289686 , 0 , 0.6845471
2025-12-05 18:52:47.8028 (StateSyncRequestHandler.cs:17) 玩家ID:482734309785206785 移动到新位置: 3.6159058 , 0 , 4.8484764
2025-12-05 18:52:47.8953 (StateSyncRequestHandler.cs:17) 玩家ID:482734309785206785 移动方向: -0.7289686 , 0 , 0.6845471
2025-12-05 18:52:47.8953 (StateSyncRequestHandler.cs:17) 玩家ID:482734309785206785 移动到新位置: 3.3972151 , 0 , 5.0538406
2025-12-05 18:52:48.0038 (StateSyncRequestHandler.cs:17) 玩家ID:482734309785206785 移动到新位置: 3.3972151 , 0 , 5.0538406
2025-12-05 18:52:50.2066 (StateSyncRequestHandler.cs:17) 玩家ID:482734309785206785 移动方向: 0.7289686 , 0 , -0.6845471
2025-12-05 18:52:50.2066 (StateSyncRequestHandler.cs:17) 玩家ID:482734309785206785 移动到新位置: 3.5430088 , 0 , 4.916931
2025-12-05 18:52:50.2998 (StateSyncRequestHandler.cs:17) 玩家ID:482734309785206785 移动到新位置: 3.5430088 , 0 , 4.916931
2025-12-05 18:52:50.4091 (StateSyncRequestHandler.cs:17) 玩家ID:482734309785206785 移动方向: 0.7289686 , 0 , -0.6845471
2025-12-05 18:52:50.4091 (StateSyncRequestHandler.cs:17) 玩家ID:482734309785206785 移动到新位置: 3.6888025 , 0 , 4.7800217
2025-12-05 18:52:50.5017 (StateSyncRequestHandler.cs:17) 玩家ID:482734309785206785 移动到新位置: 3.6888025 , 0 , 4.7800217
2025-12-05 18:52:50.5934 (StateSyncRequestHandler.cs:17) 玩家ID:482734309785206785 移动方向: 0.7289686 , 0 , -0.6845471
2025-12-05 18:52:50.5934 (StateSyncRequestHandler.cs:17) 玩家ID:482734309785206785 移动到新位置: 3.8345962 , 0 , 4.643112
2025-12-05 18:52:50.7029 (StateSyncRequestHandler.cs:17) 玩家ID:482734309785206785 移动方向: 0.7289686 , 0 , -0.6845471
2025-12-05 18:52:50.7029 (StateSyncRequestHandler.cs:17) 玩家ID:482734309785206785 移动到新位置: 3.9803898 , 0 , 4.5062027
2025-12-05 18:52:50.8107 (StateSyncRequestHandler.cs:17) 玩家ID:482734309785206785 移动到新位置: 3.9803898 , 0 , 4.5062027
2025-12-05 18:52:50.9031 (StateSyncRequestHandler.cs:17) 玩家ID:482734309785206785 移动方向: 0.7289686 , 0 , -0.6845471
2025-12-05 18:52:50.9031 (StateSyncRequestHandler.cs:17) 玩家ID:482734309785206785 移动到新位置: 4.1261835 , 0 , 4.369293
2025-12-05 18:52:50.9955 (StateSyncRequestHandler.cs:17) 玩家ID:482734309785206785 移动到新位置: 4.1261835 , 0 , 4.369293
2025-12-05 18:52:51.2109 (StateSyncRequestHandler.cs:17) 玩家ID:482734309785206785 移动方向: 0.7289686 , 0 , -0.6845471
2025-12-05 18:52:51.2109 (StateSyncRequestHandler.cs:17) 玩家ID:482734309785206785 移动到新位置: 4.2719774 , 0 , 4.2323837
2025-12-05 18:52:51.3028 (StateSyncRequestHandler.cs:17) 玩家ID:482734309785206785 移动到新位置: 4.2719774 , 0 , 4.2323837
2025-12-05 18:52:51.3955 (StateSyncRequestHandler.cs:17) 玩家ID:482734309785206785 移动方向: 0.7289686 , 0 , -0.6845471
2025-12-05 18:52:51.3955 (StateSyncRequestHandler.cs:17) 玩家ID:482734309785206785 移动到新位置: 4.4177713 , 0 , 4.0954742
2025-12-05 18:52:51.5055 (StateSyncRequestHandler.cs:17) 玩家ID:482734309785206785 移动方向: 0.7289686 , 0 , -0.6845471
2025-12-05 18:52:51.5067 (StateSyncRequestHandler.cs:17) 玩家ID:482734309785206785 移动到新位置: 4.5635653 , 0 , 3.9585648
2025-12-05 18:52:51.6132 (StateSyncRequestHandler.cs:17) 玩家ID:482734309785206785 移动方向: -0.7289686 , 0 , 0.6845471
2025-12-05 18:52:51.6132 (StateSyncRequestHandler.cs:17) 玩家ID:482734309785206785 移动到新位置: 4.4177713 , 0 , 4.0954742
2025-12-05 18:52:51.7055 (StateSyncRequestHandler.cs:17) 玩家ID:482734309785206785 移动到新位置: 4.4177713 , 0 , 4.0954742
2025-12-05 18:52:51.7985 (StateSyncRequestHandler.cs:17) 玩家ID:482734309785206785 移动方向: 0.031410724 , 0 , -0.9995066
2025-12-05 18:52:51.7985 (StateSyncRequestHandler.cs:17) 玩家ID:482734309785206785 移动到新位置: 4.4240537 , 0 , 3.895573
2025-12-05 18:52:51.9064 (StateSyncRequestHandler.cs:17) 玩家ID:482734309785206785 移动方向: -0.6845471 , 0 , -0.7289686
2025-12-05 18:52:51.9064 (StateSyncRequestHandler.cs:17) 玩家ID:482734309785206785 移动到新位置: 4.2186894 , 0 , 3.6768823
2025-12-05 18:52:52.0136 (StateSyncRequestHandler.cs:17) 玩家ID:482734309785206785 移动方向: -0.7289686 , 0 , 0.6845471
2025-12-05 18:52:52.0136 (StateSyncRequestHandler.cs:17) 玩家ID:482734309785206785 移动到新位置: 4.0728955 , 0 , 3.8137918
2025-12-05 18:52:52.1045 (StateSyncRequestHandler.cs:17) 玩家ID:482734309785206785 移动方向: 0.9995066 , 0 , 0.031410724
2025-12-05 18:52:52.1045 (StateSyncRequestHandler.cs:17) 玩家ID:482734309785206785 移动到新位置: 4.2727966 , 0 , 3.8200738
2025-12-05 18:52:52.1958 (StateSyncRequestHandler.cs:17) 玩家ID:482734309785206785 移动到新位置: 4.2727966 , 0 , 3.8200738
2025-12-05 18:52:52.4151 (StateSyncRequestHandler.cs:17) 玩家ID:482734309785206785 移动方向: -0.7289686 , 0 , 0.6845471
2025-12-05 18:52:52.4151 (StateSyncRequestHandler.cs:17) 玩家ID:482734309785206785 移动到新位置: 4.1270027 , 0 , 3.9569833
2025-12-05 18:52:52.4917 (StateSyncRequestHandler.cs:17) 玩家ID:482734309785206785 移动方向: 0.7289686 , 0 , -0.6845471
2025-12-05 18:52:52.4917 (StateSyncRequestHandler.cs:17) 玩家ID:482734309785206785 移动到新位置: 4.2727966 , 0 , 3.8200738
2025-12-05 18:52:52.6018 (StateSyncRequestHandler.cs:17) 玩家ID:482734309785206785 移动方向: -0.7289686 , 0 , 0.6845471
2025-12-05 18:52:52.6018 (StateSyncRequestHandler.cs:17) 玩家ID:482734309785206785 移动到新位置: 4.1270027 , 0 , 3.9569833
2025-12-05 18:52:52.6946 (StateSyncRequestHandler.cs:17) 玩家ID:482734309785206785 移动方向: 0.7289686 , 0 , -0.6845471
2025-12-05 18:52:52.6946 (StateSyncRequestHandler.cs:17) 玩家ID:482734309785206785 移动到新位置: 4.2727966 , 0 , 3.8200738
2025-12-05 18:52:52.8023 (StateSyncRequestHandler.cs:17) 玩家ID:482734309785206785 移动方向: -0.7289686 , 0 , 0.6845471
2025-12-05 18:52:52.8023 (StateSyncRequestHandler.cs:17) 玩家ID:482734309785206785 移动到新位置: 4.1270027 , 0 , 3.9569833
2025-12-05 18:52:52.9092 (StateSyncRequestHandler.cs:17) 玩家ID:482734309785206785 移动方向: -0.031410724 , 0 , 0.9995066
2025-12-05 18:52:52.9092 (StateSyncRequestHandler.cs:17) 玩家ID:482734309785206785 移动到新位置: 4.1207204 , 0 , 4.1568847
2025-12-05 18:52:53.0025 (StateSyncRequestHandler.cs:17) 玩家ID:482734309785206785 移动方向: -0.7289686 , 0 , 0.6845471
2025-12-05 18:52:53.0025 (StateSyncRequestHandler.cs:17) 玩家ID:482734309785206785 移动到新位置: 3.9749267 , 0 , 4.293794
2025-12-05 18:52:53.0957 (StateSyncRequestHandler.cs:17) 玩家ID:482734309785206785 移动方向: 0.7289686 , 0 , -0.6845471
2025-12-05 18:52:53.0957 (StateSyncRequestHandler.cs:17) 玩家ID:482734309785206785 移动到新位置: 4.1207204 , 0 , 4.1568847
2025-12-05 18:52:53.2048 (StateSyncRequestHandler.cs:17) 玩家ID:482734309785206785 移动方向: 0.6845471 , 0 , 0.7289686
2025-12-05 18:52:53.2048 (StateSyncRequestHandler.cs:17) 玩家ID:482734309785206785 移动到新位置: 4.3260846 , 0 , 4.375575
2025-12-05 18:52:53.3119 (StateSyncRequestHandler.cs:17) 玩家ID:482734309785206785 移动方向: 0.6845471 , 0 , 0.7289686
2025-12-05 18:52:53.3119 (StateSyncRequestHandler.cs:17) 玩家ID:482734309785206785 移动到新位置: 4.462994 , 0 , 4.521369
2025-12-05 18:52:53.4045 (StateSyncRequestHandler.cs:17) 玩家ID:482734309785206785 移动方向: -0.7289686 , 0 , 0.6845471
2025-12-05 18:52:53.4045 (StateSyncRequestHandler.cs:17) 玩家ID:482734309785206785 移动到新位置: 4.3172 , 0 , 4.6582785
2025-12-05 18:52:53.4984 (StateSyncRequestHandler.cs:17) 玩家ID:482734309785206785 移动方向: -0.9995066 , 0 , -0.031410724
2025-12-05 18:52:53.4984 (StateSyncRequestHandler.cs:17) 玩家ID:482734309785206785 移动到新位置: 4.117299 , 0 , 4.651996
2025-12-05 18:52:53.6046 (StateSyncRequestHandler.cs:17) 玩家ID:482734309785206785 移动方向: -0.9995066 , 0 , -0.031410724
2025-12-05 18:52:53.6046 (StateSyncRequestHandler.cs:17) 玩家ID:482734309785206785 移动到新位置: 3.8174472 , 0 , 4.642573
2025-12-05 18:52:53.6975 (StateSyncRequestHandler.cs:17) 玩家ID:482734309785206785 移动方向: -0.7289686 , 0 , 0.6845471
2025-12-05 18:52:53.6975 (StateSyncRequestHandler.cs:17) 玩家ID:482734309785206785 移动到新位置: 3.5987566 , 0 , 4.847937
2025-12-05 18:52:53.8058 (StateSyncRequestHandler.cs:17) 玩家ID:482734309785206785 移动方向: -0.031410724 , 0 , 0.9995066
2025-12-05 18:52:53.8058 (StateSyncRequestHandler.cs:17) 玩家ID:482734309785206785 移动到新位置: 3.5893333 , 0 , 5.147789
2025-12-05 18:52:53.8985 (StateSyncRequestHandler.cs:17) 玩家ID:482734309785206785 移动方向: -0.031410724 , 0 , 0.9995066
2025-12-05 18:52:53.8985 (StateSyncRequestHandler.cs:17) 玩家ID:482734309785206785 移动到新位置: 3.57991 , 0 , 5.447641
2025-12-05 18:52:54.0065 (StateSyncRequestHandler.cs:17) 玩家ID:482734309785206785 移动方向: -0.031410724 , 0 , 0.9995066
2025-12-05 18:52:54.0065 (StateSyncRequestHandler.cs:17) 玩家ID:482734309785206785 移动到新位置: 3.5704868 , 0 , 5.747493
2025-12-05 18:52:54.0993 (StateSyncRequestHandler.cs:17) 玩家ID:482734309785206785 移动方向: -0.7289686 , 0 , 0.6845471
2025-12-05 18:52:54.1002 (StateSyncRequestHandler.cs:17) 玩家ID:482734309785206785 移动到新位置: 3.3517962 , 0 , 5.952857
2025-12-05 18:52:54.2065 (StateSyncRequestHandler.cs:17) 玩家ID:482734309785206785 移动方向: -0.7289686 , 0 , 0.6845471
2025-12-05 18:52:54.2065 (StateSyncRequestHandler.cs:17) 玩家ID:482734309785206785 移动到新位置: 3.1331055 , 0 , 6.1582212
2025-12-05 18:52:54.2999 (StateSyncRequestHandler.cs:17) 玩家ID:482734309785206785 移动方向: -0.7289686 , 0 , 0.6845471
2025-12-05 18:52:54.2999 (StateSyncRequestHandler.cs:17) 玩家ID:482734309785206785 移动到新位置: 2.914415 , 0 , 6.3635855
2025-12-05 18:52:54.4078 (StateSyncRequestHandler.cs:17) 玩家ID:482734309785206785 移动方向: -0.031410724 , 0 , 0.9995066
2025-12-05 18:52:54.4078 (StateSyncRequestHandler.cs:17) 玩家ID:482734309785206785 移动到新位置: 2.9049916 , 0 , 6.6634374
2025-12-05 18:52:54.5159 (StateSyncRequestHandler.cs:17) 玩家ID:482734309785206785 移动方向: 0.9995066 , 0 , 0.031410724
2025-12-05 18:52:54.5159 (StateSyncRequestHandler.cs:17) 玩家ID:482734309785206785 移动到新位置: 3.2048435 , 0 , 6.6728606
2025-12-05 18:52:54.6094 (StateSyncRequestHandler.cs:17) 玩家ID:482734309785206785 移动方向: 0.7289686 , 0 , -0.6845471
2025-12-05 18:52:54.6094 (StateSyncRequestHandler.cs:17) 玩家ID:482734309785206785 移动到新位置: 3.4235342 , 0 , 6.4674964
2025-12-05 18:52:54.7019 (StateSyncRequestHandler.cs:17) 玩家ID:482734309785206785 移动方向: 0.7289686 , 0 , -0.6845471
2025-12-05 18:52:54.7019 (StateSyncRequestHandler.cs:17) 玩家ID:482734309785206785 移动到新位置: 3.6422248 , 0 , 6.262132
2025-12-05 18:52:54.7966 (StateSyncRequestHandler.cs:17) 玩家ID:482734309785206785 移动方向: 0.7289686 , 0 , -0.6845471
2025-12-05 18:52:54.7966 (StateSyncRequestHandler.cs:17) 玩家ID:482734309785206785 移动到新位置: 3.8609154 , 0 , 6.056768
2025-12-05 18:52:54.9058 (StateSyncRequestHandler.cs:17) 玩家ID:482734309785206785 移动方向: 0.7289686 , 0 , -0.6845471
2025-12-05 18:52:54.9058 (StateSyncRequestHandler.cs:17) 玩家ID:482734309785206785 移动到新位置: 4.079606 , 0 , 5.8514037
2025-12-05 18:52:55.0145 (StateSyncRequestHandler.cs:17) 玩家ID:482734309785206785 移动方向: 0.7289686 , 0 , -0.6845471
2025-12-05 18:52:55.0145 (StateSyncRequestHandler.cs:17) 玩家ID:482734309785206785 移动到新位置: 4.2982965 , 0 , 5.6460395
2025-12-05 18:52:55.1084 (StateSyncRequestHandler.cs:17) 玩家ID:482734309785206785 移动方向: 0.7289686 , 0 , -0.6845471
2025-12-05 18:52:55.1084 (StateSyncRequestHandler.cs:17) 玩家ID:482734309785206785 移动到新位置: 4.516987 , 0 , 5.4406753
2025-12-05 18:52:55.2009 (StateSyncRequestHandler.cs:17) 玩家ID:482734309785206785 移动方向: 0.7289686 , 0 , -0.6845471
2025-12-05 18:52:55.2009 (StateSyncRequestHandler.cs:17) 玩家ID:482734309785206785 移动到新位置: 4.7356772 , 0 , 5.235311
2025-12-05 18:52:55.2919 (StateSyncRequestHandler.cs:17) 玩家ID:482734309785206785 移动方向: -0.6845471 , 0 , -0.7289686
2025-12-05 18:52:55.2919 (StateSyncRequestHandler.cs:17) 玩家ID:482734309785206785 移动到新位置: 4.530313 , 0 , 5.0166206
2025-12-05 18:52:55.3997 (StateSyncRequestHandler.cs:17) 玩家ID:482734309785206785 移动方向: -0.6845471 , 0 , -0.7289686
2025-12-05 18:52:55.3997 (StateSyncRequestHandler.cs:17) 玩家ID:482734309785206785 移动到新位置: 4.324949 , 0 , 4.7979302
2025-12-05 18:52:55.4938 (StateSyncRequestHandler.cs:17) 玩家ID:482734309785206785 移动方向: -0.9995066 , 0 , -0.031410724
2025-12-05 18:52:55.4938 (StateSyncRequestHandler.cs:17) 玩家ID:482734309785206785 移动到新位置: 4.025097 , 0 , 4.788507
2025-12-05 18:52:55.6153 (StateSyncRequestHandler.cs:17) 玩家ID:482734309785206785 移动方向: -0.9995066 , 0 , -0.031410724
2025-12-05 18:52:55.6153 (StateSyncRequestHandler.cs:17) 玩家ID:482734309785206785 移动到新位置: 3.725245 , 0 , 4.7790837
2025-12-05 18:52:55.7088 (StateSyncRequestHandler.cs:17) 玩家ID:482734309785206785 移动方向: -0.9995066 , 0 , -0.031410724
2025-12-05 18:52:55.7088 (StateSyncRequestHandler.cs:17) 玩家ID:482734309785206785 移动到新位置: 3.425393 , 0 , 4.7696605
2025-12-05 18:52:55.8025 (StateSyncRequestHandler.cs:17) 玩家ID:482734309785206785 移动方向: 0.7289686 , 0 , -0.6845471
2025-12-05 18:52:55.8025 (StateSyncRequestHandler.cs:17) 玩家ID:482734309785206785 移动到新位置: 3.6440837 , 0 , 4.5642962
2025-12-05 18:52:55.8949 (StateSyncRequestHandler.cs:17) 玩家ID:482734309785206785 移动方向: 0.7289686 , 0 , -0.6845471
2025-12-05 18:52:55.8961 (StateSyncRequestHandler.cs:17) 玩家ID:482734309785206785 移动到新位置: 3.8627744 , 0 , 4.358932
2025-12-05 18:52:56.0031 (StateSyncRequestHandler.cs:17) 玩家ID:482734309785206785 移动方向: 0.9995066 , 0 , 0.031410724
2025-12-05 18:52:56.0031 (StateSyncRequestHandler.cs:17) 玩家ID:482734309785206785 移动到新位置: 4.1626263 , 0 , 4.3683553
2025-12-05 18:52:56.0951 (StateSyncRequestHandler.cs:17) 玩家ID:482734309785206785 移动方向: 0.6845471 , 0 , 0.7289686
2025-12-05 18:52:56.0951 (StateSyncRequestHandler.cs:17) 玩家ID:482734309785206785 移动到新位置: 4.3679905 , 0 , 4.5870457
2025-12-05 18:52:56.2173 (StateSyncRequestHandler.cs:17) 玩家ID:482734309785206785 移动方向: 0.6845471 , 0 , 0.7289686
2025-12-05 18:52:56.2173 (StateSyncRequestHandler.cs:17) 玩家ID:482734309785206785 移动到新位置: 4.5733547 , 0 , 4.805736
2025-12-05 18:52:56.2943 (StateSyncRequestHandler.cs:17) 玩家ID:482734309785206785 移动方向: 0.9995066 , 0 , 0.031410724
2025-12-05 18:52:56.2943 (StateSyncRequestHandler.cs:17) 玩家ID:482734309785206785 移动到新位置: 4.8732066 , 0 , 4.8151593
2025-12-05 18:52:56.4034 (StateSyncRequestHandler.cs:17) 玩家ID:482734309785206785 移动到新位置: 4.8732066 , 0 , 4.8151593
2025-12-05 18:52:58.3113 (StateSyncRequestHandler.cs:17) 玩家ID:482734309785206785 移动方向: -0.7289686 , 0 , 0.6845471
2025-12-05 18:52:58.3113 (StateSyncRequestHandler.cs:17) 玩家ID:482734309785206785 移动到新位置: 4.7274127 , 0 , 4.952069
2025-12-05 18:52:58.4048 (StateSyncRequestHandler.cs:17) 玩家ID:482734309785206785 移动方向: -0.7289686 , 0 , 0.6845471
2025-12-05 18:52:58.4048 (StateSyncRequestHandler.cs:17) 玩家ID:482734309785206785 移动到新位置: 4.581619 , 0 , 5.0889783
2025-12-05 18:52:58.5137 (StateSyncRequestHandler.cs:17) 玩家ID:482734309785206785 移动方向: -0.7289686 , 0 , 0.6845471
2025-12-05 18:52:58.5137 (StateSyncRequestHandler.cs:17) 玩家ID:482734309785206785 移动到新位置: 4.3629284 , 0 , 5.2943425
2025-12-05 18:52:58.6069 (StateSyncRequestHandler.cs:17) 玩家ID:482734309785206785 移动方向: -0.7289686 , 0 , 0.6845471
2025-12-05 18:52:58.6069 (StateSyncRequestHandler.cs:17) 玩家ID:482734309785206785 移动到新位置: 4.144238 , 0 , 5.4997067
2025-12-05 18:52:58.6985 (StateSyncRequestHandler.cs:17) 玩家ID:482734309785206785 移动方向: -0.9995066 , 0 , -0.031410724
2025-12-05 18:52:58.6985 (StateSyncRequestHandler.cs:17) 玩家ID:482734309785206785 移动到新位置: 3.844386 , 0 , 5.4902835
2025-12-05 18:52:58.7903 (StateSyncRequestHandler.cs:17) 玩家ID:482734309785206785 移动方向: -0.6845471 , 0 , -0.7289686
2025-12-05 18:52:58.7903 (StateSyncRequestHandler.cs:17) 玩家ID:482734309785206785 移动到新位置: 3.6390219 , 0 , 5.271593
2025-12-05 18:52:58.8996 (StateSyncRequestHandler.cs:17) 玩家ID:482734309785206785 移动方向: -0.6845471 , 0 , -0.7289686
2025-12-05 18:52:58.8996 (StateSyncRequestHandler.cs:17) 玩家ID:482734309785206785 移动到新位置: 3.4336576 , 0 , 5.0529027
2025-12-05 18:52:59.0085 (StateSyncRequestHandler.cs:17) 玩家ID:482734309785206785 移动方向: -0.6845471 , 0 , -0.7289686
2025-12-05 18:52:59.0085 (StateSyncRequestHandler.cs:17) 玩家ID:482734309785206785 移动到新位置: 3.2282934 , 0 , 4.8342123
2025-12-05 18:52:59.1027 (StateSyncRequestHandler.cs:17) 玩家ID:482734309785206785 移动方向: 0.7289686 , 0 , -0.6845471
2025-12-05 18:52:59.1027 (StateSyncRequestHandler.cs:17) 玩家ID:482734309785206785 移动到新位置: 3.446984 , 0 , 4.628848
2025-12-05 18:52:59.2136 (StateSyncRequestHandler.cs:17) 玩家ID:482734309785206785 移动方向: 0.9995066 , 0 , 0.031410724
2025-12-05 18:52:59.2136 (StateSyncRequestHandler.cs:17) 玩家ID:482734309785206785 移动到新位置: 3.746836 , 0 , 4.6382713
2025-12-05 18:52:59.2904 (StateSyncRequestHandler.cs:17) 玩家ID:482734309785206785 移动方向: 0.6845471 , 0 , 0.7289686
2025-12-05 18:52:59.2904 (StateSyncRequestHandler.cs:17) 玩家ID:482734309785206785 移动到新位置: 3.9522002 , 0 , 4.8569617
2025-12-05 18:52:59.4142 (StateSyncRequestHandler.cs:17) 玩家ID:482734309785206785 移动方向: 0.6845471 , 0 , 0.7289686
2025-12-05 18:52:59.4142 (StateSyncRequestHandler.cs:17) 玩家ID:482734309785206785 移动到新位置: 4.157564 , 0 , 5.075652
2025-12-05 18:52:59.5052 (StateSyncRequestHandler.cs:17) 玩家ID:482734309785206785 移动方向: 0.68662673 , 0 , 0.72701013
2025-12-05 18:52:59.5058 (StateSyncRequestHandler.cs:17) 玩家ID:482734309785206785 移动到新位置: 4.363552 , 0 , 5.293755
2025-12-05 18:52:59.5984 (StateSyncRequestHandler.cs:17) 玩家ID:482734309785206785 移动方向: 0.7022246 , 0 , 0.7119555
2025-12-05 18:52:59.5993 (StateSyncRequestHandler.cs:17) 玩家ID:482734309785206785 移动到新位置: 4.5742197 , 0 , 5.507342
2025-12-05 18:52:59.7077 (StateSyncRequestHandler.cs:17) 玩家ID:482734309785206785 移动方向: 0.71490765 , 0 , 0.69921887
2025-12-05 18:52:59.7090 (StateSyncRequestHandler.cs:17) 玩家ID:482734309785206785 移动到新位置: 4.788692 , 0 , 5.7171073
2025-12-05 18:52:59.7999 (StateSyncRequestHandler.cs:17) 玩家ID:482734309785206785 移动方向: 0.72028583 , 0 , 0.6936774
2025-12-05 18:52:59.7999 (StateSyncRequestHandler.cs:17) 玩家ID:482734309785206785 移动到新位置: 5.004778 , 0 , 5.9252105
2025-12-05 18:52:59.9088 (StateSyncRequestHandler.cs:17) 玩家ID:482734309785206785 移动方向: 0.99975455 , 0 , -0.022156209
2025-12-05 18:52:59.9088 (StateSyncRequestHandler.cs:17) 玩家ID:482734309785206785 移动到新位置: 5.304704 , 0 , 5.918564
2025-12-05 18:53:00.0037 (StateSyncRequestHandler.cs:17) 玩家ID:482734309785206785 移动到新位置: 5.304704 , 0 , 5.918564
2025-12-05 18:53:02.9978 (StateSyncRequestHandler.cs:17) 玩家ID:482734309785206785 移动方向: -0.72356975 , 0 , -0.6902513
2025-12-05 18:53:02.9978 (StateSyncRequestHandler.cs:17) 玩家ID:482734309785206785 移动到新位置: 5.1599903 , 0 , 5.780514
2025-12-05 18:53:03.1075 (StateSyncRequestHandler.cs:17) 玩家ID:482734309785206785 移动方向: -0.72356975 , 0 , -0.6902513
2025-12-05 18:53:03.1075 (StateSyncRequestHandler.cs:17) 玩家ID:482734309785206785 移动到新位置: 5.0152764 , 0 , 5.6424637
2025-12-05 18:53:03.1994 (StateSyncRequestHandler.cs:17) 玩家ID:482734309785206785 移动方向: -0.72356975 , 0 , -0.6902513
2025-12-05 18:53:03.1994 (StateSyncRequestHandler.cs:17) 玩家ID:482734309785206785 移动到新位置: 4.7982054 , 0 , 5.435388
2025-12-05 18:53:03.2932 (StateSyncRequestHandler.cs:17) 玩家ID:482734309785206785 移动方向: -0.72356975 , 0 , -0.6902513
2025-12-05 18:53:03.2932 (StateSyncRequestHandler.cs:17) 玩家ID:482734309785206785 移动到新位置: 4.5811343 , 0 , 5.2283125
2025-12-05 18:53:03.4002 (StateSyncRequestHandler.cs:17) 玩家ID:482734309785206785 移动方向: -0.72356975 , 0 , -0.6902513
2025-12-05 18:53:03.4002 (StateSyncRequestHandler.cs:17) 玩家ID:482734309785206785 移动到新位置: 4.3640633 , 0 , 5.021237
2025-12-05 18:53:03.5095 (StateSyncRequestHandler.cs:17) 玩家ID:482734309785206785 移动方向: -0.72356975 , 0 , -0.6902513
2025-12-05 18:53:03.5095 (StateSyncRequestHandler.cs:17) 玩家ID:482734309785206785 移动到新位置: 4.146992 , 0 , 4.8141613
2025-12-05 18:53:03.6032 (StateSyncRequestHandler.cs:17) 玩家ID:482734309785206785 移动方向: -0.9997225 , 0 , 0.02355972
2025-12-05 18:53:03.6032 (StateSyncRequestHandler.cs:17) 玩家ID:482734309785206785 移动到新位置: 3.8470755 , 0 , 4.821229
2025-12-05 18:53:03.6959 (StateSyncRequestHandler.cs:17) 玩家ID:482734309785206785 移动方向: -0.9997225 , 0 , 0.02355972
2025-12-05 18:53:03.6959 (StateSyncRequestHandler.cs:17) 玩家ID:482734309785206785 移动到新位置: 3.5471587 , 0 , 4.8282967
2025-12-05 18:53:03.8055 (StateSyncRequestHandler.cs:17) 玩家ID:482734309785206785 移动方向: -0.9997225 , 0 , 0.02355972
2025-12-05 18:53:03.8055 (StateSyncRequestHandler.cs:17) 玩家ID:482734309785206785 移动到新位置: 3.247242 , 0 , 4.8353643
2025-12-05 18:53:03.9118 (StateSyncRequestHandler.cs:17) 玩家ID:482734309785206785 移动方向: -0.9997225 , 0 , 0.02355972
2025-12-05 18:53:03.9118 (StateSyncRequestHandler.cs:17) 玩家ID:482734309785206785 移动到新位置: 2.9473252 , 0 , 4.842432
2025-12-05 18:53:04.0067 (StateSyncRequestHandler.cs:17) 玩家ID:482734309785206785 移动方向: -0.72356975 , 0 , -0.6902513
2025-12-05 18:53:04.0067 (StateSyncRequestHandler.cs:17) 玩家ID:482734309785206785 移动到新位置: 2.7302544 , 0 , 4.6353564
2025-12-05 18:53:04.0993 (StateSyncRequestHandler.cs:17) 玩家ID:482734309785206785 移动方向: -0.02355969 , 0 , -0.9997225
2025-12-05 18:53:04.0993 (StateSyncRequestHandler.cs:17) 玩家ID:482734309785206785 移动到新位置: 2.7231865 , 0 , 4.3354397
2025-12-05 18:53:04.2085 (StateSyncRequestHandler.cs:17) 玩家ID:482734309785206785 移动方向: -0.02355969 , 0 , -0.9997225
2025-12-05 18:53:04.2085 (StateSyncRequestHandler.cs:17) 玩家ID:482734309785206785 移动到新位置: 2.7161186 , 0 , 4.035523
2025-12-05 18:53:04.3018 (StateSyncRequestHandler.cs:17) 玩家ID:482734309785206785 移动方向: -0.02355969 , 0 , -0.9997225
2025-12-05 18:53:04.3024 (StateSyncRequestHandler.cs:17) 玩家ID:482734309785206785 移动到新位置: 2.7090507 , 0 , 3.7356062
2025-12-05 18:53:04.4094 (StateSyncRequestHandler.cs:17) 玩家ID:482734309785206785 移动方向: -0.02355969 , 0 , -0.9997225
2025-12-05 18:53:04.4094 (StateSyncRequestHandler.cs:17) 玩家ID:482734309785206785 移动到新位置: 2.7019827 , 0 , 3.4356894
2025-12-05 18:53:04.5015 (StateSyncRequestHandler.cs:17) 玩家ID:482734309785206785 移动方向: -0.9997225 , 0 , 0.02355972
2025-12-05 18:53:04.5015 (StateSyncRequestHandler.cs:17) 玩家ID:482734309785206785 移动到新位置: 2.402066 , 0 , 3.4427574
2025-12-05 18:53:04.5941 (StateSyncRequestHandler.cs:17) 玩家ID:482734309785206785 移动方向: -0.9997225 , 0 , 0.02355972
2025-12-05 18:53:04.5941 (StateSyncRequestHandler.cs:17) 玩家ID:482734309785206785 移动到新位置: 2.1021492 , 0 , 3.4498253
2025-12-05 18:53:04.7013 (StateSyncRequestHandler.cs:17) 玩家ID:482734309785206785 移动方向: -0.9997225 , 0 , 0.02355972
2025-12-05 18:53:04.7013 (StateSyncRequestHandler.cs:17) 玩家ID:482734309785206785 移动到新位置: 1.8022325 , 0 , 3.4568932
2025-12-05 18:53:04.8102 (StateSyncRequestHandler.cs:17) 玩家ID:482734309785206785 移动方向: -0.9997225 , 0 , 0.02355972
2025-12-05 18:53:04.8102 (StateSyncRequestHandler.cs:17) 玩家ID:482734309785206785 移动到新位置: 1.5023158 , 0 , 3.4639611
2025-12-05 18:53:04.9037 (StateSyncRequestHandler.cs:17) 玩家ID:482734309785206785 移动方向: -0.9997225 , 0 , 0.02355972
2025-12-05 18:53:04.9037 (StateSyncRequestHandler.cs:17) 玩家ID:482734309785206785 移动到新位置: 1.202399 , 0 , 3.471029
2025-12-05 18:53:05.0114 (StateSyncRequestHandler.cs:17) 玩家ID:482734309785206785 移动方向: -0.9997225 , 0 , 0.02355972
2025-12-05 18:53:05.0114 (StateSyncRequestHandler.cs:17) 玩家ID:482734309785206785 移动到新位置: 0.9024823 , 0 , 3.478097
2025-12-05 18:53:05.1038 (StateSyncRequestHandler.cs:17) 玩家ID:482734309785206785 移动方向: -0.9997225 , 0 , 0.02355972
2025-12-05 18:53:05.1038 (StateSyncRequestHandler.cs:17) 玩家ID:482734309785206785 移动到新位置: 0.6025655 , 0 , 3.4851649
2025-12-05 18:53:05.1977 (StateSyncRequestHandler.cs:17) 玩家ID:482734309785206785 移动方向: -0.72356975 , 0 , -0.6902513
2025-12-05 18:53:05.1977 (StateSyncRequestHandler.cs:17) 玩家ID:482734309785206785 移动到新位置: 0.3854946 , 0 , 3.2780895
2025-12-05 18:53:05.3060 (StateSyncRequestHandler.cs:17) 玩家ID:482734309785206785 移动方向: -0.02355969 , 0 , -0.9997225
2025-12-05 18:53:05.3060 (StateSyncRequestHandler.cs:17) 玩家ID:482734309785206785 移动到新位置: 0.37842667 , 0 , 2.9781728
2025-12-05 18:53:05.4001 (StateSyncRequestHandler.cs:17) 玩家ID:482734309785206785 移动方向: 0.69025135 , 0 , -0.72356975
2025-12-05 18:53:05.4001 (StateSyncRequestHandler.cs:17) 玩家ID:482734309785206785 移动到新位置: 0.5855021 , 0 , 2.761102
2025-12-05 18:53:05.5085 (StateSyncRequestHandler.cs:17) 玩家ID:482734309785206785 移动方向: 0.9997225 , 0 , -0.02355972
2025-12-05 18:53:05.5085 (StateSyncRequestHandler.cs:17) 玩家ID:482734309785206785 移动到新位置: 0.88541883 , 0 , 2.754034
2025-12-05 18:53:05.6019 (StateSyncRequestHandler.cs:17) 玩家ID:482734309785206785 移动方向: 0.72356975 , 0 , 0.6902513
2025-12-05 18:53:05.6019 (StateSyncRequestHandler.cs:17) 玩家ID:482734309785206785 移动到新位置: 1.1024897 , 0 , 2.9611094
2025-12-05 18:53:05.7113 (StateSyncRequestHandler.cs:17) 玩家ID:482734309785206785 移动方向: 0.72356975 , 0 , 0.6902513
2025-12-05 18:53:05.7113 (StateSyncRequestHandler.cs:17) 玩家ID:482734309785206785 移动到新位置: 1.3195606 , 0 , 3.1681848
2025-12-05 18:53:05.8041 (StateSyncRequestHandler.cs:17) 玩家ID:482734309785206785 移动方向: 0.72356975 , 0 , 0.6902513
2025-12-05 18:53:05.8041 (StateSyncRequestHandler.cs:17) 玩家ID:482734309785206785 移动到新位置: 1.5366316 , 0 , 3.37526
2025-12-05 18:53:05.8971 (StateSyncRequestHandler.cs:17) 玩家ID:482734309785206785 移动方向: 0.72356975 , 0 , 0.6902513
2025-12-05 18:53:05.8971 (StateSyncRequestHandler.cs:17) 玩家ID:482734309785206785 移动到新位置: 1.7537025 , 0 , 3.5823355
2025-12-05 18:53:06.0048 (StateSyncRequestHandler.cs:17) 玩家ID:482734309785206785 移动方向: 0.72356975 , 0 , 0.6902513
2025-12-05 18:53:06.0058 (StateSyncRequestHandler.cs:17) 玩家ID:482734309785206785 移动到新位置: 1.9707735 , 0 , 3.7894108
2025-12-05 18:53:06.0958 (StateSyncRequestHandler.cs:17) 玩家ID:482734309785206785 移动方向: 0.72356975 , 0 , 0.6902513
2025-12-05 18:53:06.0958 (StateSyncRequestHandler.cs:17) 玩家ID:482734309785206785 移动到新位置: 2.1878443 , 0 , 3.9964862
2025-12-05 18:53:06.2048 (StateSyncRequestHandler.cs:17) 玩家ID:482734309785206785 移动方向: 0.02355969 , 0 , 0.9997225
2025-12-05 18:53:06.2048 (StateSyncRequestHandler.cs:17) 玩家ID:482734309785206785 移动到新位置: 2.1949122 , 0 , 4.296403
2025-12-05 18:53:06.2963 (StateSyncRequestHandler.cs:17) 玩家ID:482734309785206785 移动方向: 0.9997225 , 0 , -0.02355972
2025-12-05 18:53:06.2963 (StateSyncRequestHandler.cs:17) 玩家ID:482734309785206785 移动到新位置: 2.494829 , 0 , 4.2893353
2025-12-05 18:53:06.4046 (StateSyncRequestHandler.cs:17) 玩家ID:482734309785206785 移动到新位置: 2.494829 , 0 , 4.2893353
2025-12-05 18:53:06.5124 (StateSyncRequestHandler.cs:17) 玩家ID:482734309785206785 移动方向: -0.9997225 , 0 , 0.02355972
2025-12-05 18:53:06.5124 (StateSyncRequestHandler.cs:17) 玩家ID:482734309785206785 移动到新位置: 2.1949122 , 0 , 4.296403
2025-12-05 18:53:06.6058 (StateSyncRequestHandler.cs:17) 玩家ID:482734309785206785 移动方向: 0.69025135 , 0 , -0.72356975
2025-12-05 18:53:06.6058 (StateSyncRequestHandler.cs:17) 玩家ID:482734309785206785 移动到新位置: 2.4019876 , 0 , 4.079332
2025-12-05 18:53:06.7130 (StateSyncRequestHandler.cs:17) 玩家ID:482734309785206785 移动方向: 0.72356975 , 0 , 0.6902513
2025-12-05 18:53:06.7130 (StateSyncRequestHandler.cs:17) 玩家ID:482734309785206785 移动到新位置: 2.6190584 , 0 , 4.2864075
2025-12-05 18:53:06.8056 (StateSyncRequestHandler.cs:17) 玩家ID:482734309785206785 移动到新位置: 2.6190584 , 0 , 4.2864075
2025-12-05 18:53:06.9149 (StateSyncRequestHandler.cs:17) 玩家ID:482734309785206785 移动方向: -0.72356975 , 0 , -0.6902513
2025-12-05 18:53:06.9149 (StateSyncRequestHandler.cs:17) 玩家ID:482734309785206785 移动到新位置: 2.4019876 , 0 , 4.079332
2025-12-05 18:53:07.0089 (StateSyncRequestHandler.cs:17) 玩家ID:482734309785206785 移动方向: 0.69025135 , 0 , -0.72356975
2025-12-05 18:53:07.0089 (StateSyncRequestHandler.cs:17) 玩家ID:482734309785206785 移动到新位置: 2.609063 , 0 , 3.862261
2025-12-05 18:53:07.1014 (StateSyncRequestHandler.cs:17) 玩家ID:482734309785206785 移动方向: 0.9997225 , 0 , -0.02355972
2025-12-05 18:53:07.1014 (StateSyncRequestHandler.cs:17) 玩家ID:482734309785206785 移动到新位置: 2.9089797 , 0 , 3.8551931
2025-12-05 18:53:07.2104 (StateSyncRequestHandler.cs:17) 玩家ID:482734309785206785 移动到新位置: 2.9089797 , 0 , 3.8551931
2025-12-05 18:53:07.3028 (StateSyncRequestHandler.cs:17) 玩家ID:482734309785206785 移动方向: -0.72356975 , 0 , -0.6902513
2025-12-05 18:53:07.3028 (StateSyncRequestHandler.cs:17) 玩家ID:482734309785206785 移动到新位置: 2.6919088 , 0 , 3.6481178
2025-12-05 18:53:07.4105 (StateSyncRequestHandler.cs:17) 玩家ID:482734309785206785 移动方向: 0.69025135 , 0 , -0.72356975
2025-12-05 18:53:07.4105 (StateSyncRequestHandler.cs:17) 玩家ID:482734309785206785 移动到新位置: 2.8989842 , 0 , 3.431047
2025-12-05 18:53:07.5039 (StateSyncRequestHandler.cs:17) 玩家ID:482734309785206785 移动方向: 0.72356975 , 0 , 0.6902513
2025-12-05 18:53:07.5039 (StateSyncRequestHandler.cs:17) 玩家ID:482734309785206785 移动到新位置: 3.116055 , 0 , 3.6381223
2025-12-05 18:53:07.5978 (StateSyncRequestHandler.cs:17) 玩家ID:482734309785206785 移动方向: 0.69025135 , 0 , -0.72356975
2025-12-05 18:53:07.5978 (StateSyncRequestHandler.cs:17) 玩家ID:482734309785206785 移动到新位置: 3.3231304 , 0 , 3.4210515
2025-12-05 18:53:07.7061 (StateSyncRequestHandler.cs:17) 玩家ID:482734309785206785 移动方向: -0.72356975 , 0 , -0.6902513
2025-12-05 18:53:07.7061 (StateSyncRequestHandler.cs:17) 玩家ID:482734309785206785 移动到新位置: 3.1060596 , 0 , 3.2139761
2025-12-05 18:53:07.8137 (StateSyncRequestHandler.cs:17) 玩家ID:482734309785206785 移动方向: -0.69025135 , 0 , 0.72356975
2025-12-05 18:53:07.8137 (StateSyncRequestHandler.cs:17) 玩家ID:482734309785206785 移动到新位置: 2.8989842 , 0 , 3.431047
2025-12-05 18:53:07.9058 (StateSyncRequestHandler.cs:17) 玩家ID:482734309785206785 移动方向: 0.9997225 , 0 , -0.02355972
2025-12-05 18:53:07.9058 (StateSyncRequestHandler.cs:17) 玩家ID:482734309785206785 移动到新位置: 3.198901 , 0 , 3.423979
2025-12-05 18:53:08.0135 (StateSyncRequestHandler.cs:17) 玩家ID:482734309785206785 移动方向: 0.72356975 , 0 , 0.6902513
2025-12-05 18:53:08.0135 (StateSyncRequestHandler.cs:17) 玩家ID:482734309785206785 移动到新位置: 3.4159718 , 0 , 3.6310544
2025-12-05 18:53:08.1049 (StateSyncRequestHandler.cs:17) 玩家ID:482734309785206785 移动方向: 0.69025135 , 0 , -0.72356975
2025-12-05 18:53:08.1049 (StateSyncRequestHandler.cs:17) 玩家ID:482734309785206785 移动到新位置: 3.623047 , 0 , 3.4139836
2025-12-05 18:53:08.1983 (StateSyncRequestHandler.cs:17) 玩家ID:482734309785206785 移动方向: -0.9997225 , 0 , 0.02355972
2025-12-05 18:53:08.1983 (StateSyncRequestHandler.cs:17) 玩家ID:482734309785206785 移动到新位置: 3.3231304 , 0 , 3.4210515
2025-12-05 18:53:08.3073 (StateSyncRequestHandler.cs:17) 玩家ID:482734309785206785 移动方向: 0.69025135 , 0 , -0.72356975
2025-12-05 18:53:08.3073 (StateSyncRequestHandler.cs:17) 玩家ID:482734309785206785 移动到新位置: 3.5302057 , 0 , 3.2039807
2025-12-05 18:53:08.4003 (StateSyncRequestHandler.cs:17) 玩家ID:482734309785206785 移动方向: 0.72356975 , 0 , 0.6902513
2025-12-05 18:53:08.4003 (StateSyncRequestHandler.cs:17) 玩家ID:482734309785206785 移动到新位置: 3.7472765 , 0 , 3.411056
2025-12-05 18:53:08.5060 (StateSyncRequestHandler.cs:17) 玩家ID:482734309785206785 移动方向: 0.9997225 , 0 , -0.02355972
2025-12-05 18:53:08.5060 (StateSyncRequestHandler.cs:17) 玩家ID:482734309785206785 移动到新位置: 4.0471935 , 0 , 3.4039881
2025-12-05 18:53:08.6154 (StateSyncRequestHandler.cs:17) 玩家ID:482734309785206785 移动方向: 0.69025135 , 0 , -0.72356975
2025-12-05 18:53:08.6154 (StateSyncRequestHandler.cs:17) 玩家ID:482734309785206785 移动到新位置: 4.254269 , 0 , 3.1869173
2025-12-05 18:53:08.7077 (StateSyncRequestHandler.cs:17) 玩家ID:482734309785206785 移动方向: -0.9997225 , 0 , 0.02355972
2025-12-05 18:53:08.7077 (StateSyncRequestHandler.cs:17) 玩家ID:482734309785206785 移动到新位置: 3.9543524 , 0 , 3.1939852
2025-12-05 18:53:08.8019 (StateSyncRequestHandler.cs:17) 玩家ID:482734309785206785 移动方向: 0.69025135 , 0 , -0.72356975
2025-12-05 18:53:08.8019 (StateSyncRequestHandler.cs:17) 玩家ID:482734309785206785 移动到新位置: 4.161428 , 0 , 2.9769144
2025-12-05 18:53:08.9099 (StateSyncRequestHandler.cs:17) 玩家ID:482734309785206785 移动方向: 0.69025135 , 0 , -0.72356975
2025-12-05 18:53:08.9099 (StateSyncRequestHandler.cs:17) 玩家ID:482734309785206785 移动到新位置: 4.3685036 , 0 , 2.7598436
2025-12-05 18:53:09.0038 (StateSyncRequestHandler.cs:17) 玩家ID:482734309785206785 移动方向: 0.9997225 , 0 , -0.02355972
2025-12-05 18:53:09.0038 (StateSyncRequestHandler.cs:17) 玩家ID:482734309785206785 移动到新位置: 4.6684203 , 0 , 2.7527757
2025-12-05 18:53:09.0965 (StateSyncRequestHandler.cs:17) 玩家ID:482734309785206785 移动方向: 0.9997225 , 0 , -0.02355972
2025-12-05 18:53:09.0965 (StateSyncRequestHandler.cs:17) 玩家ID:482734309785206785 移动到新位置: 4.968337 , 0 , 2.7457078
2025-12-05 18:53:09.2055 (StateSyncRequestHandler.cs:17) 玩家ID:482734309785206785 移动方向: 0.9997225 , 0 , -0.02355972
2025-12-05 18:53:09.2055 (StateSyncRequestHandler.cs:17) 玩家ID:482734309785206785 移动到新位置: 5.268254 , 0 , 2.7386398
2025-12-05 18:53:09.2992 (StateSyncRequestHandler.cs:17) 玩家ID:482734309785206785 移动方向: 0.02355969 , 0 , 0.9997225
2025-12-05 18:53:09.2992 (StateSyncRequestHandler.cs:17) 玩家ID:482734309785206785 移动到新位置: 5.2753215 , 0 , 3.0385566
2025-12-05 18:53:09.4068 (StateSyncRequestHandler.cs:17) 玩家ID:482734309785206785 移动方向: 0.0237163 , 0 , 0.99971867
2025-12-05 18:53:09.4068 (StateSyncRequestHandler.cs:17) 玩家ID:482734309785206785 移动到新位置: 5.2824364 , 0 , 3.3384721
2025-12-05 18:53:09.5009 (StateSyncRequestHandler.cs:17) 玩家ID:482734309785206785 移动方向: 0.022492647 , 0 , 0.999747
2025-12-05 18:53:09.5009 (StateSyncRequestHandler.cs:17) 玩家ID:482734309785206785 移动到新位置: 5.289184 , 0 , 3.6383963
2025-12-05 18:53:09.5959 (StateSyncRequestHandler.cs:17) 玩家ID:482734309785206785 移动方向: 0.02076891 , 0 , 0.99978423
2025-12-05 18:53:09.5959 (StateSyncRequestHandler.cs:17) 玩家ID:482734309785206785 移动到新位置: 5.295415 , 0 , 3.9383316
2025-12-05 18:53:09.7040 (StateSyncRequestHandler.cs:17) 玩家ID:482734309785206785 移动方向: 0.9997979 , 0 , -0.020103514
2025-12-05 18:53:09.7040 (StateSyncRequestHandler.cs:17) 玩家ID:482734309785206785 移动到新位置: 5.595354 , 0 , 3.9323006
2025-12-05 18:53:09.7983 (StateSyncRequestHandler.cs:17) 玩家ID:482734309785206785 移动方向: 0.9998042 , 0 , -0.019786417
2025-12-05 18:53:09.7983 (StateSyncRequestHandler.cs:17) 玩家ID:482734309785206785 移动到新位置: 5.895295 , 0 , 3.9263647
2025-12-05 18:53:09.9067 (StateSyncRequestHandler.cs:17) 玩家ID:482734309785206785 移动方向: 0.019679576 , 0 , 0.9998063
2025-12-05 18:53:09.9067 (StateSyncRequestHandler.cs:17) 玩家ID:482734309785206785 移动到新位置: 5.901199 , 0 , 4.2263064
2025-12-05 18:53:09.9994 (StateSyncRequestHandler.cs:17) 玩家ID:482734309785206785 移动方向: 0.9998069 , 0 , -0.01964733
2025-12-05 18:53:09.9994 (StateSyncRequestHandler.cs:17) 玩家ID:482734309785206785 移动到新位置: 6.201141 , 0 , 4.2204123
2025-12-05 18:53:10.1057 (StateSyncRequestHandler.cs:17) 玩家ID:482734309785206785 移动到新位置: 6.201141 , 0 , 4.2204123
2025-12-05 18:53:10.9079 (StateSyncRequestHandler.cs:17) 玩家ID:482734309785206785 移动方向: -0.6930872 , 0 , 0.72085375
2025-12-05 18:53:10.9079 (StateSyncRequestHandler.cs:17) 玩家ID:482734309785206785 移动到新位置: 6.0625234 , 0 , 4.364583
2025-12-05 18:53:11.0154 (StateSyncRequestHandler.cs:17) 玩家ID:482734309785206785 移动方向: -0.6930872 , 0 , 0.72085375
2025-12-05 18:53:11.0154 (StateSyncRequestHandler.cs:17) 玩家ID:482734309785206785 移动到新位置: 5.923906 , 0 , 4.508754
2025-12-05 18:53:11.1070 (StateSyncRequestHandler.cs:17) 玩家ID:482734309785206785 移动方向: -0.72085375 , 0 , -0.6930872
2025-12-05 18:53:11.1070 (StateSyncRequestHandler.cs:17) 玩家ID:482734309785206785 移动到新位置: 5.779735 , 0 , 4.3701363
2025-12-05 18:53:11.2151 (StateSyncRequestHandler.cs:17) 玩家ID:482734309785206785 移动方向: -0.72085375 , 0 , -0.6930872
2025-12-05 18:53:11.2151 (StateSyncRequestHandler.cs:17) 玩家ID:482734309785206785 移动到新位置: 5.6355643 , 0 , 4.2315187
2025-12-05 18:53:11.3078 (StateSyncRequestHandler.cs:17) 玩家ID:482734309785206785 移动方向: -0.72085375 , 0 , -0.6930872
2025-12-05 18:53:11.3078 (StateSyncRequestHandler.cs:17) 玩家ID:482734309785206785 移动到新位置: 5.4913936 , 0 , 4.092901
2025-12-05 18:53:11.3986 (StateSyncRequestHandler.cs:17) 玩家ID:482734309785206785 移动方向: -0.72085375 , 0 , -0.6930872
2025-12-05 18:53:11.3986 (StateSyncRequestHandler.cs:17) 玩家ID:482734309785206785 移动到新位置: 5.347223 , 0 , 3.9542837
2025-12-05 18:53:11.4900 (StateSyncRequestHandler.cs:17) 玩家ID:482734309785206785 移动方向: -0.99980724 , 0 , 0.01963389
2025-12-05 18:53:11.4900 (StateSyncRequestHandler.cs:17) 玩家ID:482734309785206785 移动到新位置: 5.147261 , 0 , 3.9582105
2025-12-05 18:53:11.5986 (StateSyncRequestHandler.cs:17) 玩家ID:482734309785206785 移动方向: -0.6930872 , 0 , 0.72085375
2025-12-05 18:53:11.5986 (StateSyncRequestHandler.cs:17) 玩家ID:482734309785206785 移动到新位置: 5.0086436 , 0 , 4.102381
2025-12-05 18:53:11.7229 (StateSyncRequestHandler.cs:17) 玩家ID:482734309785206785 移动方向: -0.6930872 , 0 , 0.72085375
2025-12-05 18:53:11.7229 (StateSyncRequestHandler.cs:17) 玩家ID:482734309785206785 移动到新位置: 4.870026 , 0 , 4.246552
2025-12-05 18:53:11.7990 (StateSyncRequestHandler.cs:17) 玩家ID:482734309785206785 移动方向: 0.01963389 , 0 , 0.99980724
2025-12-05 18:53:11.7990 (StateSyncRequestHandler.cs:17) 玩家ID:482734309785206785 移动到新位置: 4.873953 , 0 , 4.4465137
2025-12-05 18:53:11.9065 (StateSyncRequestHandler.cs:17) 玩家ID:482734309785206785 移动方向: -0.6930872 , 0 , 0.72085375
2025-12-05 18:53:11.9065 (StateSyncRequestHandler.cs:17) 玩家ID:482734309785206785 移动到新位置: 4.7353354 , 0 , 4.5906844
2025-12-05 18:53:12.0129 (StateSyncRequestHandler.cs:17) 玩家ID:482734309785206785 移动方向: -0.72085375 , 0 , -0.6930872
2025-12-05 18:53:12.0129 (StateSyncRequestHandler.cs:17) 玩家ID:482734309785206785 移动到新位置: 4.5911646 , 0 , 4.452067
2025-12-05 18:53:12.1049 (StateSyncRequestHandler.cs:17) 玩家ID:482734309785206785 移动方向: -0.72085375 , 0 , -0.6930872
2025-12-05 18:53:12.1049 (StateSyncRequestHandler.cs:17) 玩家ID:482734309785206785 移动到新位置: 4.446994 , 0 , 4.3134494
2025-12-05 18:53:12.1965 (StateSyncRequestHandler.cs:17) 玩家ID:482734309785206785 移动方向: -0.01963389 , 0 , -0.99980724
2025-12-05 18:53:12.1965 (StateSyncRequestHandler.cs:17) 玩家ID:482734309785206785 移动到新位置: 4.443067 , 0 , 4.1134877
2025-12-05 18:53:12.3051 (StateSyncRequestHandler.cs:17) 玩家ID:482734309785206785 移动方向: -0.01963389 , 0 , -0.99980724
2025-12-05 18:53:12.3051 (StateSyncRequestHandler.cs:17) 玩家ID:482734309785206785 移动到新位置: 4.4391403 , 0 , 3.9135263
2025-12-05 18:53:12.3964 (StateSyncRequestHandler.cs:17) 玩家ID:482734309785206785 移动方向: -0.72085375 , 0 , -0.6930872
2025-12-05 18:53:12.3964 (StateSyncRequestHandler.cs:17) 玩家ID:482734309785206785 移动到新位置: 4.2949696 , 0 , 3.7749088
2025-12-05 18:53:12.5042 (StateSyncRequestHandler.cs:17) 玩家ID:482734309785206785 移动方向: -0.72085375 , 0 , -0.6930872
2025-12-05 18:53:12.5042 (StateSyncRequestHandler.cs:17) 玩家ID:482734309785206785 移动到新位置: 4.150799 , 0 , 3.6362913
2025-12-05 18:53:12.5955 (StateSyncRequestHandler.cs:17) 玩家ID:482734309785206785 移动方向: -0.99980724 , 0 , 0.01963389
2025-12-05 18:53:12.5955 (StateSyncRequestHandler.cs:17) 玩家ID:482734309785206785 移动到新位置: 3.9508374 , 0 , 3.640218
2025-12-05 18:53:12.7031 (StateSyncRequestHandler.cs:17) 玩家ID:482734309785206785 移动方向: -0.99980724 , 0 , 0.01963389
2025-12-05 18:53:12.7031 (StateSyncRequestHandler.cs:17) 玩家ID:482734309785206785 移动到新位置: 3.750876 , 0 , 3.6441448
2025-12-05 18:53:12.7964 (StateSyncRequestHandler.cs:17) 玩家ID:482734309785206785 移动到新位置: 3.750876 , 0 , 3.6441448
2025-12-05 18:53:14.2000 (StateSyncRequestHandler.cs:17) 玩家ID:482734309785206785 移动方向: 0.6930872 , 0 , -0.72085375
2025-12-05 18:53:14.2000 (StateSyncRequestHandler.cs:17) 玩家ID:482734309785206785 移动到新位置: 3.8894935 , 0 , 3.499974
2025-12-05 18:53:14.3081 (StateSyncRequestHandler.cs:17) 玩家ID:482734309785206785 移动方向: 0.6930872 , 0 , -0.72085375
2025-12-05 18:53:14.3081 (StateSyncRequestHandler.cs:17) 玩家ID:482734309785206785 移动到新位置: 4.028111 , 0 , 3.3558033
2025-12-05 18:53:14.4012 (StateSyncRequestHandler.cs:17) 玩家ID:482734309785206785 移动方向: 0.99980724 , 0 , -0.01963389
2025-12-05 18:53:14.4012 (StateSyncRequestHandler.cs:17) 玩家ID:482734309785206785 移动到新位置: 4.2280726 , 0 , 3.3518765
2025-12-05 18:53:14.4930 (StateSyncRequestHandler.cs:17) 玩家ID:482734309785206785 移动方向: 0.72085375 , 0 , 0.6930872
2025-12-05 18:53:14.4930 (StateSyncRequestHandler.cs:17) 玩家ID:482734309785206785 移动到新位置: 4.3722434 , 0 , 3.490494
2025-12-05 18:53:14.6026 (StateSyncRequestHandler.cs:17) 玩家ID:482734309785206785 移动方向: 0.01963389 , 0 , 0.99980724
2025-12-05 18:53:14.6026 (StateSyncRequestHandler.cs:17) 玩家ID:482734309785206785 移动到新位置: 4.37617 , 0 , 3.6904554
2025-12-05 18:53:14.6959 (StateSyncRequestHandler.cs:17) 玩家ID:482734309785206785 移动方向: 0.72085375 , 0 , 0.6930872
2025-12-05 18:53:14.6959 (StateSyncRequestHandler.cs:17) 玩家ID:482734309785206785 移动到新位置: 4.520341 , 0 , 3.829073
2025-12-05 18:53:14.8057 (StateSyncRequestHandler.cs:17) 玩家ID:482734309785206785 移动方向: 0.72085375 , 0 , 0.6930872
2025-12-05 18:53:14.8057 (StateSyncRequestHandler.cs:17) 玩家ID:482734309785206785 移动到新位置: 4.6645117 , 0 , 3.9676905
2025-12-05 18:53:14.8983 (StateSyncRequestHandler.cs:17) 玩家ID:482734309785206785 移动到新位置: 4.6645117 , 0 , 3.9676905
2025-12-05 18:53:19.1324  收到加入队伍请求 玩家ID：482734309785206785 队伍ID：1000
2025-12-05 18:53:19.1324  加入队伍成功 玩家ID：482734309785206785 队伍ID：1000
2025-12-05 18:53:21.0054 (StateSyncRequestHandler.cs:17) 玩家ID:482734309785206785 移动方向: -0.32112053 , 0 , 0.9470383
2025-12-05 18:53:21.0054 (StateSyncRequestHandler.cs:17) 玩家ID:482734309785206785 移动到新位置: 4.6002874 , 0 , 4.1570983
2025-12-05 18:53:21.0963 (StateSyncRequestHandler.cs:17) 玩家ID:482734309785206785 移动方向: 0.9457414 , 0 , 0.32492012
2025-12-05 18:53:21.0963 (StateSyncRequestHandler.cs:17) 玩家ID:482734309785206785 移动到新位置: 4.789436 , 0 , 4.222082
2025-12-05 18:53:21.2052 (StateSyncRequestHandler.cs:17) 玩家ID:482734309785206785 移动方向: 0.9421443 , 0 , 0.3352075
2025-12-05 18:53:21.2052 (StateSyncRequestHandler.cs:17) 玩家ID:482734309785206785 移动到新位置: 4.9778647 , 0 , 4.2891235
2025-12-05 18:53:21.2975 (StateSyncRequestHandler.cs:17) 玩家ID:482734309785206785 移动方向: 0.9052158 , 0 , -0.42495224
2025-12-05 18:53:21.2975 (StateSyncRequestHandler.cs:17) 玩家ID:482734309785206785 移动到新位置: 5.158908 , 0 , 4.204133
2025-12-05 18:53:21.4071 (StateSyncRequestHandler.cs:17) 玩家ID:482734309785206785 移动方向: 0.90607935 , 0 , -0.4231078
2025-12-05 18:53:21.4071 (StateSyncRequestHandler.cs:17) 玩家ID:482734309785206785 移动到新位置: 5.3401237 , 0 , 4.1195116
2025-12-05 18:53:21.4994 (StateSyncRequestHandler.cs:17) 玩家ID:482734309785206785 移动方向: 0.42253953 , 0 , 0.9063445
2025-12-05 18:53:21.4994 (StateSyncRequestHandler.cs:17) 玩家ID:482734309785206785 移动到新位置: 5.4246316 , 0 , 4.3007803
2025-12-05 18:53:21.6088 (StateSyncRequestHandler.cs:17) 玩家ID:482734309785206785 移动方向: -0.34233803 , 0 , 0.93957686
2025-12-05 18:53:21.6088 (StateSyncRequestHandler.cs:17) 玩家ID:482734309785206785 移动到新位置: 5.356164 , 0 , 4.4886956
2025-12-05 18:53:21.7179 (StateSyncRequestHandler.cs:17) 玩家ID:482734309785206785 移动方向: -0.90648025 , 0 , 0.42224818
2025-12-05 18:53:21.7179 (StateSyncRequestHandler.cs:17) 玩家ID:482734309785206785 移动到新位置: 5.174868 , 0 , 4.5731454
2025-12-05 18:53:21.7940 (StateSyncRequestHandler.cs:17) 玩家ID:482734309785206785 移动方向: -0.93954635 , 0 , -0.34242177
2025-12-05 18:53:21.7940 (StateSyncRequestHandler.cs:17) 玩家ID:482734309785206785 移动到新位置: 4.986959 , 0 , 4.504661
2025-12-05 18:53:21.9028 (StateSyncRequestHandler.cs:17) 玩家ID:482734309785206785 移动方向: -0.42222503 , 0 , -0.90649104
2025-12-05 18:53:21.9028 (StateSyncRequestHandler.cs:17) 玩家ID:482734309785206785 移动到新位置: 4.902514 , 0 , 4.323363
2025-12-05 18:53:22.0112 (StateSyncRequestHandler.cs:17) 玩家ID:482734309785206785 移动方向: -0.4222232 , 0 , -0.9064919
2025-12-05 18:53:22.0112 (StateSyncRequestHandler.cs:17) 玩家ID:482734309785206785 移动到新位置: 4.8180695 , 0 , 4.1420646
2025-12-05 18:53:22.1043 (StateSyncRequestHandler.cs:17) 玩家ID:482734309785206785 移动方向: -0.4222226 , 0 , -0.9064921
2025-12-05 18:53:22.1043 (StateSyncRequestHandler.cs:17) 玩家ID:482734309785206785 移动到新位置: 4.733625 , 0 , 3.960766
2025-12-05 18:53:22.2118 (StateSyncRequestHandler.cs:17) 玩家ID:482734309785206785 移动方向: -0.42222255 , 0 , -0.9064922
2025-12-05 18:53:22.2118 (StateSyncRequestHandler.cs:17) 玩家ID:482734309785206785 移动到新位置: 4.6491804 , 0 , 3.7794676
2025-12-05 18:53:22.3068 (StateSyncRequestHandler.cs:17) 玩家ID:482734309785206785 移动方向: -0.9395432 , 0 , -0.34243032
2025-12-05 18:53:22.3068 (StateSyncRequestHandler.cs:17) 玩家ID:482734309785206785 移动到新位置: 4.461272 , 0 , 3.7109816
2025-12-05 18:53:22.3992 (StateSyncRequestHandler.cs:17) 玩家ID:482734309785206785 移动到新位置: 4.461272 , 0 , 3.7109816
2025-12-05 18:53:22.5088 (StateSyncRequestHandler.cs:17) 玩家ID:482734309785206785 移动方向: 0.9417116 , 0 , 0.33642125
2025-12-05 18:53:22.5088 (StateSyncRequestHandler.cs:17) 玩家ID:482734309785206785 移动到新位置: 4.649614 , 0 , 3.778266
2025-12-05 18:53:22.6148 (StateSyncRequestHandler.cs:17) 玩家ID:482734309785206785 移动方向: 0.4351905 , 0 , 0.9003384
2025-12-05 18:53:22.6148 (StateSyncRequestHandler.cs:17) 玩家ID:482734309785206785 移动到新位置: 4.736652 , 0 , 3.9583337
2025-12-05 18:53:22.7076 (StateSyncRequestHandler.cs:17) 玩家ID:482734309785206785 移动方向: 0.4382313 , 0 , 0.89886224
2025-12-05 18:53:22.7076 (StateSyncRequestHandler.cs:17) 玩家ID:482734309785206785 移动到新位置: 4.8242984 , 0 , 4.1381063
2025-12-05 18:53:22.8148 (StateSyncRequestHandler.cs:17) 玩家ID:482734309785206785 移动方向: 0.4393624 , 0 , 0.89830995
2025-12-05 18:53:22.8148 (StateSyncRequestHandler.cs:17) 玩家ID:482734309785206785 移动到新位置: 4.912171 , 0 , 4.317768
2025-12-05 18:53:22.8905 (StateSyncRequestHandler.cs:17) 玩家ID:482734309785206785 移动方向: 0.4397199 , 0 , 0.89813495
2025-12-05 18:53:22.8905 (StateSyncRequestHandler.cs:17) 玩家ID:482734309785206785 移动到新位置: 5.000115 , 0 , 4.497395
2025-12-05 18:53:23.0146 (StateSyncRequestHandler.cs:17) 玩家ID:482734309785206785 移动方向: 0.43851686 , 0 , 0.898723
2025-12-05 18:53:23.0146 (StateSyncRequestHandler.cs:17) 玩家ID:482734309785206785 移动到新位置: 5.087818 , 0 , 4.6771398
2025-12-05 18:53:23.1079 (StateSyncRequestHandler.cs:17) 玩家ID:482734309785206785 移动方向: 0.42765206 , 0 , 0.9039433
2025-12-05 18:53:23.1079 (StateSyncRequestHandler.cs:17) 玩家ID:482734309785206785 移动到新位置: 5.1733484 , 0 , 4.8579283
2025-12-05 18:53:23.2019 (StateSyncRequestHandler.cs:17) 玩家ID:482734309785206785 移动方向: 0.41767484 , 0 , 0.9085966
2025-12-05 18:53:23.2019 (StateSyncRequestHandler.cs:17) 玩家ID:482734309785206785 移动到新位置: 5.2568836 , 0 , 5.0396476
2025-12-05 18:53:23.3117 (StateSyncRequestHandler.cs:17) 玩家ID:482734309785206785 移动方向: 0.4138202 , 0 , 0.91035855
2025-12-05 18:53:23.3117 (StateSyncRequestHandler.cs:17) 玩家ID:482734309785206785 移动到新位置: 5.339648 , 0 , 5.2217193
2025-12-05 18:53:23.3903 (StateSyncRequestHandler.cs:17) 玩家ID:482734309785206785 移动方向: 0.93576264 , 0 , 0.3526305
2025-12-05 18:53:23.3903 (StateSyncRequestHandler.cs:17) 玩家ID:482734309785206785 移动到新位置: 5.5268 , 0 , 5.2922454
2025-12-05 18:53:23.4976 (StateSyncRequestHandler.cs:17) 玩家ID:482734309785206785 移动方向: 0.9112903 , 0 , -0.41176444
2025-12-05 18:53:23.4976 (StateSyncRequestHandler.cs:17) 玩家ID:482734309785206785 移动到新位置: 5.7090583 , 0 , 5.2098923
2025-12-05 18:53:23.6076 (StateSyncRequestHandler.cs:17) 玩家ID:482734309785206785 移动方向: 0.91136926 , 0 , -0.41158974
2025-12-05 18:53:23.6076 (StateSyncRequestHandler.cs:17) 玩家ID:482734309785206785 移动到新位置: 5.891332 , 0 , 5.1275744
2025-12-05 18:53:23.7001 (StateSyncRequestHandler.cs:17) 玩家ID:482734309785206785 移动方向: 0.9113934 , 0 , -0.41153616
2025-12-05 18:53:23.7001 (StateSyncRequestHandler.cs:17) 玩家ID:482734309785206785 移动到新位置: 6.073611 , 0 , 5.045267
2025-12-05 18:53:23.8090 (StateSyncRequestHandler.cs:17) 玩家ID:482734309785206785 移动方向: 0.9114005 , 0 , -0.41152042
2025-12-05 18:53:23.8090 (StateSyncRequestHandler.cs:17) 玩家ID:482734309785206785 移动到新位置: 6.255891 , 0 , 4.962963
2025-12-05 18:53:23.9023 (StateSyncRequestHandler.cs:17) 玩家ID:482734309785206785 移动方向: 0.93544483 , 0 , 0.3534728
2025-12-05 18:53:23.9023 (StateSyncRequestHandler.cs:17) 玩家ID:482734309785206785 移动到新位置: 6.44298 , 0 , 5.0336576
2025-12-05 18:53:23.9963 (StateSyncRequestHandler.cs:17) 玩家ID:482734309785206785 移动方向: -0.35347444 , 0 , 0.9354442
2025-12-05 18:53:23.9963 (StateSyncRequestHandler.cs:17) 玩家ID:482734309785206785 移动到新位置: 6.372285 , 0 , 5.2207465
2025-12-05 18:53:24.1053 (StateSyncRequestHandler.cs:17) 玩家ID:482734309785206785 移动方向: -0.93544406 , 0 , -0.35347477
2025-12-05 18:53:24.1053 (StateSyncRequestHandler.cs:17) 玩家ID:482734309785206785 移动到新位置: 6.185196 , 0 , 5.1500516
2025-12-05 18:53:24.2126 (StateSyncRequestHandler.cs:17) 玩家ID:482734309785206785 移动方向: -0.93544406 , 0 , -0.35347477
2025-12-05 18:53:24.2126 (StateSyncRequestHandler.cs:17) 玩家ID:482734309785206785 移动到新位置: 5.904563 , 0 , 5.044009
2025-12-05 18:53:24.3059 (StateSyncRequestHandler.cs:17) 玩家ID:482734309785206785 移动方向: -0.93544406 , 0 , -0.35347477
2025-12-05 18:53:24.3059 (StateSyncRequestHandler.cs:17) 玩家ID:482734309785206785 移动到新位置: 5.62393 , 0 , 4.937967
2025-12-05 18:53:24.4151 (StateSyncRequestHandler.cs:17) 玩家ID:482734309785206785 移动方向: -0.93544406 , 0 , -0.35347477
2025-12-05 18:53:24.4151 (StateSyncRequestHandler.cs:17) 玩家ID:482734309785206785 移动到新位置: 5.343297 , 0 , 4.8319244
2025-12-05 18:53:24.5087 (StateSyncRequestHandler.cs:17) 玩家ID:482734309785206785 移动方向: -0.93544406 , 0 , -0.35347477
2025-12-05 18:53:24.5087 (StateSyncRequestHandler.cs:17) 玩家ID:482734309785206785 移动到新位置: 5.062664 , 0 , 4.725882
2025-12-05 18:53:24.6018 (StateSyncRequestHandler.cs:17) 玩家ID:482734309785206785 移动方向: -0.93544406 , 0 , -0.35347477
2025-12-05 18:53:24.6018 (StateSyncRequestHandler.cs:17) 玩家ID:482734309785206785 移动到新位置: 4.782031 , 0 , 4.6198397
2025-12-05 18:53:24.6950 (StateSyncRequestHandler.cs:17) 玩家ID:482734309785206785 移动到新位置: 4.782031 , 0 , 4.6198397
2025-12-05 18:53:43.5961 (SessionDisposeComponentSystem.cs:46) 队伍ID:1000 已经没有成员，不需要发送离开消息
