2025-12-05 18:36:42.9381 (EntryLobbyRequestHandler.cs:65) 玩家上次上线位置：x:5.0124316, y:0, z:-1.6731515
2025-12-05 18:36:42.9381 (EntryLobbyRequestHandler.cs:83) 当前没有其他玩家在线，无需广播
2025-12-05 18:36:45.0715 (StateSyncRequestHandler.cs:35) 当前没有其他玩家在线，无需广播状态同步消息
2025-12-05 18:36:45.1615 (StateSyncRequestHandler.cs:35) 当前没有其他玩家在线，无需广播状态同步消息
2025-12-05 18:36:45.2612 (StateSyncRequestHandler.cs:35) 当前没有其他玩家在线，无需广播状态同步消息
2025-12-05 18:36:45.3584 (StateSyncRequestHandler.cs:35) 当前没有其他玩家在线，无需广播状态同步消息
2025-12-05 18:36:45.4543 (StateSyncRequestHandler.cs:35) 当前没有其他玩家在线，无需广播状态同步消息
2025-12-05 18:36:45.5535 (StateSyncRequestHandler.cs:35) 当前没有其他玩家在线，无需广播状态同步消息
2025-12-05 18:36:45.6639 (StateSyncRequestHandler.cs:35) 当前没有其他玩家在线，无需广播状态同步消息
2025-12-05 18:36:45.7666 (StateSyncRequestHandler.cs:35) 当前没有其他玩家在线，无需广播状态同步消息
2025-12-05 18:36:45.8552 (StateSyncRequestHandler.cs:35) 当前没有其他玩家在线，无需广播状态同步消息
2025-12-05 18:36:45.9570 (StateSyncRequestHandler.cs:35) 当前没有其他玩家在线，无需广播状态同步消息
2025-12-05 18:36:46.0532 (StateSyncRequestHandler.cs:35) 当前没有其他玩家在线，无需广播状态同步消息
2025-12-05 18:36:46.1548 (StateSyncRequestHandler.cs:35) 当前没有其他玩家在线，无需广播状态同步消息
2025-12-05 18:36:46.2551 (StateSyncRequestHandler.cs:35) 当前没有其他玩家在线，无需广播状态同步消息
2025-12-05 18:36:46.3594 (StateSyncRequestHandler.cs:35) 当前没有其他玩家在线，无需广播状态同步消息
2025-12-05 18:36:46.4534 (StateSyncRequestHandler.cs:35) 当前没有其他玩家在线，无需广播状态同步消息
2025-12-05 18:36:46.5613 (StateSyncRequestHandler.cs:35) 当前没有其他玩家在线，无需广播状态同步消息
2025-12-05 18:36:46.6555 (StateSyncRequestHandler.cs:35) 当前没有其他玩家在线，无需广播状态同步消息
2025-12-05 18:36:46.7604 (StateSyncRequestHandler.cs:35) 当前没有其他玩家在线，无需广播状态同步消息
2025-12-05 18:36:46.8520 (StateSyncRequestHandler.cs:35) 当前没有其他玩家在线，无需广播状态同步消息
2025-12-05 18:36:46.9547 (StateSyncRequestHandler.cs:35) 当前没有其他玩家在线，无需广播状态同步消息
2025-12-05 18:36:47.0564 (StateSyncRequestHandler.cs:35) 当前没有其他玩家在线，无需广播状态同步消息
2025-12-05 18:36:47.1522 (StateSyncRequestHandler.cs:35) 当前没有其他玩家在线，无需广播状态同步消息
2025-12-05 18:36:47.2596 (StateSyncRequestHandler.cs:35) 当前没有其他玩家在线，无需广播状态同步消息
2025-12-05 18:36:47.3545 (StateSyncRequestHandler.cs:35) 当前没有其他玩家在线，无需广播状态同步消息
2025-12-05 18:36:47.4574 (StateSyncRequestHandler.cs:35) 当前没有其他玩家在线，无需广播状态同步消息
2025-12-05 18:36:47.5532 (StateSyncRequestHandler.cs:35) 当前没有其他玩家在线，无需广播状态同步消息
2025-12-05 18:36:47.6607 (StateSyncRequestHandler.cs:35) 当前没有其他玩家在线，无需广播状态同步消息
2025-12-05 18:36:47.7558 (StateSyncRequestHandler.cs:35) 当前没有其他玩家在线，无需广播状态同步消息
2025-12-05 18:36:47.8722 (StateSyncRequestHandler.cs:35) 当前没有其他玩家在线，无需广播状态同步消息
2025-12-05 18:36:47.9534 (StateSyncRequestHandler.cs:35) 当前没有其他玩家在线，无需广播状态同步消息
2025-12-05 18:36:48.0553 (StateSyncRequestHandler.cs:35) 当前没有其他玩家在线，无需广播状态同步消息
2025-12-05 18:36:48.1613 (StateSyncRequestHandler.cs:35) 当前没有其他玩家在线，无需广播状态同步消息
2025-12-05 18:36:48.2617 (StateSyncRequestHandler.cs:35) 当前没有其他玩家在线，无需广播状态同步消息
2025-12-05 18:36:48.3556 (StateSyncRequestHandler.cs:35) 当前没有其他玩家在线，无需广播状态同步消息
2025-12-05 18:36:48.4620 (StateSyncRequestHandler.cs:35) 当前没有其他玩家在线，无需广播状态同步消息
2025-12-05 18:36:48.5543 (StateSyncRequestHandler.cs:35) 当前没有其他玩家在线，无需广播状态同步消息
2025-12-05 18:36:48.6570 (StateSyncRequestHandler.cs:35) 当前没有其他玩家在线，无需广播状态同步消息
2025-12-05 18:36:48.7577 (StateSyncRequestHandler.cs:35) 当前没有其他玩家在线，无需广播状态同步消息
2025-12-05 18:36:48.8584 (StateSyncRequestHandler.cs:35) 当前没有其他玩家在线，无需广播状态同步消息
2025-12-05 18:36:48.9558 (StateSyncRequestHandler.cs:35) 当前没有其他玩家在线，无需广播状态同步消息
2025-12-05 18:36:49.0590 (StateSyncRequestHandler.cs:35) 当前没有其他玩家在线，无需广播状态同步消息
2025-12-05 18:36:49.1595 (StateSyncRequestHandler.cs:35) 当前没有其他玩家在线，无需广播状态同步消息
2025-12-05 18:36:49.2616 (StateSyncRequestHandler.cs:35) 当前没有其他玩家在线，无需广播状态同步消息
2025-12-05 18:36:49.3554 (StateSyncRequestHandler.cs:35) 当前没有其他玩家在线，无需广播状态同步消息
2025-12-05 18:36:49.4557 (StateSyncRequestHandler.cs:35) 当前没有其他玩家在线，无需广播状态同步消息
2025-12-05 18:36:49.5545 (StateSyncRequestHandler.cs:35) 当前没有其他玩家在线，无需广播状态同步消息
2025-12-05 18:36:49.6553 (StateSyncRequestHandler.cs:35) 当前没有其他玩家在线，无需广播状态同步消息
2025-12-05 18:36:49.7528 (StateSyncRequestHandler.cs:35) 当前没有其他玩家在线，无需广播状态同步消息
2025-12-05 18:36:49.8535 (StateSyncRequestHandler.cs:35) 当前没有其他玩家在线，无需广播状态同步消息
2025-12-05 18:37:17.6219 (SessionDisposeComponentSystem.cs:70) 当前服务器上没有其他玩家在线，无需广播下线消息
2025-12-05 18:37:17.6978 (SessionDisposeComponentSystem.cs:125) 账号ID:482736422909116417 数据已保存到数据库
2025-12-05 18:37:17.6978 (SessionDisposeComponentSystem.cs:76) 玩家ID:482736422909116417 下线成功 , 下线位置:x:5.0124316, y:0, z:-1.6731515
2025-12-05 18:38:26.4135 (EntryLobbyRequestHandler.cs:65) 玩家上次上线位置：x:5.0124316, y:0, z:-1.6731515
2025-12-05 18:38:26.4135 (EntryLobbyRequestHandler.cs:83) 当前没有其他玩家在线，无需广播
2025-12-05 18:38:27.7013 (StateSyncRequestHandler.cs:35) 当前没有其他玩家在线，无需广播状态同步消息
2025-12-05 18:38:27.7969 (StateSyncRequestHandler.cs:35) 当前没有其他玩家在线，无需广播状态同步消息
2025-12-05 18:38:27.8959 (StateSyncRequestHandler.cs:35) 当前没有其他玩家在线，无需广播状态同步消息
2025-12-05 18:38:27.9959 (StateSyncRequestHandler.cs:35) 当前没有其他玩家在线，无需广播状态同步消息
2025-12-05 18:38:28.0950 (StateSyncRequestHandler.cs:35) 当前没有其他玩家在线，无需广播状态同步消息
2025-12-05 18:38:28.2028 (StateSyncRequestHandler.cs:35) 当前没有其他玩家在线，无需广播状态同步消息
2025-12-05 18:38:28.2956  当前没有其他玩家在线，无需广播状态同步消息
2025-12-05 18:38:28.3979  当前没有其他玩家在线，无需广播状态同步消息
2025-12-05 18:38:28.4957  当前没有其他玩家在线，无需广播状态同步消息
2025-12-05 18:38:28.5973  当前没有其他玩家在线，无需广播状态同步消息
2025-12-05 18:38:28.6980  当前没有其他玩家在线，无需广播状态同步消息
2025-12-05 18:38:28.7965  当前没有其他玩家在线，无需广播状态同步消息
2025-12-05 18:38:28.8960  当前没有其他玩家在线，无需广播状态同步消息
2025-12-05 18:38:28.9954  当前没有其他玩家在线，无需广播状态同步消息
2025-12-05 18:38:29.0991  当前没有其他玩家在线，无需广播状态同步消息
2025-12-05 18:38:29.1972  当前没有其他玩家在线，无需广播状态同步消息
2025-12-05 18:38:29.2990  当前没有其他玩家在线，无需广播状态同步消息
2025-12-05 18:38:29.3949  当前没有其他玩家在线，无需广播状态同步消息
2025-12-05 18:38:29.4959  当前没有其他玩家在线，无需广播状态同步消息
2025-12-05 18:38:30.8001  当前没有其他玩家在线，无需广播状态同步消息
2025-12-05 18:38:30.8996  当前没有其他玩家在线，无需广播状态同步消息
2025-12-05 18:38:31.0002  当前没有其他玩家在线，无需广播状态同步消息
2025-12-05 18:38:31.0993  当前没有其他玩家在线，无需广播状态同步消息
2025-12-05 18:38:31.1988  当前没有其他玩家在线，无需广播状态同步消息
2025-12-05 18:38:31.3082  当前没有其他玩家在线，无需广播状态同步消息
2025-12-05 18:38:31.3996  当前没有其他玩家在线，无需广播状态同步消息
2025-12-05 18:38:31.5010  当前没有其他玩家在线，无需广播状态同步消息
2025-12-05 18:38:31.6007  当前没有其他玩家在线，无需广播状态同步消息
2025-12-05 18:38:31.7017  当前没有其他玩家在线，无需广播状态同步消息
2025-12-05 18:38:31.7953  当前没有其他玩家在线，无需广播状态同步消息
2025-12-05 18:38:31.8957  当前没有其他玩家在线，无需广播状态同步消息
2025-12-05 18:38:31.9963  当前没有其他玩家在线，无需广播状态同步消息
2025-12-05 18:38:32.1019  当前没有其他玩家在线，无需广播状态同步消息
2025-12-05 18:38:32.2004  当前没有其他玩家在线，无需广播状态同步消息
2025-12-05 18:38:32.2975  当前没有其他玩家在线，无需广播状态同步消息
2025-12-05 18:38:32.3972  当前没有其他玩家在线，无需广播状态同步消息
2025-12-05 18:38:32.4999  当前没有其他玩家在线，无需广播状态同步消息
2025-12-05 18:38:32.6030  当前没有其他玩家在线，无需广播状态同步消息
2025-12-05 18:38:32.6995  当前没有其他玩家在线，无需广播状态同步消息
2025-12-05 18:38:41.3672  当前服务器上没有其他玩家在线，无需广播下线消息
2025-12-05 18:38:41.3672  账号ID:482736422909116417 数据已保存到数据库
2025-12-05 18:38:41.3672  玩家ID:482736422909116417 下线成功 , 下线位置:x:5.0124316, y:0, z:-1.6731515
2025-12-05 18:42:16.0630  玩家上次上线位置：x:5.0124316, y:0, z:-1.6731515
2025-12-05 18:42:16.0630  当前没有其他玩家在线，无需广播
2025-12-05 18:42:17.2828  当前没有其他玩家在线，无需广播状态同步消息
2025-12-05 18:42:17.3777  当前没有其他玩家在线，无需广播状态同步消息
2025-12-05 18:42:17.4763  当前没有其他玩家在线，无需广播状态同步消息
2025-12-05 18:42:17.5814  当前没有其他玩家在线，无需广播状态同步消息
2025-12-05 18:42:17.6863  当前没有其他玩家在线，无需广播状态同步消息
2025-12-05 18:42:17.7780  当前没有其他玩家在线，无需广播状态同步消息
2025-12-05 18:42:17.8802  当前没有其他玩家在线，无需广播状态同步消息
2025-12-05 18:42:17.9810  当前没有其他玩家在线，无需广播状态同步消息
2025-12-05 18:42:18.0808  当前没有其他玩家在线，无需广播状态同步消息
2025-12-05 18:42:18.1794  当前没有其他玩家在线，无需广播状态同步消息
2025-12-05 18:42:18.2768  当前没有其他玩家在线，无需广播状态同步消息
2025-12-05 18:42:18.3795  当前没有其他玩家在线，无需广播状态同步消息
2025-12-05 18:42:18.4735  当前没有其他玩家在线，无需广播状态同步消息
2025-12-05 18:42:18.5798  当前没有其他玩家在线，无需广播状态同步消息
2025-12-05 18:42:18.6740  当前没有其他玩家在线，无需广播状态同步消息
2025-12-05 18:42:18.7764  当前没有其他玩家在线，无需广播状态同步消息
2025-12-05 18:42:18.8820  当前没有其他玩家在线，无需广播状态同步消息
2025-12-05 18:42:18.9758  当前没有其他玩家在线，无需广播状态同步消息
2025-12-05 18:42:19.0744  当前没有其他玩家在线，无需广播状态同步消息
2025-12-05 18:42:19.1818  当前没有其他玩家在线，无需广播状态同步消息
2025-12-05 18:42:19.2810  当前没有其他玩家在线，无需广播状态同步消息
2025-12-05 18:42:19.3894  当前没有其他玩家在线，无需广播状态同步消息
2025-12-05 18:42:19.4790  当前没有其他玩家在线，无需广播状态同步消息
2025-12-05 18:42:19.5743  当前没有其他玩家在线，无需广播状态同步消息
2025-12-05 18:42:19.6786  当前没有其他玩家在线，无需广播状态同步消息
2025-12-05 18:42:19.7802  当前没有其他玩家在线，无需广播状态同步消息
2025-12-05 18:42:19.8800  当前没有其他玩家在线，无需广播状态同步消息
2025-12-05 18:42:19.9765  当前没有其他玩家在线，无需广播状态同步消息
2025-12-05 18:42:20.0863  当前没有其他玩家在线，无需广播状态同步消息
2025-12-05 18:42:20.1857  当前没有其他玩家在线，无需广播状态同步消息
2025-12-05 18:42:20.2748  当前没有其他玩家在线，无需广播状态同步消息
2025-12-05 18:42:20.3746  当前没有其他玩家在线，无需广播状态同步消息
2025-12-05 18:42:20.4774  当前没有其他玩家在线，无需广播状态同步消息
2025-12-05 18:42:20.5783  当前没有其他玩家在线，无需广播状态同步消息
2025-12-05 18:42:20.6763  当前没有其他玩家在线，无需广播状态同步消息
2025-12-05 18:42:20.7786  当前没有其他玩家在线，无需广播状态同步消息
2025-12-05 18:42:20.8826  当前没有其他玩家在线，无需广播状态同步消息
2025-12-05 18:42:20.9751  当前没有其他玩家在线，无需广播状态同步消息
2025-12-05 18:42:21.0775  当前没有其他玩家在线，无需广播状态同步消息
2025-12-05 18:42:21.1866  当前没有其他玩家在线，无需广播状态同步消息
2025-12-05 18:42:21.2851  当前没有其他玩家在线，无需广播状态同步消息
2025-12-05 18:42:21.3760  当前没有其他玩家在线，无需广播状态同步消息
2025-12-05 18:42:21.4815  当前没有其他玩家在线，无需广播状态同步消息
2025-12-05 18:42:21.5769  当前没有其他玩家在线，无需广播状态同步消息
2025-12-05 18:42:21.6787  当前没有其他玩家在线，无需广播状态同步消息
2025-12-05 18:42:21.7801  当前没有其他玩家在线，无需广播状态同步消息
2025-12-05 18:42:21.8784  当前没有其他玩家在线，无需广播状态同步消息
2025-12-05 18:42:21.9829  当前没有其他玩家在线，无需广播状态同步消息
2025-12-05 18:42:22.0781  当前没有其他玩家在线，无需广播状态同步消息
2025-12-05 18:42:22.1759  当前没有其他玩家在线，无需广播状态同步消息
2025-12-05 18:42:22.2884  当前没有其他玩家在线，无需广播状态同步消息
2025-12-05 18:42:22.3889  当前没有其他玩家在线，无需广播状态同步消息
2025-12-05 18:42:22.4797  当前没有其他玩家在线，无需广播状态同步消息
2025-12-05 18:42:22.5799  当前没有其他玩家在线，无需广播状态同步消息
2025-12-05 18:42:22.6803  当前没有其他玩家在线，无需广播状态同步消息
2025-12-05 18:42:22.7825  当前没有其他玩家在线，无需广播状态同步消息
2025-12-05 18:42:22.8819  当前没有其他玩家在线，无需广播状态同步消息
2025-12-05 18:42:22.9818  当前没有其他玩家在线，无需广播状态同步消息
2025-12-05 18:42:23.0839  当前没有其他玩家在线，无需广播状态同步消息
2025-12-05 18:42:23.1788  当前没有其他玩家在线，无需广播状态同步消息
2025-12-05 18:42:23.2795  当前没有其他玩家在线，无需广播状态同步消息
2025-12-05 18:42:23.3805  当前没有其他玩家在线，无需广播状态同步消息
2025-12-05 18:42:23.4802  当前没有其他玩家在线，无需广播状态同步消息
2025-12-05 18:42:23.5754  当前没有其他玩家在线，无需广播状态同步消息
2025-12-05 18:42:23.6806  当前没有其他玩家在线，无需广播状态同步消息
2025-12-05 18:42:23.7752  当前没有其他玩家在线，无需广播状态同步消息
2025-12-05 18:42:23.8759  当前没有其他玩家在线，无需广播状态同步消息
2025-12-05 18:42:23.9745  当前没有其他玩家在线，无需广播状态同步消息
2025-12-05 18:42:24.0771  当前没有其他玩家在线，无需广播状态同步消息
2025-12-05 18:42:24.1816  当前没有其他玩家在线，无需广播状态同步消息
2025-12-05 18:42:24.2773  当前没有其他玩家在线，无需广播状态同步消息
2025-12-05 18:42:24.3768  当前没有其他玩家在线，无需广播状态同步消息
2025-12-05 18:42:24.4799  当前没有其他玩家在线，无需广播状态同步消息
2025-12-05 18:42:24.5879  当前没有其他玩家在线，无需广播状态同步消息
2025-12-05 18:42:24.6758  当前没有其他玩家在线，无需广播状态同步消息
2025-12-05 18:42:24.7742  当前没有其他玩家在线，无需广播状态同步消息
2025-12-05 18:42:24.8810  当前没有其他玩家在线，无需广播状态同步消息
2025-12-05 18:42:24.9752  当前没有其他玩家在线，无需广播状态同步消息
2025-12-05 18:42:25.0792  当前没有其他玩家在线，无需广播状态同步消息
2025-12-05 18:42:25.1816  当前没有其他玩家在线，无需广播状态同步消息
2025-12-05 18:42:25.2777  当前没有其他玩家在线，无需广播状态同步消息
2025-12-05 18:42:25.3795  当前没有其他玩家在线，无需广播状态同步消息
2025-12-05 18:42:25.4784  当前没有其他玩家在线，无需广播状态同步消息
2025-12-05 18:42:25.5786  当前没有其他玩家在线，无需广播状态同步消息
2025-12-05 18:42:25.6808  当前没有其他玩家在线，无需广播状态同步消息
2025-12-05 18:42:25.7796  当前没有其他玩家在线，无需广播状态同步消息
2025-12-05 18:42:25.8846  当前没有其他玩家在线，无需广播状态同步消息
2025-12-05 18:42:25.9834  当前没有其他玩家在线，无需广播状态同步消息
2025-12-05 18:42:26.0748  当前没有其他玩家在线，无需广播状态同步消息
2025-12-05 18:42:26.1756  当前没有其他玩家在线，无需广播状态同步消息
2025-12-05 18:42:26.2823  当前没有其他玩家在线，无需广播状态同步消息
2025-12-05 18:42:26.3785  当前没有其他玩家在线，无需广播状态同步消息
2025-12-05 18:42:35.4817  当前没有其他玩家在线，无需广播状态同步消息
2025-12-05 18:42:35.5796  当前没有其他玩家在线，无需广播状态同步消息
2025-12-05 18:42:35.6843  当前没有其他玩家在线，无需广播状态同步消息
2025-12-05 18:42:35.7743  当前没有其他玩家在线，无需广播状态同步消息
2025-12-05 18:42:35.8785  当前没有其他玩家在线，无需广播状态同步消息
2025-12-05 18:42:35.9851  当前没有其他玩家在线，无需广播状态同步消息
2025-12-05 18:42:36.0812  当前没有其他玩家在线，无需广播状态同步消息
2025-12-05 18:42:36.1781  当前没有其他玩家在线，无需广播状态同步消息
2025-12-05 18:42:36.2795  当前没有其他玩家在线，无需广播状态同步消息
2025-12-05 18:42:36.3757  当前没有其他玩家在线，无需广播状态同步消息
2025-12-05 18:42:36.4748  当前没有其他玩家在线，无需广播状态同步消息
2025-12-05 18:42:36.5748  当前没有其他玩家在线，无需广播状态同步消息
2025-12-05 18:42:36.6866  当前没有其他玩家在线，无需广播状态同步消息
2025-12-05 18:42:36.7761  当前没有其他玩家在线，无需广播状态同步消息
2025-12-05 18:42:36.8800  当前没有其他玩家在线，无需广播状态同步消息
2025-12-05 18:42:36.9758  当前没有其他玩家在线，无需广播状态同步消息
2025-12-05 18:42:37.0769  当前没有其他玩家在线，无需广播状态同步消息
2025-12-05 18:42:37.1802  当前没有其他玩家在线，无需广播状态同步消息
2025-12-05 18:42:37.2803  当前没有其他玩家在线，无需广播状态同步消息
2025-12-05 18:42:37.3794  当前没有其他玩家在线，无需广播状态同步消息
2025-12-05 18:42:37.4851  当前没有其他玩家在线，无需广播状态同步消息
2025-12-05 18:42:37.5780  当前没有其他玩家在线，无需广播状态同步消息
2025-12-05 18:42:37.6805  当前没有其他玩家在线，无需广播状态同步消息
2025-12-05 18:42:37.7826  当前没有其他玩家在线，无需广播状态同步消息
2025-12-05 18:42:37.8792  当前没有其他玩家在线，无需广播状态同步消息
2025-12-05 18:42:37.9797  当前没有其他玩家在线，无需广播状态同步消息
2025-12-05 18:42:38.0818  当前没有其他玩家在线，无需广播状态同步消息
2025-12-05 18:42:38.1785  当前没有其他玩家在线，无需广播状态同步消息
2025-12-05 18:42:38.2796  当前没有其他玩家在线，无需广播状态同步消息
2025-12-05 18:42:38.3832  当前没有其他玩家在线，无需广播状态同步消息
2025-12-05 18:42:38.4829  当前没有其他玩家在线，无需广播状态同步消息
2025-12-05 18:42:38.5764  当前没有其他玩家在线，无需广播状态同步消息
2025-12-05 18:42:38.6770  当前没有其他玩家在线，无需广播状态同步消息
2025-12-05 18:42:38.7769  当前没有其他玩家在线，无需广播状态同步消息
2025-12-05 18:42:38.8799  当前没有其他玩家在线，无需广播状态同步消息
2025-12-05 18:42:38.9793  当前没有其他玩家在线，无需广播状态同步消息
2025-12-05 18:42:39.0791  当前没有其他玩家在线，无需广播状态同步消息
2025-12-05 18:42:39.1774  当前没有其他玩家在线，无需广播状态同步消息
2025-12-05 18:42:39.2778  当前没有其他玩家在线，无需广播状态同步消息
2025-12-05 18:42:39.3863  当前没有其他玩家在线，无需广播状态同步消息
2025-12-05 18:42:39.4800  当前没有其他玩家在线，无需广播状态同步消息
2025-12-05 18:42:39.5802  当前没有其他玩家在线，无需广播状态同步消息
2025-12-05 18:42:39.6847  当前没有其他玩家在线，无需广播状态同步消息
2025-12-05 18:42:39.7797  当前没有其他玩家在线，无需广播状态同步消息
2025-12-05 18:42:39.8782  当前没有其他玩家在线，无需广播状态同步消息
2025-12-05 18:42:39.9825  当前没有其他玩家在线，无需广播状态同步消息
2025-12-05 18:42:40.0785  当前没有其他玩家在线，无需广播状态同步消息
2025-12-05 18:42:40.1892  当前没有其他玩家在线，无需广播状态同步消息
2025-12-05 18:42:51.0173  当前服务器上没有其他玩家在线，无需广播下线消息
2025-12-05 18:42:51.0221  账号ID:482736422909116417 数据已保存到数据库
2025-12-05 18:42:51.0221  玩家ID:482736422909116417 下线成功 , 下线位置:x:2.319743, y:0, z:2.9477775
2025-12-05 18:43:05.4846  玩家上次上线位置：x:2.319743, y:0, z:2.9477775
2025-12-05 18:43:05.4846  当前没有其他玩家在线，无需广播
2025-12-05 18:43:06.9637  当前没有其他玩家在线，无需广播状态同步消息
2025-12-05 18:43:07.0631  当前没有其他玩家在线，无需广播状态同步消息
2025-12-05 18:43:07.1553  当前没有其他玩家在线，无需广播状态同步消息
2025-12-05 18:43:07.2639  当前没有其他玩家在线，无需广播状态同步消息
2025-12-05 18:43:07.3596  当前没有其他玩家在线，无需广播状态同步消息
2025-12-05 18:43:07.4583  当前没有其他玩家在线，无需广播状态同步消息
2025-12-05 18:43:07.5587  当前没有其他玩家在线，无需广播状态同步消息
2025-12-05 18:43:07.6637  当前没有其他玩家在线，无需广播状态同步消息
2025-12-05 18:43:07.7562  当前没有其他玩家在线，无需广播状态同步消息
2025-12-05 18:43:07.8560  当前没有其他玩家在线，无需广播状态同步消息
2025-12-05 18:43:07.9605  当前没有其他玩家在线，无需广播状态同步消息
2025-12-05 18:43:08.0526  当前没有其他玩家在线，无需广播状态同步消息
2025-12-05 18:43:08.1527  当前没有其他玩家在线，无需广播状态同步消息
2025-12-05 18:43:08.2569  当前没有其他玩家在线，无需广播状态同步消息
2025-12-05 18:43:08.3547  当前没有其他玩家在线，无需广播状态同步消息
2025-12-05 18:43:08.4566  当前没有其他玩家在线，无需广播状态同步消息
2025-12-05 18:43:08.5577  当前没有其他玩家在线，无需广播状态同步消息
2025-12-05 18:43:08.6616  当前没有其他玩家在线，无需广播状态同步消息
2025-12-05 18:43:08.7545  当前没有其他玩家在线，无需广播状态同步消息
2025-12-05 18:43:08.8648  当前没有其他玩家在线，无需广播状态同步消息
2025-12-05 18:43:08.9582  当前没有其他玩家在线，无需广播状态同步消息
2025-12-05 18:43:09.0619  当前没有其他玩家在线，无需广播状态同步消息
2025-12-05 18:43:09.1604  当前没有其他玩家在线，无需广播状态同步消息
2025-12-05 18:43:09.2607  当前没有其他玩家在线，无需广播状态同步消息
2025-12-05 18:43:09.3698  当前没有其他玩家在线，无需广播状态同步消息
2025-12-05 18:43:09.4689  当前没有其他玩家在线，无需广播状态同步消息
2025-12-05 18:43:09.5609  当前没有其他玩家在线，无需广播状态同步消息
2025-12-05 18:43:09.6617  当前没有其他玩家在线，无需广播状态同步消息
2025-12-05 18:43:09.7544  当前没有其他玩家在线，无需广播状态同步消息
2025-12-05 18:43:09.8558  当前没有其他玩家在线，无需广播状态同步消息
2025-12-05 18:43:09.9526  当前没有其他玩家在线，无需广播状态同步消息
2025-12-05 18:43:10.0528  当前没有其他玩家在线，无需广播状态同步消息
2025-12-05 18:43:10.1551  当前没有其他玩家在线，无需广播状态同步消息
2025-12-05 18:43:10.2572  当前没有其他玩家在线，无需广播状态同步消息
2025-12-05 18:43:10.3531  当前没有其他玩家在线，无需广播状态同步消息
2025-12-05 18:43:10.4575  当前没有其他玩家在线，无需广播状态同步消息
2025-12-05 18:43:10.5565  当前没有其他玩家在线，无需广播状态同步消息
2025-12-05 18:43:10.6540  当前没有其他玩家在线，无需广播状态同步消息
2025-12-05 18:43:10.7547  当前没有其他玩家在线，无需广播状态同步消息
2025-12-05 18:43:10.8570  当前没有其他玩家在线，无需广播状态同步消息
2025-12-05 18:43:10.9552  当前没有其他玩家在线，无需广播状态同步消息
2025-12-05 18:43:11.0564  当前没有其他玩家在线，无需广播状态同步消息
2025-12-05 18:43:11.1580  当前没有其他玩家在线，无需广播状态同步消息
2025-12-05 18:43:11.2627  当前没有其他玩家在线，无需广播状态同步消息
2025-12-05 18:43:11.3574  当前没有其他玩家在线，无需广播状态同步消息
2025-12-05 18:43:11.4582  当前没有其他玩家在线，无需广播状态同步消息
2025-12-05 18:43:11.5536  当前没有其他玩家在线，无需广播状态同步消息
2025-12-05 18:43:11.6621  当前没有其他玩家在线，无需广播状态同步消息
2025-12-05 18:43:11.7611  当前没有其他玩家在线，无需广播状态同步消息
2025-12-05 18:43:11.8540  当前没有其他玩家在线，无需广播状态同步消息
2025-12-05 18:43:11.9611  当前没有其他玩家在线，无需广播状态同步消息
2025-12-05 18:43:12.0625  当前没有其他玩家在线，无需广播状态同步消息
2025-12-05 18:43:12.1605  当前没有其他玩家在线，无需广播状态同步消息
2025-12-05 18:43:12.2546  当前没有其他玩家在线，无需广播状态同步消息
2025-12-05 18:43:12.3539  当前没有其他玩家在线，无需广播状态同步消息
2025-12-05 18:43:12.4519  当前没有其他玩家在线，无需广播状态同步消息
2025-12-05 18:43:12.5540  当前没有其他玩家在线，无需广播状态同步消息
2025-12-05 18:43:12.6545  当前没有其他玩家在线，无需广播状态同步消息
2025-12-05 18:43:12.7628  当前没有其他玩家在线，无需广播状态同步消息
2025-12-05 18:43:12.8569  当前没有其他玩家在线，无需广播状态同步消息
2025-12-05 18:43:12.9626  当前没有其他玩家在线，无需广播状态同步消息
2025-12-05 18:43:13.0652  当前没有其他玩家在线，无需广播状态同步消息
2025-12-05 18:43:13.1691  当前没有其他玩家在线，无需广播状态同步消息
2025-12-05 18:43:13.2584  当前没有其他玩家在线，无需广播状态同步消息
2025-12-05 18:43:13.3521  当前没有其他玩家在线，无需广播状态同步消息
2025-12-05 18:43:13.4580  当前没有其他玩家在线，无需广播状态同步消息
2025-12-05 18:43:13.5677  当前没有其他玩家在线，无需广播状态同步消息
2025-12-05 18:43:13.6629  当前没有其他玩家在线，无需广播状态同步消息
2025-12-05 18:43:13.7655  当前没有其他玩家在线，无需广播状态同步消息
2025-12-05 18:43:13.8552  当前没有其他玩家在线，无需广播状态同步消息
2025-12-05 18:43:13.9567  当前没有其他玩家在线，无需广播状态同步消息
2025-12-05 18:43:14.0627  当前没有其他玩家在线，无需广播状态同步消息
2025-12-05 18:43:14.1540  当前没有其他玩家在线，无需广播状态同步消息
2025-12-05 18:43:14.2536  当前没有其他玩家在线，无需广播状态同步消息
2025-12-05 18:43:14.3557  当前没有其他玩家在线，无需广播状态同步消息
2025-12-05 18:43:14.4589  当前没有其他玩家在线，无需广播状态同步消息
2025-12-05 18:43:14.5600  当前没有其他玩家在线，无需广播状态同步消息
2025-12-05 18:43:14.6529  当前没有其他玩家在线，无需广播状态同步消息
2025-12-05 18:43:14.7552  当前没有其他玩家在线，无需广播状态同步消息
2025-12-05 18:43:14.8592  当前没有其他玩家在线，无需广播状态同步消息
2025-12-05 18:43:14.9590  当前没有其他玩家在线，无需广播状态同步消息
2025-12-05 18:43:15.0641  当前没有其他玩家在线，无需广播状态同步消息
2025-12-05 18:43:15.1642  当前没有其他玩家在线，无需广播状态同步消息
2025-12-05 18:43:15.2576  当前没有其他玩家在线，无需广播状态同步消息
2025-12-05 18:43:15.3583  当前没有其他玩家在线，无需广播状态同步消息
2025-12-05 18:43:15.4582  当前没有其他玩家在线，无需广播状态同步消息
2025-12-05 18:43:15.5536  当前没有其他玩家在线，无需广播状态同步消息
2025-12-05 18:43:15.6635  当前没有其他玩家在线，无需广播状态同步消息
2025-12-05 18:43:15.7552  当前没有其他玩家在线，无需广播状态同步消息
2025-12-05 18:43:15.8558  当前没有其他玩家在线，无需广播状态同步消息
2025-12-05 18:43:15.9598  当前没有其他玩家在线，无需广播状态同步消息
2025-12-05 18:43:16.0582  当前没有其他玩家在线，无需广播状态同步消息
2025-12-05 18:43:17.4547  当前没有其他玩家在线，无需广播状态同步消息
2025-12-05 18:43:17.5548  当前没有其他玩家在线，无需广播状态同步消息
2025-12-05 18:43:17.6628  当前没有其他玩家在线，无需广播状态同步消息
2025-12-05 18:43:17.7572  当前没有其他玩家在线，无需广播状态同步消息
2025-12-05 18:43:17.8602  当前没有其他玩家在线，无需广播状态同步消息
2025-12-05 18:43:17.9575  当前没有其他玩家在线，无需广播状态同步消息
2025-12-05 18:43:18.0607  当前没有其他玩家在线，无需广播状态同步消息
2025-12-05 18:43:18.1540  当前没有其他玩家在线，无需广播状态同步消息
2025-12-05 18:43:18.2537  当前没有其他玩家在线，无需广播状态同步消息
2025-12-05 18:43:18.3534  当前没有其他玩家在线，无需广播状态同步消息
2025-12-05 18:43:18.4536  当前没有其他玩家在线，无需广播状态同步消息
2025-12-05 18:43:18.5568  当前没有其他玩家在线，无需广播状态同步消息
2025-12-05 18:43:18.6566  当前没有其他玩家在线，无需广播状态同步消息
2025-12-05 18:43:18.7611  当前没有其他玩家在线，无需广播状态同步消息
2025-12-05 18:43:18.8582  当前没有其他玩家在线，无需广播状态同步消息
2025-12-05 18:43:18.9620  当前没有其他玩家在线，无需广播状态同步消息
2025-12-05 18:43:19.0557  当前没有其他玩家在线，无需广播状态同步消息
2025-12-05 18:43:19.1597  当前没有其他玩家在线，无需广播状态同步消息
2025-12-05 18:43:19.2561  当前没有其他玩家在线，无需广播状态同步消息
2025-12-05 18:43:19.3649  当前没有其他玩家在线，无需广播状态同步消息
2025-12-05 18:43:19.4583  当前没有其他玩家在线，无需广播状态同步消息
2025-12-05 18:43:19.5628  当前没有其他玩家在线，无需广播状态同步消息
2025-12-05 18:43:19.6556  当前没有其他玩家在线，无需广播状态同步消息
2025-12-05 18:43:19.7524  当前没有其他玩家在线，无需广播状态同步消息
2025-12-05 18:43:19.8618  当前没有其他玩家在线，无需广播状态同步消息
2025-12-05 18:43:19.9598  当前没有其他玩家在线，无需广播状态同步消息
2025-12-05 18:43:20.0562  当前没有其他玩家在线，无需广播状态同步消息
2025-12-05 18:43:20.1641  当前没有其他玩家在线，无需广播状态同步消息
2025-12-05 18:43:20.2613  当前没有其他玩家在线，无需广播状态同步消息
2025-12-05 18:43:20.3638  当前没有其他玩家在线，无需广播状态同步消息
2025-12-05 18:43:20.4630  当前没有其他玩家在线，无需广播状态同步消息
2025-12-05 18:43:20.5578  当前没有其他玩家在线，无需广播状态同步消息
2025-12-05 18:43:20.6572  当前没有其他玩家在线，无需广播状态同步消息
2025-12-05 18:43:20.7537  当前没有其他玩家在线，无需广播状态同步消息
2025-12-05 18:43:20.8638  当前没有其他玩家在线，无需广播状态同步消息
2025-12-05 18:43:20.9522  当前没有其他玩家在线，无需广播状态同步消息
2025-12-05 18:43:21.0670  当前没有其他玩家在线，无需广播状态同步消息
2025-12-05 18:43:21.1551  当前没有其他玩家在线，无需广播状态同步消息
2025-12-05 18:43:21.2544  当前没有其他玩家在线，无需广播状态同步消息
2025-12-05 18:43:26.9636  当前没有其他玩家在线，无需广播状态同步消息
2025-12-05 18:43:27.0537  当前没有其他玩家在线，无需广播状态同步消息
2025-12-05 18:43:27.1574  当前没有其他玩家在线，无需广播状态同步消息
2025-12-05 18:43:27.2577  当前没有其他玩家在线，无需广播状态同步消息
2025-12-05 18:43:27.3587  当前没有其他玩家在线，无需广播状态同步消息
2025-12-05 18:43:27.4534  当前没有其他玩家在线，无需广播状态同步消息
2025-12-05 18:43:27.5537  当前没有其他玩家在线，无需广播状态同步消息
2025-12-05 18:43:27.6624  当前没有其他玩家在线，无需广播状态同步消息
2025-12-05 18:43:27.7525  当前没有其他玩家在线，无需广播状态同步消息
2025-12-05 18:43:27.8558  当前没有其他玩家在线，无需广播状态同步消息
2025-12-05 18:43:27.9534  当前没有其他玩家在线，无需广播状态同步消息
2025-12-05 18:43:28.0529  当前没有其他玩家在线，无需广播状态同步消息
2025-12-05 18:43:28.1543  当前没有其他玩家在线，无需广播状态同步消息
2025-12-05 18:43:28.2529  当前没有其他玩家在线，无需广播状态同步消息
2025-12-05 18:43:28.3549  当前没有其他玩家在线，无需广播状态同步消息
2025-12-05 18:43:28.4554  当前没有其他玩家在线，无需广播状态同步消息
2025-12-05 18:43:28.5569  当前没有其他玩家在线，无需广播状态同步消息
2025-12-05 18:43:28.6553  当前没有其他玩家在线，无需广播状态同步消息
2025-12-05 18:43:28.7596  当前没有其他玩家在线，无需广播状态同步消息
2025-12-05 18:43:28.8578  当前没有其他玩家在线，无需广播状态同步消息
2025-12-05 18:43:28.9576  当前没有其他玩家在线，无需广播状态同步消息
2025-12-05 18:43:29.0587  当前没有其他玩家在线，无需广播状态同步消息
2025-12-05 18:43:29.1555  当前没有其他玩家在线，无需广播状态同步消息
2025-12-05 18:43:29.2567  当前没有其他玩家在线，无需广播状态同步消息
2025-12-05 18:43:29.3577  当前没有其他玩家在线，无需广播状态同步消息
2025-12-05 18:43:29.4594  当前没有其他玩家在线，无需广播状态同步消息
2025-12-05 18:43:29.5600  当前没有其他玩家在线，无需广播状态同步消息
2025-12-05 18:43:29.6593  当前没有其他玩家在线，无需广播状态同步消息
2025-12-05 18:43:29.7537  当前没有其他玩家在线，无需广播状态同步消息
2025-12-05 18:43:29.8564  当前没有其他玩家在线，无需广播状态同步消息
2025-12-05 18:43:29.9553  当前没有其他玩家在线，无需广播状态同步消息
2025-12-05 18:43:30.0574  当前没有其他玩家在线，无需广播状态同步消息
2025-12-05 18:43:30.1551  当前没有其他玩家在线，无需广播状态同步消息
2025-12-05 18:43:30.2549  当前没有其他玩家在线，无需广播状态同步消息
2025-12-05 18:43:30.3578  当前没有其他玩家在线，无需广播状态同步消息
2025-12-05 18:43:30.4590  当前没有其他玩家在线，无需广播状态同步消息
2025-12-05 18:43:30.5631  当前没有其他玩家在线，无需广播状态同步消息
2025-12-05 18:43:30.6640  当前没有其他玩家在线，无需广播状态同步消息
2025-12-05 18:43:30.7538  当前没有其他玩家在线，无需广播状态同步消息
2025-12-05 18:43:30.8530  当前没有其他玩家在线，无需广播状态同步消息
2025-12-05 18:43:30.9562  当前没有其他玩家在线，无需广播状态同步消息
2025-12-05 18:43:31.0560  当前没有其他玩家在线，无需广播状态同步消息
2025-12-05 18:43:31.1571  当前没有其他玩家在线，无需广播状态同步消息
2025-12-05 18:43:31.2562  当前没有其他玩家在线，无需广播状态同步消息
2025-12-05 18:43:31.3555  当前没有其他玩家在线，无需广播状态同步消息
2025-12-05 18:43:31.4569  当前没有其他玩家在线，无需广播状态同步消息
2025-12-05 18:43:31.5573  当前没有其他玩家在线，无需广播状态同步消息
2025-12-05 18:43:31.6554  当前没有其他玩家在线，无需广播状态同步消息
2025-12-05 18:43:31.7668  当前没有其他玩家在线，无需广播状态同步消息
2025-12-05 18:43:31.8593  当前没有其他玩家在线，无需广播状态同步消息
2025-12-05 18:43:31.9701  当前没有其他玩家在线，无需广播状态同步消息
2025-12-05 18:43:32.0741  当前没有其他玩家在线，无需广播状态同步消息
2025-12-05 18:43:32.1606  当前没有其他玩家在线，无需广播状态同步消息
2025-12-05 18:43:32.2536  当前没有其他玩家在线，无需广播状态同步消息
2025-12-05 18:43:32.3557  当前没有其他玩家在线，无需广播状态同步消息
2025-12-05 18:43:32.4603  当前没有其他玩家在线，无需广播状态同步消息
2025-12-05 18:43:32.5545  当前没有其他玩家在线，无需广播状态同步消息
2025-12-05 18:43:32.6552  当前没有其他玩家在线，无需广播状态同步消息
2025-12-05 18:43:32.7539  当前没有其他玩家在线，无需广播状态同步消息
2025-12-05 18:43:32.8598  当前没有其他玩家在线，无需广播状态同步消息
2025-12-05 18:43:32.9604  当前没有其他玩家在线，无需广播状态同步消息
2025-12-05 18:43:33.0530  当前没有其他玩家在线，无需广播状态同步消息
2025-12-05 18:43:33.1526  当前没有其他玩家在线，无需广播状态同步消息
2025-12-05 18:43:33.2607  当前没有其他玩家在线，无需广播状态同步消息
2025-12-05 18:43:33.3582  当前没有其他玩家在线，无需广播状态同步消息
2025-12-05 18:43:33.4535  当前没有其他玩家在线，无需广播状态同步消息
2025-12-05 18:43:33.5569  当前没有其他玩家在线，无需广播状态同步消息
2025-12-05 18:43:33.6525  当前没有其他玩家在线，无需广播状态同步消息
2025-12-05 18:43:33.7625  当前没有其他玩家在线，无需广播状态同步消息
2025-12-05 18:43:33.8565  当前没有其他玩家在线，无需广播状态同步消息
2025-12-05 18:43:33.9523  当前没有其他玩家在线，无需广播状态同步消息
2025-12-05 18:43:34.0542  当前没有其他玩家在线，无需广播状态同步消息
2025-12-05 18:43:34.1616  当前没有其他玩家在线，无需广播状态同步消息
2025-12-05 18:43:34.2550  当前没有其他玩家在线，无需广播状态同步消息
2025-12-05 18:43:34.3542  当前没有其他玩家在线，无需广播状态同步消息
2025-12-05 18:43:34.4645  当前没有其他玩家在线，无需广播状态同步消息
2025-12-05 18:43:34.5589  当前没有其他玩家在线，无需广播状态同步消息
2025-12-05 18:43:34.6599  当前没有其他玩家在线，无需广播状态同步消息
2025-12-05 18:43:44.5637  当前没有其他玩家在线，无需广播状态同步消息
2025-12-05 18:43:44.6525  当前没有其他玩家在线，无需广播状态同步消息
2025-12-05 18:43:44.7548  当前没有其他玩家在线，无需广播状态同步消息
2025-12-05 18:43:44.8619  当前没有其他玩家在线，无需广播状态同步消息
2025-12-05 18:43:44.9625  当前没有其他玩家在线，无需广播状态同步消息
2025-12-05 18:43:45.0627  当前没有其他玩家在线，无需广播状态同步消息
2025-12-05 18:43:45.1590  当前没有其他玩家在线，无需广播状态同步消息
2025-12-05 18:43:45.2587  当前没有其他玩家在线，无需广播状态同步消息
2025-12-05 18:43:45.3602  当前没有其他玩家在线，无需广播状态同步消息
2025-12-05 18:43:45.4563  当前没有其他玩家在线，无需广播状态同步消息
2025-12-05 18:43:45.5627  当前没有其他玩家在线，无需广播状态同步消息
2025-12-05 18:43:45.6607  当前没有其他玩家在线，无需广播状态同步消息
2025-12-05 18:43:45.7580  当前没有其他玩家在线，无需广播状态同步消息
2025-12-05 18:43:45.8581  当前没有其他玩家在线，无需广播状态同步消息
2025-12-05 18:43:45.9525  当前没有其他玩家在线，无需广播状态同步消息
2025-12-05 18:43:46.0542  当前没有其他玩家在线，无需广播状态同步消息
2025-12-05 18:43:46.1547  当前没有其他玩家在线，无需广播状态同步消息
2025-12-05 18:43:46.2654  当前没有其他玩家在线，无需广播状态同步消息
2025-12-05 18:43:46.3550  当前没有其他玩家在线，无需广播状态同步消息
2025-12-05 18:43:46.4586  当前没有其他玩家在线，无需广播状态同步消息
2025-12-05 18:43:46.5585  当前没有其他玩家在线，无需广播状态同步消息
2025-12-05 18:43:46.6555  当前没有其他玩家在线，无需广播状态同步消息
2025-12-05 18:43:46.7591  当前没有其他玩家在线，无需广播状态同步消息
2025-12-05 18:43:46.8605  当前没有其他玩家在线，无需广播状态同步消息
2025-12-05 18:43:46.9554  当前没有其他玩家在线，无需广播状态同步消息
2025-12-05 18:43:47.0574  当前没有其他玩家在线，无需广播状态同步消息
2025-12-05 18:43:47.1529  当前没有其他玩家在线，无需广播状态同步消息
2025-12-05 18:43:47.2553  当前没有其他玩家在线，无需广播状态同步消息
2025-12-05 18:43:47.3539  当前没有其他玩家在线，无需广播状态同步消息
2025-12-05 18:43:47.4593  当前没有其他玩家在线，无需广播状态同步消息
2025-12-05 18:43:47.5586  当前没有其他玩家在线，无需广播状态同步消息
2025-12-05 18:43:47.6640  当前没有其他玩家在线，无需广播状态同步消息
2025-12-05 18:43:47.7540  当前没有其他玩家在线，无需广播状态同步消息
2025-12-05 18:43:47.8613  当前没有其他玩家在线，无需广播状态同步消息
2025-12-05 18:43:47.9560  当前没有其他玩家在线，无需广播状态同步消息
2025-12-05 18:43:48.0571  当前没有其他玩家在线，无需广播状态同步消息
2025-12-05 18:43:48.1572  当前没有其他玩家在线，无需广播状态同步消息
2025-12-05 18:43:48.2568  当前没有其他玩家在线，无需广播状态同步消息
2025-12-05 18:43:49.3538  当前没有其他玩家在线，无需广播状态同步消息
2025-12-05 18:43:49.4624  当前没有其他玩家在线，无需广播状态同步消息
2025-12-05 18:43:49.5603  当前没有其他玩家在线，无需广播状态同步消息
2025-12-05 18:43:49.6575  当前没有其他玩家在线，无需广播状态同步消息
2025-12-05 18:43:49.7609  当前没有其他玩家在线，无需广播状态同步消息
2025-12-05 18:43:49.8621  当前没有其他玩家在线，无需广播状态同步消息
2025-12-05 18:43:49.9532  当前没有其他玩家在线，无需广播状态同步消息
2025-12-05 18:43:50.0543  当前没有其他玩家在线，无需广播状态同步消息
2025-12-05 18:43:50.1570  当前没有其他玩家在线，无需广播状态同步消息
2025-12-05 18:43:50.2561  当前没有其他玩家在线，无需广播状态同步消息
2025-12-05 18:43:50.3573  当前没有其他玩家在线，无需广播状态同步消息
2025-12-05 18:43:50.4538  当前没有其他玩家在线，无需广播状态同步消息
2025-12-05 18:43:50.5600  当前没有其他玩家在线，无需广播状态同步消息
2025-12-05 18:43:50.6589  当前没有其他玩家在线，无需广播状态同步消息
2025-12-05 18:43:50.7590  当前没有其他玩家在线，无需广播状态同步消息
2025-12-05 18:43:50.8610  当前没有其他玩家在线，无需广播状态同步消息
2025-12-05 18:43:50.9522  当前没有其他玩家在线，无需广播状态同步消息
2025-12-05 18:43:51.0543  当前没有其他玩家在线，无需广播状态同步消息
2025-12-05 18:43:51.1550  当前没有其他玩家在线，无需广播状态同步消息
2025-12-05 18:43:51.2556  当前没有其他玩家在线，无需广播状态同步消息
2025-12-05 18:43:51.3526  当前没有其他玩家在线，无需广播状态同步消息
2025-12-05 18:43:51.4540  当前没有其他玩家在线，无需广播状态同步消息
2025-12-05 18:43:51.5566  当前没有其他玩家在线，无需广播状态同步消息
2025-12-05 18:43:51.6583  当前没有其他玩家在线，无需广播状态同步消息
2025-12-05 18:43:51.7551  当前没有其他玩家在线，无需广播状态同步消息
2025-12-05 18:43:51.8538  当前没有其他玩家在线，无需广播状态同步消息
2025-12-05 18:43:51.9585  当前没有其他玩家在线，无需广播状态同步消息
2025-12-05 18:43:52.0643  当前没有其他玩家在线，无需广播状态同步消息
2025-12-05 18:43:52.1557  当前没有其他玩家在线，无需广播状态同步消息
2025-12-05 18:43:52.2572  当前没有其他玩家在线，无需广播状态同步消息
2025-12-05 18:43:52.3584  当前没有其他玩家在线，无需广播状态同步消息
2025-12-05 18:43:52.4609  当前没有其他玩家在线，无需广播状态同步消息
2025-12-05 18:43:52.5560  当前没有其他玩家在线，无需广播状态同步消息
2025-12-05 18:43:52.6591  当前没有其他玩家在线，无需广播状态同步消息
2025-12-05 18:43:52.7614  当前没有其他玩家在线，无需广播状态同步消息
2025-12-05 18:43:52.8552  当前没有其他玩家在线，无需广播状态同步消息
2025-12-05 18:43:52.9608  当前没有其他玩家在线，无需广播状态同步消息
2025-12-05 18:43:53.0577  当前没有其他玩家在线，无需广播状态同步消息
2025-12-05 18:43:53.1573  当前没有其他玩家在线，无需广播状态同步消息
2025-12-05 18:43:53.2583  当前没有其他玩家在线，无需广播状态同步消息
2025-12-05 18:43:53.3577  当前没有其他玩家在线，无需广播状态同步消息
2025-12-05 18:43:53.4542  当前没有其他玩家在线，无需广播状态同步消息
2025-12-05 18:43:53.5590  当前没有其他玩家在线，无需广播状态同步消息
2025-12-05 18:43:53.6538  当前没有其他玩家在线，无需广播状态同步消息
2025-12-05 18:43:53.7527  当前没有其他玩家在线，无需广播状态同步消息
2025-12-05 18:43:53.8622  当前没有其他玩家在线，无需广播状态同步消息
2025-12-05 18:43:53.9520  当前没有其他玩家在线，无需广播状态同步消息
2025-12-05 18:43:54.0536  当前没有其他玩家在线，无需广播状态同步消息
2025-12-05 18:43:54.1614  当前没有其他玩家在线，无需广播状态同步消息
2025-12-05 18:43:54.2632  当前没有其他玩家在线，无需广播状态同步消息
2025-12-05 18:43:54.3549  当前没有其他玩家在线，无需广播状态同步消息
2025-12-05 18:43:54.4583  当前没有其他玩家在线，无需广播状态同步消息
2025-12-05 18:43:54.5570  当前没有其他玩家在线，无需广播状态同步消息
2025-12-05 18:43:54.6570  当前没有其他玩家在线，无需广播状态同步消息
2025-12-05 18:43:54.7597  当前没有其他玩家在线，无需广播状态同步消息
2025-12-05 18:43:54.8603  当前没有其他玩家在线，无需广播状态同步消息
2025-12-05 18:43:54.9655  当前没有其他玩家在线，无需广播状态同步消息
2025-12-05 18:43:55.0620  当前没有其他玩家在线，无需广播状态同步消息
2025-12-05 18:43:55.1549  当前没有其他玩家在线，无需广播状态同步消息
2025-12-05 18:43:55.2622  当前没有其他玩家在线，无需广播状态同步消息
2025-12-05 18:43:55.3626  当前没有其他玩家在线，无需广播状态同步消息
2025-12-05 18:43:55.4556  当前没有其他玩家在线，无需广播状态同步消息
2025-12-05 18:43:55.5673  当前没有其他玩家在线，无需广播状态同步消息
2025-12-05 18:43:55.6520  当前没有其他玩家在线，无需广播状态同步消息
2025-12-05 18:43:55.7560  当前没有其他玩家在线，无需广播状态同步消息
2025-12-05 18:43:55.8542  当前没有其他玩家在线，无需广播状态同步消息
2025-12-05 18:43:55.9594  当前没有其他玩家在线，无需广播状态同步消息
2025-12-05 18:43:56.0649  当前没有其他玩家在线，无需广播状态同步消息
2025-12-05 18:43:56.1544  当前没有其他玩家在线，无需广播状态同步消息
2025-12-05 18:43:56.2575  当前没有其他玩家在线，无需广播状态同步消息
2025-12-05 18:43:56.3568  当前没有其他玩家在线，无需广播状态同步消息
2025-12-05 18:43:56.4576  当前没有其他玩家在线，无需广播状态同步消息
2025-12-05 18:43:56.5602  当前没有其他玩家在线，无需广播状态同步消息
2025-12-05 18:43:56.6663  当前没有其他玩家在线，无需广播状态同步消息
2025-12-05 18:43:56.7538  当前没有其他玩家在线，无需广播状态同步消息
2025-12-05 18:43:56.8583  当前没有其他玩家在线，无需广播状态同步消息
2025-12-05 18:43:56.9591  当前没有其他玩家在线，无需广播状态同步消息
2025-12-05 18:43:57.0576  当前没有其他玩家在线，无需广播状态同步消息
2025-12-05 18:43:57.1601  当前没有其他玩家在线，无需广播状态同步消息
2025-12-05 18:43:57.2634  当前没有其他玩家在线，无需广播状态同步消息
2025-12-05 18:43:57.3643  当前没有其他玩家在线，无需广播状态同步消息
2025-12-05 18:43:57.4645  当前没有其他玩家在线，无需广播状态同步消息
2025-12-05 18:43:57.5585  当前没有其他玩家在线，无需广播状态同步消息
2025-12-05 18:43:57.6644  当前没有其他玩家在线，无需广播状态同步消息
2025-12-05 18:43:57.7593  当前没有其他玩家在线，无需广播状态同步消息
2025-12-05 18:43:57.8575  当前没有其他玩家在线，无需广播状态同步消息
2025-12-05 18:43:57.9647  当前没有其他玩家在线，无需广播状态同步消息
2025-12-05 18:43:58.0609  当前没有其他玩家在线，无需广播状态同步消息
2025-12-05 18:43:58.1605  当前没有其他玩家在线，无需广播状态同步消息
2025-12-05 18:43:58.2563  当前没有其他玩家在线，无需广播状态同步消息
2025-12-05 18:43:58.3569  当前没有其他玩家在线，无需广播状态同步消息
2025-12-05 18:43:58.4576  当前没有其他玩家在线，无需广播状态同步消息
2025-12-05 18:43:58.5559  当前没有其他玩家在线，无需广播状态同步消息
2025-12-05 18:43:58.6594  当前没有其他玩家在线，无需广播状态同步消息
2025-12-05 18:43:58.7563  当前没有其他玩家在线，无需广播状态同步消息
2025-12-05 18:43:58.8572  当前没有其他玩家在线，无需广播状态同步消息
2025-12-05 18:43:58.9609  当前没有其他玩家在线，无需广播状态同步消息
2025-12-05 18:43:59.0600  当前没有其他玩家在线，无需广播状态同步消息
2025-12-05 18:43:59.1636  当前没有其他玩家在线，无需广播状态同步消息
2025-12-05 18:43:59.2629  当前没有其他玩家在线，无需广播状态同步消息
2025-12-05 18:43:59.3558  当前没有其他玩家在线，无需广播状态同步消息
2025-12-05 18:43:59.4555  当前没有其他玩家在线，无需广播状态同步消息
2025-12-05 18:43:59.5560  当前没有其他玩家在线，无需广播状态同步消息
2025-12-05 18:43:59.6573  当前没有其他玩家在线，无需广播状态同步消息
2025-12-05 18:43:59.7657  当前没有其他玩家在线，无需广播状态同步消息
2025-12-05 18:43:59.8641  当前没有其他玩家在线，无需广播状态同步消息
2025-12-05 18:43:59.9540  当前没有其他玩家在线，无需广播状态同步消息
2025-12-05 18:44:00.0552  当前没有其他玩家在线，无需广播状态同步消息
2025-12-05 18:44:00.1580  当前没有其他玩家在线，无需广播状态同步消息
2025-12-05 18:44:00.2532  当前没有其他玩家在线，无需广播状态同步消息
2025-12-05 18:44:00.3616  当前没有其他玩家在线，无需广播状态同步消息
2025-12-05 18:44:00.4531  当前没有其他玩家在线，无需广播状态同步消息
2025-12-05 18:44:00.5712  当前没有其他玩家在线，无需广播状态同步消息
2025-12-05 18:44:00.6569  当前没有其他玩家在线，无需广播状态同步消息
2025-12-05 18:44:00.7700  当前没有其他玩家在线，无需广播状态同步消息
2025-12-05 18:44:00.8572  当前没有其他玩家在线，无需广播状态同步消息
2025-12-05 18:44:00.9528  当前没有其他玩家在线，无需广播状态同步消息
2025-12-05 18:44:01.0567  当前没有其他玩家在线，无需广播状态同步消息
2025-12-05 18:44:01.1593  当前没有其他玩家在线，无需广播状态同步消息
2025-12-05 18:44:01.2584  当前没有其他玩家在线，无需广播状态同步消息
2025-12-05 18:44:01.3567  当前没有其他玩家在线，无需广播状态同步消息
2025-12-05 18:44:01.4572  当前没有其他玩家在线，无需广播状态同步消息
2025-12-05 18:44:01.5564  当前没有其他玩家在线，无需广播状态同步消息
2025-12-05 18:44:01.6537  当前没有其他玩家在线，无需广播状态同步消息
2025-12-05 18:44:01.7584  当前没有其他玩家在线，无需广播状态同步消息
2025-12-05 18:44:01.8545  当前没有其他玩家在线，无需广播状态同步消息
2025-12-05 18:44:01.9583  当前没有其他玩家在线，无需广播状态同步消息
2025-12-05 18:44:02.0585  当前没有其他玩家在线，无需广播状态同步消息
2025-12-05 18:44:02.1605  当前没有其他玩家在线，无需广播状态同步消息
2025-12-05 18:44:02.2598  当前没有其他玩家在线，无需广播状态同步消息
2025-12-05 18:44:02.3663  当前没有其他玩家在线，无需广播状态同步消息
2025-12-05 18:44:02.4526  当前没有其他玩家在线，无需广播状态同步消息
2025-12-05 18:44:02.5580  当前没有其他玩家在线，无需广播状态同步消息
2025-12-05 18:44:02.6589  当前没有其他玩家在线，无需广播状态同步消息
2025-12-05 18:44:02.7587  当前没有其他玩家在线，无需广播状态同步消息
2025-12-05 18:44:02.8586  当前没有其他玩家在线，无需广播状态同步消息
2025-12-05 18:44:02.9589  当前没有其他玩家在线，无需广播状态同步消息
2025-12-05 18:44:03.0628  当前没有其他玩家在线，无需广播状态同步消息
2025-12-05 18:44:03.1553  当前没有其他玩家在线，无需广播状态同步消息
2025-12-05 18:44:03.2570  当前没有其他玩家在线，无需广播状态同步消息
2025-12-05 18:44:03.3548  当前没有其他玩家在线，无需广播状态同步消息
2025-12-05 18:44:03.4528  当前没有其他玩家在线，无需广播状态同步消息
2025-12-05 18:44:03.5544  当前没有其他玩家在线，无需广播状态同步消息
2025-12-05 18:44:03.6567  当前没有其他玩家在线，无需广播状态同步消息
2025-12-05 18:44:03.7651  当前没有其他玩家在线，无需广播状态同步消息
2025-12-05 18:44:03.8548  当前没有其他玩家在线，无需广播状态同步消息
2025-12-05 18:44:14.1627  当前没有其他玩家在线，无需广播状态同步消息
2025-12-05 18:44:14.2604  当前没有其他玩家在线，无需广播状态同步消息
2025-12-05 18:44:14.3599  当前没有其他玩家在线，无需广播状态同步消息
2025-12-05 18:44:14.4614  当前没有其他玩家在线，无需广播状态同步消息
2025-12-05 18:44:14.5528  当前没有其他玩家在线，无需广播状态同步消息
2025-12-05 18:44:14.6544  当前没有其他玩家在线，无需广播状态同步消息
2025-12-05 18:44:14.7605  当前没有其他玩家在线，无需广播状态同步消息
2025-12-05 18:44:14.8526  当前没有其他玩家在线，无需广播状态同步消息
2025-12-05 18:44:14.9524  当前没有其他玩家在线，无需广播状态同步消息
2025-12-05 18:44:15.0539  当前没有其他玩家在线，无需广播状态同步消息
2025-12-05 18:44:15.1536  当前没有其他玩家在线，无需广播状态同步消息
2025-12-05 18:44:15.2533  当前没有其他玩家在线，无需广播状态同步消息
2025-12-05 18:44:15.3537  当前没有其他玩家在线，无需广播状态同步消息
2025-12-05 18:44:15.4614  当前没有其他玩家在线，无需广播状态同步消息
2025-12-05 18:44:15.5627  当前没有其他玩家在线，无需广播状态同步消息
2025-12-05 18:44:15.6613  当前没有其他玩家在线，无需广播状态同步消息
2025-12-05 18:44:15.7543  当前没有其他玩家在线，无需广播状态同步消息
2025-12-05 18:44:15.8542  当前没有其他玩家在线，无需广播状态同步消息
2025-12-05 18:44:15.9628  当前没有其他玩家在线，无需广播状态同步消息
2025-12-05 18:44:16.0550  当前没有其他玩家在线，无需广播状态同步消息
2025-12-05 18:44:16.1565  当前没有其他玩家在线，无需广播状态同步消息
2025-12-05 18:44:16.2524  当前没有其他玩家在线，无需广播状态同步消息
2025-12-05 18:44:16.3568  当前没有其他玩家在线，无需广播状态同步消息
2025-12-05 18:44:16.4627  当前没有其他玩家在线，无需广播状态同步消息
2025-12-05 18:44:16.5624  当前没有其他玩家在线，无需广播状态同步消息
2025-12-05 18:44:16.6572  当前没有其他玩家在线，无需广播状态同步消息
2025-12-05 18:44:16.7528  当前没有其他玩家在线，无需广播状态同步消息
2025-12-05 18:44:16.8568  当前没有其他玩家在线，无需广播状态同步消息
2025-12-05 18:44:16.9552  当前没有其他玩家在线，无需广播状态同步消息
2025-12-05 18:44:17.0559  当前没有其他玩家在线，无需广播状态同步消息
2025-12-05 18:44:17.1554  当前没有其他玩家在线，无需广播状态同步消息
2025-12-05 18:44:17.2569  当前没有其他玩家在线，无需广播状态同步消息
2025-12-05 18:44:17.3580  当前没有其他玩家在线，无需广播状态同步消息
2025-12-05 18:44:17.4572  当前没有其他玩家在线，无需广播状态同步消息
2025-12-05 18:44:17.5557  当前没有其他玩家在线，无需广播状态同步消息
2025-12-05 18:44:17.6532  当前没有其他玩家在线，无需广播状态同步消息
2025-12-05 18:44:17.7670  当前没有其他玩家在线，无需广播状态同步消息
2025-12-05 18:44:17.8519  当前没有其他玩家在线，无需广播状态同步消息
2025-12-05 18:44:17.9531  当前没有其他玩家在线，无需广播状态同步消息
2025-12-05 18:44:18.0528  当前没有其他玩家在线，无需广播状态同步消息
2025-12-05 18:44:18.1547  当前没有其他玩家在线，无需广播状态同步消息
2025-12-05 18:44:18.2537  当前没有其他玩家在线，无需广播状态同步消息
2025-12-05 18:44:18.3546  当前没有其他玩家在线，无需广播状态同步消息
2025-12-05 18:44:18.4556  当前没有其他玩家在线，无需广播状态同步消息
2025-12-05 18:44:18.5536  当前没有其他玩家在线，无需广播状态同步消息
2025-12-05 18:44:18.6574  当前没有其他玩家在线，无需广播状态同步消息
2025-12-05 18:44:18.7648  当前没有其他玩家在线，无需广播状态同步消息
2025-12-05 18:44:18.8529  当前没有其他玩家在线，无需广播状态同步消息
2025-12-05 18:44:18.9606  当前没有其他玩家在线，无需广播状态同步消息
2025-12-05 18:44:19.0582  当前没有其他玩家在线，无需广播状态同步消息
2025-12-05 18:44:19.1605  当前没有其他玩家在线，无需广播状态同步消息
2025-12-05 18:44:19.2653  当前没有其他玩家在线，无需广播状态同步消息
2025-12-05 18:44:19.3561  当前没有其他玩家在线，无需广播状态同步消息
2025-12-05 18:44:19.4579  当前没有其他玩家在线，无需广播状态同步消息
2025-12-05 18:44:19.5583  当前没有其他玩家在线，无需广播状态同步消息
2025-12-05 18:44:19.6639  当前没有其他玩家在线，无需广播状态同步消息
2025-12-05 18:44:19.7549  当前没有其他玩家在线，无需广播状态同步消息
2025-12-05 18:44:19.8561  当前没有其他玩家在线，无需广播状态同步消息
2025-12-05 18:44:19.9536  当前没有其他玩家在线，无需广播状态同步消息
2025-12-05 18:44:20.0562  当前没有其他玩家在线，无需广播状态同步消息
2025-12-05 18:44:20.1601  当前没有其他玩家在线，无需广播状态同步消息
2025-12-05 18:44:20.2592  当前没有其他玩家在线，无需广播状态同步消息
2025-12-05 18:44:20.3587  当前没有其他玩家在线，无需广播状态同步消息
2025-12-05 18:44:20.4592  当前没有其他玩家在线，无需广播状态同步消息
2025-12-05 18:44:20.5676  当前没有其他玩家在线，无需广播状态同步消息
2025-12-05 18:44:20.6567  当前没有其他玩家在线，无需广播状态同步消息
2025-12-05 18:44:20.7531  当前没有其他玩家在线，无需广播状态同步消息
2025-12-05 18:44:20.8639  当前没有其他玩家在线，无需广播状态同步消息
2025-12-05 18:44:20.9603  当前没有其他玩家在线，无需广播状态同步消息
2025-12-05 18:44:21.0570  当前没有其他玩家在线，无需广播状态同步消息
2025-12-05 18:44:21.1546  当前没有其他玩家在线，无需广播状态同步消息
2025-12-05 18:44:21.2541  当前没有其他玩家在线，无需广播状态同步消息
2025-12-05 18:44:21.3564  当前没有其他玩家在线，无需广播状态同步消息
2025-12-05 18:44:21.4548  当前没有其他玩家在线，无需广播状态同步消息
2025-12-05 18:44:21.5571  当前没有其他玩家在线，无需广播状态同步消息
2025-12-05 18:44:21.6577  当前没有其他玩家在线，无需广播状态同步消息
2025-12-05 18:44:21.7591  当前没有其他玩家在线，无需广播状态同步消息
2025-12-05 18:44:21.8540  当前没有其他玩家在线，无需广播状态同步消息
2025-12-05 18:44:21.9543  当前没有其他玩家在线，无需广播状态同步消息
2025-12-05 18:44:22.0582  当前没有其他玩家在线，无需广播状态同步消息
2025-12-05 18:44:22.1599  当前没有其他玩家在线，无需广播状态同步消息
2025-12-05 18:44:22.2587  当前没有其他玩家在线，无需广播状态同步消息
2025-12-05 18:44:22.3542  当前没有其他玩家在线，无需广播状态同步消息
2025-12-05 18:44:22.4549  当前没有其他玩家在线，无需广播状态同步消息
2025-12-05 18:44:22.5588  当前没有其他玩家在线，无需广播状态同步消息
2025-12-05 18:44:22.6565  当前没有其他玩家在线，无需广播状态同步消息
2025-12-05 18:44:22.7602  当前没有其他玩家在线，无需广播状态同步消息
2025-12-05 18:44:22.8554  当前没有其他玩家在线，无需广播状态同步消息
2025-12-05 18:44:22.9659  当前没有其他玩家在线，无需广播状态同步消息
2025-12-05 18:44:23.0666  当前没有其他玩家在线，无需广播状态同步消息
2025-12-05 18:44:23.1620  当前没有其他玩家在线，无需广播状态同步消息
2025-12-05 18:44:23.2567  当前没有其他玩家在线，无需广播状态同步消息
2025-12-05 18:44:23.3608  当前没有其他玩家在线，无需广播状态同步消息
2025-12-05 18:44:23.4525  当前没有其他玩家在线，无需广播状态同步消息
2025-12-05 18:44:23.5524  当前没有其他玩家在线，无需广播状态同步消息
2025-12-05 18:44:23.6532  当前没有其他玩家在线，无需广播状态同步消息
2025-12-05 18:44:23.7538  当前没有其他玩家在线，无需广播状态同步消息
2025-12-05 18:44:23.8546  当前没有其他玩家在线，无需广播状态同步消息
2025-12-05 18:44:23.9578  当前没有其他玩家在线，无需广播状态同步消息
2025-12-05 18:44:24.0567  当前没有其他玩家在线，无需广播状态同步消息
2025-12-05 18:44:24.1620  当前没有其他玩家在线，无需广播状态同步消息
2025-12-05 18:44:24.2526  当前没有其他玩家在线，无需广播状态同步消息
2025-12-05 18:44:24.3639  当前没有其他玩家在线，无需广播状态同步消息
2025-12-05 18:44:24.4551  当前没有其他玩家在线，无需广播状态同步消息
2025-12-05 18:44:24.5622  当前没有其他玩家在线，无需广播状态同步消息
2025-12-05 18:44:24.6598  当前没有其他玩家在线，无需广播状态同步消息
2025-12-05 18:44:24.7559  当前没有其他玩家在线，无需广播状态同步消息
2025-12-05 18:44:24.8525  当前没有其他玩家在线，无需广播状态同步消息
2025-12-05 18:44:24.9563  当前没有其他玩家在线，无需广播状态同步消息
2025-12-05 18:44:25.0572  当前没有其他玩家在线，无需广播状态同步消息
2025-12-05 18:44:25.1594  当前没有其他玩家在线，无需广播状态同步消息
2025-12-05 18:44:25.2539  当前没有其他玩家在线，无需广播状态同步消息
2025-12-05 18:44:25.3567  当前没有其他玩家在线，无需广播状态同步消息
2025-12-05 18:44:25.4634  当前没有其他玩家在线，无需广播状态同步消息
2025-12-05 18:44:25.5605  当前没有其他玩家在线，无需广播状态同步消息
2025-12-05 18:44:25.6557  当前没有其他玩家在线，无需广播状态同步消息
2025-12-05 18:44:25.7560  当前没有其他玩家在线，无需广播状态同步消息
2025-12-05 18:44:25.8637  当前没有其他玩家在线，无需广播状态同步消息
2025-12-05 18:44:25.9545  当前没有其他玩家在线，无需广播状态同步消息
2025-12-05 18:44:26.0580  当前没有其他玩家在线，无需广播状态同步消息
2025-12-05 18:44:26.1627  当前没有其他玩家在线，无需广播状态同步消息
2025-12-05 18:44:26.2647  当前没有其他玩家在线，无需广播状态同步消息
2025-12-05 18:44:26.3586  当前没有其他玩家在线，无需广播状态同步消息
2025-12-05 18:44:26.4526  当前没有其他玩家在线，无需广播状态同步消息
2025-12-05 18:44:26.5592  当前没有其他玩家在线，无需广播状态同步消息
2025-12-05 18:44:26.6674  当前没有其他玩家在线，无需广播状态同步消息
2025-12-05 18:44:26.7555  当前没有其他玩家在线，无需广播状态同步消息
2025-12-05 18:44:26.8561  当前没有其他玩家在线，无需广播状态同步消息
2025-12-05 18:44:26.9539  当前没有其他玩家在线，无需广播状态同步消息
2025-12-05 18:44:27.0566  当前没有其他玩家在线，无需广播状态同步消息
2025-12-05 18:44:27.1579  当前没有其他玩家在线，无需广播状态同步消息
2025-12-05 18:44:27.2606  当前没有其他玩家在线，无需广播状态同步消息
2025-12-05 18:44:27.3540  当前没有其他玩家在线，无需广播状态同步消息
2025-12-05 18:44:27.4553  当前没有其他玩家在线，无需广播状态同步消息
2025-12-05 18:44:27.5523  当前没有其他玩家在线，无需广播状态同步消息
2025-12-05 18:44:27.6639  当前没有其他玩家在线，无需广播状态同步消息
2025-12-05 18:44:27.7613  当前没有其他玩家在线，无需广播状态同步消息
2025-12-05 18:44:27.8596  当前没有其他玩家在线，无需广播状态同步消息
2025-12-05 18:44:27.9598  当前没有其他玩家在线，无需广播状态同步消息
2025-12-05 18:44:28.0691  当前没有其他玩家在线，无需广播状态同步消息
2025-12-05 18:44:28.1679  当前没有其他玩家在线，无需广播状态同步消息
2025-12-05 18:44:28.2570  当前没有其他玩家在线，无需广播状态同步消息
2025-12-05 18:44:28.3537  当前没有其他玩家在线，无需广播状态同步消息
2025-12-05 18:44:28.4623  当前没有其他玩家在线，无需广播状态同步消息
2025-12-05 18:44:28.5599  当前没有其他玩家在线，无需广播状态同步消息
2025-12-05 18:44:28.6614  当前没有其他玩家在线，无需广播状态同步消息
2025-12-05 18:44:28.7624  当前没有其他玩家在线，无需广播状态同步消息
2025-12-05 18:44:28.8602  当前没有其他玩家在线，无需广播状态同步消息
2025-12-05 18:44:28.9538  当前没有其他玩家在线，无需广播状态同步消息
2025-12-05 18:44:29.0564  当前没有其他玩家在线，无需广播状态同步消息
2025-12-05 18:44:29.1628  当前没有其他玩家在线，无需广播状态同步消息
2025-12-05 18:44:29.2621  当前没有其他玩家在线，无需广播状态同步消息
2025-12-05 18:44:29.3524  当前没有其他玩家在线，无需广播状态同步消息
2025-12-05 18:44:29.4529  当前没有其他玩家在线，无需广播状态同步消息
2025-12-05 18:44:29.5529  当前没有其他玩家在线，无需广播状态同步消息
2025-12-05 18:44:29.6591  当前没有其他玩家在线，无需广播状态同步消息
2025-12-05 18:44:29.7549  当前没有其他玩家在线，无需广播状态同步消息
2025-12-05 18:44:29.8539  当前没有其他玩家在线，无需广播状态同步消息
2025-12-05 18:44:29.9643  当前没有其他玩家在线，无需广播状态同步消息
2025-12-05 18:44:30.0538  当前没有其他玩家在线，无需广播状态同步消息
2025-12-05 18:44:30.1534  当前没有其他玩家在线，无需广播状态同步消息
2025-12-05 18:44:30.2547  当前没有其他玩家在线，无需广播状态同步消息
2025-12-05 18:44:30.3577  当前没有其他玩家在线，无需广播状态同步消息
2025-12-05 18:44:30.4541  当前没有其他玩家在线，无需广播状态同步消息
2025-12-05 18:44:30.5574  当前没有其他玩家在线，无需广播状态同步消息
2025-12-05 18:44:30.6551  当前没有其他玩家在线，无需广播状态同步消息
2025-12-05 18:44:30.7567  当前没有其他玩家在线，无需广播状态同步消息
2025-12-05 18:44:30.8555  当前没有其他玩家在线，无需广播状态同步消息
2025-12-05 18:44:30.9593  当前没有其他玩家在线，无需广播状态同步消息
2025-12-05 18:44:31.0576  当前没有其他玩家在线，无需广播状态同步消息
2025-12-05 18:44:31.1565  当前没有其他玩家在线，无需广播状态同步消息
2025-12-05 18:44:31.2587  当前没有其他玩家在线，无需广播状态同步消息
2025-12-05 18:44:31.3589  当前没有其他玩家在线，无需广播状态同步消息
2025-12-05 18:44:31.4538  当前没有其他玩家在线，无需广播状态同步消息
2025-12-05 18:44:31.5672  当前没有其他玩家在线，无需广播状态同步消息
2025-12-05 18:44:31.6529  当前没有其他玩家在线，无需广播状态同步消息
2025-12-05 18:44:31.7648  当前没有其他玩家在线，无需广播状态同步消息
2025-12-05 18:44:31.8630  当前没有其他玩家在线，无需广播状态同步消息
2025-12-05 18:44:31.9627  当前没有其他玩家在线，无需广播状态同步消息
2025-12-05 18:44:32.0538  当前没有其他玩家在线，无需广播状态同步消息
2025-12-05 18:44:32.1543  当前没有其他玩家在线，无需广播状态同步消息
2025-12-05 18:44:32.2541  当前没有其他玩家在线，无需广播状态同步消息
2025-12-05 18:44:32.3571  当前没有其他玩家在线，无需广播状态同步消息
2025-12-05 18:44:32.4550  当前没有其他玩家在线，无需广播状态同步消息
2025-12-05 18:44:32.5535  当前没有其他玩家在线，无需广播状态同步消息
2025-12-05 18:44:32.6552  当前没有其他玩家在线，无需广播状态同步消息
2025-12-05 18:44:32.7606  当前没有其他玩家在线，无需广播状态同步消息
2025-12-05 18:44:32.8629  当前没有其他玩家在线，无需广播状态同步消息
2025-12-05 18:44:32.9538  当前没有其他玩家在线，无需广播状态同步消息
2025-12-05 18:44:33.0582  当前没有其他玩家在线，无需广播状态同步消息
2025-12-05 18:44:33.1637  当前没有其他玩家在线，无需广播状态同步消息
2025-12-05 18:44:33.2580  当前没有其他玩家在线，无需广播状态同步消息
2025-12-05 18:44:33.3523  当前没有其他玩家在线，无需广播状态同步消息
2025-12-05 18:44:33.4647  当前没有其他玩家在线，无需广播状态同步消息
2025-12-05 18:44:33.5651  当前没有其他玩家在线，无需广播状态同步消息
2025-12-05 18:44:33.6611  当前没有其他玩家在线，无需广播状态同步消息
2025-12-05 18:44:33.7652  当前没有其他玩家在线，无需广播状态同步消息
2025-12-05 18:44:33.8549  当前没有其他玩家在线，无需广播状态同步消息
2025-12-05 18:44:33.9683  当前没有其他玩家在线，无需广播状态同步消息
2025-12-05 18:44:34.0569  当前没有其他玩家在线，无需广播状态同步消息
2025-12-05 18:44:34.1575  当前没有其他玩家在线，无需广播状态同步消息
2025-12-05 18:44:34.2658  当前没有其他玩家在线，无需广播状态同步消息
2025-12-05 18:44:34.3561  当前没有其他玩家在线，无需广播状态同步消息
2025-12-05 18:44:34.4565  当前没有其他玩家在线，无需广播状态同步消息
2025-12-05 18:44:34.5540  当前没有其他玩家在线，无需广播状态同步消息
2025-12-05 18:44:34.6537  当前没有其他玩家在线，无需广播状态同步消息
2025-12-05 18:44:34.7601  当前没有其他玩家在线，无需广播状态同步消息
2025-12-05 18:44:34.8526  当前没有其他玩家在线，无需广播状态同步消息
2025-12-05 18:44:34.9517  当前没有其他玩家在线，无需广播状态同步消息
2025-12-05 18:44:35.0543  当前没有其他玩家在线，无需广播状态同步消息
2025-12-05 18:44:35.1615  当前没有其他玩家在线，无需广播状态同步消息
2025-12-05 18:44:35.2537  当前没有其他玩家在线，无需广播状态同步消息
2025-12-05 18:44:35.3529  当前没有其他玩家在线，无需广播状态同步消息
2025-12-05 18:44:35.4528  当前没有其他玩家在线，无需广播状态同步消息
2025-12-05 18:44:35.5525  当前没有其他玩家在线，无需广播状态同步消息
2025-12-05 18:44:35.6525  当前没有其他玩家在线，无需广播状态同步消息
2025-12-05 18:44:35.7541  当前没有其他玩家在线，无需广播状态同步消息
2025-12-05 18:44:35.8561  当前没有其他玩家在线，无需广播状态同步消息
2025-12-05 18:44:35.9541  当前没有其他玩家在线，无需广播状态同步消息
2025-12-05 18:44:36.0578  当前没有其他玩家在线，无需广播状态同步消息
2025-12-05 18:44:36.1551  当前没有其他玩家在线，无需广播状态同步消息
2025-12-05 18:44:36.2642  当前没有其他玩家在线，无需广播状态同步消息
2025-12-05 18:44:36.3610  当前没有其他玩家在线，无需广播状态同步消息
2025-12-05 18:44:36.4550  当前没有其他玩家在线，无需广播状态同步消息
2025-12-05 18:44:36.5579  当前没有其他玩家在线，无需广播状态同步消息
2025-12-05 18:44:36.6646  当前没有其他玩家在线，无需广播状态同步消息
2025-12-05 18:44:36.7603  当前没有其他玩家在线，无需广播状态同步消息
2025-12-05 18:44:36.8636  当前没有其他玩家在线，无需广播状态同步消息
2025-12-05 18:44:36.9658  当前没有其他玩家在线，无需广播状态同步消息
2025-12-05 18:44:37.0646  当前没有其他玩家在线，无需广播状态同步消息
2025-12-05 18:44:37.1524  当前没有其他玩家在线，无需广播状态同步消息
2025-12-05 18:44:37.2649  当前没有其他玩家在线，无需广播状态同步消息
2025-12-05 18:44:37.3528  当前没有其他玩家在线，无需广播状态同步消息
2025-12-05 18:44:37.4535  当前没有其他玩家在线，无需广播状态同步消息
2025-12-05 18:44:37.5625  当前没有其他玩家在线，无需广播状态同步消息
2025-12-05 18:44:37.6640  当前没有其他玩家在线，无需广播状态同步消息
2025-12-05 18:44:37.7587  当前没有其他玩家在线，无需广播状态同步消息
2025-12-05 18:44:37.8540  当前没有其他玩家在线，无需广播状态同步消息
2025-12-05 18:44:37.9559  当前没有其他玩家在线，无需广播状态同步消息
2025-12-05 18:44:38.0583  当前没有其他玩家在线，无需广播状态同步消息
2025-12-05 18:44:38.1544  当前没有其他玩家在线，无需广播状态同步消息
2025-12-05 18:44:38.2557  当前没有其他玩家在线，无需广播状态同步消息
2025-12-05 18:44:38.3540  当前没有其他玩家在线，无需广播状态同步消息
2025-12-05 18:44:38.4561  当前没有其他玩家在线，无需广播状态同步消息
2025-12-05 18:44:38.5593  当前没有其他玩家在线，无需广播状态同步消息
2025-12-05 18:44:38.6589  当前没有其他玩家在线，无需广播状态同步消息
2025-12-05 18:44:38.7637  当前没有其他玩家在线，无需广播状态同步消息
2025-12-05 18:44:38.8541  当前没有其他玩家在线，无需广播状态同步消息
2025-12-05 18:44:38.9566  当前没有其他玩家在线，无需广播状态同步消息
2025-12-05 18:44:39.0660  当前没有其他玩家在线，无需广播状态同步消息
2025-12-05 18:44:39.1672  当前没有其他玩家在线，无需广播状态同步消息
2025-12-05 18:44:39.2564  当前没有其他玩家在线，无需广播状态同步消息
2025-12-05 18:44:39.3653  当前没有其他玩家在线，无需广播状态同步消息
2025-12-05 18:44:39.4569  当前没有其他玩家在线，无需广播状态同步消息
2025-12-05 18:44:39.5565  当前没有其他玩家在线，无需广播状态同步消息
2025-12-05 18:44:39.6525  当前没有其他玩家在线，无需广播状态同步消息
2025-12-05 18:44:39.7646  当前没有其他玩家在线，无需广播状态同步消息
2025-12-05 18:44:39.8632  当前没有其他玩家在线，无需广播状态同步消息
2025-12-05 18:44:39.9535  当前没有其他玩家在线，无需广播状态同步消息
2025-12-05 18:44:40.0594  当前没有其他玩家在线，无需广播状态同步消息
2025-12-05 18:44:40.1547  当前没有其他玩家在线，无需广播状态同步消息
2025-12-05 18:44:40.2553  当前没有其他玩家在线，无需广播状态同步消息
2025-12-05 18:44:40.3599  当前没有其他玩家在线，无需广播状态同步消息
2025-12-05 18:44:40.4562  当前没有其他玩家在线，无需广播状态同步消息
2025-12-05 18:44:40.5570  当前没有其他玩家在线，无需广播状态同步消息
2025-12-05 18:44:40.6660  当前没有其他玩家在线，无需广播状态同步消息
2025-12-05 18:44:40.7661  当前没有其他玩家在线，无需广播状态同步消息
2025-12-05 18:44:40.8619  当前没有其他玩家在线，无需广播状态同步消息
2025-12-05 18:44:40.9620  当前没有其他玩家在线，无需广播状态同步消息
2025-12-05 18:44:41.0661  当前没有其他玩家在线，无需广播状态同步消息
2025-12-05 18:44:41.1590  当前没有其他玩家在线，无需广播状态同步消息
2025-12-05 18:44:41.2654  当前没有其他玩家在线，无需广播状态同步消息
2025-12-05 18:44:41.3578  当前没有其他玩家在线，无需广播状态同步消息
2025-12-05 18:44:41.4624  当前没有其他玩家在线，无需广播状态同步消息
2025-12-05 18:44:41.5595  当前没有其他玩家在线，无需广播状态同步消息
2025-12-05 18:44:41.6578  当前没有其他玩家在线，无需广播状态同步消息
2025-12-05 18:44:41.7641  当前没有其他玩家在线，无需广播状态同步消息
2025-12-05 18:44:41.8615  当前没有其他玩家在线，无需广播状态同步消息
2025-12-05 18:44:41.9526  当前没有其他玩家在线，无需广播状态同步消息
2025-12-05 18:44:42.0583  当前没有其他玩家在线，无需广播状态同步消息
2025-12-05 18:44:42.1540  当前没有其他玩家在线，无需广播状态同步消息
2025-12-05 18:44:42.2642  当前没有其他玩家在线，无需广播状态同步消息
2025-12-05 18:44:42.3653  当前没有其他玩家在线，无需广播状态同步消息
2025-12-05 18:44:42.4572  当前没有其他玩家在线，无需广播状态同步消息
2025-12-05 18:44:42.5596  当前没有其他玩家在线，无需广播状态同步消息
2025-12-05 18:44:42.6549  当前没有其他玩家在线，无需广播状态同步消息
2025-12-05 18:44:42.7546  当前没有其他玩家在线，无需广播状态同步消息
2025-12-05 18:44:42.8629  当前没有其他玩家在线，无需广播状态同步消息
2025-12-05 18:44:42.9599  当前没有其他玩家在线，无需广播状态同步消息
2025-12-05 18:44:43.0605  当前没有其他玩家在线，无需广播状态同步消息
2025-12-05 18:44:43.1570  当前没有其他玩家在线，无需广播状态同步消息
2025-12-05 18:44:43.2557  当前没有其他玩家在线，无需广播状态同步消息
2025-12-05 18:44:43.3550  当前没有其他玩家在线，无需广播状态同步消息
2025-12-05 18:44:43.4582  当前没有其他玩家在线，无需广播状态同步消息
2025-12-05 18:44:43.5567  当前没有其他玩家在线，无需广播状态同步消息
2025-12-05 18:44:43.6583  当前没有其他玩家在线，无需广播状态同步消息
2025-12-05 18:44:43.7624  当前没有其他玩家在线，无需广播状态同步消息
2025-12-05 18:44:43.8539  当前没有其他玩家在线，无需广播状态同步消息
2025-12-05 18:44:43.9546  当前没有其他玩家在线，无需广播状态同步消息
2025-12-05 18:44:44.0624  当前没有其他玩家在线，无需广播状态同步消息
2025-12-05 18:44:44.1539  当前没有其他玩家在线，无需广播状态同步消息
2025-12-05 18:44:44.2543  当前没有其他玩家在线，无需广播状态同步消息
2025-12-05 18:44:44.3628  当前没有其他玩家在线，无需广播状态同步消息
2025-12-05 18:44:44.4549  当前没有其他玩家在线，无需广播状态同步消息
2025-12-05 18:44:44.5604  当前没有其他玩家在线，无需广播状态同步消息
2025-12-05 18:44:44.6659  当前没有其他玩家在线，无需广播状态同步消息
2025-12-05 18:44:44.7625  当前没有其他玩家在线，无需广播状态同步消息
2025-12-05 18:44:44.8605  当前没有其他玩家在线，无需广播状态同步消息
2025-12-05 18:44:44.9549  当前没有其他玩家在线，无需广播状态同步消息
2025-12-05 18:44:45.0552  当前没有其他玩家在线，无需广播状态同步消息
2025-12-05 18:44:45.1582  当前没有其他玩家在线，无需广播状态同步消息
2025-12-05 18:44:45.2525  当前没有其他玩家在线，无需广播状态同步消息
2025-12-05 18:44:45.3532  当前没有其他玩家在线，无需广播状态同步消息
2025-12-05 18:44:45.4539  当前没有其他玩家在线，无需广播状态同步消息
2025-12-05 18:44:45.5615  当前没有其他玩家在线，无需广播状态同步消息
2025-12-05 18:44:45.6522  当前没有其他玩家在线，无需广播状态同步消息
2025-12-05 18:44:45.7551  当前没有其他玩家在线，无需广播状态同步消息
2025-12-05 18:44:45.8553  当前没有其他玩家在线，无需广播状态同步消息
2025-12-05 18:44:45.9587  当前没有其他玩家在线，无需广播状态同步消息
2025-12-05 18:44:46.0603  当前没有其他玩家在线，无需广播状态同步消息
2025-12-05 18:44:46.1546  当前没有其他玩家在线，无需广播状态同步消息
2025-12-05 18:44:46.2624  当前没有其他玩家在线，无需广播状态同步消息
2025-12-05 18:44:46.3556  当前没有其他玩家在线，无需广播状态同步消息
2025-12-05 18:44:46.4618  当前没有其他玩家在线，无需广播状态同步消息
2025-12-05 18:44:46.5622  当前没有其他玩家在线，无需广播状态同步消息
2025-12-05 18:44:46.6541  当前没有其他玩家在线，无需广播状态同步消息
2025-12-05 18:44:46.7541  当前没有其他玩家在线，无需广播状态同步消息
2025-12-05 18:44:46.8619  当前没有其他玩家在线，无需广播状态同步消息
2025-12-05 18:44:46.9581  当前没有其他玩家在线，无需广播状态同步消息
2025-12-05 18:44:47.0548  当前没有其他玩家在线，无需广播状态同步消息
2025-12-05 18:44:47.1558  当前没有其他玩家在线，无需广播状态同步消息
2025-12-05 18:44:47.2572  当前没有其他玩家在线，无需广播状态同步消息
2025-12-05 18:44:47.3550  当前没有其他玩家在线，无需广播状态同步消息
2025-12-05 18:44:47.4553  当前没有其他玩家在线，无需广播状态同步消息
2025-12-05 18:44:47.5527  当前没有其他玩家在线，无需广播状态同步消息
2025-12-05 18:44:47.6587  当前没有其他玩家在线，无需广播状态同步消息
2025-12-05 18:44:47.7678  当前没有其他玩家在线，无需广播状态同步消息
2025-12-05 18:44:47.8625  当前没有其他玩家在线，无需广播状态同步消息
2025-12-05 18:44:47.9537  当前没有其他玩家在线，无需广播状态同步消息
2025-12-05 18:44:48.0598  当前没有其他玩家在线，无需广播状态同步消息
2025-12-05 18:44:48.1540  当前没有其他玩家在线，无需广播状态同步消息
2025-12-05 18:44:48.2688  当前没有其他玩家在线，无需广播状态同步消息
2025-12-05 18:44:48.3526  当前没有其他玩家在线，无需广播状态同步消息
2025-12-05 18:44:48.4554  当前没有其他玩家在线，无需广播状态同步消息
2025-12-05 18:44:48.5575  当前没有其他玩家在线，无需广播状态同步消息
2025-12-05 18:44:48.6571  当前没有其他玩家在线，无需广播状态同步消息
2025-12-05 18:44:48.7586  当前没有其他玩家在线，无需广播状态同步消息
2025-12-05 18:44:48.8598  当前没有其他玩家在线，无需广播状态同步消息
2025-12-05 18:44:48.9533  当前没有其他玩家在线，无需广播状态同步消息
2025-12-05 18:44:49.0641  当前没有其他玩家在线，无需广播状态同步消息
2025-12-05 18:44:49.1577  当前没有其他玩家在线，无需广播状态同步消息
2025-12-05 18:44:49.2603  当前没有其他玩家在线，无需广播状态同步消息
2025-12-05 18:44:49.3549  当前没有其他玩家在线，无需广播状态同步消息
2025-12-05 18:44:49.4561  当前没有其他玩家在线，无需广播状态同步消息
2025-12-05 18:44:49.5579  当前没有其他玩家在线，无需广播状态同步消息
2025-12-05 18:44:49.6633  当前没有其他玩家在线，无需广播状态同步消息
2025-12-05 18:44:49.7609  当前没有其他玩家在线，无需广播状态同步消息
2025-12-05 18:44:49.8538  当前没有其他玩家在线，无需广播状态同步消息
2025-12-05 18:44:49.9618  当前没有其他玩家在线，无需广播状态同步消息
2025-12-05 18:44:50.0585  当前没有其他玩家在线，无需广播状态同步消息
2025-12-05 18:44:50.1536  当前没有其他玩家在线，无需广播状态同步消息
2025-12-05 18:44:50.2619  当前没有其他玩家在线，无需广播状态同步消息
2025-12-05 18:44:50.3612  当前没有其他玩家在线，无需广播状态同步消息
2025-12-05 18:44:50.4624  当前没有其他玩家在线，无需广播状态同步消息
2025-12-05 18:44:50.5661  当前没有其他玩家在线，无需广播状态同步消息
2025-12-05 18:44:50.6572  当前没有其他玩家在线，无需广播状态同步消息
2025-12-05 18:44:50.7521  当前没有其他玩家在线，无需广播状态同步消息
2025-12-05 18:44:51.6579  当前没有其他玩家在线，无需广播状态同步消息
2025-12-05 18:44:51.7527  当前没有其他玩家在线，无需广播状态同步消息
2025-12-05 18:44:51.8529  当前没有其他玩家在线，无需广播状态同步消息
2025-12-05 18:44:51.9552  当前没有其他玩家在线，无需广播状态同步消息
2025-12-05 18:44:52.0548  当前没有其他玩家在线，无需广播状态同步消息
2025-12-05 18:44:52.1567  当前没有其他玩家在线，无需广播状态同步消息
2025-12-05 18:44:52.2566  当前没有其他玩家在线，无需广播状态同步消息
2025-12-05 18:44:52.3529  当前没有其他玩家在线，无需广播状态同步消息
2025-12-05 18:44:52.4562  当前没有其他玩家在线，无需广播状态同步消息
2025-12-05 18:44:52.5583  当前没有其他玩家在线，无需广播状态同步消息
2025-12-05 18:44:52.6567  当前没有其他玩家在线，无需广播状态同步消息
2025-12-05 18:44:52.7583  当前没有其他玩家在线，无需广播状态同步消息
2025-12-05 18:44:52.8551  当前没有其他玩家在线，无需广播状态同步消息
2025-12-05 18:44:52.9544  当前没有其他玩家在线，无需广播状态同步消息
2025-12-05 18:44:53.0576  当前没有其他玩家在线，无需广播状态同步消息
2025-12-05 18:44:54.5521  当前没有其他玩家在线，无需广播状态同步消息
2025-12-05 18:44:54.6524  当前没有其他玩家在线，无需广播状态同步消息
2025-12-05 18:44:54.7621  当前没有其他玩家在线，无需广播状态同步消息
2025-12-05 18:44:54.8525  当前没有其他玩家在线，无需广播状态同步消息
2025-12-05 18:44:54.9594  当前没有其他玩家在线，无需广播状态同步消息
2025-12-05 18:44:55.0547  当前没有其他玩家在线，无需广播状态同步消息
2025-12-05 18:44:55.1587  当前没有其他玩家在线，无需广播状态同步消息
2025-12-05 18:44:55.2543  当前没有其他玩家在线，无需广播状态同步消息
2025-12-05 18:44:55.3527  当前没有其他玩家在线，无需广播状态同步消息
2025-12-05 18:44:55.4621  当前没有其他玩家在线，无需广播状态同步消息
2025-12-05 18:44:55.5554  当前没有其他玩家在线，无需广播状态同步消息
2025-12-05 18:44:55.6601  当前没有其他玩家在线，无需广播状态同步消息
2025-12-05 18:44:55.7576  当前没有其他玩家在线，无需广播状态同步消息
2025-12-05 18:44:56.6565  当前没有其他玩家在线，无需广播状态同步消息
2025-12-05 18:44:56.7538  当前没有其他玩家在线，无需广播状态同步消息
2025-12-05 18:44:56.8566  当前没有其他玩家在线，无需广播状态同步消息
2025-12-05 18:44:56.9608  当前没有其他玩家在线，无需广播状态同步消息
2025-12-05 18:44:57.0525  当前没有其他玩家在线，无需广播状态同步消息
2025-12-05 18:44:57.1664  当前没有其他玩家在线，无需广播状态同步消息
2025-12-05 18:44:57.2599  当前没有其他玩家在线，无需广播状态同步消息
2025-12-05 18:44:57.3627  当前没有其他玩家在线，无需广播状态同步消息
2025-12-05 18:44:57.4559  当前没有其他玩家在线，无需广播状态同步消息
2025-12-05 18:44:57.5606  当前没有其他玩家在线，无需广播状态同步消息
2025-12-05 18:44:57.6615  当前没有其他玩家在线，无需广播状态同步消息
2025-12-05 18:44:57.7533  当前没有其他玩家在线，无需广播状态同步消息
2025-12-05 18:44:57.8548  当前没有其他玩家在线，无需广播状态同步消息
2025-12-05 18:44:57.9561  当前没有其他玩家在线，无需广播状态同步消息
2025-12-05 18:44:58.0573  当前没有其他玩家在线，无需广播状态同步消息
2025-12-05 18:44:58.1623  当前没有其他玩家在线，无需广播状态同步消息
2025-12-05 18:44:58.2606  当前没有其他玩家在线，无需广播状态同步消息
2025-12-05 18:44:58.3692  当前没有其他玩家在线，无需广播状态同步消息
2025-12-05 18:44:58.4635  当前没有其他玩家在线，无需广播状态同步消息
2025-12-05 18:44:59.7594  当前没有其他玩家在线，无需广播状态同步消息
2025-12-05 18:44:59.8588  当前没有其他玩家在线，无需广播状态同步消息
2025-12-05 18:44:59.9620  当前没有其他玩家在线，无需广播状态同步消息
2025-12-05 18:45:00.0565  当前没有其他玩家在线，无需广播状态同步消息
2025-12-05 18:45:00.1575  当前没有其他玩家在线，无需广播状态同步消息
2025-12-05 18:45:00.2523  当前没有其他玩家在线，无需广播状态同步消息
2025-12-05 18:45:00.3542  当前没有其他玩家在线，无需广播状态同步消息
2025-12-05 18:45:00.4537  当前没有其他玩家在线，无需广播状态同步消息
2025-12-05 18:45:00.5539  当前没有其他玩家在线，无需广播状态同步消息
2025-12-05 18:45:00.6563  当前没有其他玩家在线，无需广播状态同步消息
2025-12-05 18:45:00.7548  当前没有其他玩家在线，无需广播状态同步消息
2025-12-05 18:45:00.8576  当前没有其他玩家在线，无需广播状态同步消息
2025-12-05 18:45:00.9563  当前没有其他玩家在线，无需广播状态同步消息
2025-12-05 18:45:01.0552  当前没有其他玩家在线，无需广播状态同步消息
2025-12-05 18:45:01.1568  当前没有其他玩家在线，无需广播状态同步消息
2025-12-05 18:45:01.2573  当前没有其他玩家在线，无需广播状态同步消息
2025-12-05 18:45:01.3542  当前没有其他玩家在线，无需广播状态同步消息
2025-12-05 18:45:01.4553  当前没有其他玩家在线，无需广播状态同步消息
2025-12-05 18:45:01.5587  当前没有其他玩家在线，无需广播状态同步消息
2025-12-05 18:45:01.6537  当前没有其他玩家在线，无需广播状态同步消息
2025-12-05 18:45:01.7562  当前没有其他玩家在线，无需广播状态同步消息
2025-12-05 18:45:01.8555  当前没有其他玩家在线，无需广播状态同步消息
2025-12-05 18:45:01.9573  当前没有其他玩家在线，无需广播状态同步消息
2025-12-05 18:45:02.0610  当前没有其他玩家在线，无需广播状态同步消息
2025-12-05 18:45:02.1542  当前没有其他玩家在线，无需广播状态同步消息
2025-12-05 18:45:02.2585  当前没有其他玩家在线，无需广播状态同步消息
2025-12-05 18:45:02.3570  当前没有其他玩家在线，无需广播状态同步消息
2025-12-05 18:45:02.4624  当前没有其他玩家在线，无需广播状态同步消息
2025-12-05 18:45:02.5540  当前没有其他玩家在线，无需广播状态同步消息
2025-12-05 18:45:02.6576  当前没有其他玩家在线，无需广播状态同步消息
2025-12-05 18:45:02.7566  当前没有其他玩家在线，无需广播状态同步消息
2025-12-05 18:45:02.8601  当前没有其他玩家在线，无需广播状态同步消息
2025-12-05 18:45:02.9583  当前没有其他玩家在线，无需广播状态同步消息
2025-12-05 18:45:03.0606  当前没有其他玩家在线，无需广播状态同步消息
2025-12-05 18:45:03.1545  当前没有其他玩家在线，无需广播状态同步消息
2025-12-05 18:45:10.7584  当前没有其他玩家在线，无需广播状态同步消息
2025-12-05 18:45:10.8591  当前没有其他玩家在线，无需广播状态同步消息
2025-12-05 18:45:10.9545  当前没有其他玩家在线，无需广播状态同步消息
2025-12-05 18:45:11.0593  当前没有其他玩家在线，无需广播状态同步消息
2025-12-05 18:45:11.1539  当前没有其他玩家在线，无需广播状态同步消息
2025-12-05 18:45:11.2538  当前没有其他玩家在线，无需广播状态同步消息
2025-12-05 18:45:11.3523  当前没有其他玩家在线，无需广播状态同步消息
2025-12-05 18:45:11.4553  当前没有其他玩家在线，无需广播状态同步消息
2025-12-05 18:45:11.5642  当前没有其他玩家在线，无需广播状态同步消息
2025-12-05 18:45:11.6580  当前没有其他玩家在线，无需广播状态同步消息
2025-12-05 18:45:11.7648  当前没有其他玩家在线，无需广播状态同步消息
2025-12-05 18:45:11.8537  当前没有其他玩家在线，无需广播状态同步消息
2025-12-05 18:45:11.9536  当前没有其他玩家在线，无需广播状态同步消息
2025-12-05 18:45:12.0621  当前没有其他玩家在线，无需广播状态同步消息
2025-12-05 18:45:12.1541  当前没有其他玩家在线，无需广播状态同步消息
2025-12-05 18:45:12.2664  当前没有其他玩家在线，无需广播状态同步消息
2025-12-05 18:45:12.3619  当前没有其他玩家在线，无需广播状态同步消息
2025-12-05 18:45:12.4639  当前没有其他玩家在线，无需广播状态同步消息
2025-12-05 18:45:12.5567  当前没有其他玩家在线，无需广播状态同步消息
2025-12-05 18:45:12.6590  当前没有其他玩家在线，无需广播状态同步消息
2025-12-05 18:45:12.7583  当前没有其他玩家在线，无需广播状态同步消息
2025-12-05 18:45:12.8606  当前没有其他玩家在线，无需广播状态同步消息
2025-12-05 18:45:12.9538  当前没有其他玩家在线，无需广播状态同步消息
2025-12-05 18:45:13.0536  当前没有其他玩家在线，无需广播状态同步消息
2025-12-05 18:45:13.1550  当前没有其他玩家在线，无需广播状态同步消息
2025-12-05 18:45:13.2620  当前没有其他玩家在线，无需广播状态同步消息
2025-12-05 18:45:13.3568  当前没有其他玩家在线，无需广播状态同步消息
2025-12-05 18:45:13.4587  当前没有其他玩家在线，无需广播状态同步消息
2025-12-05 18:45:13.5572  当前没有其他玩家在线，无需广播状态同步消息
2025-12-05 18:45:13.6557  当前没有其他玩家在线，无需广播状态同步消息
2025-12-05 18:45:13.7528  当前没有其他玩家在线，无需广播状态同步消息
2025-12-05 18:45:13.8541  当前没有其他玩家在线，无需广播状态同步消息
2025-12-05 18:45:13.9625  当前没有其他玩家在线，无需广播状态同步消息
2025-12-05 18:45:14.0556  当前没有其他玩家在线，无需广播状态同步消息
2025-12-05 18:45:14.1626  当前没有其他玩家在线，无需广播状态同步消息
2025-12-05 18:45:14.2599  当前没有其他玩家在线，无需广播状态同步消息
2025-12-05 18:45:14.3638  当前没有其他玩家在线，无需广播状态同步消息
2025-12-05 18:45:14.4532  当前没有其他玩家在线，无需广播状态同步消息
2025-12-05 18:45:14.5562  当前没有其他玩家在线，无需广播状态同步消息
2025-12-05 18:45:14.6554  当前没有其他玩家在线，无需广播状态同步消息
2025-12-05 18:45:14.7543  当前没有其他玩家在线，无需广播状态同步消息
2025-12-05 18:45:14.8579  当前没有其他玩家在线，无需广播状态同步消息
2025-12-05 18:45:14.9545  当前没有其他玩家在线，无需广播状态同步消息
2025-12-05 18:45:15.0594  当前没有其他玩家在线，无需广播状态同步消息
2025-12-05 18:45:15.1575  当前没有其他玩家在线，无需广播状态同步消息
2025-12-05 18:45:15.2567  当前没有其他玩家在线，无需广播状态同步消息
2025-12-05 18:45:15.3608  当前没有其他玩家在线，无需广播状态同步消息
2025-12-05 18:45:15.4570  当前没有其他玩家在线，无需广播状态同步消息
2025-12-05 18:45:15.5576  当前没有其他玩家在线，无需广播状态同步消息
2025-12-05 18:45:15.6599  当前没有其他玩家在线，无需广播状态同步消息
2025-12-05 18:45:15.7611  当前没有其他玩家在线，无需广播状态同步消息
2025-12-05 18:45:15.8585  当前没有其他玩家在线，无需广播状态同步消息
2025-12-05 18:45:15.9615  当前没有其他玩家在线，无需广播状态同步消息
2025-12-05 18:45:16.0632  当前没有其他玩家在线，无需广播状态同步消息
2025-12-05 18:45:16.1526  当前没有其他玩家在线，无需广播状态同步消息
2025-12-05 18:45:16.2616  当前没有其他玩家在线，无需广播状态同步消息
2025-12-05 18:45:16.3596  当前没有其他玩家在线，无需广播状态同步消息
2025-12-05 18:45:16.4620  当前没有其他玩家在线，无需广播状态同步消息
2025-12-05 18:45:16.5624  当前没有其他玩家在线，无需广播状态同步消息
2025-12-05 18:45:25.4549  当前服务器上没有其他玩家在线，无需广播下线消息
2025-12-05 18:45:25.4625  账号ID:482736422909116417 数据已保存到数据库
2025-12-05 18:45:25.4625  玩家ID:482736422909116417 下线成功 , 下线位置:x:-1.8848062, y:0, z:-0.109195575
2025-12-05 18:46:25.8128  玩家上次上线位置：x:-1.8848062, y:0, z:-0.109195575
2025-12-05 18:46:25.8128  当前没有其他玩家在线，无需广播
2025-12-05 18:46:26.9111  当前没有其他玩家在线，无需广播状态同步消息
2025-12-05 18:46:27.0030  当前没有其他玩家在线，无需广播状态同步消息
2025-12-05 18:46:27.1024  当前没有其他玩家在线，无需广播状态同步消息
2025-12-05 18:46:27.2121  当前没有其他玩家在线，无需广播状态同步消息
2025-12-05 18:46:27.3125  当前没有其他玩家在线，无需广播状态同步消息
2025-12-05 18:46:27.4030  当前没有其他玩家在线，无需广播状态同步消息
2025-12-05 18:46:27.5016  当前没有其他玩家在线，无需广播状态同步消息
2025-12-05 18:46:27.6054  当前没有其他玩家在线，无需广播状态同步消息
2025-12-05 18:46:27.7022  当前没有其他玩家在线，无需广播状态同步消息
2025-12-05 18:46:27.8100  当前没有其他玩家在线，无需广播状态同步消息
2025-12-05 18:46:27.9044  当前没有其他玩家在线，无需广播状态同步消息
2025-12-05 18:46:28.0085  当前没有其他玩家在线，无需广播状态同步消息
2025-12-05 18:46:28.1037  当前没有其他玩家在线，无需广播状态同步消息
2025-12-05 18:46:28.2166  当前没有其他玩家在线，无需广播状态同步消息
2025-12-05 18:46:28.3052  当前没有其他玩家在线，无需广播状态同步消息
2025-12-05 18:46:28.4055  当前没有其他玩家在线，无需广播状态同步消息
2025-12-05 18:46:28.5115  当前没有其他玩家在线，无需广播状态同步消息
2025-12-05 18:46:28.6032  当前没有其他玩家在线，无需广播状态同步消息
2025-12-05 18:46:28.7102  当前没有其他玩家在线，无需广播状态同步消息
2025-12-05 18:46:28.8109  当前没有其他玩家在线，无需广播状态同步消息
2025-12-05 18:46:28.9030  当前没有其他玩家在线，无需广播状态同步消息
2025-12-05 18:46:29.0098  当前没有其他玩家在线，无需广播状态同步消息
2025-12-05 18:46:29.1122  当前没有其他玩家在线，无需广播状态同步消息
2025-12-05 18:46:29.2032  当前没有其他玩家在线，无需广播状态同步消息
2025-12-05 18:46:29.3014  当前没有其他玩家在线，无需广播状态同步消息
2025-12-05 18:46:29.4031  当前没有其他玩家在线，无需广播状态同步消息
2025-12-05 18:46:29.5031  当前没有其他玩家在线，无需广播状态同步消息
2025-12-05 18:46:29.6102  当前没有其他玩家在线，无需广播状态同步消息
2025-12-05 18:46:29.7006  当前没有其他玩家在线，无需广播状态同步消息
2025-12-05 18:46:29.8026  当前没有其他玩家在线，无需广播状态同步消息
2025-12-05 18:46:29.9029  当前没有其他玩家在线，无需广播状态同步消息
2025-12-05 18:46:30.0034  当前没有其他玩家在线，无需广播状态同步消息
2025-12-05 18:46:30.1015  当前没有其他玩家在线，无需广播状态同步消息
2025-12-05 18:46:30.2117  当前没有其他玩家在线，无需广播状态同步消息
2025-12-05 18:46:30.3088  当前没有其他玩家在线，无需广播状态同步消息
2025-12-05 18:46:30.4043  当前没有其他玩家在线，无需广播状态同步消息
2025-12-05 18:46:30.5069  当前没有其他玩家在线，无需广播状态同步消息
2025-12-05 18:46:30.6046  当前没有其他玩家在线，无需广播状态同步消息
2025-12-05 18:46:30.7034  当前没有其他玩家在线，无需广播状态同步消息
2025-12-05 18:46:30.8093  当前没有其他玩家在线，无需广播状态同步消息
2025-12-05 18:46:30.9105  当前没有其他玩家在线，无需广播状态同步消息
2025-12-05 18:46:31.0063  当前没有其他玩家在线，无需广播状态同步消息
2025-12-05 18:46:31.1056  当前没有其他玩家在线，无需广播状态同步消息
2025-12-05 18:46:31.2018  当前没有其他玩家在线，无需广播状态同步消息
2025-12-05 18:46:31.3070  当前没有其他玩家在线，无需广播状态同步消息
2025-12-05 18:46:31.4137  当前没有其他玩家在线，无需广播状态同步消息
2025-12-05 18:46:31.5113  当前没有其他玩家在线，无需广播状态同步消息
2025-12-05 18:46:31.6019  当前没有其他玩家在线，无需广播状态同步消息
2025-12-05 18:46:31.7140  当前没有其他玩家在线，无需广播状态同步消息
2025-12-05 18:46:31.8070  当前没有其他玩家在线，无需广播状态同步消息
2025-12-05 18:46:31.9018  当前没有其他玩家在线，无需广播状态同步消息
2025-12-05 18:46:32.0047  当前没有其他玩家在线，无需广播状态同步消息
2025-12-05 18:46:32.1090  当前没有其他玩家在线，无需广播状态同步消息
2025-12-05 18:46:32.2022  当前没有其他玩家在线，无需广播状态同步消息
2025-12-05 18:46:32.3071  当前没有其他玩家在线，无需广播状态同步消息
2025-12-05 18:46:32.4055  当前没有其他玩家在线，无需广播状态同步消息
2025-12-05 18:46:32.5051  当前没有其他玩家在线，无需广播状态同步消息
2025-12-05 18:46:32.6057  当前没有其他玩家在线，无需广播状态同步消息
2025-12-05 18:46:32.7069  当前没有其他玩家在线，无需广播状态同步消息
2025-12-05 18:46:32.8051  当前没有其他玩家在线，无需广播状态同步消息
2025-12-05 18:46:32.9045  当前没有其他玩家在线，无需广播状态同步消息
2025-12-05 18:46:33.0068  当前没有其他玩家在线，无需广播状态同步消息
2025-12-05 18:46:33.1069  当前没有其他玩家在线，无需广播状态同步消息
2025-12-05 18:46:33.2074  当前没有其他玩家在线，无需广播状态同步消息
2025-12-05 18:46:33.3090  当前没有其他玩家在线，无需广播状态同步消息
2025-12-05 18:46:33.4086  当前没有其他玩家在线，无需广播状态同步消息
2025-12-05 18:46:33.5089  当前没有其他玩家在线，无需广播状态同步消息
2025-12-05 18:46:33.6083  当前没有其他玩家在线，无需广播状态同步消息
2025-12-05 18:46:33.7059  当前没有其他玩家在线，无需广播状态同步消息
2025-12-05 18:46:33.8096  当前没有其他玩家在线，无需广播状态同步消息
2025-12-05 18:46:33.9014  当前没有其他玩家在线，无需广播状态同步消息
2025-12-05 18:46:34.0096  当前没有其他玩家在线，无需广播状态同步消息
2025-12-05 18:46:34.1173  当前没有其他玩家在线，无需广播状态同步消息
2025-12-05 18:46:34.2020  当前没有其他玩家在线，无需广播状态同步消息
2025-12-05 18:46:34.3019  当前没有其他玩家在线，无需广播状态同步消息
2025-12-05 18:46:34.4033  当前没有其他玩家在线，无需广播状态同步消息
2025-12-05 18:46:34.5036  当前没有其他玩家在线，无需广播状态同步消息
2025-12-05 18:46:34.6031  当前没有其他玩家在线，无需广播状态同步消息
2025-12-05 18:46:34.7034  当前没有其他玩家在线，无需广播状态同步消息
2025-12-05 18:46:34.8032  当前没有其他玩家在线，无需广播状态同步消息
2025-12-05 18:46:34.9030  当前没有其他玩家在线，无需广播状态同步消息
2025-12-05 18:46:35.0111  当前没有其他玩家在线，无需广播状态同步消息
2025-12-05 18:46:35.1030  当前没有其他玩家在线，无需广播状态同步消息
2025-12-05 18:46:35.2031  当前没有其他玩家在线，无需广播状态同步消息
2025-12-05 18:46:35.3033  当前没有其他玩家在线，无需广播状态同步消息
2025-12-05 18:46:35.4031  当前没有其他玩家在线，无需广播状态同步消息
2025-12-05 18:46:35.5105  当前没有其他玩家在线，无需广播状态同步消息
2025-12-05 18:46:35.6052  当前没有其他玩家在线，无需广播状态同步消息
2025-12-05 18:46:35.7045  当前没有其他玩家在线，无需广播状态同步消息
2025-12-05 18:46:35.8056  当前没有其他玩家在线，无需广播状态同步消息
2025-12-05 18:46:35.9037  当前没有其他玩家在线，无需广播状态同步消息
2025-12-05 18:46:36.0063  当前没有其他玩家在线，无需广播状态同步消息
2025-12-05 18:46:36.1056  当前没有其他玩家在线，无需广播状态同步消息
2025-12-05 18:46:36.2015  当前没有其他玩家在线，无需广播状态同步消息
2025-12-05 18:46:36.3102  当前没有其他玩家在线，无需广播状态同步消息
2025-12-05 18:46:36.4033  当前没有其他玩家在线，无需广播状态同步消息
2025-12-05 18:46:36.5139  当前没有其他玩家在线，无需广播状态同步消息
2025-12-05 18:46:36.6095  当前没有其他玩家在线，无需广播状态同步消息
2025-12-05 18:46:36.7035  当前没有其他玩家在线，无需广播状态同步消息
2025-12-05 18:46:36.8051  当前没有其他玩家在线，无需广播状态同步消息
2025-12-05 18:46:36.9056  当前没有其他玩家在线，无需广播状态同步消息
2025-12-05 18:46:37.0041  当前没有其他玩家在线，无需广播状态同步消息
2025-12-05 18:46:37.1129  当前没有其他玩家在线，无需广播状态同步消息
2025-12-05 18:46:37.2027  当前没有其他玩家在线，无需广播状态同步消息
2025-12-05 18:46:37.3051  当前没有其他玩家在线，无需广播状态同步消息
2025-12-05 18:46:37.4107  当前没有其他玩家在线，无需广播状态同步消息
2025-12-05 18:46:37.5086  当前没有其他玩家在线，无需广播状态同步消息
2025-12-05 18:46:37.6075  当前没有其他玩家在线，无需广播状态同步消息
2025-12-05 18:46:37.7042  当前没有其他玩家在线，无需广播状态同步消息
2025-12-05 18:46:37.8031  当前没有其他玩家在线，无需广播状态同步消息
2025-12-05 18:46:37.9045  当前没有其他玩家在线，无需广播状态同步消息
2025-12-05 18:46:38.0067  当前没有其他玩家在线，无需广播状态同步消息
2025-12-05 18:46:38.1032  当前没有其他玩家在线，无需广播状态同步消息
2025-12-05 18:46:38.2096  当前没有其他玩家在线，无需广播状态同步消息
2025-12-05 18:46:38.3031  当前没有其他玩家在线，无需广播状态同步消息
2025-12-05 18:46:38.4073  当前没有其他玩家在线，无需广播状态同步消息
2025-12-05 18:46:38.5051  当前没有其他玩家在线，无需广播状态同步消息
2025-12-05 18:46:38.6082  当前没有其他玩家在线，无需广播状态同步消息
2025-12-05 18:46:38.7052  当前没有其他玩家在线，无需广播状态同步消息
2025-12-05 18:46:38.8066  当前没有其他玩家在线，无需广播状态同步消息
2025-12-05 18:46:38.9066  当前没有其他玩家在线，无需广播状态同步消息
2025-12-05 18:46:39.0076  当前没有其他玩家在线，无需广播状态同步消息
2025-12-05 18:46:39.1115  当前没有其他玩家在线，无需广播状态同步消息
2025-12-05 18:46:39.2096  当前没有其他玩家在线，无需广播状态同步消息
2025-12-05 18:46:39.3018  当前没有其他玩家在线，无需广播状态同步消息
2025-12-05 18:46:39.4031  当前没有其他玩家在线，无需广播状态同步消息
2025-12-05 18:46:41.7108  当前没有其他玩家在线，无需广播状态同步消息
2025-12-05 18:46:41.8057  当前没有其他玩家在线，无需广播状态同步消息
2025-12-05 18:46:41.9057  当前没有其他玩家在线，无需广播状态同步消息
2025-12-05 18:46:42.0045  当前没有其他玩家在线，无需广播状态同步消息
2025-12-05 18:46:42.1087  当前没有其他玩家在线，无需广播状态同步消息
2025-12-05 18:46:42.2064  当前没有其他玩家在线，无需广播状态同步消息
2025-12-05 18:46:42.3015  当前没有其他玩家在线，无需广播状态同步消息
2025-12-05 18:46:42.4024  当前没有其他玩家在线，无需广播状态同步消息
2025-12-05 18:46:42.5059  当前没有其他玩家在线，无需广播状态同步消息
2025-12-05 18:46:42.6028  当前没有其他玩家在线，无需广播状态同步消息
2025-12-05 18:46:42.7014  当前没有其他玩家在线，无需广播状态同步消息
2025-12-05 18:46:42.8048  当前没有其他玩家在线，无需广播状态同步消息
2025-12-05 18:46:42.9030  当前没有其他玩家在线，无需广播状态同步消息
2025-12-05 18:46:43.0028  当前没有其他玩家在线，无需广播状态同步消息
2025-12-05 18:46:43.1057  当前没有其他玩家在线，无需广播状态同步消息
2025-12-05 18:46:43.2139  当前没有其他玩家在线，无需广播状态同步消息
2025-12-05 18:46:43.3118  当前没有其他玩家在线，无需广播状态同步消息
2025-12-05 18:46:43.4030  当前没有其他玩家在线，无需广播状态同步消息
2025-12-05 18:46:43.5029  当前没有其他玩家在线，无需广播状态同步消息
2025-12-05 18:46:43.6041  当前没有其他玩家在线，无需广播状态同步消息
2025-12-05 18:46:43.7038  当前没有其他玩家在线，无需广播状态同步消息
2025-12-05 18:46:43.8043  当前没有其他玩家在线，无需广播状态同步消息
2025-12-05 18:46:43.9110  当前没有其他玩家在线，无需广播状态同步消息
2025-12-05 18:46:44.0066  当前没有其他玩家在线，无需广播状态同步消息
2025-12-05 18:46:44.1074  当前没有其他玩家在线，无需广播状态同步消息
2025-12-05 18:46:44.2066  当前没有其他玩家在线，无需广播状态同步消息
2025-12-05 18:46:44.3070  当前没有其他玩家在线，无需广播状态同步消息
2025-12-05 18:46:44.4060  当前没有其他玩家在线，无需广播状态同步消息
2025-12-05 18:46:47.6053  当前没有其他玩家在线，无需广播状态同步消息
2025-12-05 18:46:47.7061  当前没有其他玩家在线，无需广播状态同步消息
2025-12-05 18:46:47.8089  当前没有其他玩家在线，无需广播状态同步消息
2025-12-05 18:46:47.9114  当前没有其他玩家在线，无需广播状态同步消息
2025-12-05 18:46:48.0095  当前没有其他玩家在线，无需广播状态同步消息
2025-12-05 18:46:48.1036  当前没有其他玩家在线，无需广播状态同步消息
2025-12-05 18:46:48.2057  当前没有其他玩家在线，无需广播状态同步消息
2025-12-05 18:46:48.3016  当前没有其他玩家在线，无需广播状态同步消息
2025-12-05 18:46:48.4019  当前没有其他玩家在线，无需广播状态同步消息
2025-12-05 18:46:49.5039  当前没有其他玩家在线，无需广播状态同步消息
2025-12-05 18:46:49.6017  当前没有其他玩家在线，无需广播状态同步消息
2025-12-05 18:46:49.7019  当前没有其他玩家在线，无需广播状态同步消息
2025-12-05 18:46:49.8026  当前没有其他玩家在线，无需广播状态同步消息
2025-12-05 18:46:49.9032  当前没有其他玩家在线，无需广播状态同步消息
2025-12-05 18:46:50.0139  当前没有其他玩家在线，无需广播状态同步消息
2025-12-05 18:46:50.1082  当前没有其他玩家在线，无需广播状态同步消息
2025-12-05 18:46:50.2004  当前没有其他玩家在线，无需广播状态同步消息
2025-12-05 18:46:50.3042  当前没有其他玩家在线，无需广播状态同步消息
2025-12-05 18:46:50.4035  当前没有其他玩家在线，无需广播状态同步消息
2025-12-05 18:46:50.5019  当前没有其他玩家在线，无需广播状态同步消息
2025-12-05 18:46:50.6011  当前没有其他玩家在线，无需广播状态同步消息
2025-12-05 18:46:50.7018  当前没有其他玩家在线，无需广播状态同步消息
2025-12-05 18:46:50.8008  当前没有其他玩家在线，无需广播状态同步消息
2025-12-05 18:46:50.9042  当前没有其他玩家在线，无需广播状态同步消息
2025-12-05 18:46:51.0018  当前没有其他玩家在线，无需广播状态同步消息
2025-12-05 18:46:51.3071  当前没有其他玩家在线，无需广播状态同步消息
2025-12-05 18:46:51.4050  当前没有其他玩家在线，无需广播状态同步消息
2025-12-05 18:46:51.5046  当前没有其他玩家在线，无需广播状态同步消息
2025-12-05 18:46:51.6063  当前没有其他玩家在线，无需广播状态同步消息
2025-12-05 18:46:51.7046  当前没有其他玩家在线，无需广播状态同步消息
2025-12-05 18:46:51.8054  当前没有其他玩家在线，无需广播状态同步消息
2025-12-05 18:46:51.9030  当前没有其他玩家在线，无需广播状态同步消息
2025-12-05 18:46:52.0048  当前没有其他玩家在线，无需广播状态同步消息
2025-12-05 18:46:52.1062  当前没有其他玩家在线，无需广播状态同步消息
2025-12-05 18:46:52.2043  当前没有其他玩家在线，无需广播状态同步消息
2025-12-05 18:46:52.3047  当前没有其他玩家在线，无需广播状态同步消息
2025-12-05 18:46:52.4090  当前没有其他玩家在线，无需广播状态同步消息
2025-12-05 18:46:52.5114  当前没有其他玩家在线，无需广播状态同步消息
2025-12-05 18:46:52.6110  当前没有其他玩家在线，无需广播状态同步消息
2025-12-05 18:46:52.7099  当前没有其他玩家在线，无需广播状态同步消息
2025-12-05 18:46:52.8085  当前没有其他玩家在线，无需广播状态同步消息
2025-12-05 18:46:52.9045  当前没有其他玩家在线，无需广播状态同步消息
2025-12-05 18:46:53.0052  当前没有其他玩家在线，无需广播状态同步消息
2025-12-05 18:46:53.1126  当前没有其他玩家在线，无需广播状态同步消息
2025-12-05 18:46:53.2074  当前没有其他玩家在线，无需广播状态同步消息
2025-12-05 18:46:53.3047  当前没有其他玩家在线，无需广播状态同步消息
2025-12-05 18:46:53.4106  当前没有其他玩家在线，无需广播状态同步消息
2025-12-05 18:46:53.5055  当前没有其他玩家在线，无需广播状态同步消息
2025-12-05 18:46:53.6110  当前没有其他玩家在线，无需广播状态同步消息
2025-12-05 18:46:53.7070  当前没有其他玩家在线，无需广播状态同步消息
2025-12-05 18:46:53.8052  当前没有其他玩家在线，无需广播状态同步消息
2025-12-05 18:46:53.9108  当前没有其他玩家在线，无需广播状态同步消息
2025-12-05 18:46:54.0031  当前没有其他玩家在线，无需广播状态同步消息
2025-12-05 18:46:54.1116  当前没有其他玩家在线，无需广播状态同步消息
2025-12-05 18:46:54.2040  当前没有其他玩家在线，无需广播状态同步消息
2025-12-05 18:46:54.3116  当前没有其他玩家在线，无需广播状态同步消息
2025-12-05 18:46:54.4132  当前没有其他玩家在线，无需广播状态同步消息
2025-12-05 18:46:54.5114  当前没有其他玩家在线，无需广播状态同步消息
2025-12-05 18:46:54.6055  当前没有其他玩家在线，无需广播状态同步消息
2025-12-05 18:46:54.7067  当前没有其他玩家在线，无需广播状态同步消息
2025-12-05 18:46:54.8072  当前没有其他玩家在线，无需广播状态同步消息
2025-12-05 18:46:54.9104  当前没有其他玩家在线，无需广播状态同步消息
2025-12-05 18:46:55.0061  当前没有其他玩家在线，无需广播状态同步消息
2025-12-05 18:46:55.1056  当前没有其他玩家在线，无需广播状态同步消息
2025-12-05 18:46:55.2081  当前没有其他玩家在线，无需广播状态同步消息
2025-12-05 18:46:55.3119  当前没有其他玩家在线，无需广播状态同步消息
2025-12-05 18:46:55.4129  当前没有其他玩家在线，无需广播状态同步消息
2025-12-05 18:46:55.5095  当前没有其他玩家在线，无需广播状态同步消息
2025-12-05 18:46:55.6115  当前没有其他玩家在线，无需广播状态同步消息
2025-12-05 18:46:55.8040  当前没有其他玩家在线，无需广播状态同步消息
2025-12-05 18:46:55.9040  当前没有其他玩家在线，无需广播状态同步消息
2025-12-05 18:46:56.0047  当前没有其他玩家在线，无需广播状态同步消息
2025-12-05 18:46:56.1032  当前没有其他玩家在线，无需广播状态同步消息
2025-12-05 18:46:56.2032  当前没有其他玩家在线，无需广播状态同步消息
2025-12-05 18:46:56.3028  当前没有其他玩家在线，无需广播状态同步消息
2025-12-05 18:46:56.4029  当前没有其他玩家在线，无需广播状态同步消息
2025-12-05 18:46:56.5139  当前没有其他玩家在线，无需广播状态同步消息
2025-12-05 18:46:56.6064  当前没有其他玩家在线，无需广播状态同步消息
2025-12-05 18:46:56.7066  当前没有其他玩家在线，无需广播状态同步消息
2025-12-05 18:46:59.8776  当前没有其他玩家在线，无需广播状态同步消息
2025-12-05 18:46:59.9786  当前没有其他玩家在线，无需广播状态同步消息
2025-12-05 18:47:00.0815  当前没有其他玩家在线，无需广播状态同步消息
2025-12-05 18:47:00.1738  当前没有其他玩家在线，无需广播状态同步消息
2025-12-05 18:47:00.2758  当前没有其他玩家在线，无需广播状态同步消息
2025-12-05 18:47:00.3814  当前没有其他玩家在线，无需广播状态同步消息
2025-12-05 18:47:00.5728  当前没有其他玩家在线，无需广播状态同步消息
2025-12-05 18:47:00.6758  当前没有其他玩家在线，无需广播状态同步消息
2025-12-05 18:47:00.7765  当前没有其他玩家在线，无需广播状态同步消息
2025-12-05 18:47:00.8783  当前没有其他玩家在线，无需广播状态同步消息
2025-12-05 18:47:00.9787  当前没有其他玩家在线，无需广播状态同步消息
2025-12-05 18:47:01.0838  当前没有其他玩家在线，无需广播状态同步消息
2025-12-05 18:47:01.1811  当前没有其他玩家在线，无需广播状态同步消息
2025-12-05 18:47:01.2755  当前没有其他玩家在线，无需广播状态同步消息
2025-12-05 18:47:01.3810  当前没有其他玩家在线，无需广播状态同步消息
2025-12-05 18:47:01.4831  当前没有其他玩家在线，无需广播状态同步消息
2025-12-05 18:47:01.5781  当前没有其他玩家在线，无需广播状态同步消息
2025-12-05 18:47:01.6781  当前没有其他玩家在线，无需广播状态同步消息
2025-12-05 18:47:01.7774  当前没有其他玩家在线，无需广播状态同步消息
2025-12-05 18:47:01.8764  当前没有其他玩家在线，无需广播状态同步消息
2025-12-05 18:47:02.1845  当前没有其他玩家在线，无需广播状态同步消息
2025-12-05 18:47:02.2728  当前没有其他玩家在线，无需广播状态同步消息
2025-12-05 18:47:02.3777  当前没有其他玩家在线，无需广播状态同步消息
2025-12-05 18:47:02.4783  当前没有其他玩家在线，无需广播状态同步消息
2025-12-05 18:47:02.5804  当前没有其他玩家在线，无需广播状态同步消息
2025-12-05 18:47:02.6820  当前没有其他玩家在线，无需广播状态同步消息
2025-12-05 18:47:02.7767  当前没有其他玩家在线，无需广播状态同步消息
2025-12-05 18:47:02.8734  当前没有其他玩家在线，无需广播状态同步消息
2025-12-05 18:47:02.9748  当前没有其他玩家在线，无需广播状态同步消息
2025-12-05 18:47:03.0745  当前没有其他玩家在线，无需广播状态同步消息
2025-12-05 18:47:03.1732  当前没有其他玩家在线，无需广播状态同步消息
2025-12-05 18:47:03.2782  当前没有其他玩家在线，无需广播状态同步消息
2025-12-05 18:47:03.3767  当前没有其他玩家在线，无需广播状态同步消息
2025-12-05 18:47:03.4848  当前没有其他玩家在线，无需广播状态同步消息
2025-12-05 18:47:03.5852  当前没有其他玩家在线，无需广播状态同步消息
2025-12-05 18:47:03.6719  当前没有其他玩家在线，无需广播状态同步消息
2025-12-05 18:47:03.7754  当前没有其他玩家在线，无需广播状态同步消息
2025-12-05 18:47:03.8716  当前没有其他玩家在线，无需广播状态同步消息
2025-12-05 18:47:03.9775  当前没有其他玩家在线，无需广播状态同步消息
2025-12-05 18:47:04.0722  当前没有其他玩家在线，无需广播状态同步消息
2025-12-05 18:47:04.1764  当前没有其他玩家在线，无需广播状态同步消息
2025-12-05 18:47:04.3759  当前没有其他玩家在线，无需广播状态同步消息
2025-12-05 18:47:04.4760  当前没有其他玩家在线，无需广播状态同步消息
2025-12-05 18:47:04.5765  当前没有其他玩家在线，无需广播状态同步消息
2025-12-05 18:47:04.6750  当前没有其他玩家在线，无需广播状态同步消息
2025-12-05 18:47:04.7737  当前没有其他玩家在线，无需广播状态同步消息
2025-12-05 18:47:04.8837  当前没有其他玩家在线，无需广播状态同步消息
2025-12-05 18:47:04.9761  当前没有其他玩家在线，无需广播状态同步消息
2025-12-05 18:47:05.0782  当前没有其他玩家在线，无需广播状态同步消息
2025-12-05 18:47:05.1752  当前没有其他玩家在线，无需广播状态同步消息
2025-12-05 18:47:05.2770  当前没有其他玩家在线，无需广播状态同步消息
2025-12-05 18:47:05.3814  当前没有其他玩家在线，无需广播状态同步消息
2025-12-05 18:47:05.4834  当前没有其他玩家在线，无需广播状态同步消息
2025-12-05 18:47:05.5832  当前没有其他玩家在线，无需广播状态同步消息
2025-12-05 18:47:05.6795  当前没有其他玩家在线，无需广播状态同步消息
2025-12-05 18:47:05.7759  当前没有其他玩家在线，无需广播状态同步消息
2025-12-05 18:47:05.8786  当前没有其他玩家在线，无需广播状态同步消息
2025-12-05 18:47:05.9766  当前没有其他玩家在线，无需广播状态同步消息
2025-12-05 18:47:06.3873  当前没有其他玩家在线，无需广播状态同步消息
2025-12-05 18:47:06.4781  当前没有其他玩家在线，无需广播状态同步消息
2025-12-05 18:47:06.5763  当前没有其他玩家在线，无需广播状态同步消息
2025-12-05 18:47:06.6789  当前没有其他玩家在线，无需广播状态同步消息
2025-12-05 18:47:06.7809  当前没有其他玩家在线，无需广播状态同步消息
2025-12-05 18:47:06.8749  当前没有其他玩家在线，无需广播状态同步消息
2025-12-05 18:47:06.9739  当前没有其他玩家在线，无需广播状态同步消息
2025-12-05 18:47:07.0782  当前没有其他玩家在线，无需广播状态同步消息
2025-12-05 18:47:07.1788  当前没有其他玩家在线，无需广播状态同步消息
2025-12-05 18:47:07.2764  当前没有其他玩家在线，无需广播状态同步消息
2025-12-05 18:47:07.3709  当前没有其他玩家在线，无需广播状态同步消息
2025-12-05 18:47:07.4796  当前没有其他玩家在线，无需广播状态同步消息
2025-12-05 18:47:07.8766  当前没有其他玩家在线，无需广播状态同步消息
2025-12-05 18:47:07.9732  当前没有其他玩家在线，无需广播状态同步消息
2025-12-05 18:47:08.0716  当前没有其他玩家在线，无需广播状态同步消息
2025-12-05 18:47:08.1869  当前没有其他玩家在线，无需广播状态同步消息
2025-12-05 18:47:08.2801  当前没有其他玩家在线，无需广播状态同步消息
2025-12-05 18:47:08.3709  当前没有其他玩家在线，无需广播状态同步消息
2025-12-05 18:47:08.4726  当前没有其他玩家在线，无需广播状态同步消息
2025-12-05 18:47:08.5782  当前没有其他玩家在线，无需广播状态同步消息
2025-12-05 18:47:08.6765  当前没有其他玩家在线，无需广播状态同步消息
2025-12-05 18:47:08.7741  当前没有其他玩家在线，无需广播状态同步消息
2025-12-05 18:47:08.8811  当前没有其他玩家在线，无需广播状态同步消息
2025-12-05 18:47:08.9819  当前没有其他玩家在线，无需广播状态同步消息
2025-12-05 18:47:09.2869  当前没有其他玩家在线，无需广播状态同步消息
2025-12-05 18:47:09.3829  当前没有其他玩家在线，无需广播状态同步消息
2025-12-05 18:47:09.4732  当前没有其他玩家在线，无需广播状态同步消息
2025-12-05 18:47:09.8723  当前没有其他玩家在线，无需广播状态同步消息
2025-12-05 18:47:09.9760  当前没有其他玩家在线，无需广播状态同步消息
2025-12-05 18:47:10.0780  当前没有其他玩家在线，无需广播状态同步消息
2025-12-05 18:47:10.6794  当前没有其他玩家在线，无需广播状态同步消息
2025-12-05 18:47:10.7795  当前没有其他玩家在线，无需广播状态同步消息
2025-12-05 18:47:10.8805  当前没有其他玩家在线，无需广播状态同步消息
2025-12-05 18:47:11.2721  当前没有其他玩家在线，无需广播状态同步消息
2025-12-05 18:47:11.3768  当前没有其他玩家在线，无需广播状态同步消息
2025-12-05 18:47:11.4729  当前没有其他玩家在线，无需广播状态同步消息
2025-12-05 18:47:11.5724  当前没有其他玩家在线，无需广播状态同步消息
2025-12-05 18:47:11.6733  当前没有其他玩家在线，无需广播状态同步消息
2025-12-05 18:47:12.2775  当前没有其他玩家在线，无需广播状态同步消息
2025-12-05 18:47:12.3752  当前没有其他玩家在线，无需广播状态同步消息
2025-12-05 18:47:12.4820  当前没有其他玩家在线，无需广播状态同步消息
2025-12-05 18:47:12.5770  当前没有其他玩家在线，无需广播状态同步消息
2025-12-05 18:47:12.8760  当前没有其他玩家在线，无需广播状态同步消息
2025-12-05 18:47:12.9732  当前没有其他玩家在线，无需广播状态同步消息
2025-12-05 18:47:13.0861  当前没有其他玩家在线，无需广播状态同步消息
2025-12-05 18:47:13.1736  当前没有其他玩家在线，无需广播状态同步消息
2025-12-05 18:47:13.2720  当前没有其他玩家在线，无需广播状态同步消息
2025-12-05 18:47:13.3739  当前没有其他玩家在线，无需广播状态同步消息
2025-12-05 18:47:13.4818  当前没有其他玩家在线，无需广播状态同步消息
2025-12-05 18:47:13.5813  当前没有其他玩家在线，无需广播状态同步消息
2025-12-05 18:47:13.8753  当前没有其他玩家在线，无需广播状态同步消息
2025-12-05 18:47:13.9772  当前没有其他玩家在线，无需广播状态同步消息
2025-12-05 18:47:14.0745  当前没有其他玩家在线，无需广播状态同步消息
2025-12-05 18:47:14.4789  当前没有其他玩家在线，无需广播状态同步消息
2025-12-05 18:47:14.5766  当前没有其他玩家在线，无需广播状态同步消息
2025-12-05 18:47:14.6761  当前没有其他玩家在线，无需广播状态同步消息
2025-12-05 18:47:14.7731  当前没有其他玩家在线，无需广播状态同步消息
2025-12-05 18:47:14.8815  当前没有其他玩家在线，无需广播状态同步消息
2025-12-05 18:47:14.9770  当前没有其他玩家在线，无需广播状态同步消息
2025-12-05 18:47:15.5743  当前没有其他玩家在线，无需广播状态同步消息
2025-12-05 18:47:15.6796  当前没有其他玩家在线，无需广播状态同步消息
2025-12-05 18:47:15.7771  当前没有其他玩家在线，无需广播状态同步消息
2025-12-05 18:47:15.8739  当前没有其他玩家在线，无需广播状态同步消息
2025-12-05 18:47:15.9713  当前没有其他玩家在线，无需广播状态同步消息
2025-12-05 18:47:16.0761  当前没有其他玩家在线，无需广播状态同步消息
2025-12-05 18:47:16.1748  当前没有其他玩家在线，无需广播状态同步消息
2025-12-05 18:47:16.2714  当前没有其他玩家在线，无需广播状态同步消息
2025-12-05 18:47:16.3729  当前没有其他玩家在线，无需广播状态同步消息
2025-12-05 18:47:17.4716  当前没有其他玩家在线，无需广播状态同步消息
2025-12-05 18:47:17.5733  当前没有其他玩家在线，无需广播状态同步消息
2025-12-05 18:47:17.6724  当前没有其他玩家在线，无需广播状态同步消息
2025-12-05 18:47:17.7797  当前没有其他玩家在线，无需广播状态同步消息
2025-12-05 18:47:17.8814  当前没有其他玩家在线，无需广播状态同步消息
2025-12-05 18:47:17.9769  当前没有其他玩家在线，无需广播状态同步消息
2025-12-05 18:47:18.0803  当前没有其他玩家在线，无需广播状态同步消息
2025-12-05 18:47:19.0828  当前没有其他玩家在线，无需广播状态同步消息
2025-12-05 18:47:19.1815  当前没有其他玩家在线，无需广播状态同步消息
2025-12-05 18:47:19.2753  当前没有其他玩家在线，无需广播状态同步消息
2025-12-05 18:47:19.3863  当前没有其他玩家在线，无需广播状态同步消息
2025-12-05 18:47:19.4826  当前没有其他玩家在线，无需广播状态同步消息
2025-12-05 18:47:20.8739  当前没有其他玩家在线，无需广播状态同步消息
2025-12-05 18:47:20.9716  当前没有其他玩家在线，无需广播状态同步消息
2025-12-05 18:47:21.0778  当前没有其他玩家在线，无需广播状态同步消息
2025-12-05 18:47:21.1728  当前没有其他玩家在线，无需广播状态同步消息
2025-12-05 18:47:21.2775  当前没有其他玩家在线，无需广播状态同步消息
2025-12-05 18:47:21.3744  当前没有其他玩家在线，无需广播状态同步消息
2025-12-05 18:47:21.4718  当前没有其他玩家在线，无需广播状态同步消息
2025-12-05 18:47:21.5755  当前没有其他玩家在线，无需广播状态同步消息
2025-12-05 18:47:21.6730  当前没有其他玩家在线，无需广播状态同步消息
2025-12-05 18:47:21.7743  当前没有其他玩家在线，无需广播状态同步消息
2025-12-05 18:47:21.8812  当前没有其他玩家在线，无需广播状态同步消息
2025-12-05 18:47:21.9748  当前没有其他玩家在线，无需广播状态同步消息
2025-12-05 18:47:28.4804  当前没有其他玩家在线，无需广播状态同步消息
2025-12-05 18:47:28.5890  当前没有其他玩家在线，无需广播状态同步消息
2025-12-05 18:47:28.6967  当前没有其他玩家在线，无需广播状态同步消息
2025-12-05 18:47:28.7880  当前没有其他玩家在线，无需广播状态同步消息
2025-12-05 18:47:28.8822  当前没有其他玩家在线，无需广播状态同步消息
2025-12-05 18:47:28.9912  当前没有其他玩家在线，无需广播状态同步消息
2025-12-05 18:47:29.0841  当前没有其他玩家在线，无需广播状态同步消息
2025-12-05 18:47:29.1775  当前没有其他玩家在线，无需广播状态同步消息
2025-12-05 18:47:29.2858  当前没有其他玩家在线，无需广播状态同步消息
2025-12-05 18:47:29.3950  当前没有其他玩家在线，无需广播状态同步消息
2025-12-05 18:47:29.4861  当前没有其他玩家在线，无需广播状态同步消息
2025-12-05 18:47:29.5794  当前没有其他玩家在线，无需广播状态同步消息
2025-12-05 18:47:30.0792  当前没有其他玩家在线，无需广播状态同步消息
2025-12-05 18:47:30.1865  当前没有其他玩家在线，无需广播状态同步消息
2025-12-05 18:47:34.7866  当前没有其他玩家在线，无需广播状态同步消息
2025-12-05 18:47:34.8778  当前没有其他玩家在线，无需广播状态同步消息
2025-12-05 18:47:34.9862  当前没有其他玩家在线，无需广播状态同步消息
2025-12-05 18:47:35.0787  当前没有其他玩家在线，无需广播状态同步消息
2025-12-05 18:47:35.1876  当前没有其他玩家在线，无需广播状态同步消息
2025-12-05 18:47:35.2803  当前没有其他玩家在线，无需广播状态同步消息
2025-12-05 18:47:35.3863  当前没有其他玩家在线，无需广播状态同步消息
2025-12-05 18:47:35.4820  当前没有其他玩家在线，无需广播状态同步消息
2025-12-05 18:47:39.7773  当前没有其他玩家在线，无需广播状态同步消息
2025-12-05 18:47:39.8854  当前没有其他玩家在线，无需广播状态同步消息
2025-12-05 18:47:39.9791  当前没有其他玩家在线，无需广播状态同步消息
2025-12-05 18:47:40.0754  当前没有其他玩家在线，无需广播状态同步消息
2025-12-05 18:47:40.1839  当前没有其他玩家在线，无需广播状态同步消息
2025-12-05 18:47:40.2909  当前没有其他玩家在线，无需广播状态同步消息
2025-12-05 18:47:40.4061  当前没有其他玩家在线，无需广播状态同步消息
2025-12-05 18:47:40.4789  当前没有其他玩家在线，无需广播状态同步消息
2025-12-05 18:47:40.5861  当前没有其他玩家在线，无需广播状态同步消息
2025-12-05 18:47:40.6788  当前没有其他玩家在线，无需广播状态同步消息
2025-12-05 18:47:40.7866  当前没有其他玩家在线，无需广播状态同步消息
2025-12-05 18:47:40.8792  当前没有其他玩家在线，无需广播状态同步消息
2025-12-05 18:47:40.9869  当前没有其他玩家在线，无需广播状态同步消息
2025-12-05 18:47:41.0821  当前没有其他玩家在线，无需广播状态同步消息
2025-12-05 18:47:41.1914  当前没有其他玩家在线，无需广播状态同步消息
2025-12-05 18:47:41.2845  当前没有其他玩家在线，无需广播状态同步消息
2025-12-05 18:47:41.3784  当前没有其他玩家在线，无需广播状态同步消息
2025-12-05 18:47:41.4877  当前没有其他玩家在线，无需广播状态同步消息
2025-12-05 18:47:41.5803  当前没有其他玩家在线，无需广播状态同步消息
2025-12-05 18:47:41.6906  当前没有其他玩家在线，无需广播状态同步消息
2025-12-05 18:47:41.7843  当前没有其他玩家在线，无需广播状态同步消息
2025-12-05 18:47:41.8762  当前没有其他玩家在线，无需广播状态同步消息
2025-12-05 18:47:42.5856  当前没有其他玩家在线，无需广播状态同步消息
2025-12-05 18:47:42.6796  当前没有其他玩家在线，无需广播状态同步消息
2025-12-05 18:47:42.7886  当前没有其他玩家在线，无需广播状态同步消息
2025-12-05 18:47:42.8976  当前没有其他玩家在线，无需广播状态同步消息
2025-12-05 18:47:42.9760  当前没有其他玩家在线，无需广播状态同步消息
2025-12-05 18:47:43.0985  当前没有其他玩家在线，无需广播状态同步消息
2025-12-05 18:47:43.1774  当前没有其他玩家在线，无需广播状态同步消息
2025-12-05 18:47:43.2893  当前没有其他玩家在线，无需广播状态同步消息
2025-12-05 18:47:43.3822  当前没有其他玩家在线，无需广播状态同步消息
2025-12-05 18:47:43.4746  当前没有其他玩家在线，无需广播状态同步消息
2025-12-05 18:47:43.5836  当前没有其他玩家在线，无需广播状态同步消息
2025-12-05 18:47:43.6931  当前没有其他玩家在线，无需广播状态同步消息
2025-12-05 18:47:43.7851  当前没有其他玩家在线，无需广播状态同步消息
2025-12-05 18:47:43.8776  当前没有其他玩家在线，无需广播状态同步消息
2025-12-05 18:47:43.9861  当前没有其他玩家在线，无需广播状态同步消息
2025-12-05 18:47:44.0785  当前没有其他玩家在线，无需广播状态同步消息
2025-12-05 18:47:44.1867  当前没有其他玩家在线，无需广播状态同步消息
2025-12-05 18:47:44.2826  当前没有其他玩家在线，无需广播状态同步消息
2025-12-05 18:47:44.3753  当前没有其他玩家在线，无需广播状态同步消息
2025-12-05 18:47:44.4833  当前没有其他玩家在线，无需广播状态同步消息
2025-12-05 18:47:44.5932  当前没有其他玩家在线，无需广播状态同步消息
2025-12-05 18:47:44.6865  当前没有其他玩家在线，无需广播状态同步消息
2025-12-05 18:47:44.7956  当前没有其他玩家在线，无需广播状态同步消息
2025-12-05 18:47:44.8893  当前没有其他玩家在线，无需广播状态同步消息
2025-12-05 18:47:44.9806  当前没有其他玩家在线，无需广播状态同步消息
2025-12-05 18:47:47.9765  当前没有其他玩家在线，无需广播状态同步消息
2025-12-05 18:47:48.0868  当前没有其他玩家在线，无需广播状态同步消息
2025-12-05 18:47:48.1796  当前没有其他玩家在线，无需广播状态同步消息
2025-12-05 18:47:48.2898  当前没有其他玩家在线，无需广播状态同步消息
2025-12-05 18:47:48.3969  当前没有其他玩家在线，无需广播状态同步消息
2025-12-05 18:47:48.4740  当前没有其他玩家在线，无需广播状态同步消息
2025-12-05 18:47:48.5819  当前没有其他玩家在线，无需广播状态同步消息
2025-12-05 18:47:48.6760  当前没有其他玩家在线，无需广播状态同步消息
2025-12-05 18:47:48.7997  当前没有其他玩家在线，无需广播状态同步消息
2025-12-05 18:47:50.1888  当前没有其他玩家在线，无需广播状态同步消息
2025-12-05 18:47:50.2829  当前没有其他玩家在线，无需广播状态同步消息
2025-12-05 18:47:50.3918  当前没有其他玩家在线，无需广播状态同步消息
2025-12-05 18:47:50.4856  当前没有其他玩家在线，无需广播状态同步消息
2025-12-05 18:47:50.5775  当前没有其他玩家在线，无需广播状态同步消息
2025-12-05 18:47:50.6862  当前没有其他玩家在线，无需广播状态同步消息
2025-12-05 18:47:50.7785  当前没有其他玩家在线，无需广播状态同步消息
2025-12-05 18:47:51.2920  当前没有其他玩家在线，无需广播状态同步消息
2025-12-05 18:47:51.3860  当前没有其他玩家在线，无需广播状态同步消息
2025-12-05 18:47:51.4948  当前没有其他玩家在线，无需广播状态同步消息
2025-12-05 18:47:58.5847  当前没有其他玩家在线，无需广播状态同步消息
2025-12-05 18:47:58.6785  当前没有其他玩家在线，无需广播状态同步消息
2025-12-05 18:48:01.0879  当前没有其他玩家在线，无需广播状态同步消息
2025-12-05 18:48:01.1830  当前没有其他玩家在线，无需广播状态同步消息
2025-12-05 18:48:01.2916  当前没有其他玩家在线，无需广播状态同步消息
2025-12-05 18:48:01.3848  当前没有其他玩家在线，无需广播状态同步消息
2025-12-05 18:48:01.4933  当前没有其他玩家在线，无需广播状态同步消息
2025-12-05 18:48:01.5874  当前没有其他玩家在线，无需广播状态同步消息
2025-12-05 18:48:01.6959  当前没有其他玩家在线，无需广播状态同步消息
2025-12-05 18:48:01.7894  当前没有其他玩家在线，无需广播状态同步消息
2025-12-05 18:48:01.8855  当前没有其他玩家在线，无需广播状态同步消息
2025-12-05 18:48:01.9935  当前没有其他玩家在线，无需广播状态同步消息
2025-12-05 18:48:02.8819  当前没有其他玩家在线，无需广播状态同步消息
2025-12-05 18:48:02.9903  当前没有其他玩家在线，无需广播状态同步消息
2025-12-05 18:48:03.0830  当前没有其他玩家在线，无需广播状态同步消息
2025-12-05 18:48:03.1773  当前没有其他玩家在线，无需广播状态同步消息
2025-12-05 18:48:03.2716  当前没有其他玩家在线，无需广播状态同步消息
2025-12-05 18:48:03.3804  当前没有其他玩家在线，无需广播状态同步消息
2025-12-05 18:48:03.4881  当前没有其他玩家在线，无需广播状态同步消息
2025-12-05 18:48:03.5820  当前没有其他玩家在线，无需广播状态同步消息
2025-12-05 18:48:03.6881  当前没有其他玩家在线，无需广播状态同步消息
2025-12-05 18:48:03.7815  当前没有其他玩家在线，无需广播状态同步消息
2025-12-05 18:48:03.8890  当前没有其他玩家在线，无需广播状态同步消息
2025-12-05 18:48:04.0883  当前没有其他玩家在线，无需广播状态同步消息
2025-12-05 18:48:04.1806  当前没有其他玩家在线，无需广播状态同步消息
2025-12-05 18:48:04.2887  当前没有其他玩家在线，无需广播状态同步消息
2025-12-05 18:48:04.3806  当前没有其他玩家在线，无需广播状态同步消息
2025-12-05 18:48:06.8919  当前没有其他玩家在线，无需广播状态同步消息
2025-12-05 18:48:06.9841  当前没有其他玩家在线，无需广播状态同步消息
2025-12-05 18:48:07.0929  当前没有其他玩家在线，无需广播状态同步消息
2025-12-05 18:48:07.1855  当前没有其他玩家在线，无需广播状态同步消息
2025-12-05 18:48:07.2773  当前没有其他玩家在线，无需广播状态同步消息
2025-12-05 18:48:07.3854  当前没有其他玩家在线，无需广播状态同步消息
2025-12-05 18:48:07.4935  当前没有其他玩家在线，无需广播状态同步消息
2025-12-05 18:48:07.5867  当前没有其他玩家在线，无需广播状态同步消息
2025-12-05 18:48:07.6794  当前没有其他玩家在线，无需广播状态同步消息
2025-12-05 18:48:07.7750  当前没有其他玩家在线，无需广播状态同步消息
2025-12-05 18:48:07.8830  当前没有其他玩家在线，无需广播状态同步消息
2025-12-05 18:48:07.9771  当前没有其他玩家在线，无需广播状态同步消息
2025-12-05 18:48:08.0855  当前没有其他玩家在线，无需广播状态同步消息
2025-12-05 18:48:08.1787  当前没有其他玩家在线，无需广播状态同步消息
2025-12-05 18:48:08.2872  当前没有其他玩家在线，无需广播状态同步消息
2025-12-05 18:48:08.3797  当前没有其他玩家在线，无需广播状态同步消息
2025-12-05 18:48:08.4895  当前没有其他玩家在线，无需广播状态同步消息
2025-12-05 18:48:08.5822  当前没有其他玩家在线，无需广播状态同步消息
2025-12-05 18:48:14.8803  当前没有其他玩家在线，无需广播状态同步消息
2025-12-05 18:48:14.9740  当前没有其他玩家在线，无需广播状态同步消息
2025-12-05 18:48:15.0821  当前没有其他玩家在线，无需广播状态同步消息
2025-12-05 18:48:15.1910  当前没有其他玩家在线，无需广播状态同步消息
2025-12-05 18:48:18.2805  当前没有其他玩家在线，无需广播状态同步消息
2025-12-05 18:48:18.3740  当前没有其他玩家在线，无需广播状态同步消息
2025-12-05 18:48:18.4971  当前没有其他玩家在线，无需广播状态同步消息
2025-12-05 18:48:18.5913  当前没有其他玩家在线，无需广播状态同步消息
2025-12-05 18:48:20.9835  当前没有其他玩家在线，无需广播状态同步消息
2025-12-05 18:48:21.0905  当前没有其他玩家在线，无需广播状态同步消息
2025-12-05 18:48:21.1841  当前没有其他玩家在线，无需广播状态同步消息
2025-12-05 18:48:21.2796  当前没有其他玩家在线，无需广播状态同步消息
2025-12-05 18:48:21.3874  当前没有其他玩家在线，无需广播状态同步消息
2025-12-05 18:48:21.4797  当前没有其他玩家在线，无需广播状态同步消息
2025-12-05 18:48:23.2937  当前没有其他玩家在线，无需广播状态同步消息
2025-12-05 18:48:23.3853  当前没有其他玩家在线，无需广播状态同步消息
2025-12-05 18:48:23.4936  当前没有其他玩家在线，无需广播状态同步消息
2025-12-05 18:48:23.5869  当前没有其他玩家在线，无需广播状态同步消息
2025-12-05 18:48:24.8730  当前没有其他玩家在线，无需广播状态同步消息
2025-12-05 18:48:24.9804  当前没有其他玩家在线，无需广播状态同步消息
2025-12-05 18:48:25.0880  当前没有其他玩家在线，无需广播状态同步消息
2025-12-05 18:48:25.1822  当前没有其他玩家在线，无需广播状态同步消息
2025-12-05 18:48:25.2752  当前没有其他玩家在线，无需广播状态同步消息
2025-12-05 18:48:25.3983  当前没有其他玩家在线，无需广播状态同步消息
2025-12-05 18:48:25.4752  当前没有其他玩家在线，无需广播状态同步消息
2025-12-05 18:48:25.5829  当前没有其他玩家在线，无需广播状态同步消息
2025-12-05 18:48:25.6774  当前没有其他玩家在线，无需广播状态同步消息
2025-12-05 18:48:25.7881  当前没有其他玩家在线，无需广播状态同步消息
2025-12-05 18:48:25.8827  当前没有其他玩家在线，无需广播状态同步消息
2025-12-05 18:48:25.9746  当前没有其他玩家在线，无需广播状态同步消息
2025-12-05 18:48:26.8924  当前没有其他玩家在线，无需广播状态同步消息
2025-12-05 18:48:26.9852  当前没有其他玩家在线，无需广播状态同步消息
2025-12-05 18:48:27.0783  当前没有其他玩家在线，无需广播状态同步消息
2025-12-05 18:48:27.1878  当前没有其他玩家在线，无需广播状态同步消息
2025-12-05 18:48:27.2942  当前没有其他玩家在线，无需广播状态同步消息
2025-12-05 18:48:27.3873  当前没有其他玩家在线，无需广播状态同步消息
2025-12-05 18:48:27.4940  当前没有其他玩家在线，无需广播状态同步消息
2025-12-05 18:48:28.3792  当前没有其他玩家在线，无需广播状态同步消息
2025-12-05 18:48:28.4895  当前没有其他玩家在线，无需广播状态同步消息
2025-12-05 18:48:28.5809  当前没有其他玩家在线，无需广播状态同步消息
2025-12-05 18:48:28.6743  当前没有其他玩家在线，无需广播状态同步消息
2025-12-05 18:48:28.7835  当前没有其他玩家在线，无需广播状态同步消息
2025-12-05 18:48:28.8910  当前没有其他玩家在线，无需广播状态同步消息
2025-12-05 18:48:28.9845  当前没有其他玩家在线，无需广播状态同步消息
2025-12-05 18:48:29.0766  当前没有其他玩家在线，无需广播状态同步消息
2025-12-05 18:48:29.1849  当前没有其他玩家在线，无需广播状态同步消息
2025-12-05 18:48:29.2933  当前没有其他玩家在线，无需广播状态同步消息
2025-12-05 18:48:29.3710  当前没有其他玩家在线，无需广播状态同步消息
2025-12-05 18:48:29.4784  当前没有其他玩家在线，无需广播状态同步消息
2025-12-05 18:48:29.5872  当前没有其他玩家在线，无需广播状态同步消息
2025-12-05 18:48:29.6801  当前没有其他玩家在线，无需广播状态同步消息
2025-12-05 18:48:29.7736  当前没有其他玩家在线，无需广播状态同步消息
2025-12-05 18:48:29.8820  当前没有其他玩家在线，无需广播状态同步消息
2025-12-05 18:48:29.9755  当前没有其他玩家在线，无需广播状态同步消息
2025-12-05 18:48:30.0834  当前没有其他玩家在线，无需广播状态同步消息
2025-12-05 18:48:30.1786  当前没有其他玩家在线，无需广播状态同步消息
2025-12-05 18:48:30.2867  当前没有其他玩家在线，无需广播状态同步消息
2025-12-05 18:48:30.3800  当前没有其他玩家在线，无需广播状态同步消息
2025-12-05 18:48:30.4871  当前没有其他玩家在线，无需广播状态同步消息
2025-12-05 18:48:30.5815  当前没有其他玩家在线，无需广播状态同步消息
2025-12-05 18:48:30.6896  当前没有其他玩家在线，无需广播状态同步消息
2025-12-05 18:48:30.7816  当前没有其他玩家在线，无需广播状态同步消息
2025-12-05 18:48:30.8904  当前没有其他玩家在线，无需广播状态同步消息
2025-12-05 18:48:30.9829  当前没有其他玩家在线，无需广播状态同步消息
2025-12-05 18:48:31.0929  当前没有其他玩家在线，无需广播状态同步消息
2025-12-05 18:48:31.1872  当前没有其他玩家在线，无需广播状态同步消息
2025-12-05 18:48:31.2812  当前没有其他玩家在线，无需广播状态同步消息
2025-12-05 18:48:31.3735  当前没有其他玩家在线，无需广播状态同步消息
2025-12-05 18:48:38.2855  当前没有其他玩家在线，无需广播状态同步消息
2025-12-05 18:48:38.3784  当前没有其他玩家在线，无需广播状态同步消息
2025-12-05 18:48:38.4865  当前没有其他玩家在线，无需广播状态同步消息
2025-12-05 18:48:38.5957  当前没有其他玩家在线，无需广播状态同步消息
2025-12-05 18:48:38.6876  当前没有其他玩家在线，无需广播状态同步消息
2025-12-05 18:48:38.7804  当前没有其他玩家在线，无需广播状态同步消息
2025-12-05 18:48:38.8736  当前没有其他玩家在线，无需广播状态同步消息
2025-12-05 18:48:38.9827  当前没有其他玩家在线，无需广播状态同步消息
2025-12-05 18:48:39.0913  当前没有其他玩家在线，无需广播状态同步消息
2025-12-05 18:48:39.1849  当前没有其他玩家在线，无需广播状态同步消息
2025-12-05 18:48:39.2924  当前没有其他玩家在线，无需广播状态同步消息
2025-12-05 18:48:39.3855  当前没有其他玩家在线，无需广播状态同步消息
2025-12-05 18:48:39.4925  当前没有其他玩家在线，无需广播状态同步消息
2025-12-05 18:48:39.5853  当前没有其他玩家在线，无需广播状态同步消息
2025-12-05 18:48:40.5849  当前没有其他玩家在线，无需广播状态同步消息
2025-12-05 18:48:40.6758  当前没有其他玩家在线，无需广播状态同步消息
2025-12-05 18:48:40.7844  当前没有其他玩家在线，无需广播状态同步消息
2025-12-05 18:48:40.8925  当前没有其他玩家在线，无需广播状态同步消息
2025-12-05 18:48:40.9849  当前没有其他玩家在线，无需广播状态同步消息
2025-12-05 18:48:41.0790  当前没有其他玩家在线，无需广播状态同步消息
2025-12-05 18:48:41.1873  当前没有其他玩家在线，无需广播状态同步消息
2025-12-05 18:48:41.2805  当前没有其他玩家在线，无需广播状态同步消息
2025-12-05 18:48:41.3887  当前没有其他玩家在线，无需广播状态同步消息
2025-12-05 18:48:41.4818  当前没有其他玩家在线，无需广播状态同步消息
2025-12-05 18:48:41.5910  当前没有其他玩家在线，无需广播状态同步消息
2025-12-05 18:48:41.6816  当前没有其他玩家在线，无需广播状态同步消息
2025-12-05 18:48:41.7906  当前没有其他玩家在线，无需广播状态同步消息
2025-12-05 18:48:43.2830  当前没有其他玩家在线，无需广播状态同步消息
2025-12-05 18:48:43.3922  当前没有其他玩家在线，无需广播状态同步消息
2025-12-05 18:48:43.4850  当前没有其他玩家在线，无需广播状态同步消息
2025-12-05 18:48:43.5946  当前没有其他玩家在线，无需广播状态同步消息
2025-12-05 18:48:43.6717  当前没有其他玩家在线，无需广播状态同步消息
2025-12-05 18:48:43.7809  当前没有其他玩家在线，无需广播状态同步消息
2025-12-05 18:48:43.8902  当前没有其他玩家在线，无需广播状态同步消息
2025-12-05 18:48:43.9983  当前没有其他玩家在线，无需广播状态同步消息
2025-12-05 18:48:44.0904  当前没有其他玩家在线，无需广播状态同步消息
2025-12-05 18:48:44.1838  当前没有其他玩家在线，无需广播状态同步消息
2025-12-05 18:48:44.2920  当前没有其他玩家在线，无需广播状态同步消息
2025-12-05 18:48:44.3850  当前没有其他玩家在线，无需广播状态同步消息
2025-12-05 18:48:44.4935  当前没有其他玩家在线，无需广播状态同步消息
2025-12-05 18:48:44.5877  当前没有其他玩家在线，无需广播状态同步消息
2025-12-05 18:48:44.6804  当前没有其他玩家在线，无需广播状态同步消息
2025-12-05 18:48:44.7886  当前没有其他玩家在线，无需广播状态同步消息
2025-12-05 18:48:44.8820  当前没有其他玩家在线，无需广播状态同步消息
2025-12-05 18:48:44.9912  当前没有其他玩家在线，无需广播状态同步消息
2025-12-05 18:48:45.0859  当前没有其他玩家在线，无需广播状态同步消息
2025-12-05 18:48:45.1948  当前没有其他玩家在线，无需广播状态同步消息
2025-12-05 18:48:45.2878  当前没有其他玩家在线，无需广播状态同步消息
2025-12-05 18:48:45.3803  当前没有其他玩家在线，无需广播状态同步消息
2025-12-05 18:48:45.4739  当前没有其他玩家在线，无需广播状态同步消息
2025-12-05 18:48:45.5836  当前没有其他玩家在线，无需广播状态同步消息
2025-12-05 18:48:45.6783  当前没有其他玩家在线，无需广播状态同步消息
2025-12-05 18:48:45.7877  当前没有其他玩家在线，无需广播状态同步消息
2025-12-05 18:48:45.8808  当前没有其他玩家在线，无需广播状态同步消息
2025-12-05 18:48:45.9885  当前没有其他玩家在线，无需广播状态同步消息
2025-12-05 18:48:46.0822  当前没有其他玩家在线，无需广播状态同步消息
2025-12-05 18:48:46.1762  当前没有其他玩家在线，无需广播状态同步消息
2025-12-05 18:48:46.2855  当前没有其他玩家在线，无需广播状态同步消息
2025-12-05 18:48:46.3797  当前没有其他玩家在线，无需广播状态同步消息
2025-12-05 18:48:46.4729  当前没有其他玩家在线，无需广播状态同步消息
2025-12-05 18:48:46.5964  当前没有其他玩家在线，无需广播状态同步消息
2025-12-05 18:48:46.6885  当前没有其他玩家在线，无需广播状态同步消息
2025-12-05 18:48:46.7816  当前没有其他玩家在线，无需广播状态同步消息
2025-12-05 18:48:46.8906  当前没有其他玩家在线，无需广播状态同步消息
2025-12-05 18:48:46.9982  当前没有其他玩家在线，无需广播状态同步消息
2025-12-05 18:48:47.0931  当前没有其他玩家在线，无需广播状态同步消息
2025-12-05 18:48:47.1871  当前没有其他玩家在线，无需广播状态同步消息
2025-12-05 18:48:47.2800  当前没有其他玩家在线，无需广播状态同步消息
2025-12-05 18:48:47.3872  当前没有其他玩家在线，无需广播状态同步消息
2025-12-05 18:48:47.4818  当前没有其他玩家在线，无需广播状态同步消息
2025-12-05 18:48:47.5916  当前没有其他玩家在线，无需广播状态同步消息
2025-12-05 18:48:47.6848  当前没有其他玩家在线，无需广播状态同步消息
2025-12-05 18:48:47.7795  当前没有其他玩家在线，无需广播状态同步消息
2025-12-05 18:48:47.8879  当前没有其他玩家在线，无需广播状态同步消息
2025-12-05 18:48:47.9810  当前没有其他玩家在线，无需广播状态同步消息
2025-12-05 18:48:48.0893  当前没有其他玩家在线，无需广播状态同步消息
2025-12-05 18:48:48.1832  当前没有其他玩家在线，无需广播状态同步消息
2025-12-05 18:48:48.2922  当前没有其他玩家在线，无需广播状态同步消息
2025-12-05 18:48:48.3850  当前没有其他玩家在线，无需广播状态同步消息
2025-12-05 18:48:48.4783  当前没有其他玩家在线，无需广播状态同步消息
2025-12-05 18:48:48.5888  当前没有其他玩家在线，无需广播状态同步消息
2025-12-05 18:48:48.6810  当前没有其他玩家在线，无需广播状态同步消息
2025-12-05 18:48:48.7907  当前没有其他玩家在线，无需广播状态同步消息
2025-12-05 18:48:48.8832  当前没有其他玩家在线，无需广播状态同步消息
2025-12-05 18:48:48.9923  当前没有其他玩家在线，无需广播状态同步消息
2025-12-05 18:48:49.0716  当前没有其他玩家在线，无需广播状态同步消息
2025-12-05 18:48:49.1805  当前没有其他玩家在线，无需广播状态同步消息
2025-12-05 18:48:49.2881  当前没有其他玩家在线，无需广播状态同步消息
2025-12-05 18:48:49.3815  当前没有其他玩家在线，无需广播状态同步消息
2025-12-05 18:48:49.4732  当前没有其他玩家在线，无需广播状态同步消息
2025-12-05 18:48:49.5795  当前没有其他玩家在线，无需广播状态同步消息
2025-12-05 18:48:49.6736  当前没有其他玩家在线，无需广播状态同步消息
2025-12-05 18:48:49.7813  当前没有其他玩家在线，无需广播状态同步消息
2025-12-05 18:48:49.8735  当前没有其他玩家在线，无需广播状态同步消息
2025-12-05 18:48:49.9826  当前没有其他玩家在线，无需广播状态同步消息
2025-12-05 18:48:50.0768  当前没有其他玩家在线，无需广播状态同步消息
2025-12-05 18:48:50.1862  当前没有其他玩家在线，无需广播状态同步消息
2025-12-05 18:48:50.2796  当前没有其他玩家在线，无需广播状态同步消息
2025-12-05 18:48:50.3878  当前没有其他玩家在线，无需广播状态同步消息
2025-12-05 18:48:50.4811  当前没有其他玩家在线，无需广播状态同步消息
2025-12-05 18:48:50.5893  当前没有其他玩家在线，无需广播状态同步消息
2025-12-05 18:48:50.6821  当前没有其他玩家在线，无需广播状态同步消息
2025-12-05 18:48:50.7908  当前没有其他玩家在线，无需广播状态同步消息
2025-12-05 18:48:50.8825  当前没有其他玩家在线，无需广播状态同步消息
2025-12-05 18:48:50.9915  当前没有其他玩家在线，无需广播状态同步消息
2025-12-05 18:48:51.0842  当前没有其他玩家在线，无需广播状态同步消息
2025-12-05 18:48:51.1768  当前没有其他玩家在线，无需广播状态同步消息
2025-12-05 18:48:51.2869  当前没有其他玩家在线，无需广播状态同步消息
2025-12-05 18:48:51.3965  当前没有其他玩家在线，无需广播状态同步消息
2025-12-05 18:48:51.4874  当前没有其他玩家在线，无需广播状态同步消息
2025-12-05 18:48:51.5817  当前没有其他玩家在线，无需广播状态同步消息
2025-12-05 18:48:51.6899  当前没有其他玩家在线，无需广播状态同步消息
2025-12-05 18:48:51.7834  当前没有其他玩家在线，无需广播状态同步消息
2025-12-05 18:48:51.8907  当前没有其他玩家在线，无需广播状态同步消息
2025-12-05 18:48:51.9838  当前没有其他玩家在线，无需广播状态同步消息
2025-12-05 18:48:52.0935  当前没有其他玩家在线，无需广播状态同步消息
2025-12-05 18:48:52.1866  当前没有其他玩家在线，无需广播状态同步消息
2025-12-05 18:48:52.2825  当前没有其他玩家在线，无需广播状态同步消息
2025-12-05 18:48:52.3919  当前没有其他玩家在线，无需广播状态同步消息
2025-12-05 18:48:52.4851  当前没有其他玩家在线，无需广播状态同步消息
2025-12-05 18:48:52.5777  当前没有其他玩家在线，无需广播状态同步消息
2025-12-05 18:48:52.6857  当前没有其他玩家在线，无需广播状态同步消息
2025-12-05 18:48:52.7939  当前没有其他玩家在线，无需广播状态同步消息
2025-12-05 18:48:52.8867  当前没有其他玩家在线，无需广播状态同步消息
2025-12-05 18:48:52.9798  当前没有其他玩家在线，无需广播状态同步消息
2025-12-05 18:48:53.0897  当前没有其他玩家在线，无需广播状态同步消息
2025-12-05 18:48:53.1824  当前没有其他玩家在线，无需广播状态同步消息
2025-12-05 18:48:53.2903  当前没有其他玩家在线，无需广播状态同步消息
2025-12-05 18:48:53.3835  当前没有其他玩家在线，无需广播状态同步消息
2025-12-05 18:48:53.4934  当前没有其他玩家在线，无需广播状态同步消息
2025-12-05 18:48:53.5843  当前没有其他玩家在线，无需广播状态同步消息
2025-12-05 18:48:53.6774  当前没有其他玩家在线，无需广播状态同步消息
2025-12-05 18:48:53.7855  当前没有其他玩家在线，无需广播状态同步消息
2025-12-05 18:48:53.8804  当前没有其他玩家在线，无需广播状态同步消息
2025-12-05 18:48:53.9742  当前没有其他玩家在线，无需广播状态同步消息
2025-12-05 18:48:54.0839  当前没有其他玩家在线，无需广播状态同步消息
2025-12-05 18:48:54.1782  当前没有其他玩家在线，无需广播状态同步消息
2025-12-05 18:48:54.2874  当前没有其他玩家在线，无需广播状态同步消息
2025-12-05 18:48:54.3805  当前没有其他玩家在线，无需广播状态同步消息
2025-12-05 18:48:54.4886  当前没有其他玩家在线，无需广播状态同步消息
2025-12-05 18:48:54.5818  当前没有其他玩家在线，无需广播状态同步消息
2025-12-05 18:48:54.6906  当前没有其他玩家在线，无需广播状态同步消息
2025-12-05 18:48:54.7841  当前没有其他玩家在线，无需广播状态同步消息
2025-12-05 18:48:54.8766  当前没有其他玩家在线，无需广播状态同步消息
2025-12-05 18:48:54.9847  当前没有其他玩家在线，无需广播状态同步消息
2025-12-05 18:48:55.0925  当前没有其他玩家在线，无需广播状态同步消息
2025-12-05 18:48:55.1874  当前没有其他玩家在线，无需广播状态同步消息
2025-12-05 18:48:55.2798  当前没有其他玩家在线，无需广播状态同步消息
2025-12-05 18:48:55.3898  当前没有其他玩家在线，无需广播状态同步消息
2025-12-05 18:48:55.4834  当前没有其他玩家在线，无需广播状态同步消息
2025-12-05 18:48:55.5784  当前没有其他玩家在线，无需广播状态同步消息
2025-12-05 18:48:55.6861  当前没有其他玩家在线，无需广播状态同步消息
2025-12-05 18:48:55.7786  当前没有其他玩家在线，无需广播状态同步消息
2025-12-05 18:48:55.8864  当前没有其他玩家在线，无需广播状态同步消息
2025-12-05 18:48:55.9812  当前没有其他玩家在线，无需广播状态同步消息
2025-12-05 18:48:56.0893  当前没有其他玩家在线，无需广播状态同步消息
2025-12-05 18:48:56.1845  当前没有其他玩家在线，无需广播状态同步消息
2025-12-05 18:48:56.2933  当前没有其他玩家在线，无需广播状态同步消息
2025-12-05 18:48:56.3869  当前没有其他玩家在线，无需广播状态同步消息
2025-12-05 18:48:56.4817  当前没有其他玩家在线，无需广播状态同步消息
2025-12-05 18:48:56.5752  当前没有其他玩家在线，无需广播状态同步消息
2025-12-05 18:48:56.6991  当前没有其他玩家在线，无需广播状态同步消息
2025-12-05 18:48:56.7791  当前没有其他玩家在线，无需广播状态同步消息
2025-12-05 18:48:56.8874  当前没有其他玩家在线，无需广播状态同步消息
2025-12-05 18:48:56.9799  当前没有其他玩家在线，无需广播状态同步消息
2025-12-05 18:48:57.0885  当前没有其他玩家在线，无需广播状态同步消息
2025-12-05 18:48:57.1829  当前没有其他玩家在线，无需广播状态同步消息
2025-12-05 18:48:57.2916  当前没有其他玩家在线，无需广播状态同步消息
2025-12-05 18:48:57.4010  当前没有其他玩家在线，无需广播状态同步消息
2025-12-05 18:48:57.4941  当前没有其他玩家在线，无需广播状态同步消息
2025-12-05 18:48:57.5715  当前没有其他玩家在线，无需广播状态同步消息
2025-12-05 18:48:57.6823  当前没有其他玩家在线，无需广播状态同步消息
2025-12-05 18:48:57.7919  当前没有其他玩家在线，无需广播状态同步消息
2025-12-05 18:48:57.8852  当前没有其他玩家在线，无需广播状态同步消息
2025-12-05 18:48:57.9914  当前没有其他玩家在线，无需广播状态同步消息
2025-12-05 18:48:58.0849  当前没有其他玩家在线，无需广播状态同步消息
2025-12-05 18:48:58.1935  当前没有其他玩家在线，无需广播状态同步消息
2025-12-05 18:48:58.2856  当前没有其他玩家在线，无需广播状态同步消息
2025-12-05 18:48:58.3812  当前没有其他玩家在线，无需广播状态同步消息
2025-12-05 18:48:58.4898  当前没有其他玩家在线，无需广播状态同步消息
2025-12-05 18:48:58.5838  当前没有其他玩家在线，无需广播状态同步消息
2025-12-05 18:48:58.6906  当前没有其他玩家在线，无需广播状态同步消息
2025-12-05 18:48:58.7859  当前没有其他玩家在线，无需广播状态同步消息
2025-12-05 18:48:58.8816  当前没有其他玩家在线，无需广播状态同步消息
2025-12-05 18:48:58.9756  当前没有其他玩家在线，无需广播状态同步消息
2025-12-05 18:48:59.0844  当前没有其他玩家在线，无需广播状态同步消息
2025-12-05 18:48:59.1929  当前没有其他玩家在线，无需广播状态同步消息
2025-12-05 18:48:59.2843  当前没有其他玩家在线，无需广播状态同步消息
2025-12-05 18:48:59.3794  当前没有其他玩家在线，无需广播状态同步消息
2025-12-05 18:48:59.4869  当前没有其他玩家在线，无需广播状态同步消息
2025-12-05 18:48:59.5793  当前没有其他玩家在线，无需广播状态同步消息
2025-12-05 18:48:59.6904  当前没有其他玩家在线，无需广播状态同步消息
2025-12-05 18:49:03.3893  当前没有其他玩家在线，无需广播状态同步消息
2025-12-05 18:49:03.4820  当前没有其他玩家在线，无需广播状态同步消息
2025-12-05 18:49:03.5896  当前没有其他玩家在线，无需广播状态同步消息
2025-12-05 18:49:03.6816  当前没有其他玩家在线，无需广播状态同步消息
2025-12-05 18:49:03.7892  当前没有其他玩家在线，无需广播状态同步消息
2025-12-05 18:49:03.8815  当前没有其他玩家在线，无需广播状态同步消息
2025-12-05 18:49:03.9885  当前没有其他玩家在线，无需广播状态同步消息
2025-12-05 18:49:04.0966  当前没有其他玩家在线，无需广播状态同步消息
2025-12-05 18:49:04.1900  当前没有其他玩家在线，无需广播状态同步消息
2025-12-05 18:49:04.2836  当前没有其他玩家在线，无需广播状态同步消息
2025-12-05 18:49:04.3935  当前没有其他玩家在线，无需广播状态同步消息
2025-12-05 18:49:04.4866  当前没有其他玩家在线，无需广播状态同步消息
2025-12-05 18:49:04.5809  当前没有其他玩家在线，无需广播状态同步消息
2025-12-05 18:49:04.6886  当前没有其他玩家在线，无需广播状态同步消息
2025-12-05 18:49:04.7977  当前没有其他玩家在线，无需广播状态同步消息
2025-12-05 18:49:04.8901  当前没有其他玩家在线，无需广播状态同步消息
2025-12-05 18:49:04.9976  当前没有其他玩家在线，无需广播状态同步消息
2025-12-05 18:49:05.0906  当前没有其他玩家在线，无需广播状态同步消息
2025-12-05 18:49:05.1818  当前没有其他玩家在线，无需广播状态同步消息
2025-12-05 18:49:05.2751  当前没有其他玩家在线，无需广播状态同步消息
2025-12-05 18:49:05.3842  当前没有其他玩家在线，无需广播状态同步消息
2025-12-05 18:49:05.4929  当前没有其他玩家在线，无需广播状态同步消息
2025-12-05 18:49:05.5855  当前没有其他玩家在线，无需广播状态同步消息
2025-12-05 18:49:05.6796  当前没有其他玩家在线，无需广播状态同步消息
2025-12-05 18:49:05.7879  当前没有其他玩家在线，无需广播状态同步消息
2025-12-05 18:49:05.8833  当前没有其他玩家在线，无需广播状态同步消息
2025-12-05 18:49:05.9775  当前没有其他玩家在线，无需广播状态同步消息
2025-12-05 18:49:06.0857  当前没有其他玩家在线，无需广播状态同步消息
2025-12-05 18:49:06.1790  当前没有其他玩家在线，无需广播状态同步消息
2025-12-05 18:49:06.2870  当前没有其他玩家在线，无需广播状态同步消息
2025-12-05 18:49:06.3817  当前没有其他玩家在线，无需广播状态同步消息
2025-12-05 18:49:06.4753  当前没有其他玩家在线，无需广播状态同步消息
2025-12-05 18:49:06.5815  当前没有其他玩家在线，无需广播状态同步消息
2025-12-05 18:49:06.8752  当前没有其他玩家在线，无需广播状态同步消息
2025-12-05 18:49:06.9841  当前没有其他玩家在线，无需广播状态同步消息
2025-12-05 18:49:07.0764  当前没有其他玩家在线，无需广播状态同步消息
2025-12-05 18:49:07.1846  当前没有其他玩家在线，无需广播状态同步消息
2025-12-05 18:49:07.2795  当前没有其他玩家在线，无需广播状态同步消息
2025-12-05 18:49:07.3870  当前没有其他玩家在线，无需广播状态同步消息
2025-12-05 18:49:07.4815  当前没有其他玩家在线，无需广播状态同步消息
2025-12-05 18:49:07.5746  当前没有其他玩家在线，无需广播状态同步消息
2025-12-05 18:49:07.6826  当前没有其他玩家在线，无需广播状态同步消息
2025-12-05 18:49:07.7931  当前没有其他玩家在线，无需广播状态同步消息
2025-12-05 18:49:07.8873  当前没有其他玩家在线，无需广播状态同步消息
2025-12-05 18:49:07.9953  当前没有其他玩家在线，无需广播状态同步消息
2025-12-05 18:49:08.0893  当前没有其他玩家在线，无需广播状态同步消息
2025-12-05 18:49:08.1820  当前没有其他玩家在线，无需广播状态同步消息
2025-12-05 18:49:08.2757  当前没有其他玩家在线，无需广播状态同步消息
2025-12-05 18:49:08.3850  当前没有其他玩家在线，无需广播状态同步消息
2025-12-05 18:49:08.4932  当前没有其他玩家在线，无需广播状态同步消息
2025-12-05 18:49:08.5865  当前没有其他玩家在线，无需广播状态同步消息
2025-12-05 18:49:08.6798  当前没有其他玩家在线，无需广播状态同步消息
2025-12-05 18:49:08.7881  当前没有其他玩家在线，无需广播状态同步消息
2025-12-05 18:49:08.8981  当前没有其他玩家在线，无需广播状态同步消息
2025-12-05 18:49:08.9929  当前没有其他玩家在线，无需广播状态同步消息
2025-12-05 18:49:09.0878  当前没有其他玩家在线，无需广播状态同步消息
2025-12-05 18:49:09.1808  当前没有其他玩家在线，无需广播状态同步消息
2025-12-05 18:49:09.4773  当前没有其他玩家在线，无需广播状态同步消息
2025-12-05 18:49:09.5847  当前没有其他玩家在线，无需广播状态同步消息
2025-12-05 18:49:09.6769  当前没有其他玩家在线，无需广播状态同步消息
2025-12-05 18:49:25.9513  当前服务器上没有其他玩家在线，无需广播下线消息
2025-12-05 18:49:25.9513  账号ID:482736422909116417 数据已保存到数据库
2025-12-05 18:49:25.9513  玩家ID:482736422909116417 下线成功 , 下线位置:x:1.9357284, y:0, z:-2.733553
2025-12-05 18:50:17.4697  玩家上次上线位置：x:1.9357284, y:0, z:-2.733553
2025-12-05 18:50:17.4697  当前没有其他玩家在线，无需广播
2025-12-05 18:50:18.5656  当前没有其他玩家在线，无需广播状态同步消息
2025-12-05 18:50:18.6652  当前没有其他玩家在线，无需广播状态同步消息
2025-12-05 18:50:18.7612  当前没有其他玩家在线，无需广播状态同步消息
2025-12-05 18:50:18.8600  当前没有其他玩家在线，无需广播状态同步消息
2025-12-05 18:50:18.9656  当前没有其他玩家在线，无需广播状态同步消息
2025-12-05 18:50:19.0569  当前没有其他玩家在线，无需广播状态同步消息
2025-12-05 18:50:19.1675  当前没有其他玩家在线，无需广播状态同步消息
2025-12-05 18:50:19.2617  当前没有其他玩家在线，无需广播状态同步消息
2025-12-05 18:50:19.3646  当前没有其他玩家在线，无需广播状态同步消息
2025-12-05 18:50:19.4590  当前没有其他玩家在线，无需广播状态同步消息
2025-12-05 18:50:19.5659  当前没有其他玩家在线，无需广播状态同步消息
2025-12-05 18:50:19.6601  当前没有其他玩家在线，无需广播状态同步消息
2025-12-05 18:50:19.7621  当前没有其他玩家在线，无需广播状态同步消息
2025-12-05 18:50:19.8614  当前没有其他玩家在线，无需广播状态同步消息
2025-12-05 18:50:19.9656  当前没有其他玩家在线，无需广播状态同步消息
2025-12-05 18:50:20.0623  当前没有其他玩家在线，无需广播状态同步消息
2025-12-05 18:50:20.1607  当前没有其他玩家在线，无需广播状态同步消息
2025-12-05 18:50:20.2716  当前没有其他玩家在线，无需广播状态同步消息
2025-12-05 18:50:20.3639  当前没有其他玩家在线，无需广播状态同步消息
2025-12-05 18:50:20.4652  当前没有其他玩家在线，无需广播状态同步消息
2025-12-05 18:50:20.5643  当前没有其他玩家在线，无需广播状态同步消息
2025-12-05 18:50:20.6674  当前没有其他玩家在线，无需广播状态同步消息
2025-12-05 18:50:20.7596  当前没有其他玩家在线，无需广播状态同步消息
2025-12-05 18:50:20.8598  当前没有其他玩家在线，无需广播状态同步消息
2025-12-05 18:50:20.9687  当前没有其他玩家在线，无需广播状态同步消息
2025-12-05 18:50:21.0606  当前没有其他玩家在线，无需广播状态同步消息
2025-12-05 18:50:21.1683  当前没有其他玩家在线，无需广播状态同步消息
2025-12-05 18:50:21.2570  当前没有其他玩家在线，无需广播状态同步消息
2025-12-05 18:50:21.3598  当前没有其他玩家在线，无需广播状态同步消息
2025-12-05 18:50:21.4604  当前没有其他玩家在线，无需广播状态同步消息
2025-12-05 18:50:21.5616  当前没有其他玩家在线，无需广播状态同步消息
2025-12-05 18:50:21.6694  当前没有其他玩家在线，无需广播状态同步消息
2025-12-05 18:50:21.7658  当前没有其他玩家在线，无需广播状态同步消息
2025-12-05 18:50:21.8632  当前没有其他玩家在线，无需广播状态同步消息
2025-12-05 18:50:21.9625  当前没有其他玩家在线，无需广播状态同步消息
2025-12-05 18:50:22.0649  当前没有其他玩家在线，无需广播状态同步消息
2025-12-05 18:50:22.1631  当前没有其他玩家在线，无需广播状态同步消息
2025-12-05 18:50:22.2599  当前没有其他玩家在线，无需广播状态同步消息
2025-12-05 18:50:22.3651  当前没有其他玩家在线，无需广播状态同步消息
2025-12-05 18:50:22.4941  当前没有其他玩家在线，无需广播状态同步消息
2025-12-05 18:50:22.5728  当前没有其他玩家在线，无需广播状态同步消息
2025-12-05 18:50:22.6716  当前没有其他玩家在线，无需广播状态同步消息
2025-12-05 18:50:22.7678  当前没有其他玩家在线，无需广播状态同步消息
2025-12-05 18:50:22.8573  当前没有其他玩家在线，无需广播状态同步消息
2025-12-05 18:50:22.9605  当前没有其他玩家在线，无需广播状态同步消息
2025-12-05 18:50:23.0599  当前没有其他玩家在线，无需广播状态同步消息
2025-12-05 18:50:23.1635  当前没有其他玩家在线，无需广播状态同步消息
2025-12-05 18:50:23.2607  当前没有其他玩家在线，无需广播状态同步消息
2025-12-05 18:50:23.3627  当前没有其他玩家在线，无需广播状态同步消息
2025-12-05 18:50:23.4636  当前没有其他玩家在线，无需广播状态同步消息
2025-12-05 18:50:23.5633  当前没有其他玩家在线，无需广播状态同步消息
2025-12-05 18:50:23.6682  当前没有其他玩家在线，无需广播状态同步消息
2025-12-05 18:50:23.7575  当前没有其他玩家在线，无需广播状态同步消息
2025-12-05 18:50:23.8657  当前没有其他玩家在线，无需广播状态同步消息
2025-12-05 18:50:23.9660  当前没有其他玩家在线，无需广播状态同步消息
2025-12-05 18:50:24.0605  当前没有其他玩家在线，无需广播状态同步消息
2025-12-05 18:50:24.1613  当前没有其他玩家在线，无需广播状态同步消息
2025-12-05 18:50:24.2615  当前没有其他玩家在线，无需广播状态同步消息
2025-12-05 18:50:24.6616  当前没有其他玩家在线，无需广播状态同步消息
2025-12-05 18:50:24.7681  当前没有其他玩家在线，无需广播状态同步消息
2025-12-05 18:50:31.6615  当前没有其他玩家在线，无需广播状态同步消息
2025-12-05 18:50:31.7571  当前没有其他玩家在线，无需广播状态同步消息
2025-12-05 18:50:31.8712  当前没有其他玩家在线，无需广播状态同步消息
2025-12-05 18:50:31.9612  当前没有其他玩家在线，无需广播状态同步消息
2025-12-05 18:50:32.0716  当前没有其他玩家在线，无需广播状态同步消息
2025-12-05 18:50:32.1728  当前没有其他玩家在线，无需广播状态同步消息
2025-12-05 18:50:32.2582  当前没有其他玩家在线，无需广播状态同步消息
2025-12-05 18:50:32.3620  当前没有其他玩家在线，无需广播状态同步消息
2025-12-05 18:50:32.4655  当前没有其他玩家在线，无需广播状态同步消息
2025-12-05 18:50:32.5609  当前没有其他玩家在线，无需广播状态同步消息
2025-12-05 18:50:32.6637  当前没有其他玩家在线，无需广播状态同步消息
2025-12-05 18:50:32.7597  当前没有其他玩家在线，无需广播状态同步消息
2025-12-05 18:50:32.8642  当前没有其他玩家在线，无需广播状态同步消息
2025-12-05 18:50:33.2691  当前没有其他玩家在线，无需广播状态同步消息
2025-12-05 18:50:33.3686  当前没有其他玩家在线，无需广播状态同步消息
2025-12-05 18:50:33.4630  当前没有其他玩家在线，无需广播状态同步消息
2025-12-05 18:50:33.5688  当前没有其他玩家在线，无需广播状态同步消息
2025-12-05 18:50:33.6587  当前没有其他玩家在线，无需广播状态同步消息
2025-12-05 18:50:35.8646  当前没有其他玩家在线，无需广播状态同步消息
2025-12-05 18:50:35.9641  当前没有其他玩家在线，无需广播状态同步消息
2025-12-05 18:50:36.0585  当前没有其他玩家在线，无需广播状态同步消息
2025-12-05 18:50:36.1657  当前没有其他玩家在线，无需广播状态同步消息
2025-12-05 18:50:36.2625  当前没有其他玩家在线，无需广播状态同步消息
2025-12-05 18:50:36.3597  当前没有其他玩家在线，无需广播状态同步消息
2025-12-05 18:50:36.6582  当前没有其他玩家在线，无需广播状态同步消息
2025-12-05 18:50:36.7604  当前没有其他玩家在线，无需广播状态同步消息
2025-12-05 18:50:36.8585  当前没有其他玩家在线，无需广播状态同步消息
2025-12-05 18:50:36.9593  当前没有其他玩家在线，无需广播状态同步消息
2025-12-05 18:50:37.0686  当前没有其他玩家在线，无需广播状态同步消息
2025-12-05 18:50:37.1614  当前没有其他玩家在线，无需广播状态同步消息
2025-12-05 18:50:37.2613  当前没有其他玩家在线，无需广播状态同步消息
2025-12-05 18:50:37.3648  当前没有其他玩家在线，无需广播状态同步消息
2025-12-05 18:50:37.4641  当前没有其他玩家在线，无需广播状态同步消息
2025-12-05 18:50:37.5627  当前没有其他玩家在线，无需广播状态同步消息
2025-12-05 18:50:37.6682  当前没有其他玩家在线，无需广播状态同步消息
2025-12-05 18:50:37.7629  当前没有其他玩家在线，无需广播状态同步消息
2025-12-05 18:50:37.8619  当前没有其他玩家在线，无需广播状态同步消息
2025-12-05 18:50:37.9681  当前没有其他玩家在线，无需广播状态同步消息
2025-12-05 18:50:38.0636  当前没有其他玩家在线，无需广播状态同步消息
2025-12-05 18:50:38.1677  当前没有其他玩家在线，无需广播状态同步消息
2025-12-05 18:50:38.2585  当前没有其他玩家在线，无需广播状态同步消息
2025-12-05 18:50:38.3622  当前没有其他玩家在线，无需广播状态同步消息
2025-12-05 18:50:38.4715  当前没有其他玩家在线，无需广播状态同步消息
2025-12-05 18:50:38.5603  当前没有其他玩家在线，无需广播状态同步消息
2025-12-05 18:50:38.6659  当前没有其他玩家在线，无需广播状态同步消息
2025-12-05 18:50:38.7611  当前没有其他玩家在线，无需广播状态同步消息
2025-12-05 18:50:38.8612  当前没有其他玩家在线，无需广播状态同步消息
2025-12-05 18:50:38.9616  当前没有其他玩家在线，无需广播状态同步消息
2025-12-05 18:50:39.0644  当前没有其他玩家在线，无需广播状态同步消息
2025-12-05 18:50:39.1718  当前没有其他玩家在线，无需广播状态同步消息
2025-12-05 18:50:41.4632  当前没有其他玩家在线，无需广播状态同步消息
2025-12-05 18:50:41.5598  当前没有其他玩家在线，无需广播状态同步消息
2025-12-05 18:50:41.6670  当前没有其他玩家在线，无需广播状态同步消息
2025-12-05 18:50:41.7702  当前没有其他玩家在线，无需广播状态同步消息
2025-12-05 18:50:41.8600  当前没有其他玩家在线，无需广播状态同步消息
2025-12-05 18:50:41.9664  当前没有其他玩家在线，无需广播状态同步消息
2025-12-05 18:50:42.0601  当前没有其他玩家在线，无需广播状态同步消息
2025-12-05 18:50:42.1593  当前没有其他玩家在线，无需广播状态同步消息
2025-12-05 18:50:42.2582  当前没有其他玩家在线，无需广播状态同步消息
2025-12-05 18:50:42.3573  当前没有其他玩家在线，无需广播状态同步消息
2025-12-05 18:50:42.4602  当前没有其他玩家在线，无需广播状态同步消息
2025-12-05 18:50:42.5600  当前没有其他玩家在线，无需广播状态同步消息
2025-12-05 18:50:42.6632  当前没有其他玩家在线，无需广播状态同步消息
2025-12-05 18:50:42.7633  当前没有其他玩家在线，无需广播状态同步消息
2025-12-05 18:50:43.0687  当前没有其他玩家在线，无需广播状态同步消息
2025-12-05 18:50:43.1578  当前没有其他玩家在线，无需广播状态同步消息
2025-12-05 18:50:43.2662  当前没有其他玩家在线，无需广播状态同步消息
2025-12-05 18:50:43.3618  当前没有其他玩家在线，无需广播状态同步消息
2025-12-05 18:50:43.4617  当前没有其他玩家在线，无需广播状态同步消息
2025-12-05 18:50:43.5599  当前没有其他玩家在线，无需广播状态同步消息
2025-12-05 18:50:43.6652  当前没有其他玩家在线，无需广播状态同步消息
2025-12-05 18:50:43.7631  当前没有其他玩家在线，无需广播状态同步消息
2025-12-05 18:50:43.8616  当前没有其他玩家在线，无需广播状态同步消息
2025-12-05 18:50:43.9570  当前没有其他玩家在线，无需广播状态同步消息
2025-12-05 18:50:45.4687  当前没有其他玩家在线，无需广播状态同步消息
2025-12-05 18:50:45.5665  当前没有其他玩家在线，无需广播状态同步消息
2025-12-05 18:50:45.6686  当前没有其他玩家在线，无需广播状态同步消息
2025-12-05 18:50:45.7669  当前没有其他玩家在线，无需广播状态同步消息
2025-12-05 18:50:45.8593  当前没有其他玩家在线，无需广播状态同步消息
2025-12-05 18:50:45.9615  当前没有其他玩家在线，无需广播状态同步消息
2025-12-05 18:50:46.0661  当前没有其他玩家在线，无需广播状态同步消息
2025-12-05 18:50:46.1597  当前没有其他玩家在线，无需广播状态同步消息
2025-12-05 18:50:46.2623  当前没有其他玩家在线，无需广播状态同步消息
2025-12-05 18:50:46.3584  当前没有其他玩家在线，无需广播状态同步消息
2025-12-05 18:50:46.4595  当前没有其他玩家在线，无需广播状态同步消息
2025-12-05 18:50:46.5631  当前没有其他玩家在线，无需广播状态同步消息
2025-12-05 18:50:46.6625  当前没有其他玩家在线，无需广播状态同步消息
2025-12-05 18:50:46.9685  当前没有其他玩家在线，无需广播状态同步消息
2025-12-05 18:50:47.0623  当前没有其他玩家在线，无需广播状态同步消息
2025-12-05 18:50:47.1678  当前没有其他玩家在线，无需广播状态同步消息
2025-12-05 18:50:47.2625  当前没有其他玩家在线，无需广播状态同步消息
2025-12-05 18:50:47.3615  当前没有其他玩家在线，无需广播状态同步消息
2025-12-05 18:50:47.4629  当前没有其他玩家在线，无需广播状态同步消息
2025-12-05 18:50:47.5630  当前没有其他玩家在线，无需广播状态同步消息
2025-12-05 18:50:47.6583  当前没有其他玩家在线，无需广播状态同步消息
2025-12-05 18:50:47.7591  当前没有其他玩家在线，无需广播状态同步消息
2025-12-05 18:50:47.8628  当前没有其他玩家在线，无需广播状态同步消息
2025-12-05 18:50:47.9660  当前没有其他玩家在线，无需广播状态同步消息
2025-12-05 18:50:48.0664  当前没有其他玩家在线，无需广播状态同步消息
2025-12-05 18:50:48.1623  当前没有其他玩家在线，无需广播状态同步消息
2025-12-05 18:50:48.2588  当前没有其他玩家在线，无需广播状态同步消息
2025-12-05 18:50:48.3630  当前没有其他玩家在线，无需广播状态同步消息
2025-12-05 18:50:51.6615  当前没有其他玩家在线，无需广播状态同步消息
2025-12-05 18:50:51.7637  当前没有其他玩家在线，无需广播状态同步消息
2025-12-05 18:50:51.8655  当前没有其他玩家在线，无需广播状态同步消息
2025-12-05 18:50:51.9601  当前没有其他玩家在线，无需广播状态同步消息
2025-12-05 18:50:52.3661  当前没有其他玩家在线，无需广播状态同步消息
2025-12-05 18:50:52.4616  当前没有其他玩家在线，无需广播状态同步消息
2025-12-05 18:50:52.5579  当前没有其他玩家在线，无需广播状态同步消息
2025-12-05 18:50:52.8645  当前没有其他玩家在线，无需广播状态同步消息
2025-12-05 18:50:52.9611  当前没有其他玩家在线，无需广播状态同步消息
2025-12-05 18:50:53.0597  当前没有其他玩家在线，无需广播状态同步消息
2025-12-05 18:50:53.1614  当前没有其他玩家在线，无需广播状态同步消息
2025-12-05 18:50:53.2603  当前没有其他玩家在线，无需广播状态同步消息
2025-12-05 18:50:53.4598  当前没有其他玩家在线，无需广播状态同步消息
2025-12-05 18:50:53.5689  当前没有其他玩家在线，无需广播状态同步消息
2025-12-05 18:50:53.6614  当前没有其他玩家在线，无需广播状态同步消息
2025-12-05 18:50:53.7623  当前没有其他玩家在线，无需广播状态同步消息
2025-12-05 18:50:53.8686  当前没有其他玩家在线，无需广播状态同步消息
2025-12-05 18:50:53.9625  当前没有其他玩家在线，无需广播状态同步消息
2025-12-05 18:50:54.1665  当前没有其他玩家在线，无需广播状态同步消息
2025-12-05 18:50:54.2648  当前没有其他玩家在线，无需广播状态同步消息
2025-12-05 18:50:54.6592  当前没有其他玩家在线，无需广播状态同步消息
2025-12-05 18:50:54.7600  当前没有其他玩家在线，无需广播状态同步消息
2025-12-05 18:50:54.8663  当前没有其他玩家在线，无需广播状态同步消息
2025-12-05 18:50:54.9612  当前没有其他玩家在线，无需广播状态同步消息
2025-12-05 18:50:55.0579  当前没有其他玩家在线，无需广播状态同步消息
2025-12-05 18:50:55.1640  当前没有其他玩家在线，无需广播状态同步消息
2025-12-05 18:50:55.2569  当前没有其他玩家在线，无需广播状态同步消息
2025-12-05 18:50:55.3625  当前没有其他玩家在线，无需广播状态同步消息
2025-12-05 18:50:55.4708  当前没有其他玩家在线，无需广播状态同步消息
2025-12-05 18:50:55.5669  当前没有其他玩家在线，无需广播状态同步消息
2025-12-05 18:50:55.6635  当前没有其他玩家在线，无需广播状态同步消息
2025-12-05 18:50:55.7587  当前没有其他玩家在线，无需广播状态同步消息
2025-12-05 18:50:55.8568  当前没有其他玩家在线，无需广播状态同步消息
2025-12-05 18:50:55.9690  当前没有其他玩家在线，无需广播状态同步消息
2025-12-05 18:50:56.0631  当前没有其他玩家在线，无需广播状态同步消息
2025-12-05 18:50:56.1688  当前没有其他玩家在线，无需广播状态同步消息
2025-12-05 18:50:56.2587  当前没有其他玩家在线，无需广播状态同步消息
2025-12-05 18:50:56.3572  当前没有其他玩家在线，无需广播状态同步消息
2025-12-05 18:50:56.4617  当前没有其他玩家在线，无需广播状态同步消息
2025-12-05 18:50:56.5582  当前没有其他玩家在线，无需广播状态同步消息
2025-12-05 18:50:56.6701  当前没有其他玩家在线，无需广播状态同步消息
2025-12-05 18:50:56.7616  当前没有其他玩家在线，无需广播状态同步消息
2025-12-05 18:50:57.1588  当前没有其他玩家在线，无需广播状态同步消息
2025-12-05 18:50:57.2696  当前没有其他玩家在线，无需广播状态同步消息
2025-12-05 18:50:57.4727  当前没有其他玩家在线，无需广播状态同步消息
2025-12-05 18:50:57.5666  当前没有其他玩家在线，无需广播状态同步消息
2025-12-05 18:50:57.6600  当前没有其他玩家在线，无需广播状态同步消息
2025-12-05 18:50:57.7592  当前没有其他玩家在线，无需广播状态同步消息
2025-12-05 18:50:57.8594  当前没有其他玩家在线，无需广播状态同步消息
2025-12-05 18:50:57.9601  当前没有其他玩家在线，无需广播状态同步消息
2025-12-05 18:50:58.0596  当前没有其他玩家在线，无需广播状态同步消息
2025-12-05 18:50:58.1615  当前没有其他玩家在线，无需广播状态同步消息
2025-12-05 18:50:58.2665  当前没有其他玩家在线，无需广播状态同步消息
2025-12-05 18:50:58.3612  当前没有其他玩家在线，无需广播状态同步消息
2025-12-05 18:50:58.4615  当前没有其他玩家在线，无需广播状态同步消息
2025-12-05 18:50:58.5587  当前没有其他玩家在线，无需广播状态同步消息
2025-12-05 18:50:58.6648  当前没有其他玩家在线，无需广播状态同步消息
2025-12-05 18:50:58.7684  当前没有其他玩家在线，无需广播状态同步消息
2025-12-05 18:50:58.8616  当前没有其他玩家在线，无需广播状态同步消息
2025-12-05 18:50:58.9574  当前没有其他玩家在线，无需广播状态同步消息
2025-12-05 18:50:59.0577  当前没有其他玩家在线，无需广播状态同步消息
2025-12-05 18:50:59.1574  当前没有其他玩家在线，无需广播状态同步消息
2025-12-05 18:50:59.2590  当前没有其他玩家在线，无需广播状态同步消息
2025-12-05 18:50:59.3571  当前没有其他玩家在线，无需广播状态同步消息
2025-12-05 18:50:59.4616  当前没有其他玩家在线，无需广播状态同步消息
2025-12-05 18:50:59.5636  当前没有其他玩家在线，无需广播状态同步消息
2025-12-05 18:50:59.6663  当前没有其他玩家在线，无需广播状态同步消息
2025-12-05 18:50:59.7667  当前没有其他玩家在线，无需广播状态同步消息
2025-12-05 18:50:59.8599  当前没有其他玩家在线，无需广播状态同步消息
2025-12-05 18:50:59.9689  当前没有其他玩家在线，无需广播状态同步消息
2025-12-05 18:51:00.0610  当前没有其他玩家在线，无需广播状态同步消息
2025-12-05 18:51:00.1579  当前没有其他玩家在线，无需广播状态同步消息
2025-12-05 18:51:00.2611  当前没有其他玩家在线，无需广播状态同步消息
2025-12-05 18:51:00.3657  当前没有其他玩家在线，无需广播状态同步消息
2025-12-05 18:51:00.4612  当前没有其他玩家在线，无需广播状态同步消息
2025-12-05 18:51:00.5586  当前没有其他玩家在线，无需广播状态同步消息
2025-12-05 18:51:00.6635  当前没有其他玩家在线，无需广播状态同步消息
2025-12-05 18:51:00.7615  当前没有其他玩家在线，无需广播状态同步消息
2025-12-05 18:51:00.8606  当前没有其他玩家在线，无需广播状态同步消息
2025-12-05 18:51:08.6678  当前没有其他玩家在线，无需广播状态同步消息
2025-12-05 18:51:08.7750  当前没有其他玩家在线，无需广播状态同步消息
2025-12-05 18:51:08.8689  当前没有其他玩家在线，无需广播状态同步消息
2025-12-05 18:51:08.9616  当前没有其他玩家在线，无需广播状态同步消息
2025-12-05 18:51:09.0715  当前没有其他玩家在线，无需广播状态同步消息
2025-12-05 18:51:09.1798  当前没有其他玩家在线，无需广播状态同步消息
2025-12-05 18:51:09.2743  当前没有其他玩家在线，无需广播状态同步消息
2025-12-05 18:51:09.3652  当前没有其他玩家在线，无需广播状态同步消息
2025-12-05 18:51:09.4747  当前没有其他玩家在线，无需广播状态同步消息
2025-12-05 18:51:09.5818  当前没有其他玩家在线，无需广播状态同步消息
2025-12-05 18:51:09.6747  当前没有其他玩家在线，无需广播状态同步消息
2025-12-05 18:51:09.7661  当前没有其他玩家在线，无需广播状态同步消息
2025-12-05 18:51:09.8580  当前没有其他玩家在线，无需广播状态同步消息
2025-12-05 18:51:09.9672  当前没有其他玩家在线，无需广播状态同步消息
2025-12-05 18:51:10.0756  当前没有其他玩家在线，无需广播状态同步消息
2025-12-05 18:51:10.1696  当前没有其他玩家在线，无需广播状态同步消息
2025-12-05 18:51:10.2632  当前没有其他玩家在线，无需广播状态同步消息
2025-12-05 18:51:10.3731  当前没有其他玩家在线，无需广播状态同步消息
2025-12-05 18:51:10.4816  当前没有其他玩家在线，无需广播状态同步消息
2025-12-05 18:51:10.5749  当前没有其他玩家在线，无需广播状态同步消息
2025-12-05 18:51:10.6672  当前没有其他玩家在线，无需广播状态同步消息
2025-12-05 18:51:10.7611  当前没有其他玩家在线，无需广播状态同步消息
2025-12-05 18:51:10.8693  当前没有其他玩家在线，无需广播状态同步消息
2025-12-05 18:51:10.9779  当前没有其他玩家在线，无需广播状态同步消息
2025-12-05 18:51:11.0707  当前没有其他玩家在线，无需广播状态同步消息
2025-12-05 18:51:11.1660  当前没有其他玩家在线，无需广播状态同步消息
2025-12-05 18:51:11.2774  当前没有其他玩家在线，无需广播状态同步消息
2025-12-05 18:51:11.3708  当前没有其他玩家在线，无需广播状态同步消息
2025-12-05 18:51:11.4640  当前没有其他玩家在线，无需广播状态同步消息
2025-12-05 18:51:11.5727  当前没有其他玩家在线，无需广播状态同步消息
2025-12-05 18:51:11.6654  当前没有其他玩家在线，无需广播状态同步消息
2025-12-05 18:51:11.7738  当前没有其他玩家在线，无需广播状态同步消息
2025-12-05 18:51:11.8686  当前没有其他玩家在线，无需广播状态同步消息
2025-12-05 18:51:11.9774  当前没有其他玩家在线，无需广播状态同步消息
2025-12-05 18:51:12.0691  当前没有其他玩家在线，无需广播状态同步消息
2025-12-05 18:51:12.1623  当前没有其他玩家在线，无需广播状态同步消息
2025-12-05 18:51:12.2728  当前没有其他玩家在线，无需广播状态同步消息
2025-12-05 18:51:12.3662  当前没有其他玩家在线，无需广播状态同步消息
2025-12-05 18:51:12.4745  当前没有其他玩家在线，无需广播状态同步消息
2025-12-05 18:51:12.5663  当前没有其他玩家在线，无需广播状态同步消息
2025-12-05 18:51:12.6746  当前没有其他玩家在线，无需广播状态同步消息
2025-12-05 18:51:12.7698  当前没有其他玩家在线，无需广播状态同步消息
2025-12-05 18:51:12.8620  当前没有其他玩家在线，无需广播状态同步消息
2025-12-05 18:51:12.9727  当前没有其他玩家在线，无需广播状态同步消息
2025-12-05 18:51:13.0655  当前没有其他玩家在线，无需广播状态同步消息
2025-12-05 18:51:13.1600  当前没有其他玩家在线，无需广播状态同步消息
2025-12-05 18:51:13.2682  当前没有其他玩家在线，无需广播状态同步消息
2025-12-05 18:51:13.3619  当前没有其他玩家在线，无需广播状态同步消息
2025-12-05 18:51:13.4698  当前没有其他玩家在线，无需广播状态同步消息
2025-12-05 18:51:13.5629  当前没有其他玩家在线，无需广播状态同步消息
2025-12-05 18:51:13.6713  当前没有其他玩家在线，无需广播状态同步消息
2025-12-05 18:51:13.7650  当前没有其他玩家在线，无需广播状态同步消息
2025-12-05 18:51:13.8714  当前没有其他玩家在线，无需广播状态同步消息
2025-12-05 18:51:13.9651  当前没有其他玩家在线，无需广播状态同步消息
2025-12-05 18:51:14.0736  当前没有其他玩家在线，无需广播状态同步消息
2025-12-05 18:51:14.1680  当前没有其他玩家在线，无需广播状态同步消息
2025-12-05 18:51:14.2788  当前没有其他玩家在线，无需广播状态同步消息
2025-12-05 18:51:14.3716  当前没有其他玩家在线，无需广播状态同步消息
2025-12-05 18:51:14.4647  当前没有其他玩家在线，无需广播状态同步消息
2025-12-05 18:51:14.5732  当前没有其他玩家在线，无需广播状态同步消息
2025-12-05 18:51:14.6676  当前没有其他玩家在线，无需广播状态同步消息
2025-12-05 18:51:14.7749  当前没有其他玩家在线，无需广播状态同步消息
2025-12-05 18:51:14.8829  当前没有其他玩家在线，无需广播状态同步消息
2025-12-05 18:51:14.9762  当前没有其他玩家在线，无需广播状态同步消息
2025-12-05 18:51:15.0702  当前没有其他玩家在线，无需广播状态同步消息
2025-12-05 18:51:15.1773  当前没有其他玩家在线，无需广播状态同步消息
2025-12-05 18:51:15.2687  当前没有其他玩家在线，无需广播状态同步消息
2025-12-05 18:51:15.3755  当前没有其他玩家在线，无需广播状态同步消息
2025-12-05 18:51:15.4680  当前没有其他玩家在线，无需广播状态同步消息
2025-12-05 18:51:15.5766  当前没有其他玩家在线，无需广播状态同步消息
2025-12-05 18:51:15.6701  当前没有其他玩家在线，无需广播状态同步消息
2025-12-05 18:51:15.7647  当前没有其他玩家在线，无需广播状态同步消息
2025-12-05 18:51:15.8740  当前没有其他玩家在线，无需广播状态同步消息
2025-12-05 18:51:15.9816  当前没有其他玩家在线，无需广播状态同步消息
2025-12-05 18:51:16.0604  当前没有其他玩家在线，无需广播状态同步消息
2025-12-05 18:51:16.1697  当前没有其他玩家在线，无需广播状态同步消息
2025-12-05 18:51:16.2617  当前没有其他玩家在线，无需广播状态同步消息
2025-12-05 18:51:16.3700  当前没有其他玩家在线，无需广播状态同步消息
2025-12-05 18:51:16.4620  当前没有其他玩家在线，无需广播状态同步消息
2025-12-05 18:51:16.5707  当前没有其他玩家在线，无需广播状态同步消息
2025-12-05 18:51:16.6813  当前没有其他玩家在线，无需广播状态同步消息
2025-12-05 18:51:16.7742  当前没有其他玩家在线，无需广播状态同步消息
2025-12-05 18:51:16.8696  当前没有其他玩家在线，无需广播状态同步消息
2025-12-05 18:51:16.9788  当前没有其他玩家在线，无需广播状态同步消息
2025-12-05 18:51:17.0706  当前没有其他玩家在线，无需广播状态同步消息
2025-12-05 18:51:17.1644  当前没有其他玩家在线，无需广播状态同步消息
2025-12-05 18:51:17.2718  当前没有其他玩家在线，无需广播状态同步消息
2025-12-05 18:51:17.3656  当前没有其他玩家在线，无需广播状态同步消息
2025-12-05 18:51:17.4753  当前没有其他玩家在线，无需广播状态同步消息
2025-12-05 18:51:17.5672  当前没有其他玩家在线，无需广播状态同步消息
2025-12-05 18:51:17.6750  当前没有其他玩家在线，无需广播状态同步消息
2025-12-05 18:51:17.7665  当前没有其他玩家在线，无需广播状态同步消息
2025-12-05 18:51:17.8749  当前没有其他玩家在线，无需广播状态同步消息
2025-12-05 18:51:27.4290  当前服务器上没有其他玩家在线，无需广播下线消息
2025-12-05 18:51:27.4290  账号ID:482736422909116417 数据已保存到数据库
2025-12-05 18:51:27.4290  玩家ID:482736422909116417 下线成功 , 下线位置:x:-3.282013, y:0, z:-5.856789
2025-12-05 18:51:46.2139  玩家上次上线位置：x:-3.282013, y:0, z:-5.856789
2025-12-05 18:51:46.2139  当前没有其他玩家在线，无需广播
2025-12-05 18:51:48.0567  当前没有其他玩家在线，无需广播状态同步消息
2025-12-05 18:51:48.1475  当前没有其他玩家在线，无需广播状态同步消息
2025-12-05 18:51:48.2405  当前没有其他玩家在线，无需广播状态同步消息
2025-12-05 18:51:48.3497  当前没有其他玩家在线，无需广播状态同步消息
2025-12-05 18:51:48.4442  当前没有其他玩家在线，无需广播状态同步消息
2025-12-05 18:51:48.5531  当前没有其他玩家在线，无需广播状态同步消息
2025-12-05 18:51:48.6463  当前没有其他玩家在线，无需广播状态同步消息
2025-12-05 18:51:48.7556  当前没有其他玩家在线，无需广播状态同步消息
2025-12-05 18:51:48.8468  当前没有其他玩家在线，无需广播状态同步消息
2025-12-05 18:51:48.9558  当前没有其他玩家在线，无需广播状态同步消息
2025-12-05 18:51:49.0497  当前没有其他玩家在线，无需广播状态同步消息
2025-12-05 18:51:49.1582  当前没有其他玩家在线，无需广播状态同步消息
2025-12-05 18:51:49.2503  当前没有其他玩家在线，无需广播状态同步消息
2025-12-05 18:51:49.3439  当前没有其他玩家在线，无需广播状态同步消息
2025-12-05 18:51:49.4542  当前没有其他玩家在线，无需广播状态同步消息
2025-12-05 18:51:49.5487  当前没有其他玩家在线，无需广播状态同步消息
2025-12-05 18:51:49.6564  当前没有其他玩家在线，无需广播状态同步消息
2025-12-05 18:51:49.7483  当前没有其他玩家在线，无需广播状态同步消息
2025-12-05 18:51:49.8562  当前没有其他玩家在线，无需广播状态同步消息
2025-12-05 18:51:49.9506  当前没有其他玩家在线，无需广播状态同步消息
2025-12-05 18:51:50.0437  当前没有其他玩家在线，无需广播状态同步消息
2025-12-05 18:51:50.1538  当前没有其他玩家在线，无需广播状态同步消息
2025-12-05 18:51:50.3403  当前没有其他玩家在线，无需广播状态同步消息
2025-12-05 18:51:50.4503  当前没有其他玩家在线，无需广播状态同步消息
2025-12-05 18:51:50.5580  当前没有其他玩家在线，无需广播状态同步消息
2025-12-05 18:51:50.6499  当前没有其他玩家在线，无需广播状态同步消息
2025-12-05 18:51:50.7439  当前没有其他玩家在线，无需广播状态同步消息
2025-12-05 18:51:50.8531  当前没有其他玩家在线，无需广播状态同步消息
2025-12-05 18:51:50.9611  当前没有其他玩家在线，无需广播状态同步消息
2025-12-05 18:51:51.0532  当前没有其他玩家在线，无需广播状态同步消息
2025-12-05 18:51:51.1460  当前没有其他玩家在线，无需广播状态同步消息
2025-12-05 18:51:51.2555  当前没有其他玩家在线，无需广播状态同步消息
2025-12-05 18:51:51.3482  当前没有其他玩家在线，无需广播状态同步消息
2025-12-05 18:51:51.4416  当前没有其他玩家在线，无需广播状态同步消息
2025-12-05 18:51:51.5519  当前没有其他玩家在线，无需广播状态同步消息
2025-12-05 18:51:51.6590  当前没有其他玩家在线，无需广播状态同步消息
2025-12-05 18:51:51.7517  当前没有其他玩家在线，无需广播状态同步消息
2025-12-05 18:51:51.8463  当前没有其他玩家在线，无需广播状态同步消息
2025-12-05 18:51:51.9534  当前没有其他玩家在线，无需广播状态同步消息
2025-12-05 18:51:52.0461  当前没有其他玩家在线，无需广播状态同步消息
2025-12-05 18:51:52.1549  当前没有其他玩家在线，无需广播状态同步消息
2025-12-05 18:51:52.2482  当前没有其他玩家在线，无需广播状态同步消息
2025-12-05 18:51:52.3562  当前没有其他玩家在线，无需广播状态同步消息
2025-12-05 18:51:52.4492  当前没有其他玩家在线，无需广播状态同步消息
2025-12-05 18:51:52.5581  当前没有其他玩家在线，无需广播状态同步消息
2025-12-05 18:51:52.6511  当前没有其他玩家在线，无需广播状态同步消息
2025-12-05 18:51:52.7446  当前没有其他玩家在线，无需广播状态同步消息
2025-12-05 18:51:52.8846  当前没有其他玩家在线，无需广播状态同步消息
2025-12-05 18:51:52.9458  当前没有其他玩家在线，无需广播状态同步消息
2025-12-05 18:51:53.0401  当前没有其他玩家在线，无需广播状态同步消息
2025-12-05 18:51:53.1499  当前没有其他玩家在线，无需广播状态同步消息
2025-12-05 18:51:53.2564  当前没有其他玩家在线，无需广播状态同步消息
2025-12-05 18:51:53.3504  当前没有其他玩家在线，无需广播状态同步消息
2025-12-05 18:51:53.4454  当前没有其他玩家在线，无需广播状态同步消息
2025-12-05 18:51:53.5532  当前没有其他玩家在线，无需广播状态同步消息
2025-12-05 18:51:53.6466  当前没有其他玩家在线，无需广播状态同步消息
2025-12-05 18:51:53.7400  当前没有其他玩家在线，无需广播状态同步消息
2025-12-05 18:51:53.8471  当前没有其他玩家在线，无需广播状态同步消息
2025-12-05 18:51:53.9529  当前没有其他玩家在线，无需广播状态同步消息
2025-12-05 18:51:54.0443  当前没有其他玩家在线，无需广播状态同步消息
2025-12-05 18:51:54.1513  当前没有其他玩家在线，无需广播状态同步消息
2025-12-05 18:51:54.2449  当前没有其他玩家在线，无需广播状态同步消息
2025-12-05 18:51:54.3558  当前没有其他玩家在线，无需广播状态同步消息
2025-12-05 18:51:54.4492  当前没有其他玩家在线，无需广播状态同步消息
2025-12-05 18:51:54.5438  当前没有其他玩家在线，无需广播状态同步消息
2025-12-05 18:51:54.6526  当前没有其他玩家在线，无需广播状态同步消息
2025-12-05 18:51:54.7620  当前没有其他玩家在线，无需广播状态同步消息
2025-12-05 18:51:54.8567  当前没有其他玩家在线，无需广播状态同步消息
2025-12-05 18:51:54.9498  当前没有其他玩家在线，无需广播状态同步消息
2025-12-05 18:51:55.0426  当前没有其他玩家在线，无需广播状态同步消息
2025-12-05 18:51:55.1523  当前没有其他玩家在线，无需广播状态同步消息
2025-12-05 18:51:55.2461  当前没有其他玩家在线，无需广播状态同步消息
2025-12-05 18:51:55.3542  当前没有其他玩家在线，无需广播状态同步消息
2025-12-05 18:51:55.4460  当前没有其他玩家在线，无需广播状态同步消息
2025-12-05 18:51:55.5536  当前没有其他玩家在线，无需广播状态同步消息
2025-12-05 18:51:55.6480  当前没有其他玩家在线，无需广播状态同步消息
2025-12-05 18:51:55.7585  当前没有其他玩家在线，无需广播状态同步消息
2025-12-05 18:51:55.8513  当前没有其他玩家在线，无需广播状态同步消息
2025-12-05 18:51:55.9603  当前没有其他玩家在线，无需广播状态同步消息
2025-12-05 18:51:56.0532  当前没有其他玩家在线，无需广播状态同步消息
2025-12-05 18:51:56.1599  当前没有其他玩家在线，无需广播状态同步消息
2025-12-05 18:51:56.2542  当前没有其他玩家在线，无需广播状态同步消息
2025-12-05 18:51:56.3610  当前没有其他玩家在线，无需广播状态同步消息
2025-12-05 18:51:56.4536  当前没有其他玩家在线，无需广播状态同步消息
2025-12-05 18:51:56.5619  当前没有其他玩家在线，无需广播状态同步消息
2025-12-05 18:51:56.6552  当前没有其他玩家在线，无需广播状态同步消息
2025-12-05 18:51:56.7486  当前没有其他玩家在线，无需广播状态同步消息
2025-12-05 18:51:56.8564  当前没有其他玩家在线，无需广播状态同步消息
2025-12-05 18:51:56.9649  当前没有其他玩家在线，无需广播状态同步消息
2025-12-05 18:51:57.0575  当前没有其他玩家在线，无需广播状态同步消息
2025-12-05 18:51:57.1504  当前没有其他玩家在线，无需广播状态同步消息
2025-12-05 18:51:57.2439  当前没有其他玩家在线，无需广播状态同步消息
2025-12-05 18:51:57.3686  当前没有其他玩家在线，无需广播状态同步消息
2025-12-05 18:51:57.4474  当前没有其他玩家在线，无需广播状态同步消息
2025-12-05 18:51:57.5560  当前没有其他玩家在线，无需广播状态同步消息
2025-12-05 18:51:57.6493  当前没有其他玩家在线，无需广播状态同步消息
2025-12-05 18:51:57.7412  当前没有其他玩家在线，无需广播状态同步消息
2025-12-05 18:51:57.8521  当前没有其他玩家在线，无需广播状态同步消息
2025-12-05 18:51:57.9443  当前没有其他玩家在线，无需广播状态同步消息
2025-12-05 18:51:58.0532  当前没有其他玩家在线，无需广播状态同步消息
2025-12-05 18:51:58.1630  当前没有其他玩家在线，无需广播状态同步消息
2025-12-05 18:51:58.2570  当前没有其他玩家在线，无需广播状态同步消息
2025-12-05 18:51:58.3494  当前没有其他玩家在线，无需广播状态同步消息
2025-12-05 18:51:58.4568  当前没有其他玩家在线，无需广播状态同步消息
2025-12-05 18:51:58.5504  当前没有其他玩家在线，无需广播状态同步消息
2025-12-05 18:51:58.6441  当前没有其他玩家在线，无需广播状态同步消息
2025-12-05 18:51:58.7522  当前没有其他玩家在线，无需广播状态同步消息
2025-12-05 18:51:58.8459  当前没有其他玩家在线，无需广播状态同步消息
2025-12-05 18:51:58.9548  当前没有其他玩家在线，无需广播状态同步消息
2025-12-05 18:51:59.0469  当前没有其他玩家在线，无需广播状态同步消息
2025-12-05 18:51:59.1553  当前没有其他玩家在线，无需广播状态同步消息
2025-12-05 18:51:59.2651  当前没有其他玩家在线，无需广播状态同步消息
2025-12-05 18:51:59.3589  当前没有其他玩家在线，无需广播状态同步消息
2025-12-05 18:51:59.4513  当前没有其他玩家在线，无需广播状态同步消息
2025-12-05 18:51:59.5449  当前没有其他玩家在线，无需广播状态同步消息
2025-12-05 18:51:59.6382  当前没有其他玩家在线，无需广播状态同步消息
2025-12-05 18:51:59.7466  当前没有其他玩家在线，无需广播状态同步消息
2025-12-05 18:51:59.8558  当前没有其他玩家在线，无需广播状态同步消息
2025-12-05 18:51:59.9508  当前没有其他玩家在线，无需广播状态同步消息
2025-12-05 18:52:00.0595  当前没有其他玩家在线，无需广播状态同步消息
2025-12-05 18:52:00.1529  当前没有其他玩家在线，无需广播状态同步消息
2025-12-05 18:52:00.2480  当前没有其他玩家在线，无需广播状态同步消息
2025-12-05 18:52:00.3564  当前没有其他玩家在线，无需广播状态同步消息
2025-12-05 18:52:00.4513  当前没有其他玩家在线，无需广播状态同步消息
2025-12-05 18:52:00.5606  当前没有其他玩家在线，无需广播状态同步消息
2025-12-05 18:52:00.6541  当前没有其他玩家在线，无需广播状态同步消息
2025-12-05 18:52:00.7471  当前没有其他玩家在线，无需广播状态同步消息
2025-12-05 18:52:00.8551  当前没有其他玩家在线，无需广播状态同步消息
2025-12-05 18:52:00.9476  当前没有其他玩家在线，无需广播状态同步消息
2025-12-05 18:52:01.0543  当前没有其他玩家在线，无需广播状态同步消息
2025-12-05 18:52:01.1475  当前没有其他玩家在线，无需广播状态同步消息
2025-12-05 18:52:01.2414  当前没有其他玩家在线，无需广播状态同步消息
2025-12-05 18:52:01.3509  当前没有其他玩家在线，无需广播状态同步消息
2025-12-05 18:52:01.4448  当前没有其他玩家在线，无需广播状态同步消息
2025-12-05 18:52:01.5543  当前没有其他玩家在线，无需广播状态同步消息
2025-12-05 18:52:01.6462  当前没有其他玩家在线，无需广播状态同步消息
2025-12-05 18:52:01.7560  当前没有其他玩家在线，无需广播状态同步消息
2025-12-05 18:52:01.8510  当前没有其他玩家在线，无需广播状态同步消息
2025-12-05 18:52:01.9435  当前没有其他玩家在线，无需广播状态同步消息
2025-12-05 18:52:02.0507  当前没有其他玩家在线，无需广播状态同步消息
2025-12-05 18:52:02.1569  当前没有其他玩家在线，无需广播状态同步消息
2025-12-05 18:52:02.2503  当前没有其他玩家在线，无需广播状态同步消息
2025-12-05 18:52:02.3427  当前没有其他玩家在线，无需广播状态同步消息
2025-12-05 18:52:02.4518  当前没有其他玩家在线，无需广播状态同步消息
2025-12-05 18:52:02.5435  当前没有其他玩家在线，无需广播状态同步消息
2025-12-05 18:52:02.6522  当前没有其他玩家在线，无需广播状态同步消息
2025-12-05 18:52:02.7475  当前没有其他玩家在线，无需广播状态同步消息
2025-12-05 18:52:02.8547  当前没有其他玩家在线，无需广播状态同步消息
2025-12-05 18:52:02.9491  当前没有其他玩家在线，无需广播状态同步消息
2025-12-05 18:52:03.0580  当前没有其他玩家在线，无需广播状态同步消息
2025-12-05 18:52:03.1498  当前没有其他玩家在线，无需广播状态同步消息
2025-12-05 18:52:03.2576  当前没有其他玩家在线，无需广播状态同步消息
2025-12-05 18:52:03.3507  当前没有其他玩家在线，无需广播状态同步消息
2025-12-05 18:52:03.4445  当前没有其他玩家在线，无需广播状态同步消息
2025-12-05 18:52:03.5531  当前没有其他玩家在线，无需广播状态同步消息
2025-12-05 18:52:03.6462  当前没有其他玩家在线，无需广播状态同步消息
2025-12-05 18:52:03.7379  当前没有其他玩家在线，无需广播状态同步消息
2025-12-05 18:52:03.8466  当前没有其他玩家在线，无需广播状态同步消息
2025-12-05 18:52:03.9411  当前没有其他玩家在线，无需广播状态同步消息
2025-12-05 18:52:04.0674  当前没有其他玩家在线，无需广播状态同步消息
2025-12-05 18:52:04.1451  当前没有其他玩家在线，无需广播状态同步消息
2025-12-05 18:52:04.2525  当前没有其他玩家在线，无需广播状态同步消息
2025-12-05 18:52:04.3595  当前没有其他玩家在线，无需广播状态同步消息
2025-12-05 18:52:04.4506  当前没有其他玩家在线，无需广播状态同步消息
2025-12-05 18:52:04.5605  当前没有其他玩家在线，无需广播状态同步消息
2025-12-05 18:52:04.6531  当前没有其他玩家在线，无需广播状态同步消息
2025-12-05 18:52:04.7619  当前没有其他玩家在线，无需广播状态同步消息
2025-12-05 18:52:04.8556  当前没有其他玩家在线，无需广播状态同步消息
2025-12-05 18:52:04.9490  当前没有其他玩家在线，无需广播状态同步消息
2025-12-05 18:52:05.0414  当前没有其他玩家在线，无需广播状态同步消息
2025-12-05 18:52:05.1505  当前没有其他玩家在线，无需广播状态同步消息
2025-12-05 18:52:05.2427  当前没有其他玩家在线，无需广播状态同步消息
2025-12-05 18:52:05.3512  当前没有其他玩家在线，无需广播状态同步消息
2025-12-05 18:52:05.4437  当前没有其他玩家在线，无需广播状态同步消息
2025-12-05 18:52:05.5522  当前没有其他玩家在线，无需广播状态同步消息
2025-12-05 18:52:05.6460  当前没有其他玩家在线，无需广播状态同步消息
2025-12-05 18:52:05.7545  当前没有其他玩家在线，无需广播状态同步消息
2025-12-05 18:52:05.8481  当前没有其他玩家在线，无需广播状态同步消息
2025-12-05 18:52:05.9567  当前没有其他玩家在线，无需广播状态同步消息
2025-12-05 18:52:06.0488  当前没有其他玩家在线，无需广播状态同步消息
2025-12-05 18:52:06.1423  当前没有其他玩家在线，无需广播状态同步消息
2025-12-05 18:52:06.2505  当前没有其他玩家在线，无需广播状态同步消息
2025-12-05 18:52:06.3582  当前没有其他玩家在线，无需广播状态同步消息
2025-12-05 18:52:06.4501  当前没有其他玩家在线，无需广播状态同步消息
2025-12-05 18:52:06.5435  当前没有其他玩家在线，无需广播状态同步消息
2025-12-05 18:52:06.6525  当前没有其他玩家在线，无需广播状态同步消息
2025-12-05 18:52:06.7468  当前没有其他玩家在线，无需广播状态同步消息
2025-12-05 18:52:06.8555  当前没有其他玩家在线，无需广播状态同步消息
2025-12-05 18:52:06.9488  当前没有其他玩家在线，无需广播状态同步消息
2025-12-05 18:52:07.0408  当前没有其他玩家在线，无需广播状态同步消息
2025-12-05 18:52:07.1499  当前没有其他玩家在线，无需广播状态同步消息
2025-12-05 18:52:07.2425  当前没有其他玩家在线，无需广播状态同步消息
2025-12-05 18:52:07.3518  当前没有其他玩家在线，无需广播状态同步消息
2025-12-05 18:52:07.4591  当前没有其他玩家在线，无需广播状态同步消息
2025-12-05 18:52:07.5514  当前没有其他玩家在线，无需广播状态同步消息
2025-12-05 18:52:07.6437  当前没有其他玩家在线，无需广播状态同步消息
2025-12-05 18:52:07.7513  当前没有其他玩家在线，无需广播状态同步消息
2025-12-05 18:52:07.8450  当前没有其他玩家在线，无需广播状态同步消息
2025-12-05 18:52:07.9535  当前没有其他玩家在线，无需广播状态同步消息
2025-12-05 18:52:08.0455  当前没有其他玩家在线，无需广播状态同步消息
2025-12-05 18:52:10.0483  当前没有其他玩家在线，无需广播状态同步消息
2025-12-05 18:52:10.1414  当前没有其他玩家在线，无需广播状态同步消息
2025-12-05 18:52:10.2479  当前没有其他玩家在线，无需广播状态同步消息
2025-12-05 18:52:10.3560  当前没有其他玩家在线，无需广播状态同步消息
2025-12-05 18:52:10.4515  当前没有其他玩家在线，无需广播状态同步消息
2025-12-05 18:52:10.5443  当前没有其他玩家在线，无需广播状态同步消息
2025-12-05 18:52:10.6516  当前没有其他玩家在线，无需广播状态同步消息
2025-12-05 18:52:10.7595  当前没有其他玩家在线，无需广播状态同步消息
2025-12-05 18:52:10.8528  当前没有其他玩家在线，无需广播状态同步消息
2025-12-05 18:52:10.9612  当前没有其他玩家在线，无需广播状态同步消息
2025-12-05 18:52:11.0385  当前没有其他玩家在线，无需广播状态同步消息
2025-12-05 18:52:11.1618  当前没有其他玩家在线，无需广播状态同步消息
2025-12-05 18:52:11.2543  当前没有其他玩家在线，无需广播状态同步消息
2025-12-05 18:52:11.3448  当前没有其他玩家在线，无需广播状态同步消息
2025-12-05 18:52:11.4541  当前没有其他玩家在线，无需广播状态同步消息
2025-12-05 18:52:11.5629  当前没有其他玩家在线，无需广播状态同步消息
2025-12-05 18:52:11.6554  当前没有其他玩家在线，无需广播状态同步消息
2025-12-05 18:52:11.7484  当前没有其他玩家在线，无需广播状态同步消息
2025-12-05 18:52:11.8418  当前没有其他玩家在线，无需广播状态同步消息
2025-12-05 18:52:11.9514  当前没有其他玩家在线，无需广播状态同步消息
2025-12-05 18:52:12.0592  当前没有其他玩家在线，无需广播状态同步消息
2025-12-05 18:52:12.1526  当前没有其他玩家在线，无需广播状态同步消息
2025-12-05 18:52:12.2464  当前没有其他玩家在线，无需广播状态同步消息
2025-12-05 18:52:12.3582  当前没有其他玩家在线，无需广播状态同步消息
2025-12-05 18:52:12.4496  当前没有其他玩家在线，无需广播状态同步消息
2025-12-05 18:52:12.5596  当前没有其他玩家在线，无需广播状态同步消息
2025-12-05 18:52:12.6520  当前没有其他玩家在线，无需广播状态同步消息
2025-12-05 18:52:12.7461  当前没有其他玩家在线，无需广播状态同步消息
2025-12-05 18:52:12.8534  当前没有其他玩家在线，无需广播状态同步消息
2025-12-05 18:52:12.9472  当前没有其他玩家在线，无需广播状态同步消息
2025-12-05 18:52:13.0549  当前没有其他玩家在线，无需广播状态同步消息
2025-12-05 18:52:13.1482  当前没有其他玩家在线，无需广播状态同步消息
2025-12-05 18:52:13.2564  当前没有其他玩家在线，无需广播状态同步消息
2025-12-05 18:52:13.4429  当前没有其他玩家在线，无需广播状态同步消息
2025-12-05 18:52:13.5510  当前没有其他玩家在线，无需广播状态同步消息
2025-12-05 18:52:13.6614  当前没有其他玩家在线，无需广播状态同步消息
2025-12-05 18:52:13.7538  当前没有其他玩家在线，无需广播状态同步消息
2025-12-05 18:52:13.8471  当前没有其他玩家在线，无需广播状态同步消息
2025-12-05 18:52:13.9405  当前没有其他玩家在线，无需广播状态同步消息
2025-12-05 18:52:14.0491  当前没有其他玩家在线，无需广播状态同步消息
2025-12-05 18:52:14.1434  当前没有其他玩家在线，无需广播状态同步消息
2025-12-05 18:52:14.2502  当前没有其他玩家在线，无需广播状态同步消息
2025-12-05 18:52:14.3583  当前没有其他玩家在线，无需广播状态同步消息
2025-12-05 18:52:14.4510  当前没有其他玩家在线，无需广播状态同步消息
2025-12-05 18:52:14.5417  当前没有其他玩家在线，无需广播状态同步消息
2025-12-05 18:52:14.6484  当前没有其他玩家在线，无需广播状态同步消息
2025-12-05 18:52:14.7575  当前没有其他玩家在线，无需广播状态同步消息
2025-12-05 18:52:14.8506  当前没有其他玩家在线，无需广播状态同步消息
2025-12-05 18:52:14.9440  当前没有其他玩家在线，无需广播状态同步消息
2025-12-05 18:52:15.0531  当前没有其他玩家在线，无需广播状态同步消息
2025-12-05 18:52:15.1472  当前没有其他玩家在线，无需广播状态同步消息
2025-12-05 18:52:15.2540  当前没有其他玩家在线，无需广播状态同步消息
2025-12-05 18:52:15.3456  当前没有其他玩家在线，无需广播状态同步消息
2025-12-05 18:52:15.4535  当前没有其他玩家在线，无需广播状态同步消息
2025-12-05 18:52:15.5616  当前没有其他玩家在线，无需广播状态同步消息
2025-12-05 18:52:15.6548  当前没有其他玩家在线，无需广播状态同步消息
2025-12-05 18:52:15.7466  当前没有其他玩家在线，无需广播状态同步消息
2025-12-05 18:52:15.8414  当前没有其他玩家在线，无需广播状态同步消息
2025-12-05 18:52:15.9502  当前没有其他玩家在线，无需广播状态同步消息
2025-12-05 18:52:16.0575  当前没有其他玩家在线，无需广播状态同步消息
2025-12-05 18:52:16.1501  当前没有其他玩家在线，无需广播状态同步消息
2025-12-05 18:52:16.2413  当前没有其他玩家在线，无需广播状态同步消息
2025-12-05 18:52:16.3493  当前没有其他玩家在线，无需广播状态同步消息
2025-12-05 18:52:16.4591  当前没有其他玩家在线，无需广播状态同步消息
2025-12-05 18:52:16.5522  当前没有其他玩家在线，无需广播状态同步消息
2025-12-05 18:52:18.3540  当前没有其他玩家在线，无需广播状态同步消息
2025-12-05 18:52:18.4465  当前没有其他玩家在线，无需广播状态同步消息
2025-12-05 18:52:18.5412  当前没有其他玩家在线，无需广播状态同步消息
2025-12-05 18:52:18.6497  当前没有其他玩家在线，无需广播状态同步消息
2025-12-05 18:52:18.7421  当前没有其他玩家在线，无需广播状态同步消息
2025-12-05 18:52:18.8510  当前没有其他玩家在线，无需广播状态同步消息
2025-12-05 18:52:18.9444  当前没有其他玩家在线，无需广播状态同步消息
2025-12-05 18:52:19.0549  当前没有其他玩家在线，无需广播状态同步消息
2025-12-05 18:52:19.1474  当前没有其他玩家在线，无需广播状态同步消息
2025-12-05 18:52:19.2417  当前没有其他玩家在线，无需广播状态同步消息
2025-12-05 18:52:19.3487  当前没有其他玩家在线，无需广播状态同步消息
2025-12-05 18:52:19.4435  当前没有其他玩家在线，无需广播状态同步消息
2025-12-05 18:52:19.5517  当前没有其他玩家在线，无需广播状态同步消息
2025-12-05 18:52:19.6447  当前没有其他玩家在线，无需广播状态同步消息
2025-12-05 18:52:19.7377  当前没有其他玩家在线，无需广播状态同步消息
2025-12-05 18:52:19.8467  当前没有其他玩家在线，无需广播状态同步消息
2025-12-05 18:52:19.9536  当前没有其他玩家在线，无需广播状态同步消息
2025-12-05 18:52:20.0465  当前没有其他玩家在线，无需广播状态同步消息
2025-12-05 18:52:20.1548  当前没有其他玩家在线，无需广播状态同步消息
2025-12-05 18:52:20.2479  当前没有其他玩家在线，无需广播状态同步消息
2025-12-05 18:52:20.3555  当前没有其他玩家在线，无需广播状态同步消息
2025-12-05 18:52:20.4477  当前没有其他玩家在线，无需广播状态同步消息
2025-12-05 18:52:20.5400  当前没有其他玩家在线，无需广播状态同步消息
2025-12-05 18:52:20.6486  当前没有其他玩家在线，无需广播状态同步消息
2025-12-05 18:52:20.7418  当前没有其他玩家在线，无需广播状态同步消息
2025-12-05 18:52:20.8497  当前没有其他玩家在线，无需广播状态同步消息
2025-12-05 18:52:20.9440  当前没有其他玩家在线，无需广播状态同步消息
2025-12-05 18:52:21.0377  当前没有其他玩家在线，无需广播状态同步消息
2025-12-05 18:52:21.1467  当前没有其他玩家在线，无需广播状态同步消息
2025-12-05 18:52:21.2559  当前没有其他玩家在线，无需广播状态同步消息
2025-12-05 18:52:21.3482  当前没有其他玩家在线，无需广播状态同步消息
2025-12-05 18:52:21.4564  当前没有其他玩家在线，无需广播状态同步消息
2025-12-05 18:52:21.5482  当前没有其他玩家在线，无需广播状态同步消息
2025-12-05 18:52:21.6569  当前没有其他玩家在线，无需广播状态同步消息
2025-12-05 18:52:21.7510  当前没有其他玩家在线，无需广播状态同步消息
2025-12-05 18:52:21.8593  当前没有其他玩家在线，无需广播状态同步消息
2025-12-05 18:52:21.9547  当前没有其他玩家在线，无需广播状态同步消息
2025-12-05 18:52:22.0490  当前没有其他玩家在线，无需广播状态同步消息
2025-12-05 18:52:22.1577  当前没有其他玩家在线，无需广播状态同步消息
2025-12-05 18:52:22.8402  当前没有其他玩家在线，无需广播状态同步消息
2025-12-05 18:52:22.9473  当前没有其他玩家在线，无需广播状态同步消息
2025-12-05 18:52:23.0397  当前没有其他玩家在线，无需广播状态同步消息
2025-12-05 18:52:23.1479  当前没有其他玩家在线，无需广播状态同步消息
2025-12-05 18:52:38.6136  玩家上次上线位置：x:2.4467797, y:0, z:-3.0186515
2025-12-05 18:52:38.6179  向ID:502378991980904449发送其他玩家登录请求
2025-12-05 18:53:43.5961  向玩家ID:482736422909116417 发送玩家ID:482734309785206785下线消息
2025-12-05 18:53:43.6032  账号ID:482734309785206785 数据已保存到数据库
2025-12-05 18:53:43.6032  玩家ID:482734309785206785 下线成功 , 下线位置:x:4.782031, y:0, z:4.6198397
2025-12-05 18:53:51.3113  当前服务器上没有其他玩家在线，无需广播下线消息
2025-12-05 18:53:51.3113  账号ID:482736422909116417 数据已保存到数据库
2025-12-05 18:53:51.3113  玩家ID:482736422909116417 下线成功 , 下线位置:x:7.221688, y:0, z:6.772895
