2025-12-05 16:05:19.3821 (LoginRequestHandler.cs:16) 收到登录请求
2025-12-05 16:05:19.4260 (EntryLobbyRequestHandler.cs:32) 进入大厅成功，玩家ID:482734309785206785
2025-12-05 16:07:37.9667 (LoginRequestHandler.cs:16) 收到登录请求
2025-12-05 16:07:38.0081 (EntryLobbyRequestHandler.cs:32) 进入大厅成功，玩家ID:482734309785206785
2025-12-05 16:10:14.5990 (LoginRequestHandler.cs:16) 收到登录请求
2025-12-05 16:10:14.6384 (EntryLobbyRequestHandler.cs:32) 进入大厅成功，玩家ID:482736422909116417
2025-12-05 16:12:20.1563 (LoginRequestHandler.cs:16) 收到登录请求
2025-12-05 16:12:20.1980 (EntryLobbyRequestHandler.cs:32) 进入大厅成功，玩家ID:482736422909116417
2025-12-05 16:12:21.7724 (LobbyPlayerManagerComponentSystem.cs:97) 玩家ID:482736422909116417 移动方向: 0.00086809276 , 0 , -0.99999964
2025-12-05 16:12:21.7724 (LobbyPlayerManagerComponentSystem.cs:102) 玩家ID:482736422909116417 移动到新位置: -0.5775593 , 0 , 2.029942
2025-12-05 16:12:21.8639 (LobbyPlayerManagerComponentSystem.cs:97) 玩家ID:482736422909116417 移动方向: 0.00056548667 , 0 , -0.9999998
2025-12-05 16:12:21.8639 (LobbyPlayerManagerComponentSystem.cs:102) 玩家ID:482736422909116417 移动到新位置: -0.5774462 , 0 , 1.8299421
2025-12-05 16:12:21.9610 (LobbyPlayerManagerComponentSystem.cs:97) 玩家ID:482736422909116417 移动方向: -0.7070898 , 0 , -0.70712376
2025-12-05 16:12:21.9610 (LobbyPlayerManagerComponentSystem.cs:102) 玩家ID:482736422909116417 移动到新位置: -0.7188642 , 0 , 1.6885173
2025-12-05 16:12:22.0632 (LobbyPlayerManagerComponentSystem.cs:97) 玩家ID:482736422909116417 移动方向: -0.70769536 , 0 , -0.7065177
2025-12-05 16:12:22.0632 (LobbyPlayerManagerComponentSystem.cs:102) 玩家ID:482736422909116417 移动到新位置: -0.8604033 , 0 , 1.5472138
2025-12-05 16:12:22.1600 (LobbyPlayerManagerComponentSystem.cs:97) 玩家ID:482736422909116417 移动方向: -0.0019577374 , 0 , -0.9999981
2025-12-05 16:12:22.1600 (LobbyPlayerManagerComponentSystem.cs:102) 玩家ID:482736422909116417 移动到新位置: -0.86079484 , 0 , 1.3472142
2025-12-05 16:12:22.2653 (LobbyPlayerManagerComponentSystem.cs:97) 玩家ID:482736422909116417 移动方向: -0.003410139 , 0 , -0.99999416
2025-12-05 16:12:22.2653 (LobbyPlayerManagerComponentSystem.cs:102) 玩家ID:482736422909116417 移动到新位置: -0.8614769 , 0 , 1.1472154
2025-12-05 16:12:22.3653 (LobbyPlayerManagerComponentSystem.cs:97) 玩家ID:482736422909116417 移动方向: -0.005056458 , 0 , -0.99998724
2025-12-05 16:12:22.3653 (LobbyPlayerManagerComponentSystem.cs:102) 玩家ID:482736422909116417 移动到新位置: -0.8624882 , 0 , 0.94721794
2025-12-05 16:12:22.4616 (LobbyPlayerManagerComponentSystem.cs:97) 玩家ID:482736422909116417 移动方向: -0.7119602 , 0 , -0.70221984
2025-12-05 16:12:22.4616 (LobbyPlayerManagerComponentSystem.cs:102) 玩家ID:482736422909116417 移动到新位置: -1.0048802 , 0 , 0.80677396
2025-12-05 16:12:22.5638 (LobbyPlayerManagerComponentSystem.cs:97) 玩家ID:482736422909116417 移动方向: -0.9999589 , 0 , 0.009071433
2025-12-05 16:12:22.5638 (LobbyPlayerManagerComponentSystem.cs:102) 玩家ID:482736422909116417 移动到新位置: -1.2048719 , 0 , 0.80858827
2025-12-05 16:12:22.6690 (LobbyPlayerManagerComponentSystem.cs:97) 玩家ID:482736422909116417 移动方向: -0.9999334 , 0 , 0.01153818
2025-12-05 16:12:22.6690 (LobbyPlayerManagerComponentSystem.cs:102) 玩家ID:482736422909116417 移动到新位置: -1.4048586 , 0 , 0.8108959
2025-12-05 16:12:22.7671 (LobbyPlayerManagerComponentSystem.cs:97) 玩家ID:482736422909116417 移动方向: 0.014173014 , 0 , 0.99989957
2025-12-05 16:12:22.7671 (LobbyPlayerManagerComponentSystem.cs:102) 玩家ID:482736422909116417 移动到新位置: -1.402024 , 0 , 1.0108758
2025-12-05 16:12:22.8644 (LobbyPlayerManagerComponentSystem.cs:97) 玩家ID:482736422909116417 移动方向: 0.016849715 , 0 , 0.999858
2025-12-05 16:12:22.8644 (LobbyPlayerManagerComponentSystem.cs:102) 玩家ID:482736422909116417 移动到新位置: -1.3986541 , 0 , 1.2108474
2025-12-05 16:12:22.9621 (LobbyPlayerManagerComponentSystem.cs:97) 玩家ID:482736422909116417 移动方向: 0.9998007 , 0 , -0.019964933
2025-12-05 16:12:22.9621 (LobbyPlayerManagerComponentSystem.cs:102) 玩家ID:482736422909116417 移动到新位置: -1.198694 , 0 , 1.2068543
2025-12-05 16:12:23.0654 (LobbyPlayerManagerComponentSystem.cs:97) 玩家ID:482736422909116417 移动方向: 0.99972665 , 0 , -0.023378994
2025-12-05 16:12:23.0654 (LobbyPlayerManagerComponentSystem.cs:102) 玩家ID:482736422909116417 移动到新位置: -0.99874866 , 0 , 1.2021786
2025-12-05 16:12:23.1609 (LobbyPlayerManagerComponentSystem.cs:97) 玩家ID:482736422909116417 移动方向: 0.9996443 , 0 , -0.026670255
2025-12-05 16:12:23.1609 (LobbyPlayerManagerComponentSystem.cs:102) 玩家ID:482736422909116417 移动到新位置: -0.7988198 , 0 , 1.1968446
2025-12-05 16:12:23.2608 (LobbyPlayerManagerComponentSystem.cs:97) 玩家ID:482736422909116417 移动方向: -0.030368518 , 0 , -0.9995388
2025-12-05 16:12:23.2608 (LobbyPlayerManagerComponentSystem.cs:102) 玩家ID:482736422909116417 移动到新位置: -0.8048935 , 0 , 0.9969368
2025-12-05 16:12:23.3583 (LobbyPlayerManagerComponentSystem.cs:97) 玩家ID:482736422909116417 移动方向: -0.034256633 , 0 , -0.9994131
2025-12-05 16:12:23.3583 (LobbyPlayerManagerComponentSystem.cs:102) 玩家ID:482736422909116417 移动到新位置: -0.8117448 , 0 , 0.7970542
2025-12-05 16:12:23.4669 (LobbyPlayerManagerComponentSystem.cs:97) 玩家ID:482736422909116417 移动方向: -0.7339614 , 0 , -0.67919123
2025-12-05 16:12:23.4669 (LobbyPlayerManagerComponentSystem.cs:102) 玩家ID:482736422909116417 移动到新位置: -0.9585371 , 0 , 0.6612159
2025-12-05 16:12:23.5651 (LobbyPlayerManagerComponentSystem.cs:97) 玩家ID:482736422909116417 移动方向: -0.7368834 , 0 , -0.6760198
2025-12-05 16:12:23.5651 (LobbyPlayerManagerComponentSystem.cs:102) 玩家ID:482736422909116417 移动到新位置: -1.1059138 , 0 , 0.52601194
2025-12-05 16:12:23.6631 (LobbyPlayerManagerComponentSystem.cs:97) 玩家ID:482736422909116417 移动方向: -0.998875 , 0 , 0.04741999
2025-12-05 16:12:23.6631 (LobbyPlayerManagerComponentSystem.cs:102) 玩家ID:482736422909116417 移动到新位置: -1.3056887 , 0 , 0.53549594
2025-12-05 16:12:23.7635 (LobbyPlayerManagerComponentSystem.cs:97) 玩家ID:482736422909116417 移动方向: -0.99864495 , 0 , 0.05204147
2025-12-05 16:12:23.7635 (LobbyPlayerManagerComponentSystem.cs:102) 玩家ID:482736422909116417 移动到新位置: -1.5054177 , 0 , 0.5459042
2025-12-05 16:12:23.8604 (LobbyPlayerManagerComponentSystem.cs:97) 玩家ID:482736422909116417 移动方向: -0.99838436 , 0 , 0.056821536
2025-12-05 16:12:23.8604 (LobbyPlayerManagerComponentSystem.cs:102) 玩家ID:482736422909116417 移动到新位置: -1.7050946 , 0 , 0.5572685
2025-12-05 16:12:23.9626 (StateSyncRequestHandler.cs:18) 玩家ID:482736422909116417 移动方向: -0.06193854 , 0 , -0.99807996
2025-12-05 16:12:23.9626 (StateSyncRequestHandler.cs:18) 玩家ID:482736422909116417 移动到新位置: -1.7174823 , 0 , 0.35765252
2025-12-05 16:12:24.0616 (StateSyncRequestHandler.cs:18) 玩家ID:482736422909116417 移动方向: -0.067237884 , 0 , -0.997737
2025-12-05 16:12:24.0616 (StateSyncRequestHandler.cs:18) 玩家ID:482736422909116417 移动到新位置: -1.7309299 , 0 , 0.15810512
2025-12-05 16:12:24.1664 (StateSyncRequestHandler.cs:18) 玩家ID:482736422909116417 移动方向: -0.072908476 , 0 , -0.99733865
2025-12-05 16:12:24.1664 (StateSyncRequestHandler.cs:18) 玩家ID:482736422909116417 移动到新位置: -1.7455115 , 0 , -0.0413626
2025-12-05 16:12:24.2640 (StateSyncRequestHandler.cs:18) 玩家ID:482736422909116417 移动方向: -0.07818694 , 0 , -0.9969387
2025-12-05 16:12:24.2640 (StateSyncRequestHandler.cs:18) 玩家ID:482736422909116417 移动到新位置: -1.7611489 , 0 , -0.24075034
2025-12-05 16:12:24.3656 (StateSyncRequestHandler.cs:18) 玩家ID:482736422909116417 移动方向: -0.084142886 , 0 , -0.9964537
2025-12-05 16:12:24.3656 (StateSyncRequestHandler.cs:18) 玩家ID:482736422909116417 移动到新位置: -1.7779775 , 0 , -0.44004107
2025-12-05 16:12:24.4655 (StateSyncRequestHandler.cs:18) 玩家ID:482736422909116417 移动到新位置: -1.7779775 , 0 , -0.44004107
2025-12-05 16:12:26.3661 (StateSyncRequestHandler.cs:18) 玩家ID:482736422909116417 移动方向: -0.22502999 , 0 , -0.9743518
2025-12-05 16:12:26.3661 (StateSyncRequestHandler.cs:18) 玩家ID:482736422909116417 移动到新位置: -1.8229835 , 0 , -0.6349114
2025-12-05 16:12:26.4583 (StateSyncRequestHandler.cs:18) 玩家ID:482736422909116417 移动方向: -0.23246454 , 0 , -0.9726049
2025-12-05 16:12:26.4583 (StateSyncRequestHandler.cs:18) 玩家ID:482736422909116417 移动到新位置: -1.8694764 , 0 , -0.82943237
2025-12-05 16:12:26.5595 (StateSyncRequestHandler.cs:18) 玩家ID:482736422909116417 移动方向: -0.24043646 , 0 , -0.9706649
2025-12-05 16:12:26.5595 (StateSyncRequestHandler.cs:18) 玩家ID:482736422909116417 移动到新位置: -1.9175637 , 0 , -1.0235653
2025-12-05 16:12:26.6670 (StateSyncRequestHandler.cs:18) 玩家ID:482736422909116417 移动方向: -0.86071926 , 0 , -0.5090799
2025-12-05 16:12:26.6670 (StateSyncRequestHandler.cs:18) 玩家ID:482736422909116417 移动到新位置: -2.0897076 , 0 , -1.1253812
2025-12-05 16:12:26.7624 (StateSyncRequestHandler.cs:18) 玩家ID:482736422909116417 移动方向: -0.96657985 , 0 , 0.25636563
2025-12-05 16:12:26.7624 (StateSyncRequestHandler.cs:18) 玩家ID:482736422909116417 移动到新位置: -2.2830236 , 0 , -1.0741081
2025-12-05 16:12:26.8665 (StateSyncRequestHandler.cs:18) 玩家ID:482736422909116417 移动方向: -0.49515563 , 0 , 0.8688043
2025-12-05 16:12:26.8665 (StateSyncRequestHandler.cs:18) 玩家ID:482736422909116417 移动到新位置: -2.3820548 , 0 , -0.90034723
2025-12-05 16:12:26.9657 (StateSyncRequestHandler.cs:18) 玩家ID:482736422909116417 移动方向: -0.48773602 , 0 , 0.8729911
2025-12-05 16:12:26.9657 (StateSyncRequestHandler.cs:18) 玩家ID:482736422909116417 移动到新位置: -2.479602 , 0 , -0.725749
2025-12-05 16:12:27.0664 (StateSyncRequestHandler.cs:18) 玩家ID:482736422909116417 移动方向: -0.48060822 , 0 , 0.87693536
2025-12-05 16:12:27.0664 (StateSyncRequestHandler.cs:18) 玩家ID:482736422909116417 移动到新位置: -2.5757236 , 0 , -0.55036193
2025-12-05 16:12:27.1639 (StateSyncRequestHandler.cs:18) 玩家ID:482736422909116417 移动方向: -0.47337055 , 0 , 0.8808634
2025-12-05 16:12:27.1639 (StateSyncRequestHandler.cs:18) 玩家ID:482736422909116417 移动到新位置: -2.6703978 , 0 , -0.37418926
2025-12-05 16:12:27.2629 (StateSyncRequestHandler.cs:18) 玩家ID:482736422909116417 移动方向: -0.4658429 , 0 , 0.88486737
2025-12-05 16:12:27.2629 (StateSyncRequestHandler.cs:18) 玩家ID:482736422909116417 移动到新位置: -2.7635663 , 0 , -0.19721578
2025-12-05 16:12:27.3664 (StateSyncRequestHandler.cs:18) 玩家ID:482736422909116417 移动方向: -0.95254046 , 0 , 0.3044121
2025-12-05 16:12:27.3664 (StateSyncRequestHandler.cs:18) 玩家ID:482736422909116417 移动到新位置: -2.9540744 , 0 , -0.13633336
2025-12-05 16:12:27.4607 (StateSyncRequestHandler.cs:18) 玩家ID:482736422909116417 移动方向: -0.9500651 , 0 , 0.3120518
2025-12-05 16:12:27.4607 (StateSyncRequestHandler.cs:18) 玩家ID:482736422909116417 移动到新位置: -3.1440873 , 0 , -0.073923
2025-12-05 16:12:27.5580 (StateSyncRequestHandler.cs:18) 玩家ID:482736422909116417 移动方向: -0.94758356 , 0 , 0.31950814
2025-12-05 16:12:27.5580 (StateSyncRequestHandler.cs:18) 玩家ID:482736422909116417 移动到新位置: -3.333604 , 0 , -0.010021374
2025-12-05 16:12:27.6622 (StateSyncRequestHandler.cs:18) 玩家ID:482736422909116417 移动方向: -0.9448859 , 0 , 0.32739982
2025-12-05 16:12:27.6622 (StateSyncRequestHandler.cs:18) 玩家ID:482736422909116417 移动到新位置: -3.5225813 , 0 , 0.05545859
2025-12-05 16:12:27.7595 (StateSyncRequestHandler.cs:18) 玩家ID:482736422909116417 移动方向: -0.94214493 , 0 , 0.33520585
2025-12-05 16:12:27.7595 (StateSyncRequestHandler.cs:18) 玩家ID:482736422909116417 移动到新位置: -3.7110102 , 0 , 0.12249976
2025-12-05 16:12:27.8615 (StateSyncRequestHandler.cs:18) 玩家ID:482736422909116417 移动到新位置: -3.7110102 , 0 , 0.12249976
2025-12-05 16:12:27.9622 (StateSyncRequestHandler.cs:18) 玩家ID:482736422909116417 移动方向: 0.35109565 , 0 , 0.9363396
2025-12-05 16:12:27.9622 (StateSyncRequestHandler.cs:18) 玩家ID:482736422909116417 移动到新位置: -3.6407912 , 0 , 0.3097677
2025-12-05 16:12:28.0657 (StateSyncRequestHandler.cs:18) 玩家ID:482736422909116417 移动方向: 0.9137585 , 0 , 0.40625763
2025-12-05 16:12:28.0657 (StateSyncRequestHandler.cs:18) 玩家ID:482736422909116417 移动到新位置: -3.4580395 , 0 , 0.39101923
2025-12-05 16:12:28.1702 (StateSyncRequestHandler.cs:18) 玩家ID:482736422909116417 移动方向: 0.930258 , 0 , -0.36690614
2025-12-05 16:12:28.1702 (StateSyncRequestHandler.cs:18) 玩家ID:482736422909116417 移动到新位置: -3.271988 , 0 , 0.317638
2025-12-05 16:12:28.2647 (StateSyncRequestHandler.cs:18) 玩家ID:482736422909116417 移动到新位置: -3.271988 , 0 , 0.317638
2025-12-05 16:12:35.3611 (StateSyncRequestHandler.cs:18) 玩家ID:482736422909116417 移动方向: 0.53926945 , 0 , -0.84213334
2025-12-05 16:12:35.3611 (StateSyncRequestHandler.cs:18) 玩家ID:482736422909116417 移动到新位置: -3.164134 , 0 , 0.14921135
2025-12-05 16:12:35.4636 (StateSyncRequestHandler.cs:18) 玩家ID:482736422909116417 移动方向: 0.53381956 , 0 , -0.84559834
2025-12-05 16:12:35.4636 (StateSyncRequestHandler.cs:18) 玩家ID:482736422909116417 移动到新位置: -3.0573702 , 0 , -0.019908324
2025-12-05 16:12:35.5591 (StateSyncRequestHandler.cs:18) 玩家ID:482736422909116417 移动方向: 0.52886754 , 0 , -0.8487044
2025-12-05 16:12:35.5591 (StateSyncRequestHandler.cs:18) 玩家ID:482736422909116417 移动到新位置: -2.9515967 , 0 , -0.18964921
2025-12-05 16:12:35.6580 (StateSyncRequestHandler.cs:18) 玩家ID:482736422909116417 移动方向: 0.9727373 , 0 , -0.23191005
2025-12-05 16:12:35.6580 (StateSyncRequestHandler.cs:18) 玩家ID:482736422909116417 移动到新位置: -2.7570493 , 0 , -0.23603122
2025-12-05 16:12:35.7606 (StateSyncRequestHandler.cs:18) 玩家ID:482736422909116417 移动方向: 0.97126657 , 0 , -0.23799413
2025-12-05 16:12:35.7606 (StateSyncRequestHandler.cs:18) 玩家ID:482736422909116417 移动到新位置: -2.562796 , 0 , -0.28363004
2025-12-05 16:12:35.8667 (StateSyncRequestHandler.cs:18) 玩家ID:482736422909116417 移动方向: 0.9697675 , 0 , -0.2440309
2025-12-05 16:12:35.8667 (StateSyncRequestHandler.cs:18) 玩家ID:482736422909116417 移动到新位置: -2.3688426 , 0 , -0.33243623
2025-12-05 16:12:35.9646 (StateSyncRequestHandler.cs:18) 玩家ID:482736422909116417 移动方向: 0.9683534 , 0 , -0.24958292
2025-12-05 16:12:35.9646 (StateSyncRequestHandler.cs:18) 玩家ID:482736422909116417 移动到新位置: -2.1751719 , 0 , -0.38235283
2025-12-05 16:12:36.0654 (StateSyncRequestHandler.cs:18) 玩家ID:482736422909116417 移动方向: 0.86418134 , 0 , 0.50318044
2025-12-05 16:12:36.0654 (StateSyncRequestHandler.cs:18) 玩家ID:482736422909116417 移动到新位置: -2.0023355 , 0 , -0.28171673
2025-12-05 16:12:36.1620 (StateSyncRequestHandler.cs:18) 玩家ID:482736422909116417 移动方向: 0.8669822 , 0 , 0.49833912
2025-12-05 16:12:36.1620 (StateSyncRequestHandler.cs:18) 玩家ID:482736422909116417 移动到新位置: -1.8289391 , 0 , -0.18204892
2025-12-05 16:12:36.2692 (StateSyncRequestHandler.cs:18) 玩家ID:482736422909116417 移动方向: 0.26632002 , 0 , 0.9638846
2025-12-05 16:12:36.2692 (StateSyncRequestHandler.cs:18) 玩家ID:482736422909116417 移动到新位置: -1.775675 , 0 , 0.010728002
2025-12-05 16:12:36.3696 (StateSyncRequestHandler.cs:18) 玩家ID:482736422909116417 移动方向: 0.27180073 , 0 , 0.96235347
2025-12-05 16:12:36.3696 (StateSyncRequestHandler.cs:18) 玩家ID:482736422909116417 移动到新位置: -1.7213149 , 0 , 0.20319869
2025-12-05 16:12:36.4599 (StateSyncRequestHandler.cs:18) 玩家ID:482736422909116417 移动方向: 0.2767335 , 0 , 0.9609467
2025-12-05 16:12:36.4599 (StateSyncRequestHandler.cs:18) 玩家ID:482736422909116417 移动到新位置: -1.6659682 , 0 , 0.395388
2025-12-05 16:12:36.5591 (StateSyncRequestHandler.cs:18) 玩家ID:482736422909116417 移动方向: 0.2819915 , 0 , 0.95941687
2025-12-05 16:12:36.5591 (StateSyncRequestHandler.cs:18) 玩家ID:482736422909116417 移动到新位置: -1.6095699 , 0 , 0.5872714
2025-12-05 16:12:36.6581 (StateSyncRequestHandler.cs:18) 玩家ID:482736422909116417 移动方向: 0.2872661 , 0 , 0.9578508
2025-12-05 16:12:36.6581 (StateSyncRequestHandler.cs:18) 玩家ID:482736422909116417 移动到新位置: -1.5521166 , 0 , 0.77884156
2025-12-05 16:12:36.7626 (StateSyncRequestHandler.cs:18) 玩家ID:482736422909116417 移动方向: 0.29259118 , 0 , 0.9562376
2025-12-05 16:12:36.7626 (StateSyncRequestHandler.cs:18) 玩家ID:482736422909116417 移动到新位置: -1.4935983 , 0 , 0.9700891
2025-12-05 16:12:36.8661 (StateSyncRequestHandler.cs:18) 玩家ID:482736422909116417 移动方向: -0.46449164 , 0 , 0.88557756
2025-12-05 16:12:36.8661 (StateSyncRequestHandler.cs:18) 玩家ID:482736422909116417 移动到新位置: -1.5864967 , 0 , 1.1472046
2025-12-05 16:12:36.9610 (StateSyncRequestHandler.cs:18) 玩家ID:482736422909116417 移动方向: -0.46009728 , 0 , 0.8878685
2025-12-05 16:12:36.9610 (StateSyncRequestHandler.cs:18) 玩家ID:482736422909116417 移动到新位置: -1.6785161 , 0 , 1.3247783
2025-12-05 16:12:37.0637 (StateSyncRequestHandler.cs:18) 玩家ID:482736422909116417 移动方向: -0.45520332 , 0 , 0.89038754
2025-12-05 16:12:37.0637 (StateSyncRequestHandler.cs:18) 玩家ID:482736422909116417 移动到新位置: -1.7695568 , 0 , 1.5028558
2025-12-05 16:12:37.1657 (StateSyncRequestHandler.cs:18) 玩家ID:482736422909116417 移动方向: -0.45063373 , 0 , 0.89270896
2025-12-05 16:12:37.1657 (StateSyncRequestHandler.cs:18) 玩家ID:482736422909116417 移动到新位置: -1.8596835 , 0 , 1.6813976
2025-12-05 16:12:37.2587 (StateSyncRequestHandler.cs:18) 玩家ID:482736422909116417 移动方向: 0.31707716 , 0 , 0.9483998
2025-12-05 16:12:37.2587 (StateSyncRequestHandler.cs:18) 玩家ID:482736422909116417 移动到新位置: -1.7962681 , 0 , 1.8710775
2025-12-05 16:12:37.3671 (StateSyncRequestHandler.cs:18) 玩家ID:482736422909116417 移动方向: 0.89726496 , 0 , 0.4414925
2025-12-05 16:12:37.3671 (StateSyncRequestHandler.cs:18) 玩家ID:482736422909116417 移动到新位置: -1.6168151 , 0 , 1.9593761
2025-12-05 16:12:37.4637 (StateSyncRequestHandler.cs:18) 玩家ID:482736422909116417 移动方向: 0.8993761 , 0 , 0.43717572
2025-12-05 16:12:37.4637 (StateSyncRequestHandler.cs:18) 玩家ID:482736422909116417 移动到新位置: -1.4369398 , 0 , 2.0468113
2025-12-05 16:12:37.5585 (StateSyncRequestHandler.cs:18) 玩家ID:482736422909116417 移动方向: 0.9014226 , 0 , 0.43294019
2025-12-05 16:12:37.5585 (StateSyncRequestHandler.cs:18) 玩家ID:482736422909116417 移动到新位置: -1.2566553 , 0 , 2.1333995
2025-12-05 16:12:37.6627 (StateSyncRequestHandler.cs:18) 玩家ID:482736422909116417 移动方向: 0.90358174 , 0 , 0.42841575
2025-12-05 16:12:37.6627 (StateSyncRequestHandler.cs:18) 玩家ID:482736422909116417 移动到新位置: -1.0759389 , 0 , 2.2190826
2025-12-05 16:12:37.7653 (StateSyncRequestHandler.cs:18) 玩家ID:482736422909116417 移动方向: 0.90565413 , 0 , 0.42401716
2025-12-05 16:12:37.7653 (StateSyncRequestHandler.cs:18) 玩家ID:482736422909116417 移动到新位置: -0.8948081 , 0 , 2.303886
2025-12-05 16:12:37.8664 (StateSyncRequestHandler.cs:18) 玩家ID:482736422909116417 移动方向: -0.41959515 , 0 , 0.9077113
2025-12-05 16:12:37.8664 (StateSyncRequestHandler.cs:18) 玩家ID:482736422909116417 移动到新位置: -0.97872716 , 0 , 2.485428
2025-12-05 16:12:37.9669 (StateSyncRequestHandler.cs:18) 玩家ID:482736422909116417 移动方向: -0.41535085 , 0 , 0.90966123
2025-12-05 16:12:37.9669 (StateSyncRequestHandler.cs:18) 玩家ID:482736422909116417 移动到新位置: -1.0617974 , 0 , 2.6673603
2025-12-05 16:12:38.0623 (StateSyncRequestHandler.cs:18) 玩家ID:482736422909116417 移动方向: -0.9114387 , 0 , -0.41143584
2025-12-05 16:12:38.0623 (StateSyncRequestHandler.cs:18) 玩家ID:482736422909116417 移动到新位置: -1.2440851 , 0 , 2.5850732
2025-12-05 16:12:38.1666 (StateSyncRequestHandler.cs:18) 玩家ID:482736422909116417 移动方向: -0.9134176 , 0 , -0.4070237
2025-12-05 16:12:38.1666 (StateSyncRequestHandler.cs:18) 玩家ID:482736422909116417 移动到新位置: -1.4267685 , 0 , 2.5036685
2025-12-05 16:12:38.2665 (StateSyncRequestHandler.cs:18) 玩家ID:482736422909116417 移动方向: -0.932045 , 0 , 0.36234245
2025-12-05 16:12:38.2665 (StateSyncRequestHandler.cs:18) 玩家ID:482736422909116417 移动到新位置: -1.6131775 , 0 , 2.576137
2025-12-05 16:12:38.3612 (StateSyncRequestHandler.cs:18) 玩家ID:482736422909116417 移动方向: -0.9304904 , 0 , 0.36631632
2025-12-05 16:12:38.3612 (StateSyncRequestHandler.cs:18) 玩家ID:482736422909116417 移动到新位置: -1.7992756 , 0 , 2.6494002
2025-12-05 16:12:38.4639 (StateSyncRequestHandler.cs:18) 玩家ID:482736422909116417 移动方向: -0.3948122 , 0 , 0.9187619
2025-12-05 16:12:38.4639 (StateSyncRequestHandler.cs:18) 玩家ID:482736422909116417 移动到新位置: -1.8782381 , 0 , 2.8331525
2025-12-05 16:12:38.5670 (StateSyncRequestHandler.cs:18) 玩家ID:482736422909116417 移动方向: 0.92048633 , 0 , 0.39077473
2025-12-05 16:12:38.5670 (StateSyncRequestHandler.cs:18) 玩家ID:482736422909116417 移动到新位置: -1.6941408 , 0 , 2.9113076
2025-12-05 16:12:38.6585 (StateSyncRequestHandler.cs:18) 玩家ID:482736422909116417 移动方向: 0.9220908 , 0 , 0.3869735
2025-12-05 16:12:38.6585 (StateSyncRequestHandler.cs:18) 玩家ID:482736422909116417 移动到新位置: -1.5097226 , 0 , 2.9887023
2025-12-05 16:12:38.7652 (StateSyncRequestHandler.cs:18) 玩家ID:482736422909116417 移动方向: 0.9239216 , 0 , -0.38258198
2025-12-05 16:12:38.7652 (StateSyncRequestHandler.cs:18) 玩家ID:482736422909116417 移动到新位置: -1.3249383 , 0 , 2.912186
2025-12-05 16:12:38.8639 (StateSyncRequestHandler.cs:18) 玩家ID:482736422909116417 移动方向: 0.9222919 , 0 , -0.386494
2025-12-05 16:12:38.8639 (StateSyncRequestHandler.cs:18) 玩家ID:482736422909116417 移动到新位置: -1.1404799 , 0 , 2.834887
2025-12-05 16:12:38.9652 (StateSyncRequestHandler.cs:18) 玩家ID:482736422909116417 移动方向: 0.9206517 , 0 , -0.39038506
2025-12-05 16:12:38.9652 (StateSyncRequestHandler.cs:18) 玩家ID:482736422909116417 移动到新位置: -0.9563496 , 0 , 2.75681
2025-12-05 16:12:39.0599 (StateSyncRequestHandler.cs:18) 玩家ID:482736422909116417 移动方向: 0.91908336 , 0 , -0.39406323
2025-12-05 16:12:39.0599 (StateSyncRequestHandler.cs:18) 玩家ID:482736422909116417 移动到新位置: -0.77253294 , 0 , 2.6779974
2025-12-05 16:12:39.1599 (StateSyncRequestHandler.cs:18) 玩家ID:482736422909116417 移动到新位置: -0.77253294 , 0 , 2.6779974
2025-12-05 16:12:39.2652 (StateSyncRequestHandler.cs:18) 玩家ID:482736422909116417 移动方向: -0.3634939 , 0 , 0.9315966
2025-12-05 16:12:39.2652 (StateSyncRequestHandler.cs:18) 玩家ID:482736422909116417 移动到新位置: -0.8452317 , 0 , 2.8643167
2025-12-05 16:12:39.3635 (StateSyncRequestHandler.cs:18) 玩家ID:482736422909116417 移动方向: -0.3598567 , 0 , 0.9330076
2025-12-05 16:12:39.3635 (StateSyncRequestHandler.cs:18) 玩家ID:482736422909116417 移动到新位置: -0.91720307 , 0 , 3.050918
2025-12-05 16:12:39.4624 (StateSyncRequestHandler.cs:18) 玩家ID:482736422909116417 移动方向: -0.35625738 , 0 , 0.9343879
2025-12-05 16:12:39.4624 (StateSyncRequestHandler.cs:18) 玩家ID:482736422909116417 移动到新位置: -0.9884545 , 0 , 3.2377956
2025-12-05 16:12:39.5665 (StateSyncRequestHandler.cs:18) 玩家ID:482736422909116417 移动方向: -0.91103977 , 0 , 0.4123185
2025-12-05 16:12:39.5665 (StateSyncRequestHandler.cs:18) 玩家ID:482736422909116417 移动到新位置: -1.1706625 , 0 , 3.3202593
2025-12-05 16:12:39.6609 (StateSyncRequestHandler.cs:18) 玩家ID:482736422909116417 移动方向: -0.909417 , 0 , 0.4158855
2025-12-05 16:12:39.6609 (StateSyncRequestHandler.cs:18) 玩家ID:482736422909116417 移动到新位置: -1.352546 , 0 , 3.4034364
2025-12-05 16:12:39.7601 (StateSyncRequestHandler.cs:18) 玩家ID:482736422909116417 移动方向: -0.34537482 , 0 , 0.93846476
2025-12-05 16:12:39.7601 (StateSyncRequestHandler.cs:18) 玩家ID:482736422909116417 移动到新位置: -1.421621 , 0 , 3.5911293
2025-12-05 16:12:39.8572 (StateSyncRequestHandler.cs:18) 玩家ID:482736422909116417 移动方向: -0.34189606 , 0 , 0.93973774
2025-12-05 16:12:39.8572 (StateSyncRequestHandler.cs:18) 玩家ID:482736422909116417 移动到新位置: -1.4900001 , 0 , 3.7790768
2025-12-05 16:12:39.9631 (StateSyncRequestHandler.cs:18) 玩家ID:482736422909116417 移动方向: -0.33814976 , 0 , 0.9410923
2025-12-05 16:12:39.9631 (StateSyncRequestHandler.cs:18) 玩家ID:482736422909116417 移动到新位置: -1.5576301 , 0 , 3.9672952
2025-12-05 16:12:40.0659 (StateSyncRequestHandler.cs:18) 玩家ID:482736422909116417 移动方向: -0.90296215 , 0 , 0.42972004
2025-12-05 16:12:40.0659 (StateSyncRequestHandler.cs:18) 玩家ID:482736422909116417 移动到新位置: -1.7382225 , 0 , 4.0532393
2025-12-05 16:12:40.1588 (StateSyncRequestHandler.cs:18) 玩家ID:482736422909116417 移动方向: -0.94350505 , 0 , -0.33135822
2025-12-05 16:12:40.1588 (StateSyncRequestHandler.cs:18) 玩家ID:482736422909116417 移动到新位置: -1.9269235 , 0 , 3.9869678
2025-12-05 16:12:40.2665 (StateSyncRequestHandler.cs:18) 玩家ID:482736422909116417 移动方向: -0.94478947 , 0 , -0.32767797
2025-12-05 16:12:40.2665 (StateSyncRequestHandler.cs:18) 玩家ID:482736422909116417 移动到新位置: -2.1158814 , 0 , 3.9214323
2025-12-05 16:12:40.3637 (StateSyncRequestHandler.cs:18) 玩家ID:482736422909116417 移动方向: -0.43949872 , 0 , -0.8982432
2025-12-05 16:12:40.3637 (StateSyncRequestHandler.cs:18) 玩家ID:482736422909116417 移动到新位置: -2.2037811 , 0 , 3.7417836
2025-12-05 16:12:40.4612 (StateSyncRequestHandler.cs:18) 玩家ID:482736422909116417 移动方向: -0.4425472 , 0 , -0.8967452
2025-12-05 16:12:40.4612 (StateSyncRequestHandler.cs:18) 玩家ID:482736422909116417 移动到新位置: -2.2922907 , 0 , 3.5624347
2025-12-05 16:12:40.5606 (StateSyncRequestHandler.cs:18) 玩家ID:482736422909116417 移动方向: -0.8951891 , 0 , 0.44568646
2025-12-05 16:12:40.5606 (StateSyncRequestHandler.cs:18) 玩家ID:482736422909116417 移动到新位置: -2.4713285 , 0 , 3.651572
2025-12-05 16:12:40.6599 (StateSyncRequestHandler.cs:18) 玩家ID:482736422909116417 移动方向: -0.3146142 , 0 , 0.94921964
2025-12-05 16:12:40.6599 (StateSyncRequestHandler.cs:18) 玩家ID:482736422909116417 移动到新位置: -2.5342515 , 0 , 3.841416
2025-12-05 16:12:40.7655 (StateSyncRequestHandler.cs:18) 玩家ID:482736422909116417 移动方向: -0.31123915 , 0 , 0.9503316
2025-12-05 16:12:40.7655 (StateSyncRequestHandler.cs:18) 玩家ID:482736422909116417 移动到新位置: -2.5964992 , 0 , 4.031482
2025-12-05 16:12:40.8608 (StateSyncRequestHandler.cs:18) 玩家ID:482736422909116417 移动方向: 0.890571 , 0 , -0.4548443
2025-12-05 16:12:40.8608 (StateSyncRequestHandler.cs:18) 玩家ID:482736422909116417 移动到新位置: -2.418385 , 0 , 3.9405134
2025-12-05 16:12:40.9660 (StateSyncRequestHandler.cs:18) 玩家ID:482736422909116417 移动方向: 0.8889869 , 0 , -0.4579326
2025-12-05 16:12:40.9660 (StateSyncRequestHandler.cs:18) 玩家ID:482736422909116417 移动到新位置: -2.2405877 , 0 , 3.8489268
2025-12-05 16:12:41.0648 (StateSyncRequestHandler.cs:18) 玩家ID:482736422909116417 移动到新位置: -2.2405877 , 0 , 3.8489268
2025-12-05 16:12:44.2671 (StateSyncRequestHandler.cs:18) 玩家ID:482736422909116417 移动方向: -0.97422427 , 0 , -0.22558168
2025-12-05 16:12:44.2671 (StateSyncRequestHandler.cs:18) 玩家ID:482736422909116417 移动到新位置: -2.4354324 , 0 , 3.8038104
2025-12-05 16:12:44.3662 (StateSyncRequestHandler.cs:18) 玩家ID:482736422909116417 移动方向: -0.9745613 , 0 , -0.22412111
2025-12-05 16:12:44.3662 (StateSyncRequestHandler.cs:18) 玩家ID:482736422909116417 移动到新位置: -2.6303446 , 0 , 3.7589862
2025-12-05 16:12:44.4653 (StateSyncRequestHandler.cs:18) 玩家ID:482736422909116417 移动方向: -0.5317542 , 0 , -0.84689873
2025-12-05 16:12:44.4653 (StateSyncRequestHandler.cs:18) 玩家ID:482736422909116417 移动到新位置: -2.7366955 , 0 , 3.5896065
2025-12-05 16:12:44.5628 (StateSyncRequestHandler.cs:18) 玩家ID:482736422909116417 移动方向: -0.5327817 , 0 , -0.8462527
2025-12-05 16:12:44.5628 (StateSyncRequestHandler.cs:18) 玩家ID:482736422909116417 移动到新位置: -2.843252 , 0 , 3.420356
2025-12-05 16:12:44.6681 (StateSyncRequestHandler.cs:18) 玩家ID:482736422909116417 移动方向: -0.9753704 , 0 , -0.2205734
2025-12-05 16:12:44.6681 (StateSyncRequestHandler.cs:18) 玩家ID:482736422909116417 移动到新位置: -3.038326 , 0 , 3.3762414
2025-12-05 16:12:44.7636 (StateSyncRequestHandler.cs:18) 玩家ID:482736422909116417 移动方向: -0.21962263 , 0 , 0.9755849
2025-12-05 16:12:44.7636 (StateSyncRequestHandler.cs:18) 玩家ID:482736422909116417 移动到新位置: -3.0822506 , 0 , 3.5713584
2025-12-05 16:12:44.8595 (StateSyncRequestHandler.cs:18) 玩家ID:482736422909116417 移动方向: 0.9757729 , 0 , 0.21878575
2025-12-05 16:12:44.8595 (StateSyncRequestHandler.cs:18) 玩家ID:482736422909116417 移动到新位置: -2.887096 , 0 , 3.6151156
2025-12-05 16:12:44.9637 (StateSyncRequestHandler.cs:18) 玩家ID:482736422909116417 移动方向: 0.84425735 , 0 , -0.53593785
2025-12-05 16:12:44.9637 (StateSyncRequestHandler.cs:18) 玩家ID:482736422909116417 移动到新位置: -2.7182446 , 0 , 3.5079281
2025-12-05 16:12:45.0574 (StateSyncRequestHandler.cs:18) 玩家ID:482736422909116417 移动方向: 0.843912 , 0 , -0.5364815
2025-12-05 16:12:45.0574 (StateSyncRequestHandler.cs:18) 玩家ID:482736422909116417 移动到新位置: -2.549462 , 0 , 3.400632
2025-12-05 16:12:45.1626 (StateSyncRequestHandler.cs:18) 玩家ID:482736422909116417 移动方向: 0.8436017 , 0 , -0.5369694
2025-12-05 16:12:45.1626 (StateSyncRequestHandler.cs:18) 玩家ID:482736422909116417 移动到新位置: -2.3807418 , 0 , 3.293238
2025-12-05 16:12:45.2685 (StateSyncRequestHandler.cs:18) 玩家ID:482736422909116417 移动方向: 0.21633266 , 0 , -0.97631973
2025-12-05 16:12:45.2685 (StateSyncRequestHandler.cs:18) 玩家ID:482736422909116417 移动到新位置: -2.3374753 , 0 , 3.097974
2025-12-05 16:12:45.3638 (StateSyncRequestHandler.cs:18) 玩家ID:482736422909116417 移动到新位置: -2.3374753 , 0 , 3.097974
2025-12-05 16:13:31.1014  收到登录请求
2025-12-05 16:13:31.1455  进入大厅成功，玩家ID:482736422909116417
2025-12-05 16:14:45.7580  收到登录请求
2025-12-05 16:14:45.7959  进入大厅成功，玩家ID:482736422909116417
2025-12-05 16:14:47.3498 (StateSyncRequestHandler.cs:18) 玩家ID:482736422909116417 移动方向: 0.35240003 , 0 , -0.9358495
2025-12-05 16:14:47.3498 (StateSyncRequestHandler.cs:18) 玩家ID:482736422909116417 移动到新位置: -2.2669952 , 0 , 2.9108043
2025-12-05 16:14:47.4444 (StateSyncRequestHandler.cs:18) 玩家ID:482736422909116417 移动方向: -0.73406774 , 0 , -0.6790762
2025-12-05 16:14:47.4444 (StateSyncRequestHandler.cs:18) 玩家ID:482736422909116417 移动到新位置: -2.4138088 , 0 , 2.7749891
2025-12-05 16:14:47.5483 (StateSyncRequestHandler.cs:18) 玩家ID:482736422909116417 移动方向: -0.9669115 , 0 , 0.25511187
2025-12-05 16:14:47.5483 (StateSyncRequestHandler.cs:18) 玩家ID:482736422909116417 移动到新位置: -2.607191 , 0 , 2.8260114
2025-12-05 16:14:47.6449 (StateSyncRequestHandler.cs:18) 玩家ID:482736422909116417 移动方向: -0.7233466 , 0 , 0.6904851
2025-12-05 16:14:47.6449 (StateSyncRequestHandler.cs:18) 玩家ID:482736422909116417 移动到新位置: -2.7518604 , 0 , 2.9641085
2025-12-05 16:14:47.7544 (StateSyncRequestHandler.cs:18) 玩家ID:482736422909116417 移动方向: -0.5736638 , 0 , 0.81909084
2025-12-05 16:14:47.7544 (StateSyncRequestHandler.cs:18) 玩家ID:482736422909116417 移动到新位置: -2.8665931 , 0 , 3.1279266
2025-12-05 16:14:47.8458 (StateSyncRequestHandler.cs:18) 玩家ID:482736422909116417 移动到新位置: -2.8665931 , 0 , 3.1279266
2025-12-05 16:14:51.8492 (StateSyncRequestHandler.cs:18) 玩家ID:482736422909116417 移动方向: 0.7922186 , 0 , 0.61023736
2025-12-05 16:14:51.8492 (StateSyncRequestHandler.cs:18) 玩家ID:482736422909116417 移动到新位置: -2.7081494 , 0 , 3.249974
2025-12-05 16:14:51.9469 (StateSyncRequestHandler.cs:18) 玩家ID:482736422909116417 移动方向: 0.10122559 , 0 , 0.99486345
2025-12-05 16:14:51.9469 (StateSyncRequestHandler.cs:18) 玩家ID:482736422909116417 移动到新位置: -2.6879044 , 0 , 3.4489467
2025-12-05 16:14:52.0436 (StateSyncRequestHandler.cs:18) 玩家ID:482736422909116417 移动方向: 0.46857017 , 0 , 0.88342625
2025-12-05 16:14:52.0436 (StateSyncRequestHandler.cs:18) 玩家ID:482736422909116417 移动到新位置: -2.5941904 , 0 , 3.625632
2025-12-05 16:14:52.1509 (StateSyncRequestHandler.cs:18) 玩家ID:482736422909116417 移动方向: 0.89758426 , 0 , 0.440843
2025-12-05 16:14:52.1509 (StateSyncRequestHandler.cs:18) 玩家ID:482736422909116417 移动到新位置: -2.4146736 , 0 , 3.7138007
2025-12-05 16:14:52.2509 (StateSyncRequestHandler.cs:18) 玩家ID:482736422909116417 移动方向: 0.4856958 , 0 , -0.87412786
2025-12-05 16:14:52.2509 (StateSyncRequestHandler.cs:18) 玩家ID:482736422909116417 移动到新位置: -2.3175344 , 0 , 3.538975
2025-12-05 16:14:52.3482 (StateSyncRequestHandler.cs:18) 玩家ID:482736422909116417 移动方向: -0.25963598 , 0 , -0.9657065
2025-12-05 16:14:52.3482 (StateSyncRequestHandler.cs:18) 玩家ID:482736422909116417 移动到新位置: -2.3694615 , 0 , 3.3458338
2025-12-05 16:14:52.4456 (StateSyncRequestHandler.cs:18) 玩家ID:482736422909116417 移动方向: -0.25471002 , 0 , -0.9670175
2025-12-05 16:14:52.4456 (StateSyncRequestHandler.cs:18) 玩家ID:482736422909116417 移动到新位置: -2.4204035 , 0 , 3.1524303
2025-12-05 16:14:52.5429 (StateSyncRequestHandler.cs:18) 玩家ID:482736422909116417 移动方向: -0.2531929 , 0 , -0.9674158
2025-12-05 16:14:52.5429 (StateSyncRequestHandler.cs:18) 玩家ID:482736422909116417 移动到新位置: -2.4710422 , 0 , 2.9589472
2025-12-05 16:14:52.6521 (StateSyncRequestHandler.cs:18) 玩家ID:482736422909116417 移动方向: 0.96755034 , 0 , -0.25267813
2025-12-05 16:14:52.6521 (StateSyncRequestHandler.cs:18) 玩家ID:482736422909116417 移动到新位置: -2.277532 , 0 , 2.9084115
2025-12-05 16:14:52.7515 (StateSyncRequestHandler.cs:18) 玩家ID:482736422909116417 移动方向: 0.86276335 , 0 , 0.505608
2025-12-05 16:14:52.7515 (StateSyncRequestHandler.cs:18) 玩家ID:482736422909116417 移动到新位置: -2.1049795 , 0 , 3.0095332
2025-12-05 16:14:52.8490 (StateSyncRequestHandler.cs:18) 玩家ID:482736422909116417 移动方向: 0.252509 , 0 , 0.9675945
2025-12-05 16:14:52.8490 (StateSyncRequestHandler.cs:18) 玩家ID:482736422909116417 移动到新位置: -2.0544777 , 0 , 3.203052
2025-12-05 16:14:52.9455 (StateSyncRequestHandler.cs:18) 玩家ID:482736422909116417 移动方向: 0.252498 , 0 , 0.96759737
2025-12-05 16:14:52.9455 (StateSyncRequestHandler.cs:18) 玩家ID:482736422909116417 移动到新位置: -2.003978 , 0 , 3.3965714
2025-12-05 16:14:53.0483 (StateSyncRequestHandler.cs:18) 玩家ID:482736422909116417 移动方向: 0.86273605 , 0 , 0.5056545
2025-12-05 16:14:53.0483 (StateSyncRequestHandler.cs:18) 玩家ID:482736422909116417 移动到新位置: -1.8314308 , 0 , 3.4977024
2025-12-05 16:14:53.1440 (StateSyncRequestHandler.cs:18) 玩家ID:482736422909116417 移动方向: 0.86273575 , 0 , 0.5056551
2025-12-05 16:14:53.1440 (StateSyncRequestHandler.cs:18) 玩家ID:482736422909116417 移动到新位置: -1.6588837 , 0 , 3.5988333
2025-12-05 16:14:53.2470 (StateSyncRequestHandler.cs:18) 玩家ID:482736422909116417 移动方向: 0.9675984 , 0 , -0.25249413
2025-12-05 16:14:53.2470 (StateSyncRequestHandler.cs:18) 玩家ID:482736422909116417 移动到新位置: -1.465364 , 0 , 3.5483346
2025-12-05 16:14:53.3480 (StateSyncRequestHandler.cs:18) 玩家ID:482736422909116417 移动方向: 0.50565505 , 0 , -0.86273575
2025-12-05 16:14:53.3480 (StateSyncRequestHandler.cs:18) 玩家ID:482736422909116417 移动到新位置: -1.364233 , 0 , 3.3757875
2025-12-05 16:14:53.4488 (StateSyncRequestHandler.cs:18) 玩家ID:482736422909116417 移动方向: 0.50565505 , 0 , -0.86273575
2025-12-05 16:14:53.4488 (StateSyncRequestHandler.cs:18) 玩家ID:482736422909116417 移动到新位置: -1.263102 , 0 , 3.2032404
2025-12-05 16:14:53.5454 (StateSyncRequestHandler.cs:18) 玩家ID:482736422909116417 移动方向: -0.25249416 , 0 , -0.96759844
2025-12-05 16:14:53.5454 (StateSyncRequestHandler.cs:18) 玩家ID:482736422909116417 移动到新位置: -1.3136009 , 0 , 3.0097208
2025-12-05 16:14:53.6487 (StateSyncRequestHandler.cs:18) 玩家ID:482736422909116417 移动方向: -0.259888 , 0 , -0.96563876
2025-12-05 16:14:53.6487 (StateSyncRequestHandler.cs:18) 玩家ID:482736422909116417 移动到新位置: -1.3655785 , 0 , 2.8165932
2025-12-05 16:14:53.7488 (StateSyncRequestHandler.cs:18) 玩家ID:482736422909116417 移动方向: -0.4125284 , 0 , -0.9109447
2025-12-05 16:14:53.7488 (StateSyncRequestHandler.cs:18) 玩家ID:482736422909116417 移动到新位置: -1.4480842 , 0 , 2.6344042
2025-12-05 16:14:53.8428 (StateSyncRequestHandler.cs:18) 玩家ID:482736422909116417 移动方向: -0.04070667 , 0 , -0.99917114
2025-12-05 16:14:53.8428 (StateSyncRequestHandler.cs:18) 玩家ID:482736422909116417 移动到新位置: -1.4562255 , 0 , 2.4345698
2025-12-05 16:14:53.9425 (StateSyncRequestHandler.cs:18) 玩家ID:482736422909116417 移动方向: 0.839273 , 0 , -0.54371023
2025-12-05 16:14:53.9431 (StateSyncRequestHandler.cs:18) 玩家ID:482736422909116417 移动到新位置: -1.288371 , 0 , 2.3258278
2025-12-05 16:14:54.0514 (StateSyncRequestHandler.cs:18) 玩家ID:482736422909116417 移动到新位置: -1.288371 , 0 , 2.3258278
2025-12-05 16:18:07.5930  收到登录请求
2025-12-05 16:18:07.6396  进入大厅成功，玩家ID:482734309785206785
2025-12-05 16:18:08.9942 (StateSyncRequestHandler.cs:18) 玩家ID:482734309785206785 移动方向: 0.32058838 , 0 , -0.9472186
2025-12-05 16:18:08.9942 (StateSyncRequestHandler.cs:18) 玩家ID:482734309785206785 移动到新位置: 3.4842093 , 0 , -4.218034
2025-12-05 16:18:09.0862 (StateSyncRequestHandler.cs:18) 玩家ID:482734309785206785 移动方向: 0.3794535 , 0 , -0.92521083
2025-12-05 16:18:09.0862 (StateSyncRequestHandler.cs:18) 玩家ID:482734309785206785 移动到新位置: 3.5601 , 0 , -4.403076
2025-12-05 16:18:09.1782 (StateSyncRequestHandler.cs:18) 玩家ID:482734309785206785 移动方向: -0.36677188 , 0 , -0.93031096
2025-12-05 16:18:09.1782 (StateSyncRequestHandler.cs:18) 玩家ID:482734309785206785 移动到新位置: 3.4867456 , 0 , -4.5891385
2025-12-05 16:18:09.2881 (StateSyncRequestHandler.cs:18) 玩家ID:482734309785206785 移动方向: -0.91418934 , 0 , -0.40528738
2025-12-05 16:18:09.2881 (StateSyncRequestHandler.cs:18) 玩家ID:482734309785206785 移动到新位置: 3.3039076 , 0 , -4.670196
2025-12-05 16:18:09.3804 (StateSyncRequestHandler.cs:18) 玩家ID:482734309785206785 移动方向: -0.9133796 , 0 , -0.40710893
2025-12-05 16:18:09.3804 (StateSyncRequestHandler.cs:18) 玩家ID:482734309785206785 移动到新位置: 3.1212318 , 0 , -4.751618
2025-12-05 16:18:09.4882 (StateSyncRequestHandler.cs:18) 玩家ID:482734309785206785 移动方向: -0.9131245 , 0 , -0.4076809
2025-12-05 16:18:09.4882 (StateSyncRequestHandler.cs:18) 玩家ID:482734309785206785 移动到新位置: 2.938607 , 0 , -4.833154
2025-12-05 16:18:09.5828 (StateSyncRequestHandler.cs:18) 玩家ID:482734309785206785 移动方向: -0.91304654 , 0 , -0.4078553
2025-12-05 16:18:09.5828 (StateSyncRequestHandler.cs:18) 玩家ID:482734309785206785 移动到新位置: 2.7559977 , 0 , -4.9147253
2025-12-05 16:18:09.6907 (StateSyncRequestHandler.cs:18) 玩家ID:482734309785206785 移动方向: -0.93638396 , 0 , -0.35097724
2025-12-05 16:18:09.6907 (StateSyncRequestHandler.cs:18) 玩家ID:482734309785206785 移动到新位置: 2.5687208 , 0 , -4.984921
2025-12-05 16:18:09.7851 (StateSyncRequestHandler.cs:18) 玩家ID:482734309785206785 移动方向: -0.99619794 , 0 , 0.087118715
2025-12-05 16:18:09.7851 (StateSyncRequestHandler.cs:18) 玩家ID:482734309785206785 移动到新位置: 2.3694813 , 0 , -4.9674973
2025-12-05 16:18:09.8946 (StateSyncRequestHandler.cs:18) 玩家ID:482734309785206785 移动方向: -0.8794229 , 0 , 0.47604132
2025-12-05 16:18:09.8946 (StateSyncRequestHandler.cs:18) 玩家ID:482734309785206785 移动到新位置: 2.1935968 , 0 , -4.872289
2025-12-05 16:18:09.9888 (StateSyncRequestHandler.cs:18) 玩家ID:482734309785206785 移动方向: -0.7698334 , 0 , 0.6382449
2025-12-05 16:18:09.9888 (StateSyncRequestHandler.cs:18) 玩家ID:482734309785206785 移动到新位置: 2.0396302 , 0 , -4.7446404
2025-12-05 16:18:10.0809 (StateSyncRequestHandler.cs:18) 玩家ID:482734309785206785 移动方向: -0.99999636 , 0 , -0.0026752353
2025-12-05 16:18:10.0809 (StateSyncRequestHandler.cs:18) 玩家ID:482734309785206785 移动到新位置: 1.8396308 , 0 , -4.7451754
2025-12-05 16:18:10.1904 (StateSyncRequestHandler.cs:18) 玩家ID:482734309785206785 移动方向: -0.99724835 , 0 , 0.0741331
2025-12-05 16:18:10.1904 (StateSyncRequestHandler.cs:18) 玩家ID:482734309785206785 移动到新位置: 1.6401812 , 0 , -4.7303486
2025-12-05 16:18:10.2850 (StateSyncRequestHandler.cs:18) 玩家ID:482734309785206785 移动方向: -0.83716106 , 0 , -0.5469565
2025-12-05 16:18:10.2850 (StateSyncRequestHandler.cs:18) 玩家ID:482734309785206785 移动到新位置: 1.472749 , 0 , -4.83974
2025-12-05 16:18:10.3929 (StateSyncRequestHandler.cs:18) 玩家ID:482734309785206785 移动到新位置: 1.472749 , 0 , -4.83974
2025-12-05 16:18:12.8909 (StateSyncRequestHandler.cs:18) 玩家ID:482734309785206785 移动方向: 0.9671249 , 0 , 0.25430202
2025-12-05 16:18:12.8909 (StateSyncRequestHandler.cs:18) 玩家ID:482734309785206785 移动到新位置: 1.6661739 , 0 , -4.7888794
2025-12-05 16:18:12.9836 (StateSyncRequestHandler.cs:18) 玩家ID:482734309785206785 移动方向: 0.91214246 , 0 , 0.40987325
2025-12-05 16:18:12.9836 (StateSyncRequestHandler.cs:18) 玩家ID:482734309785206785 移动到新位置: 1.8486024 , 0 , -4.706905
2025-12-05 16:18:13.0906 (StateSyncRequestHandler.cs:18) 玩家ID:482734309785206785 移动方向: 0.97032607 , 0 , -0.2418001
2025-12-05 16:18:13.0906 (StateSyncRequestHandler.cs:18) 玩家ID:482734309785206785 移动到新位置: 2.0426676 , 0 , -4.7552648
2025-12-05 16:18:13.1831 (StateSyncRequestHandler.cs:18) 玩家ID:482734309785206785 移动方向: 0.55627614 , 0 , -0.83099747
2025-12-05 16:18:13.1831 (StateSyncRequestHandler.cs:18) 玩家ID:482734309785206785 移动到新位置: 2.1539228 , 0 , -4.9214644
2025-12-05 16:18:13.2788 (StateSyncRequestHandler.cs:18) 玩家ID:482734309785206785 移动方向: 0.57068187 , 0 , -0.8211713
2025-12-05 16:18:13.2788 (StateSyncRequestHandler.cs:18) 玩家ID:482734309785206785 移动到新位置: 2.2680593 , 0 , -5.0856986
2025-12-05 16:18:13.3884 (StateSyncRequestHandler.cs:18) 玩家ID:482734309785206785 移动方向: 0.55921096 , 0 , -0.82902545
2025-12-05 16:18:13.3884 (StateSyncRequestHandler.cs:18) 玩家ID:482734309785206785 移动到新位置: 2.3799014 , 0 , -5.2515035
2025-12-05 16:18:13.4806 (StateSyncRequestHandler.cs:18) 玩家ID:482734309785206785 移动方向: 0.46034718 , 0 , -0.887739
2025-12-05 16:18:13.4806 (StateSyncRequestHandler.cs:18) 玩家ID:482734309785206785 移动到新位置: 2.4719708 , 0 , -5.4290514
2025-12-05 16:18:13.5909 (StateSyncRequestHandler.cs:18) 玩家ID:482734309785206785 移动方向: -0.5160543 , 0 , -0.8565558
2025-12-05 16:18:13.5909 (StateSyncRequestHandler.cs:18) 玩家ID:482734309785206785 移动到新位置: 2.3687599 , 0 , -5.600363
2025-12-05 16:18:13.6841 (StateSyncRequestHandler.cs:18) 玩家ID:482734309785206785 移动方向: -0.9987164 , 0 , -0.050650626
2025-12-05 16:18:13.6841 (StateSyncRequestHandler.cs:18) 玩家ID:482734309785206785 移动到新位置: 2.1690166 , 0 , -5.6104927
2025-12-05 16:18:13.7935 (StateSyncRequestHandler.cs:18) 玩家ID:482734309785206785 移动方向: -0.99198633 , 0 , 0.12634519
2025-12-05 16:18:13.7935 (StateSyncRequestHandler.cs:18) 玩家ID:482734309785206785 移动到新位置: 1.9706193 , 0 , -5.5852237
2025-12-05 16:18:13.8886 (StateSyncRequestHandler.cs:18) 玩家ID:482734309785206785 移动方向: -0.8781029 , 0 , 0.47847185
2025-12-05 16:18:13.8886 (StateSyncRequestHandler.cs:18) 玩家ID:482734309785206785 移动到新位置: 1.7949988 , 0 , -5.489529
2025-12-05 16:18:13.9807 (StateSyncRequestHandler.cs:18) 玩家ID:482734309785206785 移动方向: -0.33733693 , 0 , 0.941384
2025-12-05 16:18:13.9807 (StateSyncRequestHandler.cs:18) 玩家ID:482734309785206785 移动到新位置: 1.7275314 , 0 , -5.3012524
2025-12-05 16:18:14.0898 (StateSyncRequestHandler.cs:18) 玩家ID:482734309785206785 移动方向: 0.3699826 , 0 , 0.9290387
2025-12-05 16:18:14.0898 (StateSyncRequestHandler.cs:18) 玩家ID:482734309785206785 移动到新位置: 1.801528 , 0 , -5.1154447
2025-12-05 16:18:14.1838 (StateSyncRequestHandler.cs:18) 玩家ID:482734309785206785 移动方向: 0.69551134 , 0 , 0.7185151
2025-12-05 16:18:14.1838 (StateSyncRequestHandler.cs:18) 玩家ID:482734309785206785 移动到新位置: 1.9406302 , 0 , -4.9717417
2025-12-05 16:18:14.2776 (StateSyncRequestHandler.cs:18) 玩家ID:482734309785206785 移动方向: 0.8010652 , 0 , 0.5985771
2025-12-05 16:18:14.2776 (StateSyncRequestHandler.cs:18) 玩家ID:482734309785206785 移动到新位置: 2.1008432 , 0 , -4.8520265
2025-12-05 16:18:14.3861 (StateSyncRequestHandler.cs:18) 玩家ID:482734309785206785 移动方向: 0.82229936 , 0 , 0.5690551
2025-12-05 16:18:14.3861 (StateSyncRequestHandler.cs:18) 玩家ID:482734309785206785 移动到新位置: 2.2653031 , 0 , -4.7382154
2025-12-05 16:18:14.4805 (StateSyncRequestHandler.cs:18) 玩家ID:482734309785206785 移动方向: 0.7187295 , 0 , 0.6952898
2025-12-05 16:18:14.4805 (StateSyncRequestHandler.cs:18) 玩家ID:482734309785206785 移动到新位置: 2.409049 , 0 , -4.5991573
2025-12-05 16:18:14.5878 (StateSyncRequestHandler.cs:18) 玩家ID:482734309785206785 移动方向: 0.3324887 , 0 , 0.94310725
2025-12-05 16:18:14.5878 (StateSyncRequestHandler.cs:18) 玩家ID:482734309785206785 移动到新位置: 2.4755468 , 0 , -4.410536
2025-12-05 16:18:14.6824 (StateSyncRequestHandler.cs:18) 玩家ID:482734309785206785 移动方向: -0.324871 , 0 , 0.94575834
2025-12-05 16:18:14.6824 (StateSyncRequestHandler.cs:18) 玩家ID:482734309785206785 移动到新位置: 2.4105725 , 0 , -4.221384
2025-12-05 16:18:14.7926 (StateSyncRequestHandler.cs:18) 玩家ID:482734309785206785 移动方向: -0.87350696 , 0 , 0.4868117
2025-12-05 16:18:14.7926 (StateSyncRequestHandler.cs:18) 玩家ID:482734309785206785 移动到新位置: 2.235871 , 0 , -4.1240215
2025-12-05 16:18:14.8851 (StateSyncRequestHandler.cs:18) 玩家ID:482734309785206785 移动方向: -0.9984749 , 0 , 0.05520772
2025-12-05 16:18:14.8851 (StateSyncRequestHandler.cs:18) 玩家ID:482734309785206785 移动到新位置: 2.0361762 , 0 , -4.11298
2025-12-05 16:18:14.9782 (StateSyncRequestHandler.cs:18) 玩家ID:482734309785206785 移动方向: -0.9625128 , 0 , -0.27123636
2025-12-05 16:18:14.9782 (StateSyncRequestHandler.cs:18) 玩家ID:482734309785206785 移动到新位置: 1.8436737 , 0 , -4.1672273
2025-12-05 16:18:15.0869 (StateSyncRequestHandler.cs:18) 玩家ID:482734309785206785 移动方向: -0.9128834 , 0 , -0.4082204
2025-12-05 16:18:15.0869 (StateSyncRequestHandler.cs:18) 玩家ID:482734309785206785 移动到新位置: 1.661097 , 0 , -4.2488713
2025-12-05 16:18:15.1809 (StateSyncRequestHandler.cs:18) 玩家ID:482734309785206785 移动方向: -0.8939276 , 0 , -0.44821152
2025-12-05 16:18:15.1809 (StateSyncRequestHandler.cs:18) 玩家ID:482734309785206785 移动到新位置: 1.4823115 , 0 , -4.338514
2025-12-05 16:18:15.2741 (StateSyncRequestHandler.cs:18) 玩家ID:482734309785206785 移动方向: -0.93903255 , 0 , -0.3438283
2025-12-05 16:18:15.2741 (StateSyncRequestHandler.cs:18) 玩家ID:482734309785206785 移动到新位置: 1.294505 , 0 , -4.4072795
2025-12-05 16:18:15.4003 (StateSyncRequestHandler.cs:18) 玩家ID:482734309785206785 移动方向: -0.99805677 , 0 , 0.062311076
2025-12-05 16:18:15.4003 (StateSyncRequestHandler.cs:18) 玩家ID:482734309785206785 移动到新位置: 1.0948937 , 0 , -4.3948174
2025-12-05 16:18:15.4796 (StateSyncRequestHandler.cs:18) 玩家ID:482734309785206785 移动方向: -0.93820286 , 0 , 0.34608573
2025-12-05 16:18:15.4796 (StateSyncRequestHandler.cs:18) 玩家ID:482734309785206785 移动到新位置: 0.90725315 , 0 , -4.3256
2025-12-05 16:18:15.5876 (StateSyncRequestHandler.cs:18) 玩家ID:482734309785206785 移动方向: -0.9192489 , 0 , 0.39367688
2025-12-05 16:18:15.5876 (StateSyncRequestHandler.cs:18) 玩家ID:482734309785206785 移动到新位置: 0.7234034 , 0 , -4.246865
2025-12-05 16:18:15.6795 (StateSyncRequestHandler.cs:18) 玩家ID:482734309785206785 移动方向: -0.968857 , 0 , 0.24762073
2025-12-05 16:18:15.6795 (StateSyncRequestHandler.cs:18) 玩家ID:482734309785206785 移动到新位置: 0.529632 , 0 , -4.1973405
2025-12-05 16:18:15.7893 (StateSyncRequestHandler.cs:18) 玩家ID:482734309785206785 移动方向: -0.9881657 , 0 , 0.15339014
2025-12-05 16:18:15.7893 (StateSyncRequestHandler.cs:18) 玩家ID:482734309785206785 移动到新位置: 0.33199883 , 0 , -4.1666627
2025-12-05 16:18:15.8813 (StateSyncRequestHandler.cs:18) 玩家ID:482734309785206785 移动方向: -0.9324562 , 0 , 0.36128306
2025-12-05 16:18:15.8813 (StateSyncRequestHandler.cs:18) 玩家ID:482734309785206785 移动到新位置: 0.14550759 , 0 , -4.094406
2025-12-05 16:18:15.9911 (StateSyncRequestHandler.cs:18) 玩家ID:482734309785206785 移动方向: -0.53278464 , 0 , 0.8462509
2025-12-05 16:18:15.9911 (StateSyncRequestHandler.cs:18) 玩家ID:482734309785206785 移动到新位置: 0.03895066 , 0 , -3.9251559
2025-12-05 16:18:16.0847 (StateSyncRequestHandler.cs:18) 玩家ID:482734309785206785 移动方向: 0.20843385 , 0 , 0.97803646
2025-12-05 16:18:16.0847 (StateSyncRequestHandler.cs:18) 玩家ID:482734309785206785 移动到新位置: 0.08063743 , 0 , -3.7295487
2025-12-05 16:18:16.1802 (StateSyncRequestHandler.cs:18) 玩家ID:482734309785206785 移动方向: 0.61745656 , 0 , 0.786605
2025-12-05 16:18:16.1802 (StateSyncRequestHandler.cs:18) 玩家ID:482734309785206785 移动到新位置: 0.20412874 , 0 , -3.5722277
2025-12-05 16:18:16.2895 (StateSyncRequestHandler.cs:18) 玩家ID:482734309785206785 移动方向: 0.78712547 , 0 , 0.616793
2025-12-05 16:18:16.2895 (StateSyncRequestHandler.cs:18) 玩家ID:482734309785206785 移动到新位置: 0.36155385 , 0 , -3.4488692
2025-12-05 16:18:16.3836 (StateSyncRequestHandler.cs:18) 玩家ID:482734309785206785 移动方向: 0.83360314 , 0 , 0.5523638
2025-12-05 16:18:16.3836 (StateSyncRequestHandler.cs:18) 玩家ID:482734309785206785 移动到新位置: 0.5282745 , 0 , -3.3383965
2025-12-05 16:18:16.4907 (StateSyncRequestHandler.cs:18) 玩家ID:482734309785206785 移动方向: 0.8531917 , 0 , 0.5215975
2025-12-05 16:18:16.4907 (StateSyncRequestHandler.cs:18) 玩家ID:482734309785206785 移动到新位置: 0.6989128 , 0 , -3.234077
2025-12-05 16:18:16.5825 (StateSyncRequestHandler.cs:18) 玩家ID:482734309785206785 移动方向: 0.8580924 , 0 , 0.51349527
2025-12-05 16:18:16.5825 (StateSyncRequestHandler.cs:18) 玩家ID:482734309785206785 移动到新位置: 0.87053126 , 0 , -3.131378
2025-12-05 16:18:16.6906 (StateSyncRequestHandler.cs:18) 玩家ID:482734309785206785 移动方向: 0.860026 , 0 , 0.51025015
2025-12-05 16:18:16.6906 (StateSyncRequestHandler.cs:18) 玩家ID:482734309785206785 移动到新位置: 1.0425365 , 0 , -3.0293279
2025-12-05 16:18:16.7837 (StateSyncRequestHandler.cs:18) 玩家ID:482734309785206785 移动方向: 0.86050326 , 0 , 0.5094449
2025-12-05 16:18:16.7837 (StateSyncRequestHandler.cs:18) 玩家ID:482734309785206785 移动到新位置: 1.2146372 , 0 , -2.927439
2025-12-05 16:18:16.8755 (StateSyncRequestHandler.cs:18) 玩家ID:482734309785206785 移动方向: 0.8606703 , 0 , 0.50916266
2025-12-05 16:18:16.8755 (StateSyncRequestHandler.cs:18) 玩家ID:482734309785206785 移动到新位置: 1.3867712 , 0 , -2.8256063
2025-12-05 16:18:16.9862 (StateSyncRequestHandler.cs:18) 玩家ID:482734309785206785 移动方向: 0.86072236 , 0 , 0.5090746
2025-12-05 16:18:16.9862 (StateSyncRequestHandler.cs:18) 玩家ID:482734309785206785 移动到新位置: 1.5589156 , 0 , -2.7237914
2025-12-05 16:18:17.0800 (StateSyncRequestHandler.cs:18) 玩家ID:482734309785206785 移动方向: 0.8607367 , 0 , 0.5090504
2025-12-05 16:18:17.0800 (StateSyncRequestHandler.cs:18) 玩家ID:482734309785206785 移动到新位置: 1.7310629 , 0 , -2.6219814
2025-12-05 16:18:17.1897 (StateSyncRequestHandler.cs:18) 玩家ID:482734309785206785 移动方向: 0.8329856 , 0 , 0.55329466
2025-12-05 16:18:17.1897 (StateSyncRequestHandler.cs:18) 玩家ID:482734309785206785 移动到新位置: 1.89766 , 0 , -2.5113225
2025-12-05 16:18:17.2839 (StateSyncRequestHandler.cs:18) 玩家ID:482734309785206785 移动方向: 0.61745346 , 0 , 0.7866074
2025-12-05 16:18:17.2839 (StateSyncRequestHandler.cs:18) 玩家ID:482734309785206785 移动到新位置: 2.0211506 , 0 , -2.354001
2025-12-05 16:18:17.3923 (StateSyncRequestHandler.cs:18) 玩家ID:482734309785206785 移动方向: -0.11213361 , 0 , 0.9936931
2025-12-05 16:18:17.3923 (StateSyncRequestHandler.cs:18) 玩家ID:482734309785206785 移动到新位置: 1.9987239 , 0 , -2.1552625
2025-12-05 16:18:17.4851 (StateSyncRequestHandler.cs:18) 玩家ID:482734309785206785 移动方向: -0.73287266 , 0 , 0.6803658
2025-12-05 16:18:17.4851 (StateSyncRequestHandler.cs:18) 玩家ID:482734309785206785 移动到新位置: 1.8521494 , 0 , -2.0191894
2025-12-05 16:18:17.5774 (StateSyncRequestHandler.cs:18) 玩家ID:482734309785206785 移动方向: -0.9706327 , 0 , 0.24056658
2025-12-05 16:18:17.5774 (StateSyncRequestHandler.cs:18) 玩家ID:482734309785206785 移动到新位置: 1.6580229 , 0 , -1.971076
2025-12-05 16:18:17.6871 (StateSyncRequestHandler.cs:18) 玩家ID:482734309785206785 移动方向: -0.9589707 , 0 , -0.28350514
2025-12-05 16:18:17.6871 (StateSyncRequestHandler.cs:18) 玩家ID:482734309785206785 移动到新位置: 1.4662287 , 0 , -2.027777
2025-12-05 16:18:17.7792 (StateSyncRequestHandler.cs:18) 玩家ID:482734309785206785 移动方向: -0.70240206 , 0 , -0.7117804
2025-12-05 16:18:17.7792 (StateSyncRequestHandler.cs:18) 玩家ID:482734309785206785 移动到新位置: 1.3257483 , 0 , -2.170133
2025-12-05 16:18:17.8882 (StateSyncRequestHandler.cs:18) 玩家ID:482734309785206785 移动方向: -0.2937532 , 0 , -0.9558813
2025-12-05 16:18:17.8882 (StateSyncRequestHandler.cs:18) 玩家ID:482734309785206785 移动到新位置: 1.2669977 , 0 , -2.3613093
2025-12-05 16:18:17.9944 (StateSyncRequestHandler.cs:18) 玩家ID:482734309785206785 移动方向: 0.17302576 , 0 , -0.9849173
2025-12-05 16:18:17.9944 (StateSyncRequestHandler.cs:18) 玩家ID:482734309785206785 移动到新位置: 1.3016028 , 0 , -2.5582929
2025-12-05 16:18:18.0871 (StateSyncRequestHandler.cs:18) 玩家ID:482734309785206785 移动方向: 0.53441274 , 0 , -0.84522367
2025-12-05 16:18:18.0871 (StateSyncRequestHandler.cs:18) 玩家ID:482734309785206785 移动到新位置: 1.4084854 , 0 , -2.7273376
2025-12-05 16:18:18.1800 (StateSyncRequestHandler.cs:18) 玩家ID:482734309785206785 移动方向: 0.78004426 , 0 , -0.6257243
2025-12-05 16:18:18.1800 (StateSyncRequestHandler.cs:18) 玩家ID:482734309785206785 移动到新位置: 1.5644943 , 0 , -2.8524826
2025-12-05 16:18:18.2891 (StateSyncRequestHandler.cs:18) 玩家ID:482734309785206785 移动方向: 0.9065863 , 0 , -0.42202047
2025-12-05 16:18:18.2891 (StateSyncRequestHandler.cs:18) 玩家ID:482734309785206785 移动到新位置: 1.7458115 , 0 , -2.9368865
2025-12-05 16:18:18.3827 (StateSyncRequestHandler.cs:18) 玩家ID:482734309785206785 移动方向: 0.9486253 , 0 , -0.31640157
2025-12-05 16:18:18.3827 (StateSyncRequestHandler.cs:18) 玩家ID:482734309785206785 移动到新位置: 1.9355365 , 0 , -3.000167
2025-12-05 16:18:18.4906 (StateSyncRequestHandler.cs:18) 玩家ID:482734309785206785 移动方向: 0.9550827 , 0 , -0.29633936
2025-12-05 16:18:18.4906 (StateSyncRequestHandler.cs:18) 玩家ID:482734309785206785 移动到新位置: 2.126553 , 0 , -3.0594347
2025-12-05 16:18:18.5833 (StateSyncRequestHandler.cs:18) 玩家ID:482734309785206785 移动方向: 0.90193063 , 0 , -0.43188092
2025-12-05 16:18:18.5837 (StateSyncRequestHandler.cs:18) 玩家ID:482734309785206785 移动到新位置: 2.3069391 , 0 , -3.1458108
2025-12-05 16:18:18.6928 (StateSyncRequestHandler.cs:18) 玩家ID:482734309785206785 移动方向: 0.674358 , 0 , -0.7384046
2025-12-05 16:18:18.6928 (StateSyncRequestHandler.cs:18) 玩家ID:482734309785206785 移动到新位置: 2.4418106 , 0 , -3.2934918
2025-12-05 16:18:18.7878 (StateSyncRequestHandler.cs:18) 玩家ID:482734309785206785 移动方向: 0.18068412 , 0 , -0.9835412
2025-12-05 16:18:18.7878 (StateSyncRequestHandler.cs:18) 玩家ID:482734309785206785 移动到新位置: 2.4779475 , 0 , -3.4902
2025-12-05 16:18:18.8827 (StateSyncRequestHandler.cs:18) 玩家ID:482734309785206785 移动方向: -0.42224553 , 0 , -0.9064815
2025-12-05 16:18:18.8827 (StateSyncRequestHandler.cs:18) 玩家ID:482734309785206785 移动到新位置: 2.3934984 , 0 , -3.6714964
2025-12-05 16:18:18.9748 (StateSyncRequestHandler.cs:18) 玩家ID:482734309785206785 移动方向: -0.8624088 , 0 , -0.5062124
2025-12-05 16:18:18.9748 (StateSyncRequestHandler.cs:18) 玩家ID:482734309785206785 移动到新位置: 2.2210166 , 0 , -3.772739
2025-12-05 16:18:19.0850 (StateSyncRequestHandler.cs:18) 玩家ID:482734309785206785 移动方向: -0.98458683 , 0 , -0.17489618
2025-12-05 16:18:19.0850 (StateSyncRequestHandler.cs:18) 玩家ID:482734309785206785 移动到新位置: 2.0240993 , 0 , -3.8077183
2025-12-05 16:18:19.1788 (StateSyncRequestHandler.cs:18) 玩家ID:482734309785206785 移动方向: -0.98883677 , 0 , -0.14900279
2025-12-05 16:18:19.1788 (StateSyncRequestHandler.cs:18) 玩家ID:482734309785206785 移动到新位置: 1.826332 , 0 , -3.837519
2025-12-05 16:18:19.2880 (StateSyncRequestHandler.cs:18) 玩家ID:482734309785206785 移动方向: -0.8614959 , 0 , -0.5077646
2025-12-05 16:18:19.2880 (StateSyncRequestHandler.cs:18) 玩家ID:482734309785206785 移动到新位置: 1.6540328 , 0 , -3.939072
2025-12-05 16:18:19.3951 (StateSyncRequestHandler.cs:18) 玩家ID:482734309785206785 移动方向: -0.603909 , 0 , -0.7970532
2025-12-05 16:18:19.3951 (StateSyncRequestHandler.cs:18) 玩家ID:482734309785206785 移动到新位置: 1.533251 , 0 , -4.0984826
2025-12-05 16:18:19.4893 (StateSyncRequestHandler.cs:18) 玩家ID:482734309785206785 移动方向: -0.6300302 , 0 , -0.7765706
2025-12-05 16:18:19.4899 (StateSyncRequestHandler.cs:18) 玩家ID:482734309785206785 移动到新位置: 1.407245 , 0 , -4.2537966
2025-12-05 16:18:19.5953 (StateSyncRequestHandler.cs:18) 玩家ID:482734309785206785 移动方向: -0.9507557 , 0 , -0.3099411
2025-12-05 16:18:19.5953 (StateSyncRequestHandler.cs:18) 玩家ID:482734309785206785 移动到新位置: 1.217094 , 0 , -4.315785
2025-12-05 16:18:19.6722 (StateSyncRequestHandler.cs:18) 玩家ID:482734309785206785 移动方向: -0.8408495 , 0 , 0.541269
2025-12-05 16:18:19.6722 (StateSyncRequestHandler.cs:18) 玩家ID:482734309785206785 移动到新位置: 1.0489241 , 0 , -4.207531
2025-12-05 16:18:19.7807 (StateSyncRequestHandler.cs:18) 玩家ID:482734309785206785 移动方向: -0.0837092 , 0 , 0.9964902
2025-12-05 16:18:19.7807 (StateSyncRequestHandler.cs:18) 玩家ID:482734309785206785 移动到新位置: 1.0321822 , 0 , -4.008233
2025-12-05 16:18:19.8742 (StateSyncRequestHandler.cs:18) 玩家ID:482734309785206785 移动方向: -0.741451 , 0 , 0.67100704
2025-12-05 16:18:19.8742 (StateSyncRequestHandler.cs:18) 玩家ID:482734309785206785 移动到新位置: 0.883892 , 0 , -3.8740315
2025-12-05 16:18:19.9824 (StateSyncRequestHandler.cs:18) 玩家ID:482734309785206785 移动方向: -0.1954151 , 0 , 0.98072064
2025-12-05 16:18:19.9824 (StateSyncRequestHandler.cs:18) 玩家ID:482734309785206785 移动到新位置: 0.844809 , 0 , -3.6778874
2025-12-05 16:18:20.0923 (StateSyncRequestHandler.cs:18) 玩家ID:482734309785206785 移动方向: -0.98600906 , 0 , 0.16669166
2025-12-05 16:18:20.0923 (StateSyncRequestHandler.cs:18) 玩家ID:482734309785206785 移动到新位置: 0.6476072 , 0 , -3.6445491
2025-12-05 16:18:20.1859 (StateSyncRequestHandler.cs:18) 玩家ID:482734309785206785 移动方向: -0.9481492 , 0 , 0.3178256
2025-12-05 16:18:20.1859 (StateSyncRequestHandler.cs:18) 玩家ID:482734309785206785 移动到新位置: 0.45797738 , 0 , -3.580984
2025-12-05 16:18:20.2804 (StateSyncRequestHandler.cs:18) 玩家ID:482734309785206785 移动方向: -0.9301634 , 0 , 0.36714584
2025-12-05 16:18:20.2804 (StateSyncRequestHandler.cs:18) 玩家ID:482734309785206785 移动到新位置: 0.2719447 , 0 , -3.507555
2025-12-05 16:18:20.3870 (StateSyncRequestHandler.cs:18) 玩家ID:482734309785206785 移动方向: -0.92483985 , 0 , 0.38035667
2025-12-05 16:18:20.3870 (StateSyncRequestHandler.cs:18) 玩家ID:482734309785206785 移动到新位置: 0.08697674 , 0 , -3.4314837
2025-12-05 16:18:20.4792 (StateSyncRequestHandler.cs:18) 玩家ID:482734309785206785 移动方向: -0.97545725 , 0 , 0.22018895
2025-12-05 16:18:20.4792 (StateSyncRequestHandler.cs:18) 玩家ID:482734309785206785 移动到新位置: -0.108114704 , 0 , -3.387446
2025-12-05 16:18:20.5872 (StateSyncRequestHandler.cs:18) 玩家ID:482734309785206785 移动方向: -0.95582104 , 0 , -0.2939493
2025-12-05 16:18:20.5872 (StateSyncRequestHandler.cs:18) 玩家ID:482734309785206785 移动到新位置: -0.29927891 , 0 , -3.446236
2025-12-05 16:18:20.6938 (StateSyncRequestHandler.cs:18) 玩家ID:482734309785206785 移动方向: -0.68837786 , 0 , -0.7253523
2025-12-05 16:18:20.6938 (StateSyncRequestHandler.cs:18) 玩家ID:482734309785206785 移动到新位置: -0.4369545 , 0 , -3.5913064
2025-12-05 16:18:20.7856 (StateSyncRequestHandler.cs:18) 玩家ID:482734309785206785 移动方向: -0.51524097 , 0 , -0.85704535
2025-12-05 16:18:20.7856 (StateSyncRequestHandler.cs:18) 玩家ID:482734309785206785 移动到新位置: -0.5400027 , 0 , -3.7627156
2025-12-05 16:18:20.8803 (StateSyncRequestHandler.cs:18) 玩家ID:482734309785206785 移动方向: 0.33885917 , 0 , -0.94083714
2025-12-05 16:18:20.8803 (StateSyncRequestHandler.cs:18) 玩家ID:482734309785206785 移动到新位置: -0.47223088 , 0 , -3.950883
2025-12-05 16:18:20.9745 (StateSyncRequestHandler.cs:18) 玩家ID:482734309785206785 移动方向: 0.37437102 , 0 , -0.927279
2025-12-05 16:18:20.9745 (StateSyncRequestHandler.cs:18) 玩家ID:482734309785206785 移动到新位置: -0.3973567 , 0 , -4.1363387
2025-12-05 16:18:21.0829 (StateSyncRequestHandler.cs:18) 玩家ID:482734309785206785 移动方向: 0.38768274 , 0 , -0.9217928
2025-12-05 16:18:21.0829 (StateSyncRequestHandler.cs:18) 玩家ID:482734309785206785 移动到新位置: -0.31982014 , 0 , -4.3206973
2025-12-05 16:18:21.1920 (StateSyncRequestHandler.cs:18) 玩家ID:482734309785206785 移动方向: -0.3735881 , 0 , -0.9275947
2025-12-05 16:18:21.1920 (StateSyncRequestHandler.cs:18) 玩家ID:482734309785206785 移动到新位置: -0.39453775 , 0 , -4.506216
2025-12-05 16:18:21.2842 (StateSyncRequestHandler.cs:18) 玩家ID:482734309785206785 移动方向: -0.37230608 , 0 , -0.92811
2025-12-05 16:18:21.2842 (StateSyncRequestHandler.cs:18) 玩家ID:482734309785206785 移动到新位置: -0.46899897 , 0 , -4.6918383
2025-12-05 16:18:21.3781 (StateSyncRequestHandler.cs:18) 玩家ID:482734309785206785 移动方向: -0.9193742 , 0 , -0.39338413
2025-12-05 16:18:21.3781 (StateSyncRequestHandler.cs:18) 玩家ID:482734309785206785 移动到新位置: -0.6528738 , 0 , -4.770515
2025-12-05 16:18:21.4858 (StateSyncRequestHandler.cs:18) 玩家ID:482734309785206785 移动方向: -0.91932625 , 0 , -0.39349616
2025-12-05 16:18:21.4858 (StateSyncRequestHandler.cs:18) 玩家ID:482734309785206785 移动到新位置: -0.83673906 , 0 , -4.849214
2025-12-05 16:18:21.5782 (StateSyncRequestHandler.cs:18) 玩家ID:482734309785206785 移动方向: -0.9193127 , 0 , -0.39352772
2025-12-05 16:18:21.5782 (StateSyncRequestHandler.cs:18) 玩家ID:482734309785206785 移动到新位置: -1.0206016 , 0 , -4.9279194
2025-12-05 16:18:21.6868 (StateSyncRequestHandler.cs:18) 玩家ID:482734309785206785 移动方向: -0.9193083 , 0 , -0.39353815
2025-12-05 16:18:21.6868 (StateSyncRequestHandler.cs:18) 玩家ID:482734309785206785 移动到新位置: -1.2044632 , 0 , -5.006627
2025-12-05 16:18:21.7795 (StateSyncRequestHandler.cs:18) 玩家ID:482734309785206785 移动方向: -0.9193072 , 0 , -0.3935408
2025-12-05 16:18:21.7795 (StateSyncRequestHandler.cs:18) 玩家ID:482734309785206785 移动到新位置: -1.3883246 , 0 , -5.0853353
2025-12-05 16:18:21.8893 (StateSyncRequestHandler.cs:18) 玩家ID:482734309785206785 移动方向: -0.9193068 , 0 , -0.39354163
2025-12-05 16:18:21.8893 (StateSyncRequestHandler.cs:18) 玩家ID:482734309785206785 移动到新位置: -1.572186 , 0 , -5.1640434
2025-12-05 16:18:21.9998 (StateSyncRequestHandler.cs:18) 玩家ID:482734309785206785 移动方向: -0.91930664 , 0 , -0.39354187
2025-12-05 16:18:21.9998 (StateSyncRequestHandler.cs:18) 玩家ID:482734309785206785 移动到新位置: -1.7560474 , 0 , -5.2427516
2025-12-05 16:18:22.0931 (StateSyncRequestHandler.cs:18) 玩家ID:482734309785206785 移动方向: -0.91930664 , 0 , -0.39354187
2025-12-05 16:18:22.0931 (StateSyncRequestHandler.cs:18) 玩家ID:482734309785206785 移动到新位置: -1.9399087 , 0 , -5.32146
2025-12-05 16:18:22.1873 (StateSyncRequestHandler.cs:18) 玩家ID:482734309785206785 移动方向: -0.92832416 , 0 , 0.37177187
2025-12-05 16:18:22.1873 (StateSyncRequestHandler.cs:18) 玩家ID:482734309785206785 移动到新位置: -2.1255736 , 0 , -5.2471056
2025-12-05 16:18:22.2795 (StateSyncRequestHandler.cs:18) 玩家ID:482734309785206785 移动方向: 0.37177184 , 0 , 0.92832416
2025-12-05 16:18:22.2795 (StateSyncRequestHandler.cs:18) 玩家ID:482734309785206785 移动到新位置: -2.0512192 , 0 , -5.061441
2025-12-05 16:18:22.3732 (StateSyncRequestHandler.cs:18) 玩家ID:482734309785206785 移动方向: 0.37177184 , 0 , 0.92832416
2025-12-05 16:18:22.3732 (StateSyncRequestHandler.cs:18) 玩家ID:482734309785206785 移动到新位置: -1.9768648 , 0 , -4.8757763
2025-12-05 16:18:22.4832 (StateSyncRequestHandler.cs:18) 玩家ID:482734309785206785 移动方向: 0.37177184 , 0 , 0.92832416
2025-12-05 16:18:22.4832 (StateSyncRequestHandler.cs:18) 玩家ID:482734309785206785 移动到新位置: -1.9025104 , 0 , -4.6901116
2025-12-05 16:18:22.5916 (StateSyncRequestHandler.cs:18) 玩家ID:482734309785206785 移动方向: 0.37177184 , 0 , 0.92832416
2025-12-05 16:18:22.5916 (StateSyncRequestHandler.cs:18) 玩家ID:482734309785206785 移动到新位置: -1.828156 , 0 , -4.504447
2025-12-05 16:18:22.6842 (StateSyncRequestHandler.cs:18) 玩家ID:482734309785206785 移动方向: 0.37177184 , 0 , 0.92832416
2025-12-05 16:18:22.6842 (StateSyncRequestHandler.cs:18) 玩家ID:482734309785206785 移动到新位置: -1.7538016 , 0 , -4.3187823
2025-12-05 16:18:22.7933 (StateSyncRequestHandler.cs:18) 玩家ID:482734309785206785 移动到新位置: -1.7538016 , 0 , -4.3187823
2025-12-05 16:18:22.8832 (StateSyncRequestHandler.cs:18) 玩家ID:482734309785206785 移动方向: -0.92832416 , 0 , 0.37177187
2025-12-05 16:18:22.8832 (StateSyncRequestHandler.cs:18) 玩家ID:482734309785206785 移动到新位置: -1.9394665 , 0 , -4.244428
2025-12-05 16:18:22.9916 (StateSyncRequestHandler.cs:18) 玩家ID:482734309785206785 移动方向: -0.92832416 , 0 , 0.37177187
2025-12-05 16:18:22.9916 (StateSyncRequestHandler.cs:18) 玩家ID:482734309785206785 移动到新位置: -2.1251314 , 0 , -4.170074
2025-12-05 16:18:23.0863 (StateSyncRequestHandler.cs:18) 玩家ID:482734309785206785 移动方向: -0.92832416 , 0 , 0.37177187
2025-12-05 16:18:23.0863 (StateSyncRequestHandler.cs:18) 玩家ID:482734309785206785 移动到新位置: -2.3107963 , 0 , -4.09572
2025-12-05 16:18:23.1809 (StateSyncRequestHandler.cs:18) 玩家ID:482734309785206785 移动方向: -0.91930664 , 0 , -0.39354187
2025-12-05 16:18:23.1809 (StateSyncRequestHandler.cs:18) 玩家ID:482734309785206785 移动到新位置: -2.4946575 , 0 , -4.174428
2025-12-05 16:18:23.2867 (StateSyncRequestHandler.cs:18) 玩家ID:482734309785206785 移动方向: -0.37177184 , 0 , -0.92832416
2025-12-05 16:18:23.2867 (StateSyncRequestHandler.cs:18) 玩家ID:482734309785206785 移动到新位置: -2.569012 , 0 , -4.3600926
2025-12-05 16:18:23.3791 (StateSyncRequestHandler.cs:18) 玩家ID:482734309785206785 移动方向: -0.37177184 , 0 , -0.92832416
2025-12-05 16:18:23.3791 (StateSyncRequestHandler.cs:18) 玩家ID:482734309785206785 移动到新位置: -2.6433663 , 0 , -4.5457573
2025-12-05 16:18:23.4878 (StateSyncRequestHandler.cs:18) 玩家ID:482734309785206785 移动方向: -0.37177184 , 0 , -0.92832416
2025-12-05 16:18:23.4878 (StateSyncRequestHandler.cs:18) 玩家ID:482734309785206785 移动到新位置: -2.7177207 , 0 , -4.731422
2025-12-05 16:18:23.5827 (StateSyncRequestHandler.cs:18) 玩家ID:482734309785206785 移动方向: -0.37177184 , 0 , -0.92832416
2025-12-05 16:18:23.5827 (StateSyncRequestHandler.cs:18) 玩家ID:482734309785206785 移动到新位置: -2.7920752 , 0 , -4.9170866
2025-12-05 16:18:23.6755 (StateSyncRequestHandler.cs:18) 玩家ID:482734309785206785 移动方向: -0.37177184 , 0 , -0.92832416
2025-12-05 16:18:23.6755 (StateSyncRequestHandler.cs:18) 玩家ID:482734309785206785 移动到新位置: -2.8664296 , 0 , -5.1027513
2025-12-05 16:18:23.7827 (StateSyncRequestHandler.cs:18) 玩家ID:482734309785206785 移动方向: -0.37177184 , 0 , -0.92832416
2025-12-05 16:18:23.7827 (StateSyncRequestHandler.cs:18) 玩家ID:482734309785206785 移动到新位置: -2.940784 , 0 , -5.288416
2025-12-05 16:18:23.8913 (StateSyncRequestHandler.cs:18) 玩家ID:482734309785206785 移动方向: -0.91930664 , 0 , -0.39354187
2025-12-05 16:18:23.8913 (StateSyncRequestHandler.cs:18) 玩家ID:482734309785206785 移动到新位置: -3.1246452 , 0 , -5.367124
2025-12-05 16:18:23.9838 (StateSyncRequestHandler.cs:18) 玩家ID:482734309785206785 移动方向: -0.91930664 , 0 , -0.39354187
2025-12-05 16:18:23.9838 (StateSyncRequestHandler.cs:18) 玩家ID:482734309785206785 移动到新位置: -3.3085065 , 0 , -5.4458323
2025-12-05 16:18:24.0756 (StateSyncRequestHandler.cs:18) 玩家ID:482734309785206785 移动方向: -0.91930664 , 0 , -0.39354187
2025-12-05 16:18:24.0756 (StateSyncRequestHandler.cs:18) 玩家ID:482734309785206785 移动到新位置: -3.4923677 , 0 , -5.5245404
2025-12-05 16:18:24.1851 (StateSyncRequestHandler.cs:18) 玩家ID:482734309785206785 移动方向: -0.91930664 , 0 , -0.39354187
2025-12-05 16:18:24.1851 (StateSyncRequestHandler.cs:18) 玩家ID:482734309785206785 移动到新位置: -3.676229 , 0 , -5.6032486
2025-12-05 16:18:24.2780 (StateSyncRequestHandler.cs:18) 玩家ID:482734309785206785 移动方向: -0.91930664 , 0 , -0.39354187
2025-12-05 16:18:24.2780 (StateSyncRequestHandler.cs:18) 玩家ID:482734309785206785 移动到新位置: -3.8600903 , 0 , -5.681957
2025-12-05 16:18:24.3870 (StateSyncRequestHandler.cs:18) 玩家ID:482734309785206785 移动方向: -0.91930664 , 0 , -0.39354187
2025-12-05 16:18:24.3870 (StateSyncRequestHandler.cs:18) 玩家ID:482734309785206785 移动到新位置: -4.0439515 , 0 , -5.760665
2025-12-05 16:18:24.4812 (StateSyncRequestHandler.cs:18) 玩家ID:482734309785206785 移动方向: -0.92832416 , 0 , 0.37177187
2025-12-05 16:18:24.4812 (StateSyncRequestHandler.cs:18) 玩家ID:482734309785206785 移动到新位置: -4.229616 , 0 , -5.686311
2025-12-05 16:18:24.5750 (StateSyncRequestHandler.cs:18) 玩家ID:482734309785206785 移动方向: -0.92832416 , 0 , 0.37177187
2025-12-05 16:18:24.5750 (StateSyncRequestHandler.cs:18) 玩家ID:482734309785206785 移动到新位置: -4.415281 , 0 , -5.6119566
2025-12-05 16:18:24.6833 (StateSyncRequestHandler.cs:18) 玩家ID:482734309785206785 移动方向: -0.92832416 , 0 , 0.37177187
2025-12-05 16:18:24.6833 (StateSyncRequestHandler.cs:18) 玩家ID:482734309785206785 移动到新位置: -4.6009455 , 0 , -5.5376024
2025-12-05 16:18:24.7769 (StateSyncRequestHandler.cs:18) 玩家ID:482734309785206785 移动方向: -0.92832416 , 0 , 0.37177187
2025-12-05 16:18:24.7769 (StateSyncRequestHandler.cs:18) 玩家ID:482734309785206785 移动到新位置: -4.78661 , 0 , -5.4632483
2025-12-05 16:18:24.8856 (StateSyncRequestHandler.cs:18) 玩家ID:482734309785206785 移动方向: -0.3935419 , 0 , 0.9193067
2025-12-05 16:18:24.8856 (StateSyncRequestHandler.cs:18) 玩家ID:482734309785206785 移动到新位置: -4.8653183 , 0 , -5.279387
2025-12-05 16:18:24.9790 (StateSyncRequestHandler.cs:18) 玩家ID:482734309785206785 移动方向: -0.3935419 , 0 , 0.9193067
2025-12-05 16:18:24.9790 (StateSyncRequestHandler.cs:18) 玩家ID:482734309785206785 移动到新位置: -4.9440265 , 0 , -5.0955257
2025-12-05 16:18:25.0863 (StateSyncRequestHandler.cs:18) 玩家ID:482734309785206785 移动方向: -0.92832416 , 0 , 0.37177187
2025-12-05 16:18:25.0863 (StateSyncRequestHandler.cs:18) 玩家ID:482734309785206785 移动到新位置: -5.129691 , 0 , -5.0211716
2025-12-05 16:18:25.1812 (StateSyncRequestHandler.cs:18) 玩家ID:482734309785206785 移动方向: -0.37177184 , 0 , -0.92832416
2025-12-05 16:18:25.1812 (StateSyncRequestHandler.cs:18) 玩家ID:482734309785206785 移动到新位置: -5.2040453 , 0 , -5.206836
2025-12-05 16:18:25.2904 (StateSyncRequestHandler.cs:18) 玩家ID:482734309785206785 移动方向: -0.37177184 , 0 , -0.92832416
2025-12-05 16:18:25.2904 (StateSyncRequestHandler.cs:18) 玩家ID:482734309785206785 移动到新位置: -5.2783995 , 0 , -5.392501
2025-12-05 16:18:25.3826 (StateSyncRequestHandler.cs:18) 玩家ID:482734309785206785 移动方向: -0.37177184 , 0 , -0.92832416
2025-12-05 16:18:25.3826 (StateSyncRequestHandler.cs:18) 玩家ID:482734309785206785 移动到新位置: -5.3527536 , 0 , -5.5781655
2025-12-05 16:18:25.4930 (StateSyncRequestHandler.cs:18) 玩家ID:482734309785206785 移动方向: -0.37177184 , 0 , -0.92832416
2025-12-05 16:18:25.4930 (StateSyncRequestHandler.cs:18) 玩家ID:482734309785206785 移动到新位置: -5.427108 , 0 , -5.76383
2025-12-05 16:18:25.5863 (StateSyncRequestHandler.cs:18) 玩家ID:482734309785206785 移动方向: -0.37177184 , 0 , -0.92832416
2025-12-05 16:18:25.5863 (StateSyncRequestHandler.cs:18) 玩家ID:482734309785206785 移动到新位置: -5.501462 , 0 , -5.949495
2025-12-05 16:18:25.6967 (StateSyncRequestHandler.cs:18) 玩家ID:482734309785206785 移动方向: -0.37177184 , 0 , -0.92832416
2025-12-05 16:18:25.6967 (StateSyncRequestHandler.cs:18) 玩家ID:482734309785206785 移动到新位置: -5.575816 , 0 , -6.1351595
2025-12-05 16:18:25.7908 (StateSyncRequestHandler.cs:18) 玩家ID:482734309785206785 移动方向: -0.91930664 , 0 , -0.39354187
2025-12-05 16:18:25.7908 (StateSyncRequestHandler.cs:18) 玩家ID:482734309785206785 移动到新位置: -5.7596774 , 0 , -6.2138677
2025-12-05 16:18:25.8824 (StateSyncRequestHandler.cs:18) 玩家ID:482734309785206785 移动方向: -0.92832416 , 0 , 0.37177187
2025-12-05 16:18:25.8824 (StateSyncRequestHandler.cs:18) 玩家ID:482734309785206785 移动到新位置: -5.945342 , 0 , -6.1395135
2025-12-05 16:18:25.9756 (StateSyncRequestHandler.cs:18) 玩家ID:482734309785206785 移动方向: -0.3935419 , 0 , 0.9193067
2025-12-05 16:18:25.9756 (StateSyncRequestHandler.cs:18) 玩家ID:482734309785206785 移动到新位置: -6.02405 , 0 , -5.955652
2025-12-05 16:18:26.0822 (StateSyncRequestHandler.cs:18) 玩家ID:482734309785206785 移动方向: 0.37177184 , 0 , 0.92832416
2025-12-05 16:18:26.0822 (StateSyncRequestHandler.cs:18) 玩家ID:482734309785206785 移动到新位置: -5.949696 , 0 , -5.7699876
2025-12-05 16:18:26.1751 (StateSyncRequestHandler.cs:18) 玩家ID:482734309785206785 移动到新位置: -5.949696 , 0 , -5.7699876
2025-12-05 16:18:27.1847 (StateSyncRequestHandler.cs:18) 玩家ID:482734309785206785 移动方向: -0.92832416 , 0 , 0.37177187
2025-12-05 16:18:27.1847 (StateSyncRequestHandler.cs:18) 玩家ID:482734309785206785 移动到新位置: -6.1353607 , 0 , -5.6956334
2025-12-05 16:18:27.2767 (StateSyncRequestHandler.cs:18) 玩家ID:482734309785206785 移动方向: -0.9206023 , 0 , 0.3905015
2025-12-05 16:18:27.2767 (StateSyncRequestHandler.cs:18) 玩家ID:482734309785206785 移动到新位置: -6.3194814 , 0 , -5.617533
2025-12-05 16:18:27.3853 (StateSyncRequestHandler.cs:18) 玩家ID:482734309785206785 移动方向: -0.47102776 , 0 , -0.8821184
2025-12-05 16:18:27.3853 (StateSyncRequestHandler.cs:18) 玩家ID:482734309785206785 移动到新位置: -6.4136868 , 0 , -5.7939568
2025-12-05 16:18:27.4789 (StateSyncRequestHandler.cs:18) 玩家ID:482734309785206785 移动方向: -0.52144074 , 0 , -0.8532875
2025-12-05 16:18:27.4789 (StateSyncRequestHandler.cs:18) 玩家ID:482734309785206785 移动到新位置: -6.517975 , 0 , -5.9646144
2025-12-05 16:18:27.5883 (StateSyncRequestHandler.cs:18) 玩家ID:482734309785206785 移动方向: -0.54181296 , 0 , -0.8404991
2025-12-05 16:18:27.5883 (StateSyncRequestHandler.cs:18) 玩家ID:482734309785206785 移动到新位置: -6.6263375 , 0 , -6.1327143
2025-12-05 16:18:27.6819 (StateSyncRequestHandler.cs:18) 玩家ID:482734309785206785 移动方向: -0.5490325 , 0 , -0.835801
2025-12-05 16:18:27.6819 (StateSyncRequestHandler.cs:18) 玩家ID:482734309785206785 移动到新位置: -6.736144 , 0 , -6.2998743
2025-12-05 16:18:27.7769 (StateSyncRequestHandler.cs:18) 玩家ID:482734309785206785 移动方向: -0.55122703 , 0 , -0.8343553
2025-12-05 16:18:27.7769 (StateSyncRequestHandler.cs:18) 玩家ID:482734309785206785 移动到新位置: -6.8463893 , 0 , -6.4667454
2025-12-05 16:18:27.8846 (StateSyncRequestHandler.cs:18) 玩家ID:482734309785206785 移动方向: -0.5519663 , 0 , -0.8338664
2025-12-05 16:18:27.8846 (StateSyncRequestHandler.cs:18) 玩家ID:482734309785206785 移动到新位置: -6.9567823 , 0 , -6.6335187
2025-12-05 16:18:27.9933 (StateSyncRequestHandler.cs:18) 玩家ID:482734309785206785 移动方向: -0.5522012 , 0 , -0.83371085
2025-12-05 16:18:27.9933 (StateSyncRequestHandler.cs:18) 玩家ID:482734309785206785 移动到新位置: -7.0672226 , 0 , -6.800261
2025-12-05 16:18:28.0875 (StateSyncRequestHandler.cs:18) 玩家ID:482734309785206785 移动方向: -0.55226946 , 0 , -0.83366567
2025-12-05 16:18:28.0875 (StateSyncRequestHandler.cs:18) 玩家ID:482734309785206785 移动到新位置: -7.1776767 , 0 , -6.9669943
2025-12-05 16:18:28.1807 (StateSyncRequestHandler.cs:18) 玩家ID:482734309785206785 移动方向: -0.5522908 , 0 , -0.83365154
2025-12-05 16:18:28.1807 (StateSyncRequestHandler.cs:18) 玩家ID:482734309785206785 移动到新位置: -7.288135 , 0 , -7.1337247
2025-12-05 16:18:28.2900 (StateSyncRequestHandler.cs:18) 玩家ID:482734309785206785 移动方向: -0.5522971 , 0 , -0.8336473
2025-12-05 16:18:28.2900 (StateSyncRequestHandler.cs:18) 玩家ID:482734309785206785 移动到新位置: -7.3985944 , 0 , -7.300454
2025-12-05 16:18:28.3829 (StateSyncRequestHandler.cs:18) 玩家ID:482734309785206785 移动方向: -0.55229884 , 0 , -0.8336462
2025-12-05 16:18:28.3829 (StateSyncRequestHandler.cs:18) 玩家ID:482734309785206785 移动到新位置: -7.509054 , 0 , -7.4671836
2025-12-05 16:18:28.4769 (StateSyncRequestHandler.cs:18) 玩家ID:482734309785206785 移动方向: 0.19894177 , 0 , -0.98001134
2025-12-05 16:18:28.4769 (StateSyncRequestHandler.cs:18) 玩家ID:482734309785206785 移动到新位置: -7.469266 , 0 , -7.663186
2025-12-05 16:18:28.5843 (StateSyncRequestHandler.cs:18) 玩家ID:482734309785206785 移动方向: 0.19894174 , 0 , -0.98001134
2025-12-05 16:18:28.5843 (StateSyncRequestHandler.cs:18) 玩家ID:482734309785206785 移动到新位置: -7.4294777 , 0 , -7.8591886
2025-12-05 16:18:28.6785 (StateSyncRequestHandler.cs:18) 玩家ID:482734309785206785 移动方向: -0.5522996 , 0 , -0.8336457
2025-12-05 16:18:28.6785 (StateSyncRequestHandler.cs:18) 玩家ID:482734309785206785 移动到新位置: -7.5399375 , 0 , -8.025918
2025-12-05 16:18:28.7884 (StateSyncRequestHandler.cs:18) 玩家ID:482734309785206785 移动方向: -0.5522996 , 0 , -0.8336457
2025-12-05 16:18:28.7884 (StateSyncRequestHandler.cs:18) 玩家ID:482734309785206785 移动到新位置: -7.6503973 , 0 , -8.192647
2025-12-05 16:18:28.8823 (StateSyncRequestHandler.cs:18) 玩家ID:482734309785206785 移动方向: -0.98001134 , 0 , -0.19894168
2025-12-05 16:18:28.8823 (StateSyncRequestHandler.cs:18) 玩家ID:482734309785206785 移动到新位置: -7.8464 , 0 , -8.232435
2025-12-05 16:18:28.9909 (StateSyncRequestHandler.cs:18) 玩家ID:482734309785206785 移动方向: -0.8336457 , 0 , 0.5522997
2025-12-05 16:18:28.9909 (StateSyncRequestHandler.cs:18) 玩家ID:482734309785206785 移动到新位置: -8.013129 , 0 , -8.121975
2025-12-05 16:18:29.0823 (StateSyncRequestHandler.cs:18) 玩家ID:482734309785206785 移动方向: -0.8336457 , 0 , 0.5522997
2025-12-05 16:18:29.0823 (StateSyncRequestHandler.cs:18) 玩家ID:482734309785206785 移动到新位置: -8.179858 , 0 , -8.011515
2025-12-05 16:18:29.1751 (StateSyncRequestHandler.cs:18) 玩家ID:482734309785206785 移动方向: -0.19894174 , 0 , 0.98001134
2025-12-05 16:18:29.1751 (StateSyncRequestHandler.cs:18) 玩家ID:482734309785206785 移动到新位置: -8.219646 , 0 , -7.815512
2025-12-05 16:18:29.2847 (StateSyncRequestHandler.cs:18) 玩家ID:482734309785206785 移动方向: -0.19894174 , 0 , 0.98001134
2025-12-05 16:18:29.2847 (StateSyncRequestHandler.cs:18) 玩家ID:482734309785206785 移动到新位置: -8.259435 , 0 , -7.6195097
2025-12-05 16:18:29.3775 (StateSyncRequestHandler.cs:18) 玩家ID:482734309785206785 移动方向: 0.5522996 , 0 , 0.8336457
2025-12-05 16:18:29.3775 (StateSyncRequestHandler.cs:18) 玩家ID:482734309785206785 移动到新位置: -8.148974 , 0 , -7.4527807
2025-12-05 16:18:29.4860 (StateSyncRequestHandler.cs:18) 玩家ID:482734309785206785 移动方向: 0.5522996 , 0 , 0.8336457
2025-12-05 16:18:29.4860 (StateSyncRequestHandler.cs:18) 玩家ID:482734309785206785 移动到新位置: -8.038514 , 0 , -7.2860518
2025-12-05 16:18:29.5787 (StateSyncRequestHandler.cs:18) 玩家ID:482734309785206785 移动方向: 0.5522996 , 0 , 0.8336457
2025-12-05 16:18:29.5787 (StateSyncRequestHandler.cs:18) 玩家ID:482734309785206785 移动到新位置: -7.9280543 , 0 , -7.119323
2025-12-05 16:18:29.6877 (StateSyncRequestHandler.cs:18) 玩家ID:482734309785206785 移动方向: 0.5522996 , 0 , 0.8336457
2025-12-05 16:18:29.6877 (StateSyncRequestHandler.cs:18) 玩家ID:482734309785206785 移动到新位置: -7.8175945 , 0 , -6.952594
2025-12-05 16:18:29.7834 (StateSyncRequestHandler.cs:18) 玩家ID:482734309785206785 移动方向: 0.5522996 , 0 , 0.8336457
2025-12-05 16:18:29.7834 (StateSyncRequestHandler.cs:18) 玩家ID:482734309785206785 移动到新位置: -7.7071347 , 0 , -6.785865
2025-12-05 16:18:29.8766 (StateSyncRequestHandler.cs:18) 玩家ID:482734309785206785 移动方向: -0.19894174 , 0 , 0.98001134
2025-12-05 16:18:29.8766 (StateSyncRequestHandler.cs:18) 玩家ID:482734309785206785 移动到新位置: -7.746923 , 0 , -6.5898623
2025-12-05 16:18:29.9822 (StateSyncRequestHandler.cs:18) 玩家ID:482734309785206785 移动方向: -0.1910198 , 0 , 0.9815862
2025-12-05 16:18:29.9822 (StateSyncRequestHandler.cs:18) 玩家ID:482734309785206785 移动到新位置: -7.785127 , 0 , -6.393545
2025-12-05 16:18:30.0759 (StateSyncRequestHandler.cs:18) 玩家ID:482734309785206785 移动方向: -0.14204901 , 0 , 0.9898596
2025-12-05 16:18:30.0759 (StateSyncRequestHandler.cs:18) 玩家ID:482734309785206785 移动到新位置: -7.813537 , 0 , -6.1955733
2025-12-05 16:18:30.1870 (StateSyncRequestHandler.cs:18) 玩家ID:482734309785206785 移动方向: -0.06651533 , 0 , 0.99778533
2025-12-05 16:18:30.1870 (StateSyncRequestHandler.cs:18) 玩家ID:482734309785206785 移动到新位置: -7.8268404 , 0 , -5.9960165
2025-12-05 16:18:30.2824 (StateSyncRequestHandler.cs:18) 玩家ID:482734309785206785 移动方向: -0.027567834 , 0 , 0.99961996
2025-12-05 16:18:30.2824 (StateSyncRequestHandler.cs:18) 玩家ID:482734309785206785 移动到新位置: -7.832354 , 0 , -5.7960925
2025-12-05 16:18:30.3904 (StateSyncRequestHandler.cs:18) 玩家ID:482734309785206785 移动方向: -0.011760026 , 0 , 0.99993074
2025-12-05 16:18:30.3904 (StateSyncRequestHandler.cs:18) 玩家ID:482734309785206785 移动到新位置: -7.8347063 , 0 , -5.5961065
2025-12-05 16:18:30.4835 (StateSyncRequestHandler.cs:18) 玩家ID:482734309785206785 移动方向: -0.0066993535 , 0 , 0.9999776
2025-12-05 16:18:30.4835 (StateSyncRequestHandler.cs:18) 玩家ID:482734309785206785 移动到新位置: -7.836046 , 0 , -5.396111
2025-12-05 16:18:30.5778 (StateSyncRequestHandler.cs:18) 玩家ID:482734309785206785 移动方向: -0.0047335625 , 0 , 0.9999888
2025-12-05 16:18:30.5778 (StateSyncRequestHandler.cs:18) 玩家ID:482734309785206785 移动到新位置: -7.8369927 , 0 , -5.196113
2025-12-05 16:18:30.6857 (StateSyncRequestHandler.cs:18) 玩家ID:482734309785206785 移动方向: -0.0041948557 , 0 , 0.9999912
2025-12-05 16:18:30.6857 (StateSyncRequestHandler.cs:18) 玩家ID:482734309785206785 移动到新位置: -7.8378315 , 0 , -4.9961147
2025-12-05 16:18:30.7927 (StateSyncRequestHandler.cs:18) 玩家ID:482734309785206785 移动方向: -0.0040000677 , 0 , 0.99999195
2025-12-05 16:18:30.7927 (StateSyncRequestHandler.cs:18) 玩家ID:482734309785206785 移动到新位置: -7.8386316 , 0 , -4.7961164
2025-12-05 16:18:30.8872 (StateSyncRequestHandler.cs:18) 玩家ID:482734309785206785 移动方向: -0.003950745 , 0 , 0.99999213
2025-12-05 16:18:30.8872 (StateSyncRequestHandler.cs:18) 玩家ID:482734309785206785 移动到新位置: -7.8394217 , 0 , -4.596118
2025-12-05 16:18:30.9807 (StateSyncRequestHandler.cs:18) 玩家ID:482734309785206785 移动方向: -0.003935218 , 0 , 0.99999225
2025-12-05 16:18:30.9807 (StateSyncRequestHandler.cs:18) 玩家ID:482734309785206785 移动到新位置: -7.840209 , 0 , -4.3961196
2025-12-05 16:18:31.0744 (StateSyncRequestHandler.cs:18) 玩家ID:482734309785206785 移动方向: -0.0039303303 , 0 , 0.9999923
2025-12-05 16:18:31.0744 (StateSyncRequestHandler.cs:18) 玩家ID:482734309785206785 移动到新位置: -7.840995 , 0 , -4.196121
2025-12-05 16:18:31.1811 (StateSyncRequestHandler.cs:18) 玩家ID:482734309785206785 移动方向: -0.00392884 , 0 , 0.99999225
2025-12-05 16:18:31.1811 (StateSyncRequestHandler.cs:18) 玩家ID:482734309785206785 移动到新位置: -7.8417807 , 0 , -3.9961228
2025-12-05 16:18:31.2900 (StateSyncRequestHandler.cs:18) 玩家ID:482734309785206785 移动方向: -0.003928542 , 0 , 0.99999225
2025-12-05 16:18:31.2900 (StateSyncRequestHandler.cs:18) 玩家ID:482734309785206785 移动到新位置: -7.8425665 , 0 , -3.7961245
2025-12-05 16:18:31.3996 (StateSyncRequestHandler.cs:18) 玩家ID:482734309785206785 移动方向: -0.7098792 , 0 , 0.7043234
2025-12-05 16:18:31.3996 (StateSyncRequestHandler.cs:18) 玩家ID:482734309785206785 移动到新位置: -7.9845424 , 0 , -3.6552598
2025-12-05 16:18:31.4923 (StateSyncRequestHandler.cs:18) 玩家ID:482734309785206785 移动方向: -0.99999225 , 0 , -0.003928542
2025-12-05 16:18:31.4923 (StateSyncRequestHandler.cs:18) 玩家ID:482734309785206785 移动到新位置: -8.184541 , 0 , -3.6560454
2025-12-05 16:18:31.5853 (StateSyncRequestHandler.cs:18) 玩家ID:482734309785206785 移动方向: -0.7043234 , 0 , -0.7098792
2025-12-05 16:18:31.5853 (StateSyncRequestHandler.cs:18) 玩家ID:482734309785206785 移动到新位置: -8.325405 , 0 , -3.7980213
2025-12-05 16:18:31.6955 (StateSyncRequestHandler.cs:18) 玩家ID:482734309785206785 移动方向: 0.003928542 , 0 , -0.99999225
2025-12-05 16:18:31.6955 (StateSyncRequestHandler.cs:18) 玩家ID:482734309785206785 移动到新位置: -8.324619 , 0 , -3.9980197
2025-12-05 16:18:31.7744 (StateSyncRequestHandler.cs:18) 玩家ID:482734309785206785 移动方向: 0.003928542 , 0 , -0.99999225
2025-12-05 16:18:31.7744 (StateSyncRequestHandler.cs:18) 玩家ID:482734309785206785 移动到新位置: -8.323833 , 0 , -4.198018
2025-12-05 16:18:31.8856 (StateSyncRequestHandler.cs:18) 玩家ID:482734309785206785 移动方向: 0.003928542 , 0 , -0.99999225
2025-12-05 16:18:31.8856 (StateSyncRequestHandler.cs:18) 玩家ID:482734309785206785 移动到新位置: -8.323048 , 0 , -4.3980165
2025-12-05 16:18:31.9789 (StateSyncRequestHandler.cs:18) 玩家ID:482734309785206785 移动方向: 0.003928542 , 0 , -0.99999225
2025-12-05 16:18:31.9789 (StateSyncRequestHandler.cs:18) 玩家ID:482734309785206785 移动到新位置: -8.322262 , 0 , -4.598015
2025-12-05 16:18:32.0865 (StateSyncRequestHandler.cs:18) 玩家ID:482734309785206785 移动方向: 0.003928542 , 0 , -0.99999225
2025-12-05 16:18:32.0865 (StateSyncRequestHandler.cs:18) 玩家ID:482734309785206785 移动到新位置: -8.321476 , 0 , -4.798013
2025-12-05 16:18:32.1804 (StateSyncRequestHandler.cs:18) 玩家ID:482734309785206785 移动方向: 0.003928542 , 0 , -0.99999225
2025-12-05 16:18:32.1804 (StateSyncRequestHandler.cs:18) 玩家ID:482734309785206785 移动到新位置: -8.32069 , 0 , -4.9980116
2025-12-05 16:18:32.2884 (StateSyncRequestHandler.cs:18) 玩家ID:482734309785206785 移动方向: 0.003928542 , 0 , -0.99999225
2025-12-05 16:18:32.2884 (StateSyncRequestHandler.cs:18) 玩家ID:482734309785206785 移动到新位置: -8.319904 , 0 , -5.19801
2025-12-05 16:18:32.3820 (StateSyncRequestHandler.cs:18) 玩家ID:482734309785206785 移动方向: 0.003928542 , 0 , -0.99999225
2025-12-05 16:18:32.3820 (StateSyncRequestHandler.cs:18) 玩家ID:482734309785206785 移动到新位置: -8.3191185 , 0 , -5.3980083
2025-12-05 16:18:32.4892 (StateSyncRequestHandler.cs:18) 玩家ID:482734309785206785 移动方向: 0.003928542 , 0 , -0.99999225
2025-12-05 16:18:32.4892 (StateSyncRequestHandler.cs:18) 玩家ID:482734309785206785 移动到新位置: -8.318333 , 0 , -5.5980067
2025-12-05 16:18:32.5811 (StateSyncRequestHandler.cs:18) 玩家ID:482734309785206785 移动方向: 0.003928542 , 0 , -0.99999225
2025-12-05 16:18:32.5811 (StateSyncRequestHandler.cs:18) 玩家ID:482734309785206785 移动到新位置: -8.317547 , 0 , -5.798005
2025-12-05 16:18:32.6903 (StateSyncRequestHandler.cs:18) 玩家ID:482734309785206785 移动方向: 0.003928542 , 0 , -0.99999225
2025-12-05 16:18:32.6903 (StateSyncRequestHandler.cs:18) 玩家ID:482734309785206785 移动到新位置: -8.316761 , 0 , -5.9980035
2025-12-05 16:18:32.7807 (StateSyncRequestHandler.cs:18) 玩家ID:482734309785206785 移动方向: 0.7098792 , 0 , -0.7043234
2025-12-05 16:18:32.7807 (StateSyncRequestHandler.cs:18) 玩家ID:482734309785206785 移动到新位置: -8.174786 , 0 , -6.1388683
2025-12-05 16:18:32.8880 (StateSyncRequestHandler.cs:18) 玩家ID:482734309785206785 移动方向: 0.7098792 , 0 , -0.7043234
2025-12-05 16:18:32.8880 (StateSyncRequestHandler.cs:18) 玩家ID:482734309785206785 移动到新位置: -8.03281 , 0 , -6.279733
2025-12-05 16:18:32.9816 (StateSyncRequestHandler.cs:18) 玩家ID:482734309785206785 移动方向: 0.7098792 , 0 , -0.7043234
2025-12-05 16:18:32.9816 (StateSyncRequestHandler.cs:18) 玩家ID:482734309785206785 移动到新位置: -7.8908343 , 0 , -6.420598
2025-12-05 16:18:33.0915 (StateSyncRequestHandler.cs:18) 玩家ID:482734309785206785 移动方向: 0.99999225 , 0 , 0.003928542
2025-12-05 16:18:33.0915 (StateSyncRequestHandler.cs:18) 玩家ID:482734309785206785 移动到新位置: -7.690836 , 0 , -6.419812
2025-12-05 16:18:33.1845 (StateSyncRequestHandler.cs:18) 玩家ID:482734309785206785 移动方向: 0.7043234 , 0 , 0.7098792
2025-12-05 16:18:33.1845 (StateSyncRequestHandler.cs:18) 玩家ID:482734309785206785 移动到新位置: -7.549971 , 0 , -6.2778363
2025-12-05 16:18:33.2938 (StateSyncRequestHandler.cs:18) 玩家ID:482734309785206785 移动方向: 0.7043234 , 0 , 0.7098792
2025-12-05 16:18:33.2938 (StateSyncRequestHandler.cs:18) 玩家ID:482734309785206785 移动到新位置: -7.4091063 , 0 , -6.1358604
2025-12-05 16:18:33.3870 (StateSyncRequestHandler.cs:18) 玩家ID:482734309785206785 移动方向: 0.7043234 , 0 , 0.7098792
2025-12-05 16:18:33.3870 (StateSyncRequestHandler.cs:18) 玩家ID:482734309785206785 移动到新位置: -7.2682414 , 0 , -5.9938846
2025-12-05 16:18:33.4813 (StateSyncRequestHandler.cs:18) 玩家ID:482734309785206785 移动方向: 0.7043234 , 0 , 0.7098792
2025-12-05 16:18:33.4813 (StateSyncRequestHandler.cs:18) 玩家ID:482734309785206785 移动到新位置: -7.1273766 , 0 , -5.8519087
2025-12-05 16:18:33.5744 (StateSyncRequestHandler.cs:18) 玩家ID:482734309785206785 移动方向: 0.7043234 , 0 , 0.7098792
2025-12-05 16:18:33.5744 (StateSyncRequestHandler.cs:18) 玩家ID:482734309785206785 移动到新位置: -6.9865117 , 0 , -5.709933
2025-12-05 16:18:33.6841 (StateSyncRequestHandler.cs:18) 玩家ID:482734309785206785 移动方向: 0.7043234 , 0 , 0.7098792
2025-12-05 16:18:33.6841 (StateSyncRequestHandler.cs:18) 玩家ID:482734309785206785 移动到新位置: -6.845647 , 0 , -5.567957
2025-12-05 16:18:33.7931 (StateSyncRequestHandler.cs:18) 玩家ID:482734309785206785 移动方向: 0.7043234 , 0 , 0.7098792
2025-12-05 16:18:33.7931 (StateSyncRequestHandler.cs:18) 玩家ID:482734309785206785 移动到新位置: -6.704782 , 0 , -5.425981
2025-12-05 16:18:33.8850 (StateSyncRequestHandler.cs:18) 玩家ID:482734309785206785 移动方向: 0.7043234 , 0 , 0.7098792
2025-12-05 16:18:33.8850 (StateSyncRequestHandler.cs:18) 玩家ID:482734309785206785 移动到新位置: -6.563917 , 0 , -5.284005
2025-12-05 16:18:33.9927 (StateSyncRequestHandler.cs:18) 玩家ID:482734309785206785 移动方向: -0.003928542 , 0 , 0.99999225
2025-12-05 16:18:33.9927 (StateSyncRequestHandler.cs:18) 玩家ID:482734309785206785 移动到新位置: -6.564703 , 0 , -5.084007
2025-12-05 16:18:34.0853 (StateSyncRequestHandler.cs:18) 玩家ID:482734309785206785 移动方向: -0.003928542 , 0 , 0.99999225
2025-12-05 16:18:34.0853 (StateSyncRequestHandler.cs:18) 玩家ID:482734309785206785 移动到新位置: -6.565489 , 0 , -4.8840084
2025-12-05 16:18:34.1790 (StateSyncRequestHandler.cs:18) 玩家ID:482734309785206785 移动方向: -0.7098792 , 0 , 0.7043234
2025-12-05 16:18:34.1790 (StateSyncRequestHandler.cs:18) 玩家ID:482734309785206785 移动到新位置: -6.7074647 , 0 , -4.7431436
2025-12-05 16:18:34.2877 (StateSyncRequestHandler.cs:18) 玩家ID:482734309785206785 移动方向: -0.7098792 , 0 , 0.7043234
2025-12-05 16:18:34.2877 (StateSyncRequestHandler.cs:18) 玩家ID:482734309785206785 移动到新位置: -6.8494406 , 0 , -4.6022787
2025-12-05 16:18:34.3808 (StateSyncRequestHandler.cs:18) 玩家ID:482734309785206785 移动方向: -0.7098792 , 0 , 0.7043234
2025-12-05 16:18:34.3808 (StateSyncRequestHandler.cs:18) 玩家ID:482734309785206785 移动到新位置: -6.9914165 , 0 , -4.461414
2025-12-05 16:18:34.4909 (StateSyncRequestHandler.cs:18) 玩家ID:482734309785206785 移动方向: 0.7043234 , 0 , 0.7098792
2025-12-05 16:18:34.4909 (StateSyncRequestHandler.cs:18) 玩家ID:482734309785206785 移动到新位置: -6.8505516 , 0 , -4.319438
2025-12-05 16:18:34.5854 (StateSyncRequestHandler.cs:18) 玩家ID:482734309785206785 移动方向: 0.7043234 , 0 , 0.7098792
2025-12-05 16:18:34.5854 (StateSyncRequestHandler.cs:18) 玩家ID:482734309785206785 移动到新位置: -6.7096868 , 0 , -4.177462
2025-12-05 16:18:34.6763 (StateSyncRequestHandler.cs:18) 玩家ID:482734309785206785 移动方向: 0.7043234 , 0 , 0.7098792
2025-12-05 16:18:34.6763 (StateSyncRequestHandler.cs:18) 玩家ID:482734309785206785 移动到新位置: -6.568822 , 0 , -4.035486
2025-12-05 16:18:34.7855 (StateSyncRequestHandler.cs:18) 玩家ID:482734309785206785 移动到新位置: -6.568822 , 0 , -4.035486
2025-12-05 16:18:42.7922 (StateSyncRequestHandler.cs:18) 玩家ID:482734309785206785 移动方向: -0.6283015 , 0 , -0.77796996
2025-12-05 16:18:42.7922 (StateSyncRequestHandler.cs:18) 玩家ID:482734309785206785 移动到新位置: -6.6944823 , 0 , -4.19108
2025-12-05 16:18:42.8857 (StateSyncRequestHandler.cs:18) 玩家ID:482734309785206785 移动方向: -0.6283015 , 0 , -0.77796996
2025-12-05 16:18:42.8857 (StateSyncRequestHandler.cs:18) 玩家ID:482734309785206785 移动到新位置: -6.8201427 , 0 , -4.346674
2025-12-05 16:18:42.9797 (StateSyncRequestHandler.cs:18) 玩家ID:482734309785206785 移动方向: -0.6283015 , 0 , -0.77796996
2025-12-05 16:18:42.9797 (StateSyncRequestHandler.cs:18) 玩家ID:482734309785206785 移动到新位置: -6.945803 , 0 , -4.502268
2025-12-05 16:18:43.0745 (StateSyncRequestHandler.cs:18) 玩家ID:482734309785206785 移动方向: -0.6283015 , 0 , -0.77796996
2025-12-05 16:18:43.0745 (StateSyncRequestHandler.cs:18) 玩家ID:482734309785206785 移动到新位置: -7.0714636 , 0 , -4.6578617
2025-12-05 16:18:43.1849 (StateSyncRequestHandler.cs:18) 玩家ID:482734309785206785 移动方向: -0.6283015 , 0 , -0.77796996
2025-12-05 16:18:43.1849 (StateSyncRequestHandler.cs:18) 玩家ID:482734309785206785 移动到新位置: -7.197124 , 0 , -4.8134556
2025-12-05 16:18:43.2795 (StateSyncRequestHandler.cs:18) 玩家ID:482734309785206785 移动方向: 0.10583159 , 0 , -0.99438405
2025-12-05 16:18:43.2795 (StateSyncRequestHandler.cs:18) 玩家ID:482734309785206785 移动到新位置: -7.1759577 , 0 , -5.0123324
2025-12-05 16:18:43.3903 (StateSyncRequestHandler.cs:18) 玩家ID:482734309785206785 移动方向: 0.10583159 , 0 , -0.99438405
2025-12-05 16:18:43.3903 (StateSyncRequestHandler.cs:18) 玩家ID:482734309785206785 移动到新位置: -7.1547914 , 0 , -5.2112093
2025-12-05 16:18:43.4823 (StateSyncRequestHandler.cs:18) 玩家ID:482734309785206785 移动方向: 0.10583159 , 0 , -0.99438405
2025-12-05 16:18:43.4823 (StateSyncRequestHandler.cs:18) 玩家ID:482734309785206785 移动到新位置: -7.133625 , 0 , -5.410086
2025-12-05 16:18:43.5908 (StateSyncRequestHandler.cs:18) 玩家ID:482734309785206785 移动方向: -0.6283015 , 0 , -0.77796996
2025-12-05 16:18:43.5908 (StateSyncRequestHandler.cs:18) 玩家ID:482734309785206785 移动到新位置: -7.2592854 , 0 , -5.56568
2025-12-05 16:18:43.6840 (StateSyncRequestHandler.cs:18) 玩家ID:482734309785206785 移动方向: -0.6283015 , 0 , -0.77796996
2025-12-05 16:18:43.6840 (StateSyncRequestHandler.cs:18) 玩家ID:482734309785206785 移动到新位置: -7.384946 , 0 , -5.721274
2025-12-05 16:18:43.7780 (StateSyncRequestHandler.cs:18) 玩家ID:482734309785206785 移动方向: -0.99438405 , 0 , -0.10583159
2025-12-05 16:18:43.7780 (StateSyncRequestHandler.cs:18) 玩家ID:482734309785206785 移动到新位置: -7.5838227 , 0 , -5.74244
2025-12-05 16:18:43.8883 (StateSyncRequestHandler.cs:18) 玩家ID:482734309785206785 移动方向: -0.99438405 , 0 , -0.10583159
2025-12-05 16:18:43.8883 (StateSyncRequestHandler.cs:18) 玩家ID:482734309785206785 移动到新位置: -7.7826996 , 0 , -5.7636065
2025-12-05 16:18:43.9812 (StateSyncRequestHandler.cs:18) 玩家ID:482734309785206785 移动方向: -0.99438405 , 0 , -0.10583159
2025-12-05 16:18:43.9812 (StateSyncRequestHandler.cs:18) 玩家ID:482734309785206785 移动到新位置: -7.9815764 , 0 , -5.784773
2025-12-05 16:18:44.0895 (StateSyncRequestHandler.cs:18) 玩家ID:482734309785206785 移动方向: -0.6283015 , 0 , -0.77796996
2025-12-05 16:18:44.0895 (StateSyncRequestHandler.cs:18) 玩家ID:482734309785206785 移动到新位置: -8.107237 , 0 , -5.9403667
2025-12-05 16:18:44.1981 (StateSyncRequestHandler.cs:18) 玩家ID:482734309785206785 移动方向: 0.10583159 , 0 , -0.99438405
2025-12-05 16:18:44.1981 (StateSyncRequestHandler.cs:18) 玩家ID:482734309785206785 移动到新位置: -8.086071 , 0 , -6.1392436
2025-12-05 16:18:44.2929 (StateSyncRequestHandler.cs:18) 玩家ID:482734309785206785 移动方向: 0.77796996 , 0 , -0.6283015
2025-12-05 16:18:44.2929 (StateSyncRequestHandler.cs:18) 玩家ID:482734309785206785 移动到新位置: -7.930477 , 0 , -6.264904
2025-12-05 16:18:44.3876 (StateSyncRequestHandler.cs:18) 玩家ID:482734309785206785 移动方向: 0.77796996 , 0 , -0.6283015
2025-12-05 16:18:44.3876 (StateSyncRequestHandler.cs:18) 玩家ID:482734309785206785 移动到新位置: -7.7748833 , 0 , -6.3905644
2025-12-05 16:18:44.4807 (StateSyncRequestHandler.cs:18) 玩家ID:482734309785206785 移动方向: 0.99438405 , 0 , 0.10583159
2025-12-05 16:18:44.4807 (StateSyncRequestHandler.cs:18) 玩家ID:482734309785206785 移动到新位置: -7.5760064 , 0 , -6.369398
2025-12-05 16:18:44.5908 (StateSyncRequestHandler.cs:18) 玩家ID:482734309785206785 移动方向: 0.6283015 , 0 , 0.77796996
2025-12-05 16:18:44.5908 (StateSyncRequestHandler.cs:18) 玩家ID:482734309785206785 移动到新位置: -7.450346 , 0 , -6.2138042
2025-12-05 16:18:44.6804 (StateSyncRequestHandler.cs:18) 玩家ID:482734309785206785 移动方向: -0.10583159 , 0 , 0.99438405
2025-12-05 16:18:44.6804 (StateSyncRequestHandler.cs:18) 玩家ID:482734309785206785 移动到新位置: -7.4715123 , 0 , -6.0149274
2025-12-05 16:18:44.7886 (StateSyncRequestHandler.cs:18) 玩家ID:482734309785206785 移动方向: -0.77796996 , 0 , 0.6283015
2025-12-05 16:18:44.7886 (StateSyncRequestHandler.cs:18) 玩家ID:482734309785206785 移动到新位置: -7.627106 , 0 , -5.889267
2025-12-05 16:18:44.8822 (StateSyncRequestHandler.cs:18) 玩家ID:482734309785206785 移动方向: -0.99438405 , 0 , -0.10583159
2025-12-05 16:18:44.8822 (StateSyncRequestHandler.cs:18) 玩家ID:482734309785206785 移动到新位置: -7.825983 , 0 , -5.9104333
2025-12-05 16:18:44.9933 (StateSyncRequestHandler.cs:18) 玩家ID:482734309785206785 移动方向: -0.6283015 , 0 , -0.77796996
2025-12-05 16:18:44.9933 (StateSyncRequestHandler.cs:18) 玩家ID:482734309785206785 移动到新位置: -7.9516435 , 0 , -6.066027
2025-12-05 16:18:45.0882 (StateSyncRequestHandler.cs:18) 玩家ID:482734309785206785 移动方向: 0.10583159 , 0 , -0.99438405
2025-12-05 16:18:45.0882 (StateSyncRequestHandler.cs:18) 玩家ID:482734309785206785 移动到新位置: -7.930477 , 0 , -6.264904
2025-12-05 16:18:45.1812 (StateSyncRequestHandler.cs:18) 玩家ID:482734309785206785 移动方向: 0.77796996 , 0 , -0.6283015
2025-12-05 16:18:45.1812 (StateSyncRequestHandler.cs:18) 玩家ID:482734309785206785 移动到新位置: -7.7748833 , 0 , -6.3905644
2025-12-05 16:18:45.2874 (StateSyncRequestHandler.cs:18) 玩家ID:482734309785206785 移动方向: 0.99438405 , 0 , 0.10583159
2025-12-05 16:18:45.2874 (StateSyncRequestHandler.cs:18) 玩家ID:482734309785206785 移动到新位置: -7.5760064 , 0 , -6.369398
2025-12-05 16:18:45.3802 (StateSyncRequestHandler.cs:18) 玩家ID:482734309785206785 移动方向: 0.99438405 , 0 , 0.10583159
2025-12-05 16:18:45.3802 (StateSyncRequestHandler.cs:18) 玩家ID:482734309785206785 移动到新位置: -7.3771296 , 0 , -6.348232
2025-12-05 16:18:45.4897 (StateSyncRequestHandler.cs:18) 玩家ID:482734309785206785 移动方向: -0.10583159 , 0 , 0.99438405
2025-12-05 16:18:45.4908 (StateSyncRequestHandler.cs:18) 玩家ID:482734309785206785 移动到新位置: -7.398296 , 0 , -6.149355
2025-12-05 16:18:45.5826 (StateSyncRequestHandler.cs:18) 玩家ID:482734309785206785 移动方向: -0.77796996 , 0 , 0.6283015
2025-12-05 16:18:45.5826 (StateSyncRequestHandler.cs:18) 玩家ID:482734309785206785 移动到新位置: -7.5538898 , 0 , -6.0236945
2025-12-05 16:18:45.6747 (StateSyncRequestHandler.cs:18) 玩家ID:482734309785206785 移动方向: -0.99438405 , 0 , -0.10583159
2025-12-05 16:18:45.6747 (StateSyncRequestHandler.cs:18) 玩家ID:482734309785206785 移动到新位置: -7.7527666 , 0 , -6.044861
2025-12-05 16:18:45.7823 (StateSyncRequestHandler.cs:18) 玩家ID:482734309785206785 移动方向: -0.6283015 , 0 , -0.77796996
2025-12-05 16:18:45.7823 (StateSyncRequestHandler.cs:18) 玩家ID:482734309785206785 移动到新位置: -7.878427 , 0 , -6.2004547
2025-12-05 16:18:45.8768 (StateSyncRequestHandler.cs:18) 玩家ID:482734309785206785 移动方向: 0.77796996 , 0 , -0.6283015
2025-12-05 16:18:45.8768 (StateSyncRequestHandler.cs:18) 玩家ID:482734309785206785 移动到新位置: -7.722833 , 0 , -6.326115
2025-12-05 16:18:45.9873 (StateSyncRequestHandler.cs:18) 玩家ID:482734309785206785 移动方向: 0.77796996 , 0 , -0.6283015
2025-12-05 16:18:45.9873 (StateSyncRequestHandler.cs:18) 玩家ID:482734309785206785 移动到新位置: -7.5672393 , 0 , -6.4517756
2025-12-05 16:18:46.0953 (StateSyncRequestHandler.cs:18) 玩家ID:482734309785206785 移动方向: 0.99438405 , 0 , 0.10583159
2025-12-05 16:18:46.0953 (StateSyncRequestHandler.cs:18) 玩家ID:482734309785206785 移动到新位置: -7.3683624 , 0 , -6.430609
2025-12-05 16:18:46.1875 (StateSyncRequestHandler.cs:18) 玩家ID:482734309785206785 移动方向: -0.10583159 , 0 , 0.99438405
2025-12-05 16:18:46.1875 (StateSyncRequestHandler.cs:18) 玩家ID:482734309785206785 移动到新位置: -7.3895288 , 0 , -6.2317324
2025-12-05 16:18:46.2816 (StateSyncRequestHandler.cs:18) 玩家ID:482734309785206785 移动方向: -0.77796996 , 0 , 0.6283015
2025-12-05 16:18:46.2816 (StateSyncRequestHandler.cs:18) 玩家ID:482734309785206785 移动到新位置: -7.5451226 , 0 , -6.106072
2025-12-05 16:18:46.3907 (StateSyncRequestHandler.cs:18) 玩家ID:482734309785206785 移动方向: -0.6283015 , 0 , -0.77796996
2025-12-05 16:18:46.3907 (StateSyncRequestHandler.cs:18) 玩家ID:482734309785206785 移动到新位置: -7.670783 , 0 , -6.261666
2025-12-05 16:18:46.4826 (StateSyncRequestHandler.cs:18) 玩家ID:482734309785206785 移动方向: 0.10583159 , 0 , -0.99438405
2025-12-05 16:18:46.4826 (StateSyncRequestHandler.cs:18) 玩家ID:482734309785206785 移动到新位置: -7.6496167 , 0 , -6.4605427
2025-12-05 16:18:46.5768 (StateSyncRequestHandler.cs:18) 玩家ID:482734309785206785 移动方向: 0.77796996 , 0 , -0.6283015
2025-12-05 16:18:46.5768 (StateSyncRequestHandler.cs:18) 玩家ID:482734309785206785 移动到新位置: -7.494023 , 0 , -6.586203
2025-12-05 16:18:46.6884 (StateSyncRequestHandler.cs:18) 玩家ID:482734309785206785 移动方向: 0.99438405 , 0 , 0.10583159
2025-12-05 16:18:46.6884 (StateSyncRequestHandler.cs:18) 玩家ID:482734309785206785 移动到新位置: -7.295146 , 0 , -6.565037
2025-12-05 16:18:46.7797 (StateSyncRequestHandler.cs:18) 玩家ID:482734309785206785 移动方向: -0.77796996 , 0 , 0.6283015
2025-12-05 16:18:46.7797 (StateSyncRequestHandler.cs:18) 玩家ID:482734309785206785 移动到新位置: -7.45074 , 0 , -6.4393764
2025-12-05 16:18:46.8725 (StateSyncRequestHandler.cs:18) 玩家ID:482734309785206785 移动方向: -0.77796996 , 0 , 0.6283015
2025-12-05 16:18:46.8725 (StateSyncRequestHandler.cs:18) 玩家ID:482734309785206785 移动到新位置: -7.6063337 , 0 , -6.313716
2025-12-05 16:18:46.9808 (StateSyncRequestHandler.cs:18) 玩家ID:482734309785206785 移动方向: -0.6283015 , 0 , -0.77796996
2025-12-05 16:18:46.9808 (StateSyncRequestHandler.cs:18) 玩家ID:482734309785206785 移动到新位置: -7.731994 , 0 , -6.46931
2025-12-05 16:18:47.0891 (StateSyncRequestHandler.cs:18) 玩家ID:482734309785206785 移动方向: 0.77796996 , 0 , -0.6283015
2025-12-05 16:18:47.0891 (StateSyncRequestHandler.cs:18) 玩家ID:482734309785206785 移动到新位置: -7.5764003 , 0 , -6.59497
2025-12-05 16:18:47.1820 (StateSyncRequestHandler.cs:18) 玩家ID:482734309785206785 移动方向: 0.77796996 , 0 , -0.6283015
2025-12-05 16:18:47.1820 (StateSyncRequestHandler.cs:18) 玩家ID:482734309785206785 移动到新位置: -7.4208064 , 0 , -6.7206306
2025-12-05 16:18:47.2906 (StateSyncRequestHandler.cs:18) 玩家ID:482734309785206785 移动方向: 0.99438405 , 0 , 0.10583159
2025-12-05 16:18:47.2906 (StateSyncRequestHandler.cs:18) 玩家ID:482734309785206785 移动到新位置: -7.2219296 , 0 , -6.6994643
2025-12-05 16:18:47.3841 (StateSyncRequestHandler.cs:18) 玩家ID:482734309785206785 移动方向: -0.10583159 , 0 , 0.99438405
2025-12-05 16:18:47.3841 (StateSyncRequestHandler.cs:18) 玩家ID:482734309785206785 移动到新位置: -7.243096 , 0 , -6.5005875
2025-12-05 16:18:47.4781 (StateSyncRequestHandler.cs:18) 玩家ID:482734309785206785 移动到新位置: -7.243096 , 0 , -6.5005875
2025-12-05 16:32:23.6387  收到登录请求
2025-12-05 16:32:23.7274  进入大厅成功，玩家ID:482734309785206785
2025-12-05 16:32:25.3352 (StateSyncRequestHandler.cs:18) 玩家ID:482734309785206785 移动方向: 0.850964 , 0 , 0.525224
2025-12-05 16:32:25.3352 (StateSyncRequestHandler.cs:18) 玩家ID:482734309785206785 移动到新位置: -7.072903 , 0 , -6.3955426
2025-12-05 16:32:25.4289 (StateSyncRequestHandler.cs:18) 玩家ID:482734309785206785 移动方向: 0.9869559 , 0 , 0.16099091
2025-12-05 16:32:25.4289 (StateSyncRequestHandler.cs:18) 玩家ID:482734309785206785 移动到新位置: -6.875512 , 0 , -6.3633447
2025-12-05 16:32:25.5307 (StateSyncRequestHandler.cs:18) 玩家ID:482734309785206785 移动方向: 0.9999944 , 0 , -0.0033435225
2025-12-05 16:32:25.5307 (StateSyncRequestHandler.cs:18) 玩家ID:482734309785206785 移动到新位置: -6.6755133 , 0 , -6.364013
2025-12-05 16:32:25.6275 (StateSyncRequestHandler.cs:18) 玩家ID:482734309785206785 移动方向: 0.9992899 , 0 , -0.03767897
2025-12-05 16:32:25.6275 (StateSyncRequestHandler.cs:18) 玩家ID:482734309785206785 移动到新位置: -6.475655 , 0 , -6.371549
2025-12-05 16:32:25.7293 (StateSyncRequestHandler.cs:18) 玩家ID:482734309785206785 移动方向: 0.5991841 , 0 , 0.8006113
2025-12-05 16:32:25.7293 (StateSyncRequestHandler.cs:18) 玩家ID:482734309785206785 移动到新位置: -6.3558183 , 0 , -6.2114267
2025-12-05 16:32:25.8329 (StateSyncRequestHandler.cs:18) 玩家ID:482734309785206785 移动方向: 0.9198062 , 0 , 0.3923729
2025-12-05 16:32:25.8329 (StateSyncRequestHandler.cs:18) 玩家ID:482734309785206785 移动到新位置: -6.171857 , 0 , -6.132952
2025-12-05 16:32:25.9237 (StateSyncRequestHandler.cs:18) 玩家ID:482734309785206785 移动方向: 0.86785775 , 0 , 0.49681285
2025-12-05 16:32:25.9237 (StateSyncRequestHandler.cs:18) 玩家ID:482734309785206785 移动到新位置: -5.9982853 , 0 , -6.03359
2025-12-05 16:32:26.0289 (StateSyncRequestHandler.cs:18) 玩家ID:482734309785206785 移动方向: 0.8394736 , 0 , 0.5434004
2025-12-05 16:32:26.0289 (StateSyncRequestHandler.cs:18) 玩家ID:482734309785206785 移动到新位置: -5.8303905 , 0 , -5.9249096
2025-12-05 16:32:26.1291 (StateSyncRequestHandler.cs:18) 玩家ID:482734309785206785 移动方向: 0.82974756 , 0 , 0.5581389
2025-12-05 16:32:26.1291 (StateSyncRequestHandler.cs:18) 玩家ID:482734309785206785 移动到新位置: -5.664441 , 0 , -5.813282
2025-12-05 16:32:26.2274 (StateSyncRequestHandler.cs:18) 玩家ID:482734309785206785 移动到新位置: -5.664441 , 0 , -5.813282
2025-12-05 16:32:28.0252 (StateSyncRequestHandler.cs:18) 玩家ID:482734309785206785 移动方向: 0.8579991 , 0 , 0.5136512
2025-12-05 16:32:28.0252 (StateSyncRequestHandler.cs:18) 玩家ID:482734309785206785 移动到新位置: -5.4928412 , 0 , -5.7105517
2025-12-05 16:32:28.1302 (StateSyncRequestHandler.cs:18) 玩家ID:482734309785206785 移动方向: -0.23598242 , 0 , 0.9717573
2025-12-05 16:32:28.1302 (StateSyncRequestHandler.cs:18) 玩家ID:482734309785206785 移动到新位置: -5.5400376 , 0 , -5.5162
2025-12-05 16:32:28.2267 (StateSyncRequestHandler.cs:18) 玩家ID:482734309785206785 移动方向: -0.7255865 , 0 , 0.68813103
2025-12-05 16:32:28.2267 (StateSyncRequestHandler.cs:18) 玩家ID:482734309785206785 移动到新位置: -5.685155 , 0 , -5.378574
2025-12-05 16:32:28.3248 (StateSyncRequestHandler.cs:18) 玩家ID:482734309785206785 移动方向: -0.8894584 , 0 , 0.4570161
2025-12-05 16:32:28.3248 (StateSyncRequestHandler.cs:18) 玩家ID:482734309785206785 移动到新位置: -5.8630466 , 0 , -5.287171
2025-12-05 16:32:28.4302 (StateSyncRequestHandler.cs:18) 玩家ID:482734309785206785 移动方向: -0.39273182 , 0 , 0.91965306
2025-12-05 16:32:28.4302 (StateSyncRequestHandler.cs:18) 玩家ID:482734309785206785 移动到新位置: -5.941593 , 0 , -5.1032405
2025-12-05 16:32:28.5224 (StateSyncRequestHandler.cs:18) 玩家ID:482734309785206785 移动方向: -0.19074816 , 0 , 0.98163897
2025-12-05 16:32:28.5224 (StateSyncRequestHandler.cs:18) 玩家ID:482734309785206785 移动到新位置: -5.979743 , 0 , -4.906913
2025-12-05 16:32:28.6249 (StateSyncRequestHandler.cs:18) 玩家ID:482734309785206785 移动到新位置: -5.979743 , 0 , -4.906913
2025-12-05 16:32:30.3330 (StateSyncRequestHandler.cs:18) 玩家ID:482734309785206785 移动方向: 0.5813865 , 0 , -0.8136275
2025-12-05 16:32:30.3330 (StateSyncRequestHandler.cs:18) 玩家ID:482734309785206785 移动到新位置: -5.863466 , 0 , -5.0696383
2025-12-05 16:32:30.4275 (StateSyncRequestHandler.cs:18) 玩家ID:482734309785206785 移动方向: 0.5638956 , 0 , -0.825846
2025-12-05 16:32:30.4275 (StateSyncRequestHandler.cs:18) 玩家ID:482734309785206785 移动到新位置: -5.7506866 , 0 , -5.2348075
2025-12-05 16:32:30.5229 (StateSyncRequestHandler.cs:18) 玩家ID:482734309785206785 移动方向: 0.45338413 , 0 , -0.8913152
2025-12-05 16:32:30.5229 (StateSyncRequestHandler.cs:18) 玩家ID:482734309785206785 移动到新位置: -5.66001 , 0 , -5.4130707
2025-12-05 16:32:30.6249 (StateSyncRequestHandler.cs:18) 玩家ID:482734309785206785 移动方向: 0.84419745 , 0 , -0.5360323
2025-12-05 16:32:30.6249 (StateSyncRequestHandler.cs:18) 玩家ID:482734309785206785 移动到新位置: -5.4911704 , 0 , -5.520277
2025-12-05 16:32:30.7263 (StateSyncRequestHandler.cs:18) 玩家ID:482734309785206785 移动方向: 0.7708529 , 0 , -0.6370131
2025-12-05 16:32:30.7263 (StateSyncRequestHandler.cs:18) 玩家ID:482734309785206785 移动到新位置: -5.337 , 0 , -5.64768
2025-12-05 16:32:30.8315 (StateSyncRequestHandler.cs:18) 玩家ID:482734309785206785 移动方向: 0.9769092 , 0 , 0.21365488
2025-12-05 16:32:30.8315 (StateSyncRequestHandler.cs:18) 玩家ID:482734309785206785 移动到新位置: -5.1416183 , 0 , -5.604949
2025-12-05 16:32:30.9279 (StateSyncRequestHandler.cs:18) 玩家ID:482734309785206785 移动方向: 0.8779358 , 0 , 0.4787783
2025-12-05 16:32:30.9279 (StateSyncRequestHandler.cs:18) 玩家ID:482734309785206785 移动到新位置: -4.966031 , 0 , -5.5091934
2025-12-05 16:32:31.0253 (StateSyncRequestHandler.cs:18) 玩家ID:482734309785206785 移动方向: -0.1497103 , 0 , 0.98872983
2025-12-05 16:32:31.0253 (StateSyncRequestHandler.cs:18) 玩家ID:482734309785206785 移动到新位置: -4.995973 , 0 , -5.3114476
2025-12-05 16:32:31.1261 (StateSyncRequestHandler.cs:18) 玩家ID:482734309785206785 移动方向: -0.989179 , 0 , 0.14671342
2025-12-05 16:32:31.1261 (StateSyncRequestHandler.cs:18) 玩家ID:482734309785206785 移动到新位置: -5.193809 , 0 , -5.282105
2025-12-05 16:32:31.2274 (StateSyncRequestHandler.cs:18) 玩家ID:482734309785206785 移动方向: 0.16647841 , 0 , -0.9860451
2025-12-05 16:32:31.2274 (StateSyncRequestHandler.cs:18) 玩家ID:482734309785206785 移动到新位置: -5.1605134 , 0 , -5.479314
2025-12-05 16:32:31.3266 (StateSyncRequestHandler.cs:18) 玩家ID:482734309785206785 移动方向: 0.30825633 , 0 , -0.95130336
2025-12-05 16:32:31.3266 (StateSyncRequestHandler.cs:18) 玩家ID:482734309785206785 移动到新位置: -5.098862 , 0 , -5.6695747
2025-12-05 16:32:31.4322 (StateSyncRequestHandler.cs:18) 玩家ID:482734309785206785 移动方向: 0.27269298 , 0 , -0.96210116
2025-12-05 16:32:31.4322 (StateSyncRequestHandler.cs:18) 玩家ID:482734309785206785 移动到新位置: -5.0443234 , 0 , -5.8619947
2025-12-05 16:32:31.5241 (StateSyncRequestHandler.cs:18) 玩家ID:482734309785206785 移动方向: -0.7613159 , 0 , -0.6483812
2025-12-05 16:32:31.5241 (StateSyncRequestHandler.cs:18) 玩家ID:482734309785206785 移动到新位置: -5.1965866 , 0 , -5.991671
2025-12-05 16:32:31.6316 (StateSyncRequestHandler.cs:18) 玩家ID:482734309785206785 移动方向: -0.7546331 , 0 , 0.656147
2025-12-05 16:32:31.6316 (StateSyncRequestHandler.cs:18) 玩家ID:482734309785206785 移动到新位置: -5.347513 , 0 , -5.8604417
2025-12-05 16:32:31.7276 (StateSyncRequestHandler.cs:18) 玩家ID:482734309785206785 移动方向: -0.33356455 , 0 , 0.9427272
2025-12-05 16:32:31.7276 (StateSyncRequestHandler.cs:18) 玩家ID:482734309785206785 移动到新位置: -5.414226 , 0 , -5.6718965
2025-12-05 16:32:31.8286 (StateSyncRequestHandler.cs:18) 玩家ID:482734309785206785 移动方向: 0.77719575 , 0 , 0.62925893
2025-12-05 16:32:31.8286 (StateSyncRequestHandler.cs:18) 玩家ID:482734309785206785 移动到新位置: -5.258787 , 0 , -5.546045
2025-12-05 16:32:31.9324 (StateSyncRequestHandler.cs:18) 玩家ID:482734309785206785 移动方向: 0.9547231 , 0 , 0.29749578
2025-12-05 16:32:31.9324 (StateSyncRequestHandler.cs:18) 玩家ID:482734309785206785 移动到新位置: -5.0678425 , 0 , -5.4865456
2025-12-05 16:32:32.0288 (StateSyncRequestHandler.cs:18) 玩家ID:482734309785206785 移动方向: 0.6621876 , 0 , 0.74933803
2025-12-05 16:32:32.0288 (StateSyncRequestHandler.cs:18) 玩家ID:482734309785206785 移动到新位置: -4.935405 , 0 , -5.336678
2025-12-05 16:32:32.1241 (StateSyncRequestHandler.cs:18) 玩家ID:482734309785206785 移动方向: 0.7776607 , 0 , 0.6286841
2025-12-05 16:32:32.1241 (StateSyncRequestHandler.cs:18) 玩家ID:482734309785206785 移动到新位置: -4.7798724 , 0 , -5.2109413
2025-12-05 16:32:32.2242 (StateSyncRequestHandler.cs:18) 玩家ID:482734309785206785 移动方向: 0.19158915 , 0 , 0.9814752
2025-12-05 16:32:32.2242 (StateSyncRequestHandler.cs:18) 玩家ID:482734309785206785 移动到新位置: -4.7415547 , 0 , -5.0146465
2025-12-05 16:32:32.3326 (StateSyncRequestHandler.cs:18) 玩家ID:482734309785206785 移动方向: 0.22706977 , 0 , 0.9738785
2025-12-05 16:32:32.3326 (StateSyncRequestHandler.cs:18) 玩家ID:482734309785206785 移动到新位置: -4.696141 , 0 , -4.819871
2025-12-05 16:32:32.4272 (StateSyncRequestHandler.cs:18) 玩家ID:482734309785206785 移动方向: 0.21932054 , 0 , 0.9756528
2025-12-05 16:32:32.4272 (StateSyncRequestHandler.cs:18) 玩家ID:482734309785206785 移动到新位置: -4.6522765 , 0 , -4.6247406
2025-12-05 16:32:32.5276 (StateSyncRequestHandler.cs:18) 玩家ID:482734309785206785 移动方向: 0.0956732 , 0 , 0.99541277
2025-12-05 16:32:32.5276 (StateSyncRequestHandler.cs:18) 玩家ID:482734309785206785 移动到新位置: -4.633142 , 0 , -4.425658
2025-12-05 16:32:32.6327 (StateSyncRequestHandler.cs:18) 玩家ID:482734309785206785 移动方向: -0.7084054 , 0 , 0.70580584
2025-12-05 16:32:32.6327 (StateSyncRequestHandler.cs:18) 玩家ID:482734309785206785 移动到新位置: -4.774823 , 0 , -4.2844973
2025-12-05 16:32:32.7228 (StateSyncRequestHandler.cs:18) 玩家ID:482734309785206785 移动方向: -0.7236039 , 0 , 0.69021547
2025-12-05 16:32:32.7228 (StateSyncRequestHandler.cs:18) 玩家ID:482734309785206785 移动到新位置: -4.9195437 , 0 , -4.1464543
2025-12-05 16:32:32.8286 (StateSyncRequestHandler.cs:18) 玩家ID:482734309785206785 移动方向: -0.7233396 , 0 , 0.6904924
2025-12-05 16:32:32.8286 (StateSyncRequestHandler.cs:18) 玩家ID:482734309785206785 移动到新位置: -5.064212 , 0 , -4.008356
2025-12-05 16:32:32.9302 (StateSyncRequestHandler.cs:18) 玩家ID:482734309785206785 移动方向: -0.99977595 , 0 , -0.021163166
2025-12-05 16:32:32.9302 (StateSyncRequestHandler.cs:18) 玩家ID:482734309785206785 移动到新位置: -5.264167 , 0 , -4.0125885
2025-12-05 16:32:33.0307 (StateSyncRequestHandler.cs:18) 玩家ID:482734309785206785 移动方向: -0.9997959 , 0 , -0.020204574
2025-12-05 16:32:33.0307 (StateSyncRequestHandler.cs:18) 玩家ID:482734309785206785 移动到新位置: -5.464126 , 0 , -4.016629
2025-12-05 16:32:33.1260 (StateSyncRequestHandler.cs:18) 玩家ID:482734309785206785 移动方向: -0.019834578 , 0 , 0.9998033
2025-12-05 16:32:33.1260 (StateSyncRequestHandler.cs:18) 玩家ID:482734309785206785 移动到新位置: -5.468093 , 0 , -3.8166685
2025-12-05 16:32:33.2259 (StateSyncRequestHandler.cs:18) 玩家ID:482734309785206785 移动方向: -0.01969853 , 0 , 0.99980605
2025-12-05 16:32:33.2259 (StateSyncRequestHandler.cs:18) 玩家ID:482734309785206785 移动到新位置: -5.4720325 , 0 , -3.6167073
2025-12-05 16:32:33.3283 (StateSyncRequestHandler.cs:18) 玩家ID:482734309785206785 移动方向: 0.69307387 , 0 , 0.7208666
2025-12-05 16:32:33.3283 (StateSyncRequestHandler.cs:18) 玩家ID:482734309785206785 移动到新位置: -5.333418 , 0 , -3.472534
2025-12-05 16:32:33.4234 (StateSyncRequestHandler.cs:18) 玩家ID:482734309785206785 移动方向: 0.9998071 , 0 , 0.019639641
2025-12-05 16:32:33.4234 (StateSyncRequestHandler.cs:18) 玩家ID:482734309785206785 移动到新位置: -5.133456 , 0 , -3.468606
2025-12-05 16:32:33.5284 (StateSyncRequestHandler.cs:18) 玩家ID:482734309785206785 移动方向: 0.99980724 , 0 , 0.019634873
2025-12-05 16:32:33.5284 (StateSyncRequestHandler.cs:18) 玩家ID:482734309785206785 移动到新位置: -4.9334946 , 0 , -3.464679
2025-12-05 16:32:33.6283 (StateSyncRequestHandler.cs:18) 玩家ID:482734309785206785 移动方向: 0.9998073 , 0 , 0.01963371
2025-12-05 16:32:33.6283 (StateSyncRequestHandler.cs:18) 玩家ID:482734309785206785 移动到新位置: -4.733533 , 0 , -3.4607522
2025-12-05 16:32:33.7306 (StateSyncRequestHandler.cs:18) 玩家ID:482734309785206785 移动方向: 0.69308734 , 0 , 0.7208536
2025-12-05 16:32:33.7306 (StateSyncRequestHandler.cs:18) 玩家ID:482734309785206785 移动到新位置: -4.5949154 , 0 , -3.3165815
2025-12-05 16:32:33.8324 (StateSyncRequestHandler.cs:18) 玩家ID:482734309785206785 移动方向: -0.01773709 , 0 , 0.9998427
2025-12-05 16:32:33.8324 (StateSyncRequestHandler.cs:18) 玩家ID:482734309785206785 移动到新位置: -4.5984626 , 0 , -3.116613
2025-12-05 16:32:33.9273 (StateSyncRequestHandler.cs:18) 玩家ID:482734309785206785 移动方向: -0.6796973 , 0 , 0.7334927
2025-12-05 16:32:33.9273 (StateSyncRequestHandler.cs:18) 玩家ID:482734309785206785 移动到新位置: -4.734402 , 0 , -2.9699144
2025-12-05 16:32:34.0314 (StateSyncRequestHandler.cs:18) 玩家ID:482734309785206785 移动方向: -0.5907263 , 0 , 0.806872
2025-12-05 16:32:34.0314 (StateSyncRequestHandler.cs:18) 玩家ID:482734309785206785 移动到新位置: -4.8525476 , 0 , -2.80854
2025-12-05 16:32:34.1309 (StateSyncRequestHandler.cs:18) 玩家ID:482734309785206785 移动方向: -0.5385365 , 0 , 0.84260213
2025-12-05 16:32:34.1309 (StateSyncRequestHandler.cs:18) 玩家ID:482734309785206785 移动到新位置: -4.960255 , 0 , -2.6400197
2025-12-05 16:32:34.2305 (StateSyncRequestHandler.cs:18) 玩家ID:482734309785206785 移动方向: -0.5171306 , 0 , 0.8559064
2025-12-05 16:32:34.2305 (StateSyncRequestHandler.cs:18) 玩家ID:482734309785206785 移动到新位置: -5.063681 , 0 , -2.4688385
2025-12-05 16:32:34.3274 (StateSyncRequestHandler.cs:18) 玩家ID:482734309785206785 移动方向: 0.23719329 , 0 , 0.9714625
2025-12-05 16:32:34.3274 (StateSyncRequestHandler.cs:18) 玩家ID:482734309785206785 移动到新位置: -5.0162425 , 0 , -2.274546
2025-12-05 16:32:34.4291 (StateSyncRequestHandler.cs:18) 玩家ID:482734309785206785 移动方向: 0.78279364 , 0 , 0.6222813
2025-12-05 16:32:34.4291 (StateSyncRequestHandler.cs:18) 玩家ID:482734309785206785 移动到新位置: -4.859684 , 0 , -2.1500897
2025-12-05 16:32:34.5285 (StateSyncRequestHandler.cs:18) 玩家ID:482734309785206785 移动方向: 0.69388115 , 0 , 0.7200895
2025-12-05 16:32:34.5285 (StateSyncRequestHandler.cs:18) 玩家ID:482734309785206785 移动到新位置: -4.7209077 , 0 , -2.0060718
2025-12-05 16:32:34.6276 (StateSyncRequestHandler.cs:18) 玩家ID:482734309785206785 移动方向: 0.6474327 , 0 , 0.76212263
2025-12-05 16:32:34.6276 (StateSyncRequestHandler.cs:18) 玩家ID:482734309785206785 移动到新位置: -4.591421 , 0 , -1.8536472
2025-12-05 16:32:34.7323 (StateSyncRequestHandler.cs:18) 玩家ID:482734309785206785 移动方向: 0.6284544 , 0 , 0.77784646
2025-12-05 16:32:34.7323 (StateSyncRequestHandler.cs:18) 玩家ID:482734309785206785 移动到新位置: -4.46573 , 0 , -1.6980779
2025-12-05 16:32:34.8317 (StateSyncRequestHandler.cs:18) 玩家ID:482734309785206785 移动方向: 0.62291855 , 0 , 0.78228676
2025-12-05 16:32:34.8317 (StateSyncRequestHandler.cs:18) 玩家ID:482734309785206785 移动到新位置: -4.3411465 , 0 , -1.5416206
2025-12-05 16:32:34.9266 (StateSyncRequestHandler.cs:18) 玩家ID:482734309785206785 移动方向: 0.63756704 , 0 , 0.7703949
2025-12-05 16:32:34.9266 (StateSyncRequestHandler.cs:18) 玩家ID:482734309785206785 移动到新位置: -4.213633 , 0 , -1.3875417
2025-12-05 16:32:35.0256 (StateSyncRequestHandler.cs:18) 玩家ID:482734309785206785 移动方向: 0.66944724 , 0 , 0.7428596
2025-12-05 16:32:35.0256 (StateSyncRequestHandler.cs:18) 玩家ID:482734309785206785 移动到新位置: -4.0797434 , 0 , -1.2389698
2025-12-05 16:32:35.1284 (StateSyncRequestHandler.cs:18) 玩家ID:482734309785206785 移动方向: 0.68795764 , 0 , 0.72575074
2025-12-05 16:32:35.1284 (StateSyncRequestHandler.cs:18) 玩家ID:482734309785206785 移动到新位置: -3.9421518 , 0 , -1.0938196
2025-12-05 16:32:35.2444 (StateSyncRequestHandler.cs:18) 玩家ID:482734309785206785 移动方向: 0.6952521 , 0 , 0.718766
2025-12-05 16:32:35.2444 (StateSyncRequestHandler.cs:18) 玩家ID:482734309785206785 移动到新位置: -3.8031013 , 0 , -0.95006645
2025-12-05 16:32:35.3286 (StateSyncRequestHandler.cs:18) 玩家ID:482734309785206785 移动方向: 0.697556 , 0 , 0.7165303
2025-12-05 16:32:35.3286 (StateSyncRequestHandler.cs:18) 玩家ID:482734309785206785 移动到新位置: -3.6635902 , 0 , -0.8067604
2025-12-05 16:32:35.4330 (StateSyncRequestHandler.cs:18) 玩家ID:482734309785206785 移动方向: 0.6983648 , 0 , 0.715742
2025-12-05 16:32:35.4330 (StateSyncRequestHandler.cs:18) 玩家ID:482734309785206785 移动到新位置: -3.5239172 , 0 , -0.663612
2025-12-05 16:32:35.5244 (StateSyncRequestHandler.cs:18) 玩家ID:482734309785206785 移动方向: 0.69860446 , 0 , 0.7155081
2025-12-05 16:32:35.5244 (StateSyncRequestHandler.cs:18) 玩家ID:482734309785206785 移动到新位置: -3.3841963 , 0 , -0.5205104
2025-12-05 16:32:35.6280 (StateSyncRequestHandler.cs:18) 玩家ID:482734309785206785 移动方向: 0.6986925 , 0 , 0.7154222
2025-12-05 16:32:35.6280 (StateSyncRequestHandler.cs:18) 玩家ID:482734309785206785 移动到新位置: -3.2444577 , 0 , -0.37742594
2025-12-05 16:32:35.7325 (StateSyncRequestHandler.cs:18) 玩家ID:482734309785206785 移动方向: 0.69871765 , 0 , 0.71539754
2025-12-05 16:32:35.7325 (StateSyncRequestHandler.cs:18) 玩家ID:482734309785206785 移动到新位置: -3.1047142 , 0 , -0.23434643
2025-12-05 16:32:35.8317 (StateSyncRequestHandler.cs:18) 玩家ID:482734309785206785 移动方向: 0.6987246 , 0 , 0.71539074
2025-12-05 16:32:35.8317 (StateSyncRequestHandler.cs:18) 玩家ID:482734309785206785 移动到新位置: -2.9649692 , 0 , -0.091268286
2025-12-05 16:32:35.9341 (StateSyncRequestHandler.cs:18) 玩家ID:482734309785206785 移动方向: 0.6987268 , 0 , 0.7153886
2025-12-05 16:32:35.9341 (StateSyncRequestHandler.cs:18) 玩家ID:482734309785206785 移动到新位置: -2.825224 , 0 , 0.05180943
2025-12-05 16:32:36.0281 (StateSyncRequestHandler.cs:18) 玩家ID:482734309785206785 移动方向: 0.6987273 , 0 , 0.7153881
2025-12-05 16:32:36.0281 (StateSyncRequestHandler.cs:18) 玩家ID:482734309785206785 移动到新位置: -2.6854784 , 0 , 0.19488706
2025-12-05 16:32:36.1323 (StateSyncRequestHandler.cs:18) 玩家ID:482734309785206785 移动方向: 0.6987273 , 0 , 0.7153881
2025-12-05 16:32:36.1323 (StateSyncRequestHandler.cs:18) 玩家ID:482734309785206785 移动到新位置: -2.545733 , 0 , 0.33796468
2025-12-05 16:32:36.2305 (StateSyncRequestHandler.cs:18) 玩家ID:482734309785206785 移动方向: 0.6987273 , 0 , 0.7153881
2025-12-05 16:32:36.2305 (StateSyncRequestHandler.cs:18) 玩家ID:482734309785206785 移动到新位置: -2.4059875 , 0 , 0.48104233
2025-12-05 16:32:36.3328 (StateSyncRequestHandler.cs:18) 玩家ID:482734309785206785 移动方向: 0.6987273 , 0 , 0.7153881
2025-12-05 16:32:36.3335 (StateSyncRequestHandler.cs:18) 玩家ID:482734309785206785 移动到新位置: -2.266242 , 0 , 0.62411994
2025-12-05 16:32:36.4329 (StateSyncRequestHandler.cs:18) 玩家ID:482734309785206785 移动方向: 0.6987273 , 0 , 0.7153881
2025-12-05 16:32:36.4329 (StateSyncRequestHandler.cs:18) 玩家ID:482734309785206785 移动到新位置: -2.1264966 , 0 , 0.76719755
2025-12-05 16:32:36.5253 (StateSyncRequestHandler.cs:18) 玩家ID:482734309785206785 移动方向: 0.69686794 , 0 , 0.71719956
2025-12-05 16:32:36.5253 (StateSyncRequestHandler.cs:18) 玩家ID:482734309785206785 移动到新位置: -1.987123 , 0 , 0.91063744
2025-12-05 16:32:36.6269 (StateSyncRequestHandler.cs:18) 玩家ID:482734309785206785 移动方向: 0.5936219 , 0 , 0.80474406
2025-12-05 16:32:36.6269 (StateSyncRequestHandler.cs:18) 玩家ID:482734309785206785 移动到新位置: -1.8683987 , 0 , 1.0715863
2025-12-05 16:32:36.7250 (StateSyncRequestHandler.cs:18) 玩家ID:482734309785206785 移动方向: 0.39361167 , 0 , 0.91927683
2025-12-05 16:32:36.7250 (StateSyncRequestHandler.cs:18) 玩家ID:482734309785206785 移动到新位置: -1.7896763 , 0 , 1.2554417
2025-12-05 16:32:36.8312 (StateSyncRequestHandler.cs:18) 玩家ID:482734309785206785 移动方向: 0.26269963 , 0 , 0.9648776
2025-12-05 16:32:36.8312 (StateSyncRequestHandler.cs:18) 玩家ID:482734309785206785 移动到新位置: -1.7371364 , 0 , 1.4484172
2025-12-05 16:32:36.9321 (StateSyncRequestHandler.cs:18) 玩家ID:482734309785206785 移动方向: 0.21325746 , 0 , 0.97699606
2025-12-05 16:32:36.9321 (StateSyncRequestHandler.cs:18) 玩家ID:482734309785206785 移动到新位置: -1.6944848 , 0 , 1.6438164
2025-12-05 16:32:37.0331 (StateSyncRequestHandler.cs:18) 玩家ID:482734309785206785 移动方向: 0.19585489 , 0 , 0.98063284
2025-12-05 16:32:37.0331 (StateSyncRequestHandler.cs:18) 玩家ID:482734309785206785 移动到新位置: -1.6553138 , 0 , 1.8399429
2025-12-05 16:32:37.1297 (StateSyncRequestHandler.cs:18) 玩家ID:482734309785206785 移动方向: 0.1900645 , 0 , 0.9817716
2025-12-05 16:32:37.1303 (StateSyncRequestHandler.cs:18) 玩家ID:482734309785206785 移动到新位置: -1.617301 , 0 , 2.0362973
2025-12-05 16:32:37.2229 (StateSyncRequestHandler.cs:18) 玩家ID:482734309785206785 移动方向: 0.18829478 , 0 , 0.9821126
2025-12-05 16:32:37.2229 (StateSyncRequestHandler.cs:18) 玩家ID:482734309785206785 移动到新位置: -1.579642 , 0 , 2.23272
2025-12-05 16:32:37.3305 (StateSyncRequestHandler.cs:18) 玩家ID:482734309785206785 移动方向: 0.1876307 , 0 , 0.98223966
2025-12-05 16:32:37.3305 (StateSyncRequestHandler.cs:18) 玩家ID:482734309785206785 移动到新位置: -1.5421159 , 0 , 2.4291677
2025-12-05 16:32:37.4237 (StateSyncRequestHandler.cs:18) 玩家ID:482734309785206785 移动方向: 0.18746339 , 0 , 0.98227155
2025-12-05 16:32:37.4237 (StateSyncRequestHandler.cs:18) 玩家ID:482734309785206785 移动到新位置: -1.5046233 , 0 , 2.625622
2025-12-05 16:32:37.5269 (StateSyncRequestHandler.cs:18) 玩家ID:482734309785206785 移动方向: 0.18740468 , 0 , 0.9822828
2025-12-05 16:32:37.5269 (StateSyncRequestHandler.cs:18) 玩家ID:482734309785206785 移动到新位置: -1.4671423 , 0 , 2.8220787
2025-12-05 16:32:37.6246 (StateSyncRequestHandler.cs:18) 玩家ID:482734309785206785 移动方向: 0.8270847 , 0 , 0.56207716
2025-12-05 16:32:37.6246 (StateSyncRequestHandler.cs:18) 玩家ID:482734309785206785 移动到新位置: -1.3017254 , 0 , 2.934494
2025-12-05 16:32:37.7238 (StateSyncRequestHandler.cs:18) 玩家ID:482734309785206785 移动方向: 0.98228675 , 0 , -0.18738373
2025-12-05 16:32:37.7238 (StateSyncRequestHandler.cs:18) 玩家ID:482734309785206785 移动到新位置: -1.105268 , 0 , 2.8970172
2025-12-05 16:32:37.8257 (StateSyncRequestHandler.cs:18) 玩家ID:482734309785206785 移动方向: 0.982287 , 0 , -0.18738237
2025-12-05 16:32:37.8257 (StateSyncRequestHandler.cs:18) 玩家ID:482734309785206785 移动到新位置: -0.9088106 , 0 , 2.8595407
2025-12-05 16:32:37.9275 (StateSyncRequestHandler.cs:18) 玩家ID:482734309785206785 移动方向: 0.982287 , 0 , -0.18738237
2025-12-05 16:32:37.9275 (StateSyncRequestHandler.cs:18) 玩家ID:482734309785206785 移动到新位置: -0.7123532 , 0 , 2.8220642
2025-12-05 16:32:38.0298 (StateSyncRequestHandler.cs:18) 玩家ID:482734309785206785 移动方向: 0.982287 , 0 , -0.18738237
2025-12-05 16:32:38.0298 (StateSyncRequestHandler.cs:18) 玩家ID:482734309785206785 移动到新位置: -0.51589584 , 0 , 2.7845876
2025-12-05 16:32:38.1364 (StateSyncRequestHandler.cs:18) 玩家ID:482734309785206785 移动方向: 0.982287 , 0 , -0.18738237
2025-12-05 16:32:38.1364 (StateSyncRequestHandler.cs:18) 玩家ID:482734309785206785 移动到新位置: -0.31943846 , 0 , 2.747111
2025-12-05 16:32:38.2281 (StateSyncRequestHandler.cs:18) 玩家ID:482734309785206785 移动到新位置: -0.31943846 , 0 , 2.747111
2025-12-05 16:32:41.7270 (StateSyncRequestHandler.cs:18) 玩家ID:482734309785206785 移动方向: -0.8387356 , 0 , 0.54453886
2025-12-05 16:32:41.7270 (StateSyncRequestHandler.cs:18) 玩家ID:482734309785206785 移动到新位置: -0.4871856 , 0 , 2.8560188
2025-12-05 16:32:41.8290 (StateSyncRequestHandler.cs:18) 玩家ID:482734309785206785 移动方向: -0.70717144 , 0 , 0.7070421
2025-12-05 16:32:41.8290 (StateSyncRequestHandler.cs:18) 玩家ID:482734309785206785 移动到新位置: -0.6286199 , 0 , 2.9974272
2025-12-05 16:32:41.9265 (StateSyncRequestHandler.cs:18) 玩家ID:482734309785206785 移动方向: -0.634063 , 0 , 0.7732814
2025-12-05 16:32:41.9265 (StateSyncRequestHandler.cs:18) 玩家ID:482734309785206785 移动到新位置: -0.7554325 , 0 , 3.1520834
2025-12-05 16:32:42.0291 (StateSyncRequestHandler.cs:18) 玩家ID:482734309785206785 移动方向: 0.13991761 , 0 , 0.9901631
2025-12-05 16:32:42.0291 (StateSyncRequestHandler.cs:18) 玩家ID:482734309785206785 移动到新位置: -0.72744894 , 0 , 3.350116
2025-12-05 16:32:42.1225 (StateSyncRequestHandler.cs:18) 玩家ID:482734309785206785 移动方向: 0.80730486 , 0 , 0.5901347
2025-12-05 16:32:42.1225 (StateSyncRequestHandler.cs:18) 玩家ID:482734309785206785 移动到新位置: -0.56598794 , 0 , 3.468143
2025-12-05 16:32:42.2314 (StateSyncRequestHandler.cs:18) 玩家ID:482734309785206785 移动方向: 0.5861692 , 0 , -0.81018865
2025-12-05 16:32:42.2314 (StateSyncRequestHandler.cs:18) 玩家ID:482734309785206785 移动到新位置: -0.4487541 , 0 , 3.3061051
2025-12-05 16:32:42.3294 (StateSyncRequestHandler.cs:18) 玩家ID:482734309785206785 移动方向: 0.58489835 , 0 , -0.8111066
2025-12-05 16:32:42.3294 (StateSyncRequestHandler.cs:18) 玩家ID:482734309785206785 移动到新位置: -0.33177444 , 0 , 3.1438837
2025-12-05 16:32:42.4257 (StateSyncRequestHandler.cs:18) 玩家ID:482734309785206785 移动方向: -0.1753642 , 0 , -0.9845035
2025-12-05 16:32:42.4257 (StateSyncRequestHandler.cs:18) 玩家ID:482734309785206785 移动到新位置: -0.36684728 , 0 , 2.946983
2025-12-05 16:32:42.5310 (StateSyncRequestHandler.cs:18) 玩家ID:482734309785206785 移动方向: 0.44154197 , 0 , -0.8972406
2025-12-05 16:32:42.5310 (StateSyncRequestHandler.cs:18) 玩家ID:482734309785206785 移动到新位置: -0.27853888 , 0 , 2.767535
2025-12-05 16:32:42.6331 (StateSyncRequestHandler.cs:18) 玩家ID:482734309785206785 移动方向: 0.8104376 , 0 , -0.58582497
2025-12-05 16:32:42.6331 (StateSyncRequestHandler.cs:18) 玩家ID:482734309785206785 移动到新位置: -0.11645137 , 0 , 2.65037
2025-12-05 16:32:42.7301 (StateSyncRequestHandler.cs:18) 玩家ID:482734309785206785 移动方向: 0.99814683 , 0 , -0.060850754
2025-12-05 16:32:42.7301 (StateSyncRequestHandler.cs:18) 玩家ID:482734309785206785 移动到新位置: 0.083178 , 0 , 2.6381998
2025-12-05 16:32:42.8283 (StateSyncRequestHandler.cs:18) 玩家ID:482734309785206785 移动方向: 0.9869811 , 0 , -0.16083659
2025-12-05 16:32:42.8283 (StateSyncRequestHandler.cs:18) 玩家ID:482734309785206785 移动到新位置: 0.2805742 , 0 , 2.6060324
2025-12-05 16:32:42.9233 (StateSyncRequestHandler.cs:18) 玩家ID:482734309785206785 移动方向: 0.8357385 , 0 , 0.5491277
2025-12-05 16:32:42.9233 (StateSyncRequestHandler.cs:18) 玩家ID:482734309785206785 移动到新位置: 0.4477219 , 0 , 2.715858
2025-12-05 16:32:43.0278 (StateSyncRequestHandler.cs:18) 玩家ID:482734309785206785 移动方向: 0.22103113 , 0 , 0.97526675
2025-12-05 16:32:43.0278 (StateSyncRequestHandler.cs:18) 玩家ID:482734309785206785 移动到新位置: 0.49192813 , 0 , 2.9109113
2025-12-05 16:32:43.1257 (StateSyncRequestHandler.cs:18) 玩家ID:482734309785206785 移动方向: 0.22686203 , 0 , 0.9739269
2025-12-05 16:32:43.1257 (StateSyncRequestHandler.cs:18) 玩家ID:482734309785206785 移动到新位置: 0.5373005 , 0 , 3.1056967
2025-12-05 16:32:43.2241 (StateSyncRequestHandler.cs:18) 玩家ID:482734309785206785 移动方向: 0.22877681 , 0 , 0.9734789
2025-12-05 16:32:43.2241 (StateSyncRequestHandler.cs:18) 玩家ID:482734309785206785 移动到新位置: 0.5830559 , 0 , 3.3003924
2025-12-05 16:32:43.3290 (StateSyncRequestHandler.cs:18) 玩家ID:482734309785206785 移动方向: 0.22938253 , 0 , 0.97333634
2025-12-05 16:32:43.3290 (StateSyncRequestHandler.cs:18) 玩家ID:482734309785206785 移动到新位置: 0.6289324 , 0 , 3.4950597
2025-12-05 16:32:43.4243 (StateSyncRequestHandler.cs:18) 玩家ID:482734309785206785 移动方向: 0.85054064 , 0 , 0.52590936
2025-12-05 16:32:43.4243 (StateSyncRequestHandler.cs:18) 玩家ID:482734309785206785 移动到新位置: 0.79904056 , 0 , 3.6002417
2025-12-05 16:32:43.5283 (StateSyncRequestHandler.cs:18) 玩家ID:482734309785206785 移动方向: 0.85057014 , 0 , 0.52586156
2025-12-05 16:32:43.5283 (StateSyncRequestHandler.cs:18) 玩家ID:482734309785206785 移动到新位置: 0.9691546 , 0 , 3.705414
2025-12-05 16:32:43.6255 (StateSyncRequestHandler.cs:18) 玩家ID:482734309785206785 移动方向: 0.9732806 , 0 , -0.22961874
2025-12-05 16:32:43.6255 (StateSyncRequestHandler.cs:18) 玩家ID:482734309785206785 移动到新位置: 1.1638107 , 0 , 3.6594903
2025-12-05 16:32:43.7247 (StateSyncRequestHandler.cs:18) 玩家ID:482734309785206785 移动方向: 0.9732796 , 0 , -0.22962312
2025-12-05 16:32:43.7247 (StateSyncRequestHandler.cs:18) 玩家ID:482734309785206785 移动到新位置: 1.3584666 , 0 , 3.6135657
2025-12-05 16:32:43.8249 (StateSyncRequestHandler.cs:18) 玩家ID:482734309785206785 移动方向: 0.52584314 , 0 , -0.8505816
2025-12-05 16:32:43.8249 (StateSyncRequestHandler.cs:18) 玩家ID:482734309785206785 移动到新位置: 1.4636352 , 0 , 3.4434495
2025-12-05 16:32:43.9292 (StateSyncRequestHandler.cs:18) 玩家ID:482734309785206785 移动方向: -0.22962478 , 0 , -0.97327924
2025-12-05 16:32:43.9292 (StateSyncRequestHandler.cs:18) 玩家ID:482734309785206785 移动到新位置: 1.4177103 , 0 , 3.2487936
2025-12-05 16:32:44.0237 (StateSyncRequestHandler.cs:18) 玩家ID:482734309785206785 移动方向: -0.8505816 , 0 , -0.52584314
2025-12-05 16:32:44.0237 (StateSyncRequestHandler.cs:18) 玩家ID:482734309785206785 移动到新位置: 1.247594 , 0 , 3.143625
2025-12-05 16:32:44.1273 (StateSyncRequestHandler.cs:18) 玩家ID:482734309785206785 移动方向: -0.8505816 , 0 , -0.52584314
2025-12-05 16:32:44.1273 (StateSyncRequestHandler.cs:18) 玩家ID:482734309785206785 移动到新位置: 1.0774777 , 0 , 3.0384564
2025-12-05 16:32:44.2240 (StateSyncRequestHandler.cs:18) 玩家ID:482734309785206785 移动方向: -0.8505816 , 0 , -0.52584314
2025-12-05 16:32:44.2240 (StateSyncRequestHandler.cs:18) 玩家ID:482734309785206785 移动到新位置: 0.9073614 , 0 , 2.9332879
2025-12-05 16:32:44.3298 (StateSyncRequestHandler.cs:18) 玩家ID:482734309785206785 移动方向: -0.22962478 , 0 , -0.97327924
2025-12-05 16:32:44.3298 (StateSyncRequestHandler.cs:18) 玩家ID:482734309785206785 移动到新位置: 0.8614364 , 0 , 2.738632
2025-12-05 16:32:44.4282 (StateSyncRequestHandler.cs:18) 玩家ID:482734309785206785 移动方向: 0.5258431 , 0 , -0.8505815
2025-12-05 16:32:44.4282 (StateSyncRequestHandler.cs:18) 玩家ID:482734309785206785 移动到新位置: 0.96660507 , 0 , 2.5685158
2025-12-05 16:32:44.5247 (StateSyncRequestHandler.cs:18) 玩家ID:482734309785206785 移动方向: 0.5258431 , 0 , -0.8505815
2025-12-05 16:32:44.5247 (StateSyncRequestHandler.cs:18) 玩家ID:482734309785206785 移动到新位置: 1.0717736 , 0 , 2.3983996
2025-12-05 16:32:44.6252 (StateSyncRequestHandler.cs:18) 玩家ID:482734309785206785 移动方向: -0.22962478 , 0 , -0.97327924
2025-12-05 16:32:44.6252 (StateSyncRequestHandler.cs:18) 玩家ID:482734309785206785 移动到新位置: 1.0258487 , 0 , 2.2037437
2025-12-05 16:32:44.7311 (StateSyncRequestHandler.cs:18) 玩家ID:482734309785206785 移动方向: -0.22962478 , 0 , -0.97327924
2025-12-05 16:32:44.7311 (StateSyncRequestHandler.cs:18) 玩家ID:482734309785206785 移动到新位置: 0.9799238 , 0 , 2.0090878
2025-12-05 16:32:44.8281 (StateSyncRequestHandler.cs:18) 玩家ID:482734309785206785 移动到新位置: 0.9799238 , 0 , 2.0090878
2025-12-05 16:32:46.2990  创建队伍成功 队伍ID：1000 玩家ID：482734309785206785
2025-12-05 16:33:44.2641  收到登录请求
2025-12-05 16:33:44.3261  进入大厅成功，玩家ID:482736422909116417
2025-12-05 16:33:44.3261  获取其他玩家数据，玩家ID:482734309785206785
2025-12-05 16:33:47.3559 (StateSyncRequestHandler.cs:18) 玩家ID:482736422909116417 移动方向: 0.71776384 , 0 , 0.6962867
2025-12-05 16:33:47.3559 (StateSyncRequestHandler.cs:18) 玩家ID:482736422909116417 移动到新位置: -1.1448182 , 0 , 2.4650853
2025-12-05 16:33:47.4494 (StateSyncRequestHandler.cs:18) 玩家ID:482736422909116417 移动方向: 0.55671173 , 0 , 0.8307058
2025-12-05 16:33:47.4494 (StateSyncRequestHandler.cs:18) 玩家ID:482736422909116417 移动到新位置: -1.0334759 , 0 , 2.6312265
2025-12-05 16:33:47.5554 (StateSyncRequestHandler.cs:18) 玩家ID:482736422909116417 移动方向: -0.2753382 , 0 , 0.96134746
2025-12-05 16:33:47.5554 (StateSyncRequestHandler.cs:18) 玩家ID:482736422909116417 移动到新位置: -1.0885435 , 0 , 2.823496
2025-12-05 16:33:47.6466 (StateSyncRequestHandler.cs:18) 玩家ID:482736422909116417 移动方向: -0.3055041 , 0 , 0.95219076
2025-12-05 16:33:47.6466 (StateSyncRequestHandler.cs:18) 玩家ID:482736422909116417 移动到新位置: -1.1496444 , 0 , 3.0139341
2025-12-05 16:33:47.7550 (StateSyncRequestHandler.cs:18) 玩家ID:482736422909116417 移动方向: -0.31532755 , 0 , 0.94898283
2025-12-05 16:33:47.7556 (StateSyncRequestHandler.cs:18) 玩家ID:482736422909116417 移动到新位置: -1.2127099 , 0 , 3.2037306
2025-12-05 16:33:47.8614 (StateSyncRequestHandler.cs:18) 玩家ID:482736422909116417 移动方向: -0.31897584 , 0 , 0.94776285
2025-12-05 16:33:47.8614 (StateSyncRequestHandler.cs:18) 玩家ID:482736422909116417 移动到新位置: -1.2765051 , 0 , 3.3932831
2025-12-05 16:33:47.9680 (StateSyncRequestHandler.cs:18) 玩家ID:482736422909116417 移动方向: 0.4438333 , 0 , 0.89610934
2025-12-05 16:33:47.9680 (StateSyncRequestHandler.cs:18) 玩家ID:482736422909116417 移动到新位置: -1.1877384 , 0 , 3.572505
2025-12-05 16:33:48.0588 (StateSyncRequestHandler.cs:18) 玩家ID:482736422909116417 移动方向: 0.44357026 , 0 , 0.8962396
2025-12-05 16:33:48.0588 (StateSyncRequestHandler.cs:18) 玩家ID:482736422909116417 移动到新位置: -1.0990244 , 0 , 3.7517529
2025-12-05 16:33:48.1686 (StateSyncRequestHandler.cs:18) 玩家ID:482736422909116417 移动方向: 0.89627737 , 0 , -0.44349405
2025-12-05 16:33:48.1686 (StateSyncRequestHandler.cs:18) 玩家ID:482736422909116417 移动到新位置: -0.9197689 , 0 , 3.663054
2025-12-05 16:33:48.2468 (StateSyncRequestHandler.cs:18) 玩家ID:482736422909116417 移动方向: 0.89628774 , 0 , -0.44347307
2025-12-05 16:33:48.2468 (StateSyncRequestHandler.cs:18) 玩家ID:482736422909116417 移动到新位置: -0.7405114 , 0 , 3.5743594
2025-12-05 16:33:48.3526 (StateSyncRequestHandler.cs:18) 玩家ID:482736422909116417 移动方向: -0.44346538 , 0 , -0.8962915
2025-12-05 16:33:48.3526 (StateSyncRequestHandler.cs:18) 玩家ID:482736422909116417 移动到新位置: -0.8292045 , 0 , 3.395101
2025-12-05 16:33:48.4458 (StateSyncRequestHandler.cs:18) 玩家ID:482736422909116417 移动方向: -0.9473504 , 0 , -0.32019866
2025-12-05 16:33:48.4458 (StateSyncRequestHandler.cs:18) 玩家ID:482736422909116417 移动到新位置: -1.0186746 , 0 , 3.3310614
2025-12-05 16:33:48.5541 (StateSyncRequestHandler.cs:18) 玩家ID:482736422909116417 移动方向: -0.94735026 , 0 , -0.32019904
2025-12-05 16:33:48.5541 (StateSyncRequestHandler.cs:18) 玩家ID:482736422909116417 移动到新位置: -1.2081447 , 0 , 3.2670217
2025-12-05 16:33:48.6626 (StateSyncRequestHandler.cs:18) 玩家ID:482736422909116417 移动方向: -0.4434628 , 0 , -0.89629275
2025-12-05 16:33:48.6626 (StateSyncRequestHandler.cs:18) 玩家ID:482736422909116417 移动到新位置: -1.2968372 , 0 , 3.087763
2025-12-05 16:33:48.7564 (StateSyncRequestHandler.cs:18) 玩家ID:482736422909116417 移动到新位置: -1.2968372 , 0 , 3.087763
2025-12-05 16:33:50.3684 (StateSyncRequestHandler.cs:18) 玩家ID:482736422909116417 移动方向: 0.8962928 , 0 , -0.44346285
2025-12-05 16:33:50.3684 (StateSyncRequestHandler.cs:18) 玩家ID:482736422909116417 移动到新位置: -1.1175786 , 0 , 2.9990704
2025-12-05 16:33:50.4621 (StateSyncRequestHandler.cs:18) 玩家ID:482736422909116417 移动方向: 0.8962928 , 0 , -0.44346285
2025-12-05 16:33:50.4621 (StateSyncRequestHandler.cs:18) 玩家ID:482736422909116417 移动到新位置: -0.93832004 , 0 , 2.9103777
2025-12-05 16:33:50.5552 (StateSyncRequestHandler.cs:18) 玩家ID:482736422909116417 移动方向: 0.8962928 , 0 , -0.44346285
2025-12-05 16:33:50.5552 (StateSyncRequestHandler.cs:18) 玩家ID:482736422909116417 移动到新位置: -0.75906146 , 0 , 2.821685
2025-12-05 16:33:50.6479 (StateSyncRequestHandler.cs:18) 玩家ID:482736422909116417 移动方向: 0.8962928 , 0 , -0.44346285
2025-12-05 16:33:50.6479 (StateSyncRequestHandler.cs:18) 玩家ID:482736422909116417 移动到新位置: -0.5798029 , 0 , 2.7329924
2025-12-05 16:33:50.7563 (StateSyncRequestHandler.cs:18) 玩家ID:482736422909116417 移动到新位置: -0.5798029 , 0 , 2.7329924
2025-12-05 16:33:51.3430 (StateSyncRequestHandler.cs:18) 玩家ID:482736422909116417 移动方向: 0.8962928 , 0 , -0.44346285
2025-12-05 16:33:51.3430 (StateSyncRequestHandler.cs:18) 玩家ID:482736422909116417 移动到新位置: -0.4005443 , 0 , 2.6442997
2025-12-05 16:33:51.4526 (StateSyncRequestHandler.cs:18) 玩家ID:482736422909116417 移动方向: 0.8962928 , 0 , -0.44346285
2025-12-05 16:33:51.4526 (StateSyncRequestHandler.cs:18) 玩家ID:482736422909116417 移动到新位置: -0.22128572 , 0 , 2.555607
2025-12-05 16:33:51.5449 (StateSyncRequestHandler.cs:18) 玩家ID:482736422909116417 移动方向: 0.8962928 , 0 , -0.44346285
2025-12-05 16:33:51.5449 (StateSyncRequestHandler.cs:18) 玩家ID:482736422909116417 移动到新位置: -0.042027146 , 0 , 2.4669144
2025-12-05 16:33:51.6530 (StateSyncRequestHandler.cs:18) 玩家ID:482736422909116417 移动方向: 0.32019916 , 0 , -0.94735026
2025-12-05 16:33:51.6530 (StateSyncRequestHandler.cs:18) 玩家ID:482736422909116417 移动到新位置: 0.022012688 , 0 , 2.2774444
2025-12-05 16:33:51.7623 (StateSyncRequestHandler.cs:18) 玩家ID:482736422909116417 移动方向: 0.32019916 , 0 , -0.94735026
2025-12-05 16:33:51.7623 (StateSyncRequestHandler.cs:18) 玩家ID:482736422909116417 移动到新位置: 0.08605252 , 0 , 2.0879743
2025-12-05 16:33:51.8537 (StateSyncRequestHandler.cs:18) 玩家ID:482736422909116417 移动到新位置: 0.08605252 , 0 , 2.0879743
2025-12-05 16:33:53.6529 (StateSyncRequestHandler.cs:18) 玩家ID:482736422909116417 移动方向: -0.8962928 , 0 , 0.44346285
2025-12-05 16:33:53.6529 (StateSyncRequestHandler.cs:18) 玩家ID:482736422909116417 移动到新位置: -0.09320605 , 0 , 2.176667
2025-12-05 16:33:53.7604 (StateSyncRequestHandler.cs:18) 玩家ID:482736422909116417 移动方向: -0.32019916 , 0 , 0.94735026
2025-12-05 16:33:53.7604 (StateSyncRequestHandler.cs:18) 玩家ID:482736422909116417 移动到新位置: -0.15724587 , 0 , 2.366137
2025-12-05 16:33:53.8535 (StateSyncRequestHandler.cs:18) 玩家ID:482736422909116417 移动方向: -0.32019916 , 0 , 0.94735026
2025-12-05 16:33:53.8535 (StateSyncRequestHandler.cs:18) 玩家ID:482736422909116417 移动到新位置: -0.2212857 , 0 , 2.555607
2025-12-05 16:33:53.9466 (StateSyncRequestHandler.cs:18) 玩家ID:482736422909116417 移动方向: 0.4434628 , 0 , 0.89629275
2025-12-05 16:33:53.9466 (StateSyncRequestHandler.cs:18) 玩家ID:482736422909116417 移动到新位置: -0.13259314 , 0 , 2.7348657
2025-12-05 16:33:54.0551 (StateSyncRequestHandler.cs:18) 玩家ID:482736422909116417 移动方向: 0.4434628 , 0 , 0.89629275
2025-12-05 16:33:54.0551 (StateSyncRequestHandler.cs:18) 玩家ID:482736422909116417 移动到新位置: -0.04390058 , 0 , 2.9141243
2025-12-05 16:33:54.1615 (StateSyncRequestHandler.cs:18) 玩家ID:482736422909116417 移动方向: 0.94735026 , 0 , 0.32019904
2025-12-05 16:33:54.1615 (StateSyncRequestHandler.cs:18) 玩家ID:482736422909116417 移动到新位置: 0.14556947 , 0 , 2.978164
2025-12-05 16:33:54.2539 (StateSyncRequestHandler.cs:18) 玩家ID:482736422909116417 移动方向: 0.94735026 , 0 , 0.32019904
2025-12-05 16:33:54.2539 (StateSyncRequestHandler.cs:18) 玩家ID:482736422909116417 移动到新位置: 0.33503953 , 0 , 3.0422037
2025-12-05 16:33:54.3632 (StateSyncRequestHandler.cs:18) 玩家ID:482736422909116417 移动方向: 0.94735026 , 0 , 0.32019904
2025-12-05 16:33:54.3632 (StateSyncRequestHandler.cs:18) 玩家ID:482736422909116417 移动到新位置: 0.52450955 , 0 , 3.1062434
2025-12-05 16:33:54.4553 (StateSyncRequestHandler.cs:18) 玩家ID:482736422909116417 移动方向: 0.94735026 , 0 , 0.32019904
2025-12-05 16:33:54.4553 (StateSyncRequestHandler.cs:18) 玩家ID:482736422909116417 移动到新位置: 0.7139796 , 0 , 3.170283
2025-12-05 16:33:54.5611 (StateSyncRequestHandler.cs:18) 玩家ID:482736422909116417 移动方向: 0.94735026 , 0 , 0.32019904
2025-12-05 16:33:54.5611 (StateSyncRequestHandler.cs:18) 玩家ID:482736422909116417 移动到新位置: 0.90344965 , 0 , 3.2343228
2025-12-05 16:33:54.6543 (StateSyncRequestHandler.cs:18) 玩家ID:482736422909116417 移动方向: 0.94735026 , 0 , 0.32019904
2025-12-05 16:33:54.6543 (StateSyncRequestHandler.cs:18) 玩家ID:482736422909116417 移动到新位置: 1.0929197 , 0 , 3.2983625
2025-12-05 16:33:54.7609 (StateSyncRequestHandler.cs:18) 玩家ID:482736422909116417 移动方向: 0.8962928 , 0 , -0.44346285
2025-12-05 16:33:54.7609 (StateSyncRequestHandler.cs:18) 玩家ID:482736422909116417 移动到新位置: 1.2721783 , 0 , 3.2096698
2025-12-05 16:33:54.8552 (StateSyncRequestHandler.cs:18) 玩家ID:482736422909116417 移动方向: 0.8962928 , 0 , -0.44346285
2025-12-05 16:33:54.8552 (StateSyncRequestHandler.cs:18) 玩家ID:482736422909116417 移动到新位置: 1.4514369 , 0 , 3.1209772
2025-12-05 16:33:54.9617 (StateSyncRequestHandler.cs:18) 玩家ID:482736422909116417 移动方向: 0.8962928 , 0 , -0.44346285
2025-12-05 16:33:54.9617 (StateSyncRequestHandler.cs:18) 玩家ID:482736422909116417 移动到新位置: 1.6306955 , 0 , 3.0322845
2025-12-05 16:33:55.0552 (StateSyncRequestHandler.cs:18) 玩家ID:482736422909116417 移动方向: 0.8962928 , 0 , -0.44346285
2025-12-05 16:33:55.0552 (StateSyncRequestHandler.cs:18) 玩家ID:482736422909116417 移动到新位置: 1.809954 , 0 , 2.9435918
2025-12-05 16:33:55.1482 (StateSyncRequestHandler.cs:18) 玩家ID:482736422909116417 移动方向: 0.32019916 , 0 , -0.94735026
2025-12-05 16:33:55.1482 (StateSyncRequestHandler.cs:18) 玩家ID:482736422909116417 移动到新位置: 1.8739939 , 0 , 2.7541218
2025-12-05 16:33:55.2574 (StateSyncRequestHandler.cs:18) 玩家ID:482736422909116417 移动方向: -0.4434628 , 0 , -0.89629275
2025-12-05 16:33:55.2574 (StateSyncRequestHandler.cs:18) 玩家ID:482736422909116417 移动到新位置: 1.7853013 , 0 , 2.5748632
2025-12-05 16:33:55.3517 (StateSyncRequestHandler.cs:18) 玩家ID:482736422909116417 移动方向: -0.4434628 , 0 , -0.89629275
2025-12-05 16:33:55.3517 (StateSyncRequestHandler.cs:18) 玩家ID:482736422909116417 移动到新位置: 1.6966088 , 0 , 2.3956046
2025-12-05 16:33:55.4606 (StateSyncRequestHandler.cs:18) 玩家ID:482736422909116417 移动方向: -0.94735026 , 0 , -0.32019904
2025-12-05 16:33:55.4606 (StateSyncRequestHandler.cs:18) 玩家ID:482736422909116417 移动到新位置: 1.5071387 , 0 , 2.331565
2025-12-05 16:33:55.5536 (StateSyncRequestHandler.cs:18) 玩家ID:482736422909116417 移动方向: -0.94735026 , 0 , -0.32019904
2025-12-05 16:33:55.5536 (StateSyncRequestHandler.cs:18) 玩家ID:482736422909116417 移动到新位置: 1.3176687 , 0 , 2.2675252
2025-12-05 16:33:55.6467 (StateSyncRequestHandler.cs:18) 玩家ID:482736422909116417 移动方向: -0.8962928 , 0 , 0.44346285
2025-12-05 16:33:55.6467 (StateSyncRequestHandler.cs:18) 玩家ID:482736422909116417 移动到新位置: 1.1384101 , 0 , 2.3562179
2025-12-05 16:33:55.7561 (StateSyncRequestHandler.cs:18) 玩家ID:482736422909116417 移动到新位置: 1.1384101 , 0 , 2.3562179
2025-12-05 16:33:58.3529 (StateSyncRequestHandler.cs:18) 玩家ID:482736422909116417 移动方向: 0.4434628 , 0 , 0.89629275
2025-12-05 16:33:58.3529 (StateSyncRequestHandler.cs:18) 玩家ID:482736422909116417 移动到新位置: 1.2271026 , 0 , 2.5354764
2025-12-05 16:33:58.4630 (StateSyncRequestHandler.cs:18) 玩家ID:482736422909116417 移动方向: 0.4434628 , 0 , 0.89629275
2025-12-05 16:33:58.4630 (StateSyncRequestHandler.cs:18) 玩家ID:482736422909116417 移动到新位置: 1.3157952 , 0 , 2.714735
2025-12-05 16:33:58.5568 (StateSyncRequestHandler.cs:18) 玩家ID:482736422909116417 移动方向: 0.4434628 , 0 , 0.89629275
2025-12-05 16:33:58.5568 (StateSyncRequestHandler.cs:18) 玩家ID:482736422909116417 移动到新位置: 1.4044877 , 0 , 2.8939936
2025-12-05 16:33:58.6630 (StateSyncRequestHandler.cs:18) 玩家ID:482736422909116417 移动方向: 0.4434628 , 0 , 0.89629275
2025-12-05 16:33:58.6630 (StateSyncRequestHandler.cs:18) 玩家ID:482736422909116417 移动到新位置: 1.4931803 , 0 , 3.0732522
2025-12-05 16:33:58.7562 (StateSyncRequestHandler.cs:18) 玩家ID:482736422909116417 移动方向: 0.4434628 , 0 , 0.89629275
2025-12-05 16:33:58.7562 (StateSyncRequestHandler.cs:18) 玩家ID:482736422909116417 移动到新位置: 1.5818728 , 0 , 3.2525108
2025-12-05 16:33:58.8487 (StateSyncRequestHandler.cs:18) 玩家ID:482736422909116417 移动方向: 0.4434628 , 0 , 0.89629275
2025-12-05 16:33:58.8495 (StateSyncRequestHandler.cs:18) 玩家ID:482736422909116417 移动到新位置: 1.6705654 , 0 , 3.4317694
2025-12-05 16:33:58.9581 (StateSyncRequestHandler.cs:18) 玩家ID:482736422909116417 移动方向: 0.94735026 , 0 , 0.32019904
2025-12-05 16:33:58.9592 (StateSyncRequestHandler.cs:18) 玩家ID:482736422909116417 移动到新位置: 1.8600354 , 0 , 3.495809
2025-12-05 16:33:59.0513 (StateSyncRequestHandler.cs:18) 玩家ID:482736422909116417 移动方向: 0.8962928 , 0 , -0.44346285
2025-12-05 16:33:59.0513 (StateSyncRequestHandler.cs:18) 玩家ID:482736422909116417 移动到新位置: 2.039294 , 0 , 3.4071164
2025-12-05 16:33:59.1609 (StateSyncRequestHandler.cs:18) 玩家ID:482736422909116417 移动方向: 0.32019916 , 0 , -0.94735026
2025-12-05 16:33:59.1617 (StateSyncRequestHandler.cs:18) 玩家ID:482736422909116417 移动到新位置: 2.103334 , 0 , 3.2176464
2025-12-05 16:33:59.2542 (StateSyncRequestHandler.cs:18) 玩家ID:482736422909116417 移动方向: -0.4434628 , 0 , -0.89629275
2025-12-05 16:33:59.2542 (StateSyncRequestHandler.cs:18) 玩家ID:482736422909116417 移动到新位置: 2.0146413 , 0 , 3.0383878
2025-12-05 16:33:59.3625 (StateSyncRequestHandler.cs:18) 玩家ID:482736422909116417 移动方向: -0.4434628 , 0 , -0.89629275
2025-12-05 16:33:59.3625 (StateSyncRequestHandler.cs:18) 玩家ID:482736422909116417 移动到新位置: 1.9259487 , 0 , 2.8591292
2025-12-05 16:33:59.4548 (StateSyncRequestHandler.cs:18) 玩家ID:482736422909116417 移动方向: -0.4434628 , 0 , -0.89629275
2025-12-05 16:33:59.4548 (StateSyncRequestHandler.cs:18) 玩家ID:482736422909116417 移动到新位置: 1.8372562 , 0 , 2.6798706
2025-12-05 16:33:59.5476 (StateSyncRequestHandler.cs:18) 玩家ID:482736422909116417 移动方向: -0.4434628 , 0 , -0.89629275
2025-12-05 16:33:59.5476 (StateSyncRequestHandler.cs:18) 玩家ID:482736422909116417 移动到新位置: 1.7485636 , 0 , 2.500612
2025-12-05 16:33:59.6549 (StateSyncRequestHandler.cs:18) 玩家ID:482736422909116417 移动方向: 0.8962928 , 0 , -0.44346285
2025-12-05 16:33:59.6549 (StateSyncRequestHandler.cs:18) 玩家ID:482736422909116417 移动到新位置: 1.9278222 , 0 , 2.4119194
2025-12-05 16:33:59.7472 (StateSyncRequestHandler.cs:18) 玩家ID:482736422909116417 移动方向: 0.8962928 , 0 , -0.44346285
2025-12-05 16:33:59.7472 (StateSyncRequestHandler.cs:18) 玩家ID:482736422909116417 移动到新位置: 2.1070807 , 0 , 2.3232267
2025-12-05 16:33:59.8551 (StateSyncRequestHandler.cs:18) 玩家ID:482736422909116417 移动方向: 0.4434628 , 0 , 0.89629275
2025-12-05 16:33:59.8551 (StateSyncRequestHandler.cs:18) 玩家ID:482736422909116417 移动到新位置: 2.1957734 , 0 , 2.5024853
2025-12-05 16:33:59.9481 (StateSyncRequestHandler.cs:18) 玩家ID:482736422909116417 移动方向: 0.4434628 , 0 , 0.89629275
2025-12-05 16:33:59.9481 (StateSyncRequestHandler.cs:18) 玩家ID:482736422909116417 移动到新位置: 2.284466 , 0 , 2.6817439
2025-12-05 16:34:00.0567 (StateSyncRequestHandler.cs:18) 玩家ID:482736422909116417 移动方向: 0.45607919 , 0 , 0.8899392
2025-12-05 16:34:00.0567 (StateSyncRequestHandler.cs:18) 玩家ID:482736422909116417 移动到新位置: 2.3756819 , 0 , 2.8597317
2025-12-05 16:34:00.1492 (StateSyncRequestHandler.cs:18) 玩家ID:482736422909116417 移动到新位置: 2.3756819 , 0 , 2.8597317
2025-12-05 16:34:00.9560 (StateSyncRequestHandler.cs:18) 玩家ID:482736422909116417 移动方向: 0.45397264 , 0 , -0.8910156
2025-12-05 16:34:00.9593 (StateSyncRequestHandler.cs:18) 玩家ID:482736422909116417 移动到新位置: 2.4664764 , 0 , 2.6815286
2025-12-05 16:34:01.0657 (StateSyncRequestHandler.cs:18) 玩家ID:482736422909116417 移动方向: 0.29516155 , 0 , -0.9554474
2025-12-05 16:34:01.0657 (StateSyncRequestHandler.cs:18) 玩家ID:482736422909116417 移动到新位置: 2.5255086 , 0 , 2.4904392
2025-12-05 16:34:01.1586 (StateSyncRequestHandler.cs:18) 玩家ID:482736422909116417 移动方向: 0.23922408 , 0 , -0.97096443
2025-12-05 16:34:01.1586 (StateSyncRequestHandler.cs:18) 玩家ID:482736422909116417 移动到新位置: 2.5733535 , 0 , 2.2962463
2025-12-05 16:34:01.2665 (StateSyncRequestHandler.cs:18) 玩家ID:482736422909116417 移动方向: 0.2131973 , 0 , -0.9770091
2025-12-05 16:34:01.2665 (StateSyncRequestHandler.cs:18) 玩家ID:482736422909116417 移动到新位置: 2.615993 , 0 , 2.1008444
2025-12-05 16:34:01.3594 (StateSyncRequestHandler.cs:18) 玩家ID:482736422909116417 移动方向: 0.2059695 , 0 , -0.9785584
2025-12-05 16:34:01.3594 (StateSyncRequestHandler.cs:18) 玩家ID:482736422909116417 移动到新位置: 2.657187 , 0 , 1.9051327
2025-12-05 16:34:01.4531 (StateSyncRequestHandler.cs:18) 玩家ID:482736422909116417 移动方向: -0.5481158 , 0 , -0.8364025
2025-12-05 16:34:01.4531 (StateSyncRequestHandler.cs:18) 玩家ID:482736422909116417 移动到新位置: 2.5475638 , 0 , 1.7378521
2025-12-05 16:34:01.5606 (StateSyncRequestHandler.cs:18) 玩家ID:482736422909116417 移动方向: -0.5487568 , 0 , -0.835982
2025-12-05 16:34:01.5606 (StateSyncRequestHandler.cs:18) 玩家ID:482736422909116417 移动到新位置: 2.4378123 , 0 , 1.5706557
2025-12-05 16:34:01.6536 (StateSyncRequestHandler.cs:18) 玩家ID:482736422909116417 移动方向: -0.54894555 , 0 , -0.83585817
2025-12-05 16:34:01.6536 (StateSyncRequestHandler.cs:18) 玩家ID:482736422909116417 移动到新位置: 2.3280232 , 0 , 1.4034841
2025-12-05 16:34:01.7650 (StateSyncRequestHandler.cs:18) 玩家ID:482736422909116417 移动方向: -0.54900134 , 0 , -0.8358214
2025-12-05 16:34:01.7650 (StateSyncRequestHandler.cs:18) 玩家ID:482736422909116417 移动到新位置: 2.2182229 , 0 , 1.2363198
2025-12-05 16:34:01.8581 (StateSyncRequestHandler.cs:18) 玩家ID:482736422909116417 移动方向: 0.20279507 , 0 , -0.97922117
2025-12-05 16:34:01.8581 (StateSyncRequestHandler.cs:18) 玩家ID:482736422909116417 移动到新位置: 2.258782 , 0 , 1.0404756
2025-12-05 16:34:01.9651 (StateSyncRequestHandler.cs:18) 玩家ID:482736422909116417 移动方向: 0.20278896 , 0 , -0.9792225
2025-12-05 16:34:01.9651 (StateSyncRequestHandler.cs:18) 玩家ID:482736422909116417 移动到新位置: 2.2993398 , 0 , 0.84463114
2025-12-05 16:34:02.0566 (StateSyncRequestHandler.cs:18) 玩家ID:482736422909116417 移动方向: 0.2027876 , 0 , -0.9792228
2025-12-05 16:34:02.0566 (StateSyncRequestHandler.cs:18) 玩家ID:482736422909116417 移动到新位置: 2.3398974 , 0 , 0.6487866
2025-12-05 16:34:02.1645 (StateSyncRequestHandler.cs:18) 玩家ID:482736422909116417 移动方向: 0.20278712 , 0 , -0.97922283
2025-12-05 16:34:02.1645 (StateSyncRequestHandler.cs:18) 玩家ID:482736422909116417 移动到新位置: 2.3804548 , 0 , 0.45294204
2025-12-05 16:34:02.2573 (StateSyncRequestHandler.cs:18) 玩家ID:482736422909116417 移动方向: -0.54902303 , 0 , -0.8358072
2025-12-05 16:34:02.2573 (StateSyncRequestHandler.cs:18) 玩家ID:482736422909116417 移动到新位置: 2.2706501 , 0 , 0.2857806
2025-12-05 16:34:02.3500 (StateSyncRequestHandler.cs:18) 玩家ID:482736422909116417 移动方向: -0.5490231 , 0 , -0.83580714
2025-12-05 16:34:02.3500 (StateSyncRequestHandler.cs:18) 玩家ID:482736422909116417 移动到新位置: 2.1608455 , 0 , 0.118619174
2025-12-05 16:34:02.4579 (StateSyncRequestHandler.cs:18) 玩家ID:482736422909116417 移动到新位置: 2.1608455 , 0 , 0.118619174
2025-12-05 16:34:07.2327 (StateSyncRequestHandler.cs:18) 玩家ID:482734309785206785 移动方向: 0.8794583 , 0 , 0.47597587
2025-12-05 16:34:07.2327 (StateSyncRequestHandler.cs:18) 玩家ID:482734309785206785 移动到新位置: 1.1558155 , 0 , 2.1042829
2025-12-05 16:34:07.3402 (StateSyncRequestHandler.cs:18) 玩家ID:482734309785206785 移动方向: 0.98598826 , 0 , 0.1668148
2025-12-05 16:34:07.3402 (StateSyncRequestHandler.cs:18) 玩家ID:482734309785206785 移动到新位置: 1.3530132 , 0 , 2.1376457
2025-12-05 16:34:07.4336 (StateSyncRequestHandler.cs:18) 玩家ID:482734309785206785 移动方向: 0.9991924 , 0 , 0.04018044
2025-12-05 16:34:07.4336 (StateSyncRequestHandler.cs:18) 玩家ID:482734309785206785 移动到新位置: 1.5528517 , 0 , 2.1456819
2025-12-05 16:34:07.5410 (StateSyncRequestHandler.cs:18) 玩家ID:482734309785206785 移动方向: 0.99977136 , 0 , -0.021382572
2025-12-05 16:34:07.5410 (StateSyncRequestHandler.cs:18) 玩家ID:482734309785206785 移动到新位置: 1.752806 , 0 , 2.1414053
2025-12-05 16:34:07.6343 (StateSyncRequestHandler.cs:18) 玩家ID:482734309785206785 移动方向: 0.9992741 , 0 , -0.038096115
2025-12-05 16:34:07.6343 (StateSyncRequestHandler.cs:18) 玩家ID:482734309785206785 移动到新位置: 1.9526608 , 0 , 2.1337862
2025-12-05 16:34:07.7257 (StateSyncRequestHandler.cs:18) 玩家ID:482734309785206785 移动方向: 0.9990222 , 0 , -0.044211213
2025-12-05 16:34:07.7257 (StateSyncRequestHandler.cs:18) 玩家ID:482734309785206785 移动到新位置: 2.1524653 , 0 , 2.124944
2025-12-05 16:34:07.8503 (StateSyncRequestHandler.cs:18) 玩家ID:482734309785206785 移动方向: -0.046351373 , 0 , -0.9989252
2025-12-05 16:34:07.8503 (StateSyncRequestHandler.cs:18) 玩家ID:482734309785206785 移动到新位置: 2.1431952 , 0 , 1.925159
2025-12-05 16:34:07.9286 (StateSyncRequestHandler.cs:18) 玩家ID:482734309785206785 移动方向: -0.04685829 , 0 , -0.99890155
2025-12-05 16:34:07.9286 (StateSyncRequestHandler.cs:18) 玩家ID:482734309785206785 移动到新位置: 2.1338234 , 0 , 1.7253786
2025-12-05 16:34:08.0382 (StateSyncRequestHandler.cs:18) 玩家ID:482734309785206785 移动方向: -0.9988929 , 0 , 0.047042735
2025-12-05 16:34:08.0382 (StateSyncRequestHandler.cs:18) 玩家ID:482734309785206785 移动到新位置: 1.9340448 , 0 , 1.7347872
2025-12-05 16:34:08.1322 (StateSyncRequestHandler.cs:18) 玩家ID:482734309785206785 移动方向: -0.99889094 , 0 , 0.047084946
2025-12-05 16:34:08.1322 (StateSyncRequestHandler.cs:18) 玩家ID:482734309785206785 移动到新位置: 1.7342666 , 0 , 1.7442042
2025-12-05 16:34:08.2414 (StateSyncRequestHandler.cs:18) 玩家ID:482734309785206785 移动到新位置: 1.7342666 , 0 , 1.7442042
2025-12-05 16:34:08.8308 (StateSyncRequestHandler.cs:18) 玩家ID:482734309785206785 移动方向: 0.9988899 , 0 , -0.0471059
2025-12-05 16:34:08.8308 (StateSyncRequestHandler.cs:18) 玩家ID:482734309785206785 移动到新位置: 1.9340446 , 0 , 1.7347829
2025-12-05 16:34:08.9382 (StateSyncRequestHandler.cs:18) 玩家ID:482734309785206785 移动方向: 0.9988899 , 0 , -0.0471059
2025-12-05 16:34:08.9382 (StateSyncRequestHandler.cs:18) 玩家ID:482734309785206785 移动到新位置: 2.1338227 , 0 , 1.7253617
2025-12-05 16:34:09.0314 (StateSyncRequestHandler.cs:18) 玩家ID:482734309785206785 移动方向: 0.9988899 , 0 , -0.0471059
2025-12-05 16:34:09.0314 (StateSyncRequestHandler.cs:18) 玩家ID:482734309785206785 移动到新位置: 2.3336008 , 0 , 1.7159405
2025-12-05 16:34:09.1391 (StateSyncRequestHandler.cs:18) 玩家ID:482734309785206785 移动方向: 0.9988899 , 0 , -0.0471059
2025-12-05 16:34:09.1391 (StateSyncRequestHandler.cs:18) 玩家ID:482734309785206785 移动到新位置: 2.5333788 , 0 , 1.7065192
2025-12-05 16:34:09.2327 (StateSyncRequestHandler.cs:18) 玩家ID:482734309785206785 移动方向: 0.6730129 , 0 , -0.7396307
2025-12-05 16:34:09.2327 (StateSyncRequestHandler.cs:18) 玩家ID:482734309785206785 移动到新位置: 2.6679814 , 0 , 1.5585932
2025-12-05 16:34:09.3419 (StateSyncRequestHandler.cs:18) 玩家ID:482734309785206785 移动方向: 0.6730129 , 0 , -0.7396307
2025-12-05 16:34:09.3419 (StateSyncRequestHandler.cs:18) 玩家ID:482734309785206785 移动到新位置: 2.802584 , 0 , 1.4106671
2025-12-05 16:34:09.4353 (StateSyncRequestHandler.cs:18) 玩家ID:482734309785206785 移动方向: 0.6730129 , 0 , -0.7396307
2025-12-05 16:34:09.4353 (StateSyncRequestHandler.cs:18) 玩家ID:482734309785206785 移动到新位置: 2.9371865 , 0 , 1.262741
2025-12-05 16:34:09.5430 (StateSyncRequestHandler.cs:18) 玩家ID:482734309785206785 移动方向: 0.6730129 , 0 , -0.7396307
2025-12-05 16:34:09.5430 (StateSyncRequestHandler.cs:18) 玩家ID:482734309785206785 移动到新位置: 3.071789 , 0 , 1.1148149
2025-12-05 16:34:09.6362 (StateSyncRequestHandler.cs:18) 玩家ID:482734309785206785 移动方向: -0.047105916 , 0 , -0.99888986
2025-12-05 16:34:09.6362 (StateSyncRequestHandler.cs:18) 玩家ID:482734309785206785 移动到新位置: 3.062368 , 0 , 0.9150369
2025-12-05 16:34:09.7432 (StateSyncRequestHandler.cs:18) 玩家ID:482734309785206785 移动方向: -0.047105916 , 0 , -0.99888986
2025-12-05 16:34:09.7432 (StateSyncRequestHandler.cs:18) 玩家ID:482734309785206785 移动到新位置: 3.0529468 , 0 , 0.71525896
2025-12-05 16:34:09.8362 (StateSyncRequestHandler.cs:18) 玩家ID:482734309785206785 移动方向: -0.047105916 , 0 , -0.99888986
2025-12-05 16:34:09.8362 (StateSyncRequestHandler.cs:18) 玩家ID:482734309785206785 移动到新位置: 3.0435257 , 0 , 0.515481
2025-12-05 16:34:09.9460 (StateSyncRequestHandler.cs:18) 玩家ID:482734309785206785 移动方向: -0.04724755 , 0 , -0.9988832
2025-12-05 16:34:09.9460 (StateSyncRequestHandler.cs:18) 玩家ID:482734309785206785 移动到新位置: 3.0340762 , 0 , 0.31570438
2025-12-05 16:34:10.0396 (StateSyncRequestHandler.cs:18) 玩家ID:482734309785206785 移动方向: -0.057129107 , 0 , -0.9983668
2025-12-05 16:34:10.0396 (StateSyncRequestHandler.cs:18) 玩家ID:482734309785206785 移动到新位置: 3.0226505 , 0 , 0.116031036
2025-12-05 16:34:10.1310 (StateSyncRequestHandler.cs:18) 玩家ID:482734309785206785 移动方向: -0.077536814 , 0 , -0.9969895
2025-12-05 16:34:10.1310 (StateSyncRequestHandler.cs:18) 玩家ID:482734309785206785 移动到新位置: 3.007143 , 0 , -0.083366856
2025-12-05 16:34:10.2240 (StateSyncRequestHandler.cs:18) 玩家ID:482734309785206785 移动方向: -0.09216402 , 0 , -0.9957439
2025-12-05 16:34:10.2252 (StateSyncRequestHandler.cs:18) 玩家ID:482734309785206785 移动到新位置: 2.9887102 , 0 , -0.28251565
2025-12-05 16:34:10.3471 (StateSyncRequestHandler.cs:18) 玩家ID:482734309785206785 移动方向: -0.77366513 , 0 , -0.63359475
2025-12-05 16:34:10.3471 (StateSyncRequestHandler.cs:18) 玩家ID:482734309785206785 移动到新位置: 2.8339772 , 0 , -0.40923458
2025-12-05 16:34:10.4247 (StateSyncRequestHandler.cs:18) 玩家ID:482734309785206785 移动方向: -0.77479386 , 0 , -0.63221395
2025-12-05 16:34:10.4247 (StateSyncRequestHandler.cs:18) 玩家ID:482734309785206785 移动到新位置: 2.6790185 , 0 , -0.5356774
2025-12-05 16:34:10.5312 (StateSyncRequestHandler.cs:18) 玩家ID:482734309785206785 移动方向: -0.77528644 , 0 , -0.6316098
2025-12-05 16:34:10.5312 (StateSyncRequestHandler.cs:18) 玩家ID:482734309785206785 移动到新位置: 2.5239613 , 0 , -0.66199934
2025-12-05 16:34:10.6390 (StateSyncRequestHandler.cs:18) 玩家ID:482734309785206785 移动方向: -0.9948027 , 0 , 0.10182158
2025-12-05 16:34:10.6390 (StateSyncRequestHandler.cs:18) 玩家ID:482734309785206785 移动到新位置: 2.3250008 , 0 , -0.641635
2025-12-05 16:34:10.7465 (StateSyncRequestHandler.cs:18) 玩家ID:482734309785206785 移动方向: -0.99479485 , 0 , 0.101897985
2025-12-05 16:34:10.7465 (StateSyncRequestHandler.cs:18) 玩家ID:482734309785206785 移动到新位置: 2.126042 , 0 , -0.6212554
2025-12-05 16:34:10.8385 (StateSyncRequestHandler.cs:18) 玩家ID:482734309785206785 移动方向: -0.994793 , 0 , 0.10191594
2025-12-05 16:34:10.8385 (StateSyncRequestHandler.cs:18) 玩家ID:482734309785206785 移动到新位置: 1.9270833 , 0 , -0.6008722
2025-12-05 16:34:10.9313 (StateSyncRequestHandler.cs:18) 玩家ID:482734309785206785 移动方向: -0.99479234 , 0 , 0.10192254
2025-12-05 16:34:10.9313 (StateSyncRequestHandler.cs:18) 玩家ID:482734309785206785 移动到新位置: 1.7281249 , 0 , -0.5804877
2025-12-05 16:34:11.0395 (StateSyncRequestHandler.cs:18) 玩家ID:482734309785206785 移动方向: -0.63135266 , 0 , 0.7754958
2025-12-05 16:34:11.0395 (StateSyncRequestHandler.cs:18) 玩家ID:482734309785206785 移动到新位置: 1.6018543 , 0 , -0.42538857
2025-12-05 16:34:11.1347 (StateSyncRequestHandler.cs:18) 玩家ID:482734309785206785 移动方向: -0.9947921 , 0 , 0.101924576
2025-12-05 16:34:11.1347 (StateSyncRequestHandler.cs:18) 玩家ID:482734309785206785 移动到新位置: 1.4028959 , 0 , -0.40500367
2025-12-05 16:34:11.2414 (StateSyncRequestHandler.cs:18) 玩家ID:482734309785206785 移动到新位置: 1.4028959 , 0 , -0.40500367
2025-12-05 16:34:12.3448 (StateSyncRequestHandler.cs:18) 玩家ID:482734309785206785 移动方向: 0.9947921 , 0 , -0.1019246
2025-12-05 16:34:12.3448 (StateSyncRequestHandler.cs:18) 玩家ID:482734309785206785 移动到新位置: 1.6018543 , 0 , -0.42538857
2025-12-05 16:34:12.4372 (StateSyncRequestHandler.cs:18) 玩家ID:482734309785206785 移动方向: 0.9947921 , 0 , -0.1019246
2025-12-05 16:34:12.4372 (StateSyncRequestHandler.cs:18) 玩家ID:482734309785206785 移动到新位置: 1.8008127 , 0 , -0.44577348
2025-12-05 16:34:12.5317 (StateSyncRequestHandler.cs:18) 玩家ID:482734309785206785 移动方向: 0.9947921 , 0 , -0.1019246
2025-12-05 16:34:12.5317 (StateSyncRequestHandler.cs:18) 玩家ID:482734309785206785 移动到新位置: 1.9997711 , 0 , -0.4661584
2025-12-05 16:34:12.6401 (StateSyncRequestHandler.cs:18) 玩家ID:482734309785206785 移动方向: 0.9947921 , 0 , -0.1019246
2025-12-05 16:34:12.6401 (StateSyncRequestHandler.cs:18) 玩家ID:482734309785206785 移动到新位置: 2.1987295 , 0 , -0.4865433
2025-12-05 16:34:12.7503 (StateSyncRequestHandler.cs:18) 玩家ID:482734309785206785 移动方向: 0.9947921 , 0 , -0.1019246
2025-12-05 16:34:12.7503 (StateSyncRequestHandler.cs:18) 玩家ID:482734309785206785 移动到新位置: 2.397688 , 0 , -0.5069282
2025-12-05 16:34:12.8424 (StateSyncRequestHandler.cs:18) 玩家ID:482734309785206785 移动方向: 0.9947921 , 0 , -0.1019246
2025-12-05 16:34:12.8424 (StateSyncRequestHandler.cs:18) 玩家ID:482734309785206785 移动到新位置: 2.5966463 , 0 , -0.5273131
2025-12-05 16:34:12.9352 (StateSyncRequestHandler.cs:18) 玩家ID:482734309785206785 移动方向: 0.9947921 , 0 , -0.1019246
2025-12-05 16:34:12.9352 (StateSyncRequestHandler.cs:18) 玩家ID:482734309785206785 移动到新位置: 2.7956047 , 0 , -0.547698
2025-12-05 16:34:13.0428 (StateSyncRequestHandler.cs:18) 玩家ID:482734309785206785 移动方向: 0.9947921 , 0 , -0.1019246
2025-12-05 16:34:13.0428 (StateSyncRequestHandler.cs:18) 玩家ID:482734309785206785 移动到新位置: 2.994563 , 0 , -0.5680829
2025-12-05 16:34:13.1372 (StateSyncRequestHandler.cs:18) 玩家ID:482734309785206785 移动方向: 0.9947921 , 0 , -0.1019246
2025-12-05 16:34:13.1372 (StateSyncRequestHandler.cs:18) 玩家ID:482734309785206785 移动到新位置: 3.1935215 , 0 , -0.58846784
2025-12-05 16:34:13.2472 (StateSyncRequestHandler.cs:18) 玩家ID:482734309785206785 移动方向: 0.9947921 , 0 , -0.1019246
2025-12-05 16:34:13.2472 (StateSyncRequestHandler.cs:18) 玩家ID:482734309785206785 移动到新位置: 3.39248 , 0 , -0.60885274
2025-12-05 16:34:13.3547 (StateSyncRequestHandler.cs:18) 玩家ID:482734309785206785 移动方向: 0.9947921 , 0 , -0.1019246
2025-12-05 16:34:13.3547 (StateSyncRequestHandler.cs:18) 玩家ID:482734309785206785 移动到新位置: 3.5914383 , 0 , -0.62923765
2025-12-05 16:34:13.4318 (StateSyncRequestHandler.cs:18) 玩家ID:482734309785206785 移动方向: 0.63135266 , 0 , -0.77549577
2025-12-05 16:34:13.4318 (StateSyncRequestHandler.cs:18) 玩家ID:482734309785206785 移动到新位置: 3.7177088 , 0 , -0.7843368
2025-12-05 16:34:13.5259 (StateSyncRequestHandler.cs:18) 玩家ID:482734309785206785 移动方向: -0.10192458 , 0 , -0.9947921
2025-12-05 16:34:13.5259 (StateSyncRequestHandler.cs:18) 玩家ID:482734309785206785 移动到新位置: 3.6973238 , 0 , -0.9832952
2025-12-05 16:34:13.6489 (StateSyncRequestHandler.cs:18) 玩家ID:482734309785206785 移动方向: -0.10192458 , 0 , -0.9947921
2025-12-05 16:34:13.6489 (StateSyncRequestHandler.cs:18) 玩家ID:482734309785206785 移动到新位置: 3.6769388 , 0 , -1.1822536
2025-12-05 16:34:13.7434 (StateSyncRequestHandler.cs:18) 玩家ID:482734309785206785 移动方向: -0.9947921 , 0 , 0.1019246
2025-12-05 16:34:13.7434 (StateSyncRequestHandler.cs:18) 玩家ID:482734309785206785 移动到新位置: 3.4779804 , 0 , -1.1618687
2025-12-05 16:34:13.8496 (StateSyncRequestHandler.cs:18) 玩家ID:482734309785206785 移动方向: -0.9947921 , 0 , 0.1019246
2025-12-05 16:34:13.8496 (StateSyncRequestHandler.cs:18) 玩家ID:482734309785206785 移动到新位置: 3.279022 , 0 , -1.1414838
2025-12-05 16:34:13.9437 (StateSyncRequestHandler.cs:18) 玩家ID:482734309785206785 移动方向: -0.9947921 , 0 , 0.1019246
2025-12-05 16:34:13.9437 (StateSyncRequestHandler.cs:18) 玩家ID:482734309785206785 移动到新位置: 3.0800636 , 0 , -1.1210989
2025-12-05 16:34:14.0352 (StateSyncRequestHandler.cs:18) 玩家ID:482734309785206785 移动方向: -0.63135266 , 0 , 0.77549577
2025-12-05 16:34:14.0352 (StateSyncRequestHandler.cs:18) 玩家ID:482734309785206785 移动到新位置: 2.953793 , 0 , -0.9659997
2025-12-05 16:34:14.1466 (StateSyncRequestHandler.cs:18) 玩家ID:482734309785206785 移动方向: -0.9947921 , 0 , 0.1019246
2025-12-05 16:34:14.1466 (StateSyncRequestHandler.cs:18) 玩家ID:482734309785206785 移动到新位置: 2.7548347 , 0 , -0.9456148
2025-12-05 16:34:14.2371 (StateSyncRequestHandler.cs:18) 玩家ID:482734309785206785 移动方向: -0.9947921 , 0 , 0.1019246
2025-12-05 16:34:14.2371 (StateSyncRequestHandler.cs:18) 玩家ID:482734309785206785 移动到新位置: 2.5558763 , 0 , -0.9252299
2025-12-05 16:34:14.3467 (StateSyncRequestHandler.cs:18) 玩家ID:482734309785206785 移动方向: -0.77549577 , 0 , -0.63135266
2025-12-05 16:34:14.3467 (StateSyncRequestHandler.cs:18) 玩家ID:482734309785206785 移动到新位置: 2.400777 , 0 , -1.0515004
2025-12-05 16:34:14.4390 (StateSyncRequestHandler.cs:18) 玩家ID:482734309785206785 移动方向: -0.10192458 , 0 , -0.9947921
2025-12-05 16:34:14.4390 (StateSyncRequestHandler.cs:18) 玩家ID:482734309785206785 移动到新位置: 2.380392 , 0 , -1.2504588
2025-12-05 16:34:14.5315 (StateSyncRequestHandler.cs:18) 玩家ID:482734309785206785 移动方向: -0.10192458 , 0 , -0.9947921
2025-12-05 16:34:14.5315 (StateSyncRequestHandler.cs:18) 玩家ID:482734309785206785 移动到新位置: 2.360007 , 0 , -1.4494172
2025-12-05 16:34:14.6387 (StateSyncRequestHandler.cs:18) 玩家ID:482734309785206785 移动方向: -0.10192458 , 0 , -0.9947921
2025-12-05 16:34:14.6387 (StateSyncRequestHandler.cs:18) 玩家ID:482734309785206785 移动到新位置: 2.339622 , 0 , -1.6483756
2025-12-05 16:34:14.7328 (StateSyncRequestHandler.cs:18) 玩家ID:482734309785206785 移动方向: 0.9947921 , 0 , -0.1019246
2025-12-05 16:34:14.7328 (StateSyncRequestHandler.cs:18) 玩家ID:482734309785206785 移动到新位置: 2.5385804 , 0 , -1.6687605
2025-12-05 16:34:14.8421 (StateSyncRequestHandler.cs:18) 玩家ID:482734309785206785 移动方向: 0.77549577 , 0 , 0.63135266
2025-12-05 16:34:14.8421 (StateSyncRequestHandler.cs:18) 玩家ID:482734309785206785 移动到新位置: 2.6936796 , 0 , -1.54249
2025-12-05 16:34:14.9344 (StateSyncRequestHandler.cs:18) 玩家ID:482734309785206785 移动方向: 0.77549577 , 0 , 0.63135266
2025-12-05 16:34:14.9344 (StateSyncRequestHandler.cs:18) 玩家ID:482734309785206785 移动到新位置: 2.8487787 , 0 , -1.4162195
2025-12-05 16:34:15.0434 (StateSyncRequestHandler.cs:18) 玩家ID:482734309785206785 移动方向: 0.77549577 , 0 , 0.63135266
2025-12-05 16:34:15.0434 (StateSyncRequestHandler.cs:18) 玩家ID:482734309785206785 移动到新位置: 3.0038779 , 0 , -1.2899489
2025-12-05 16:34:15.1358 (StateSyncRequestHandler.cs:18) 玩家ID:482734309785206785 移动方向: 0.10192458 , 0 , 0.9947921
2025-12-05 16:34:15.1358 (StateSyncRequestHandler.cs:18) 玩家ID:482734309785206785 移动到新位置: 3.024263 , 0 , -1.0909905
2025-12-05 16:34:15.2413 (StateSyncRequestHandler.cs:18) 玩家ID:482734309785206785 移动方向: 0.10192458 , 0 , 0.9947921
2025-12-05 16:34:15.2413 (StateSyncRequestHandler.cs:18) 玩家ID:482734309785206785 移动到新位置: 3.044648 , 0 , -0.89203215
2025-12-05 16:34:15.3347 (StateSyncRequestHandler.cs:18) 玩家ID:482734309785206785 移动方向: -0.9947921 , 0 , 0.1019246
2025-12-05 16:34:15.3347 (StateSyncRequestHandler.cs:18) 玩家ID:482734309785206785 移动到新位置: 2.8456895 , 0 , -0.87164724
2025-12-05 16:34:15.4439 (StateSyncRequestHandler.cs:18) 玩家ID:482734309785206785 移动方向: -0.77549577 , 0 , -0.63135266
2025-12-05 16:34:15.4439 (StateSyncRequestHandler.cs:18) 玩家ID:482734309785206785 移动到新位置: 2.6905904 , 0 , -0.9979178
2025-12-05 16:34:15.5370 (StateSyncRequestHandler.cs:18) 玩家ID:482734309785206785 移动方向: -0.10192458 , 0 , -0.9947921
2025-12-05 16:34:15.5370 (StateSyncRequestHandler.cs:18) 玩家ID:482734309785206785 移动到新位置: 2.6702054 , 0 , -1.1968762
2025-12-05 16:34:15.6280 (StateSyncRequestHandler.cs:18) 玩家ID:482734309785206785 移动方向: -0.10192458 , 0 , -0.9947921
2025-12-05 16:34:15.6280 (StateSyncRequestHandler.cs:18) 玩家ID:482734309785206785 移动到新位置: 2.6498203 , 0 , -1.3958346
2025-12-05 16:34:15.7385 (StateSyncRequestHandler.cs:18) 玩家ID:482734309785206785 移动方向: -0.10192458 , 0 , -0.9947921
2025-12-05 16:34:15.7385 (StateSyncRequestHandler.cs:18) 玩家ID:482734309785206785 移动到新位置: 2.6294353 , 0 , -1.594793
2025-12-05 16:34:15.8341 (StateSyncRequestHandler.cs:18) 玩家ID:482734309785206785 移动方向: -0.10192458 , 0 , -0.9947921
2025-12-05 16:34:15.8341 (StateSyncRequestHandler.cs:18) 玩家ID:482734309785206785 移动到新位置: 2.6090503 , 0 , -1.7937514
2025-12-05 16:34:15.9416 (StateSyncRequestHandler.cs:18) 玩家ID:482734309785206785 移动方向: -0.9947921 , 0 , 0.1019246
2025-12-05 16:34:15.9416 (StateSyncRequestHandler.cs:18) 玩家ID:482734309785206785 移动到新位置: 2.4100919 , 0 , -1.7733665
2025-12-05 16:34:16.0343 (StateSyncRequestHandler.cs:18) 玩家ID:482734309785206785 移动方向: -0.63135266 , 0 , 0.77549577
2025-12-05 16:34:16.0343 (StateSyncRequestHandler.cs:18) 玩家ID:482734309785206785 移动到新位置: 2.2838213 , 0 , -1.6182673
2025-12-05 16:34:16.1407 (StateSyncRequestHandler.cs:18) 玩家ID:482734309785206785 移动方向: 0.10192458 , 0 , 0.9947921
2025-12-05 16:34:16.1407 (StateSyncRequestHandler.cs:18) 玩家ID:482734309785206785 移动到新位置: 2.3042064 , 0 , -1.4193089
2025-12-05 16:34:16.2337 (StateSyncRequestHandler.cs:18) 玩家ID:482734309785206785 移动方向: 0.10192458 , 0 , 0.9947921
2025-12-05 16:34:16.2337 (StateSyncRequestHandler.cs:18) 玩家ID:482734309785206785 移动到新位置: 2.3245914 , 0 , -1.2203505
2025-12-05 16:34:16.3424 (StateSyncRequestHandler.cs:18) 玩家ID:482734309785206785 移动方向: 0.10192458 , 0 , 0.9947921
2025-12-05 16:34:16.3424 (StateSyncRequestHandler.cs:18) 玩家ID:482734309785206785 移动到新位置: 2.3449764 , 0 , -1.0213921
2025-12-05 16:34:16.4362 (StateSyncRequestHandler.cs:18) 玩家ID:482734309785206785 移动到新位置: 2.3449764 , 0 , -1.0213921
2025-12-05 16:34:16.5448 (StateSyncRequestHandler.cs:18) 玩家ID:482734309785206785 移动方向: -0.10192458 , 0 , -0.9947921
2025-12-05 16:34:16.5448 (StateSyncRequestHandler.cs:18) 玩家ID:482734309785206785 移动到新位置: 2.3245914 , 0 , -1.2203505
2025-12-05 16:34:16.6377 (StateSyncRequestHandler.cs:18) 玩家ID:482734309785206785 移动方向: -0.10192458 , 0 , -0.9947921
2025-12-05 16:34:16.6377 (StateSyncRequestHandler.cs:18) 玩家ID:482734309785206785 移动到新位置: 2.3042064 , 0 , -1.4193089
2025-12-05 16:34:16.7464 (StateSyncRequestHandler.cs:18) 玩家ID:482734309785206785 移动方向: -0.10192458 , 0 , -0.9947921
2025-12-05 16:34:16.7464 (StateSyncRequestHandler.cs:18) 玩家ID:482734309785206785 移动到新位置: 2.2838213 , 0 , -1.6182673
2025-12-05 16:34:16.8394 (StateSyncRequestHandler.cs:18) 玩家ID:482734309785206785 移动方向: -0.77549577 , 0 , -0.63135266
2025-12-05 16:34:16.8394 (StateSyncRequestHandler.cs:18) 玩家ID:482734309785206785 移动到新位置: 2.1287222 , 0 , -1.7445378
2025-12-05 16:34:16.9316 (StateSyncRequestHandler.cs:18) 玩家ID:482734309785206785 移动方向: -0.9947921 , 0 , 0.1019246
2025-12-05 16:34:16.9316 (StateSyncRequestHandler.cs:18) 玩家ID:482734309785206785 移动到新位置: 1.9297638 , 0 , -1.7241529
2025-12-05 16:34:17.0416 (StateSyncRequestHandler.cs:18) 玩家ID:482734309785206785 移动方向: -0.9947921 , 0 , 0.1019246
2025-12-05 16:34:17.0416 (StateSyncRequestHandler.cs:18) 玩家ID:482734309785206785 移动到新位置: 1.7308054 , 0 , -1.703768
2025-12-05 16:34:17.1339 (StateSyncRequestHandler.cs:18) 玩家ID:482734309785206785 移动方向: -0.63135266 , 0 , 0.77549577
2025-12-05 16:34:17.1339 (StateSyncRequestHandler.cs:18) 玩家ID:482734309785206785 移动到新位置: 1.6045349 , 0 , -1.5486689
2025-12-05 16:34:17.2275 (StateSyncRequestHandler.cs:18) 玩家ID:482734309785206785 移动方向: -0.63135266 , 0 , 0.77549577
2025-12-05 16:34:17.2275 (StateSyncRequestHandler.cs:18) 玩家ID:482734309785206785 移动到新位置: 1.4782643 , 0 , -1.3935697
2025-12-05 16:34:17.3360 (StateSyncRequestHandler.cs:18) 玩家ID:482734309785206785 移动方向: -0.63135266 , 0 , 0.77549577
2025-12-05 16:34:17.3360 (StateSyncRequestHandler.cs:18) 玩家ID:482734309785206785 移动到新位置: 1.3519938 , 0 , -1.2384706
2025-12-05 16:34:17.4306 (StateSyncRequestHandler.cs:18) 玩家ID:482734309785206785 移动方向: -0.77549577 , 0 , -0.63135266
2025-12-05 16:34:17.4306 (StateSyncRequestHandler.cs:18) 玩家ID:482734309785206785 移动到新位置: 1.1968946 , 0 , -1.3647411
2025-12-05 16:34:17.5395 (StateSyncRequestHandler.cs:18) 玩家ID:482734309785206785 移动方向: -0.10192458 , 0 , -0.9947921
2025-12-05 16:34:17.5395 (StateSyncRequestHandler.cs:18) 玩家ID:482734309785206785 移动到新位置: 1.1765097 , 0 , -1.5636995
2025-12-05 16:34:17.6472 (StateSyncRequestHandler.cs:18) 玩家ID:482734309785206785 移动方向: -0.10192458 , 0 , -0.9947921
2025-12-05 16:34:17.6472 (StateSyncRequestHandler.cs:18) 玩家ID:482734309785206785 移动到新位置: 1.1561248 , 0 , -1.7626579
2025-12-05 16:34:17.7389 (StateSyncRequestHandler.cs:18) 玩家ID:482734309785206785 移动方向: -0.10192458 , 0 , -0.9947921
2025-12-05 16:34:17.7389 (StateSyncRequestHandler.cs:18) 玩家ID:482734309785206785 移动到新位置: 1.1357399 , 0 , -1.9616163
2025-12-05 16:34:17.8462 (StateSyncRequestHandler.cs:18) 玩家ID:482734309785206785 移动方向: -0.77549577 , 0 , -0.63135266
2025-12-05 16:34:17.8462 (StateSyncRequestHandler.cs:18) 玩家ID:482734309785206785 移动到新位置: 0.98064077 , 0 , -2.0878868
2025-12-05 16:34:17.9389 (StateSyncRequestHandler.cs:18) 玩家ID:482734309785206785 移动方向: -0.9947921 , 0 , 0.1019246
2025-12-05 16:34:17.9389 (StateSyncRequestHandler.cs:18) 玩家ID:482734309785206785 移动到新位置: 0.7816824 , 0 , -2.0675018
2025-12-05 16:34:18.0315 (StateSyncRequestHandler.cs:18) 玩家ID:482734309785206785 移动方向: -0.63135266 , 0 , 0.77549577
2025-12-05 16:34:18.0315 (StateSyncRequestHandler.cs:18) 玩家ID:482734309785206785 移动到新位置: 0.65541184 , 0 , -1.9124026
2025-12-05 16:34:18.1401 (StateSyncRequestHandler.cs:18) 玩家ID:482734309785206785 移动方向: -0.63135266 , 0 , 0.77549577
2025-12-05 16:34:18.1401 (StateSyncRequestHandler.cs:18) 玩家ID:482734309785206785 移动到新位置: 0.5291413 , 0 , -1.7573035
2025-12-05 16:34:18.2310 (StateSyncRequestHandler.cs:18) 玩家ID:482734309785206785 移动方向: -0.63135266 , 0 , 0.77549577
2025-12-05 16:34:18.2310 (StateSyncRequestHandler.cs:18) 玩家ID:482734309785206785 移动到新位置: 0.40287077 , 0 , -1.6022043
2025-12-05 16:34:18.3406 (StateSyncRequestHandler.cs:18) 玩家ID:482734309785206785 移动方向: -0.63135266 , 0 , 0.77549577
2025-12-05 16:34:18.3406 (StateSyncRequestHandler.cs:18) 玩家ID:482734309785206785 移动到新位置: 0.27660024 , 0 , -1.4471052
2025-12-05 16:34:18.4348 (StateSyncRequestHandler.cs:18) 玩家ID:482734309785206785 移动方向: -0.9947921 , 0 , 0.1019246
2025-12-05 16:34:18.4348 (StateSyncRequestHandler.cs:18) 玩家ID:482734309785206785 移动到新位置: 0.077641815 , 0 , -1.4267203
2025-12-05 16:34:18.5426 (StateSyncRequestHandler.cs:18) 玩家ID:482734309785206785 移动方向: -0.77549577 , 0 , -0.63135266
2025-12-05 16:34:18.5426 (StateSyncRequestHandler.cs:18) 玩家ID:482734309785206785 移动到新位置: -0.07745734 , 0 , -1.5529908
2025-12-05 16:34:18.6352 (StateSyncRequestHandler.cs:18) 玩家ID:482734309785206785 移动方向: -0.9947921 , 0 , 0.1019246
2025-12-05 16:34:18.6352 (StateSyncRequestHandler.cs:18) 玩家ID:482734309785206785 移动到新位置: -0.27641577 , 0 , -1.5326059
2025-12-05 16:34:18.7441 (StateSyncRequestHandler.cs:18) 玩家ID:482734309785206785 移动方向: -0.63135266 , 0 , 0.77549577
2025-12-05 16:34:18.7441 (StateSyncRequestHandler.cs:18) 玩家ID:482734309785206785 移动到新位置: -0.4026863 , 0 , -1.3775067
2025-12-05 16:34:18.8369 (StateSyncRequestHandler.cs:18) 玩家ID:482734309785206785 移动方向: -0.77549577 , 0 , -0.63135266
2025-12-05 16:34:18.8369 (StateSyncRequestHandler.cs:18) 玩家ID:482734309785206785 移动到新位置: -0.55778545 , 0 , -1.5037773
2025-12-05 16:34:18.9282 (StateSyncRequestHandler.cs:18) 玩家ID:482734309785206785 移动方向: -0.63135266 , 0 , 0.77549577
2025-12-05 16:34:18.9282 (StateSyncRequestHandler.cs:18) 玩家ID:482734309785206785 移动到新位置: -0.684056 , 0 , -1.3486781
2025-12-05 16:34:19.0365 (StateSyncRequestHandler.cs:18) 玩家ID:482734309785206785 移动方向: -0.77549577 , 0 , -0.63135266
2025-12-05 16:34:19.0379 (StateSyncRequestHandler.cs:18) 玩家ID:482734309785206785 移动到新位置: -0.83915514 , 0 , -1.4749486
2025-12-05 16:34:19.1442 (StateSyncRequestHandler.cs:18) 玩家ID:482734309785206785 移动方向: -0.63135266 , 0 , 0.77549577
2025-12-05 16:34:19.1442 (StateSyncRequestHandler.cs:18) 玩家ID:482734309785206785 移动到新位置: -0.96542567 , 0 , -1.3198495
2025-12-05 16:34:19.2368 (StateSyncRequestHandler.cs:18) 玩家ID:482734309785206785 移动方向: -0.77549577 , 0 , -0.63135266
2025-12-05 16:34:19.2368 (StateSyncRequestHandler.cs:18) 玩家ID:482734309785206785 移动到新位置: -1.1205249 , 0 , -1.44612
2025-12-05 16:34:19.3456 (StateSyncRequestHandler.cs:18) 玩家ID:482734309785206785 移动方向: -0.10192458 , 0 , -0.9947921
2025-12-05 16:34:19.3456 (StateSyncRequestHandler.cs:18) 玩家ID:482734309785206785 移动到新位置: -1.1409098 , 0 , -1.6450784
2025-12-05 16:34:19.4382 (StateSyncRequestHandler.cs:18) 玩家ID:482734309785206785 移动方向: -0.10192458 , 0 , -0.9947921
2025-12-05 16:34:19.4382 (StateSyncRequestHandler.cs:18) 玩家ID:482734309785206785 移动到新位置: -1.1612947 , 0 , -1.8440368
2025-12-05 16:34:19.5452 (StateSyncRequestHandler.cs:18) 玩家ID:482734309785206785 移动方向: 0.9947921 , 0 , -0.1019246
2025-12-05 16:34:19.5452 (StateSyncRequestHandler.cs:18) 玩家ID:482734309785206785 移动到新位置: -0.9623363 , 0 , -1.8644217
2025-12-05 16:34:19.6368 (StateSyncRequestHandler.cs:18) 玩家ID:482734309785206785 移动方向: 0.77549577 , 0 , 0.63135266
2025-12-05 16:34:19.6368 (StateSyncRequestHandler.cs:18) 玩家ID:482734309785206785 移动到新位置: -0.80723715 , 0 , -1.7381512
2025-12-05 16:34:19.7433 (StateSyncRequestHandler.cs:18) 玩家ID:482734309785206785 移动方向: 0.77549577 , 0 , 0.63135266
2025-12-05 16:34:19.7433 (StateSyncRequestHandler.cs:18) 玩家ID:482734309785206785 移动到新位置: -0.652138 , 0 , -1.6118807
2025-12-05 16:34:19.8370 (StateSyncRequestHandler.cs:18) 玩家ID:482734309785206785 移动方向: 0.77549577 , 0 , 0.63135266
2025-12-05 16:34:19.8370 (StateSyncRequestHandler.cs:18) 玩家ID:482734309785206785 移动到新位置: -0.49703884 , 0 , -1.4856101
2025-12-05 16:34:19.9297 (StateSyncRequestHandler.cs:18) 玩家ID:482734309785206785 移动方向: 0.77549577 , 0 , 0.63135266
2025-12-05 16:34:19.9297 (StateSyncRequestHandler.cs:18) 玩家ID:482734309785206785 移动到新位置: -0.3419397 , 0 , -1.3593396
2025-12-05 16:34:20.0372 (StateSyncRequestHandler.cs:18) 玩家ID:482734309785206785 移动方向: 0.7763852 , 0 , 0.6302587
2025-12-05 16:34:20.0372 (StateSyncRequestHandler.cs:18) 玩家ID:482734309785206785 移动到新位置: -0.18666264 , 0 , -1.2332878
2025-12-05 16:34:20.1304 (StateSyncRequestHandler.cs:18) 玩家ID:482734309785206785 移动方向: 0.9546339 , 0 , -0.29778212
2025-12-05 16:34:20.1314 (StateSyncRequestHandler.cs:18) 玩家ID:482734309785206785 移动到新位置: 0.004264131 , 0 , -1.2928443
2025-12-05 16:34:20.2556 (StateSyncRequestHandler.cs:18) 玩家ID:482734309785206785 移动方向: 0.4324234 , 0 , -0.9016707
2025-12-05 16:34:20.2556 (StateSyncRequestHandler.cs:18) 玩家ID:482734309785206785 移动到新位置: 0.09074882 , 0 , -1.4731784
2025-12-05 16:34:20.3470 (StateSyncRequestHandler.cs:18) 玩家ID:482734309785206785 移动方向: -0.20199367 , 0 , -0.9793868
2025-12-05 16:34:20.3470 (StateSyncRequestHandler.cs:18) 玩家ID:482734309785206785 移动到新位置: 0.050350085 , 0 , -1.6690557
2025-12-05 16:34:20.4250 (StateSyncRequestHandler.cs:18) 玩家ID:482734309785206785 移动方向: -0.4957402 , 0 , -0.86847085
2025-12-05 16:34:20.4250 (StateSyncRequestHandler.cs:18) 玩家ID:482734309785206785 移动到新位置: -0.048797958 , 0 , -1.8427498
2025-12-05 16:34:20.5474 (StateSyncRequestHandler.cs:18) 玩家ID:482734309785206785 移动方向: -0.99591315 , 0 , -0.09031594
2025-12-05 16:34:20.5474 (StateSyncRequestHandler.cs:18) 玩家ID:482734309785206785 移动到新位置: -0.2479806 , 0 , -1.860813
2025-12-05 16:34:20.6408 (StateSyncRequestHandler.cs:18) 玩家ID:482734309785206785 移动方向: -0.9999485 , 0 , 0.010142148
2025-12-05 16:34:20.6408 (StateSyncRequestHandler.cs:18) 玩家ID:482734309785206785 移动到新位置: -0.44797027 , 0 , -1.8587846
2025-12-05 16:34:20.7328 (StateSyncRequestHandler.cs:18) 玩家ID:482734309785206785 移动方向: -0.9933366 , 0 , 0.11524916
2025-12-05 16:34:20.7328 (StateSyncRequestHandler.cs:18) 玩家ID:482734309785206785 移动到新位置: -0.64663756 , 0 , -1.8357347
2025-12-05 16:34:20.8404 (StateSyncRequestHandler.cs:18) 玩家ID:482734309785206785 移动方向: -0.81527644 , 0 , -0.579072
2025-12-05 16:34:20.8404 (StateSyncRequestHandler.cs:18) 玩家ID:482734309785206785 移动到新位置: -0.80969286 , 0 , -1.9515492
2025-12-05 16:34:20.9334 (StateSyncRequestHandler.cs:18) 玩家ID:482734309785206785 移动方向: -0.18488947 , 0 , -0.98275936
2025-12-05 16:34:20.9334 (StateSyncRequestHandler.cs:18) 玩家ID:482734309785206785 移动到新位置: -0.84667075 , 0 , -2.148101
2025-12-05 16:34:21.0434 (StateSyncRequestHandler.cs:18) 玩家ID:482734309785206785 移动方向: 0.55828345 , 0 , -0.82965034
2025-12-05 16:34:21.0434 (StateSyncRequestHandler.cs:18) 玩家ID:482734309785206785 移动到新位置: -0.7350141 , 0 , -2.3140311
2025-12-05 16:34:21.1341 (StateSyncRequestHandler.cs:18) 玩家ID:482734309785206785 移动方向: 0.55639845 , 0 , -0.83091563
2025-12-05 16:34:21.1341 (StateSyncRequestHandler.cs:18) 玩家ID:482734309785206785 移动到新位置: -0.6237344 , 0 , -2.480214
2025-12-05 16:34:21.2416 (StateSyncRequestHandler.cs:18) 玩家ID:482734309785206785 移动方向: 0.83131045 , 0 , 0.5558084
2025-12-05 16:34:21.2416 (StateSyncRequestHandler.cs:18) 玩家ID:482734309785206785 移动到新位置: -0.45747232 , 0 , -2.3690524
2025-12-05 16:34:21.3344 (StateSyncRequestHandler.cs:18) 玩家ID:482734309785206785 移动方向: 0.19499823 , 0 , 0.9808036
2025-12-05 16:34:21.3344 (StateSyncRequestHandler.cs:18) 玩家ID:482734309785206785 移动到新位置: -0.41847268 , 0 , -2.1728916
2025-12-05 16:34:21.4431 (StateSyncRequestHandler.cs:18) 玩家ID:482734309785206785 移动方向: -0.5555911 , 0 , 0.8314557
2025-12-05 16:34:21.4431 (StateSyncRequestHandler.cs:18) 玩家ID:482734309785206785 移动到新位置: -0.5295909 , 0 , -2.0066004
2025-12-05 16:34:21.5373 (StateSyncRequestHandler.cs:18) 玩家ID:482734309785206785 移动到新位置: -0.5295909 , 0 , -2.0066004
2025-12-05 16:34:21.8302 (StateSyncRequestHandler.cs:18) 玩家ID:482734309785206785 移动方向: 0.83147 , 0 , 0.5555697
2025-12-05 16:34:21.8302 (StateSyncRequestHandler.cs:18) 玩家ID:482734309785206785 移动到新位置: -0.36329693 , 0 , -1.8954865
2025-12-05 16:34:21.9396 (StateSyncRequestHandler.cs:18) 玩家ID:482734309785206785 移动到新位置: -0.36329693 , 0 , -1.8954865
2025-12-05 16:34:22.1274 (StateSyncRequestHandler.cs:18) 玩家ID:482734309785206785 移动方向: 0.83147 , 0 , 0.5555697
2025-12-05 16:34:22.1274 (StateSyncRequestHandler.cs:18) 玩家ID:482734309785206785 移动到新位置: -0.19700293 , 0 , -1.7843726
2025-12-05 16:34:22.2352 (StateSyncRequestHandler.cs:18) 玩家ID:482734309785206785 移动到新位置: -0.19700293 , 0 , -1.7843726
2025-12-05 16:34:22.5475 (StateSyncRequestHandler.cs:18) 玩家ID:482734309785206785 移动方向: 0.83147 , 0 , 0.5555697
2025-12-05 16:34:22.5475 (StateSyncRequestHandler.cs:18) 玩家ID:482734309785206785 移动到新位置: -0.030708939 , 0 , -1.6732587
2025-12-05 16:34:22.6393 (StateSyncRequestHandler.cs:18) 玩家ID:482734309785206785 移动到新位置: -0.030708939 , 0 , -1.6732587
2025-12-05 16:34:23.4391 (StateSyncRequestHandler.cs:18) 玩家ID:482734309785206785 移动方向: -0.83147 , 0 , -0.5555697
2025-12-05 16:34:23.4391 (StateSyncRequestHandler.cs:18) 玩家ID:482734309785206785 移动到新位置: -0.19700293 , 0 , -1.7843726
2025-12-05 16:34:23.5471 (StateSyncRequestHandler.cs:18) 玩家ID:482734309785206785 移动到新位置: -0.19700293 , 0 , -1.7843726
2025-12-05 16:34:23.8394 (StateSyncRequestHandler.cs:18) 玩家ID:482734309785206785 移动方向: -0.83147 , 0 , -0.5555697
2025-12-05 16:34:23.8394 (StateSyncRequestHandler.cs:18) 玩家ID:482734309785206785 移动到新位置: -0.36329693 , 0 , -1.8954865
2025-12-05 16:34:23.9304 (StateSyncRequestHandler.cs:18) 玩家ID:482734309785206785 移动到新位置: -0.36329693 , 0 , -1.8954865
2025-12-05 16:34:26.0371 (StateSyncRequestHandler.cs:18) 玩家ID:482734309785206785 移动方向: 0.83147 , 0 , 0.5555697
2025-12-05 16:34:26.0371 (StateSyncRequestHandler.cs:18) 玩家ID:482734309785206785 移动到新位置: -0.19700293 , 0 , -1.7843726
2025-12-05 16:34:26.1467 (StateSyncRequestHandler.cs:18) 玩家ID:482734309785206785 移动到新位置: -0.19700293 , 0 , -1.7843726
2025-12-05 16:34:26.7352 (StateSyncRequestHandler.cs:18) 玩家ID:482734309785206785 移动方向: 0.83147 , 0 , 0.5555697
2025-12-05 16:34:26.7352 (StateSyncRequestHandler.cs:18) 玩家ID:482734309785206785 移动到新位置: -0.030708939 , 0 , -1.6732587
2025-12-05 16:34:26.8260 (StateSyncRequestHandler.cs:18) 玩家ID:482734309785206785 移动方向: 0.83147 , 0 , 0.5555697
2025-12-05 16:34:26.8260 (StateSyncRequestHandler.cs:18) 玩家ID:482734309785206785 移动到新位置: 0.13558505 , 0 , -1.5621448
2025-12-05 16:34:26.9494 (StateSyncRequestHandler.cs:18) 玩家ID:482734309785206785 移动方向: 0.19509098 , 0 , 0.98078513
2025-12-05 16:34:26.9494 (StateSyncRequestHandler.cs:18) 玩家ID:482734309785206785 移动到新位置: 0.17460325 , 0 , -1.3659878
2025-12-05 16:34:27.0440 (StateSyncRequestHandler.cs:18) 玩家ID:482734309785206785 移动方向: -0.5555697 , 0 , 0.83147
2025-12-05 16:34:27.0440 (StateSyncRequestHandler.cs:18) 玩家ID:482734309785206785 移动到新位置: 0.06348932 , 0 , -1.1996938
2025-12-05 16:34:27.1361 (StateSyncRequestHandler.cs:18) 玩家ID:482734309785206785 移动方向: -0.5555697 , 0 , 0.83147
2025-12-05 16:34:27.1361 (StateSyncRequestHandler.cs:18) 玩家ID:482734309785206785 移动到新位置: -0.047624618 , 0 , -1.0333998
2025-12-05 16:34:27.2278 (StateSyncRequestHandler.cs:18) 玩家ID:482734309785206785 移动方向: -0.98078513 , 0 , 0.19509098
2025-12-05 16:34:27.2278 (StateSyncRequestHandler.cs:18) 玩家ID:482734309785206785 移动到新位置: -0.24378164 , 0 , -0.9943816
2025-12-05 16:34:27.3501 (StateSyncRequestHandler.cs:18) 玩家ID:482734309785206785 移动方向: -0.5555697 , 0 , 0.83147
2025-12-05 16:34:27.3501 (StateSyncRequestHandler.cs:18) 玩家ID:482734309785206785 移动到新位置: -0.3548956 , 0 , -0.8280876
2025-12-05 16:34:27.4431 (StateSyncRequestHandler.cs:18) 玩家ID:482734309785206785 移动方向: 0.19509098 , 0 , 0.98078513
2025-12-05 16:34:27.4431 (StateSyncRequestHandler.cs:18) 玩家ID:482734309785206785 移动到新位置: -0.3158774 , 0 , -0.6319306
2025-12-05 16:34:27.5975 (StateSyncRequestHandler.cs:18) 玩家ID:482734309785206785 移动方向: 0.83147 , 0 , 0.5555697
2025-12-05 16:34:27.5975 (StateSyncRequestHandler.cs:18) 玩家ID:482734309785206785 移动到新位置: -0.14958341 , 0 , -0.5208167
2025-12-05 16:34:27.6448 (StateSyncRequestHandler.cs:18) 玩家ID:482734309785206785 移动方向: 0.980785 , 0 , -0.19509134
2025-12-05 16:34:27.6448 (StateSyncRequestHandler.cs:18) 玩家ID:482734309785206785 移动到新位置: 0.046573594 , 0 , -0.55983496
2025-12-05 16:34:27.7378 (StateSyncRequestHandler.cs:18) 玩家ID:482734309785206785 移动方向: 0.980785 , 0 , -0.19509134
2025-12-05 16:34:27.7378 (StateSyncRequestHandler.cs:18) 玩家ID:482734309785206785 移动到新位置: 0.2427306 , 0 , -0.59885323
2025-12-05 16:34:27.8306 (StateSyncRequestHandler.cs:18) 玩家ID:482734309785206785 移动方向: 0.980785 , 0 , -0.19509134
2025-12-05 16:34:27.8306 (StateSyncRequestHandler.cs:18) 玩家ID:482734309785206785 移动到新位置: 0.4388876 , 0 , -0.6378715
2025-12-05 16:34:27.9539 (StateSyncRequestHandler.cs:18) 玩家ID:482734309785206785 移动方向: 0.980785 , 0 , -0.19509134
2025-12-05 16:34:27.9539 (StateSyncRequestHandler.cs:18) 玩家ID:482734309785206785 移动到新位置: 0.6350446 , 0 , -0.6768898
2025-12-05 16:34:28.0478 (StateSyncRequestHandler.cs:18) 玩家ID:482734309785206785 移动方向: 0.8314702 , 0 , 0.55556935
2025-12-05 16:34:28.0478 (StateSyncRequestHandler.cs:18) 玩家ID:482734309785206785 移动到新位置: 0.8013386 , 0 , -0.56577593
2025-12-05 16:34:28.1399 (StateSyncRequestHandler.cs:18) 玩家ID:482734309785206785 移动方向: -0.55556935 , 0 , 0.8314702
2025-12-05 16:34:28.1399 (StateSyncRequestHandler.cs:18) 玩家ID:482734309785206785 移动到新位置: 0.69022477 , 0 , -0.3994819
2025-12-05 16:34:28.2469 (StateSyncRequestHandler.cs:18) 玩家ID:482734309785206785 移动方向: -0.980785 , 0 , 0.19509134
2025-12-05 16:34:28.2469 (StateSyncRequestHandler.cs:18) 玩家ID:482734309785206785 移动到新位置: 0.49406776 , 0 , -0.36046362
2025-12-05 16:34:28.3399 (StateSyncRequestHandler.cs:18) 玩家ID:482734309785206785 移动方向: -0.8314702 , 0 , -0.55556935
2025-12-05 16:34:28.3399 (StateSyncRequestHandler.cs:18) 玩家ID:482734309785206785 移动到新位置: 0.32777372 , 0 , -0.4715775
2025-12-05 16:34:28.4329 (StateSyncRequestHandler.cs:18) 玩家ID:482734309785206785 移动方向: -0.8314702 , 0 , -0.55556935
2025-12-05 16:34:28.4329 (StateSyncRequestHandler.cs:18) 玩家ID:482734309785206785 移动到新位置: 0.16147968 , 0 , -0.5826914
2025-12-05 16:34:28.5406 (StateSyncRequestHandler.cs:18) 玩家ID:482734309785206785 移动方向: -0.8314702 , 0 , -0.55556935
2025-12-05 16:34:28.5406 (StateSyncRequestHandler.cs:18) 玩家ID:482734309785206785 移动到新位置: -0.0048143566 , 0 , -0.6938052
2025-12-05 16:34:28.6503 (StateSyncRequestHandler.cs:18) 玩家ID:482734309785206785 移动方向: -0.19509134 , 0 , -0.980785
2025-12-05 16:34:28.6503 (StateSyncRequestHandler.cs:18) 玩家ID:482734309785206785 移动到新位置: -0.043832622 , 0 , -0.8899622
2025-12-05 16:34:28.7446 (StateSyncRequestHandler.cs:18) 玩家ID:482734309785206785 移动方向: -0.19509134 , 0 , -0.980785
2025-12-05 16:34:28.7446 (StateSyncRequestHandler.cs:18) 玩家ID:482734309785206785 移动到新位置: -0.08285089 , 0 , -1.0861192
2025-12-05 16:34:28.8383 (StateSyncRequestHandler.cs:18) 玩家ID:482734309785206785 移动方向: -0.19509134 , 0 , -0.980785
2025-12-05 16:34:28.8383 (StateSyncRequestHandler.cs:18) 玩家ID:482734309785206785 移动到新位置: -0.121869154 , 0 , -1.2822762
2025-12-05 16:34:28.9470 (StateSyncRequestHandler.cs:18) 玩家ID:482734309785206785 移动方向: -0.8314702 , 0 , -0.55556935
2025-12-05 16:34:28.9470 (StateSyncRequestHandler.cs:18) 玩家ID:482734309785206785 移动到新位置: -0.2881632 , 0 , -1.39339
2025-12-05 16:34:29.0408 (StateSyncRequestHandler.cs:18) 玩家ID:482734309785206785 移动方向: -0.8314702 , 0 , -0.55556935
2025-12-05 16:34:29.0408 (StateSyncRequestHandler.cs:18) 玩家ID:482734309785206785 移动到新位置: -0.45445722 , 0 , -1.504504
2025-12-05 16:34:29.1487 (StateSyncRequestHandler.cs:18) 玩家ID:482734309785206785 移动方向: -0.980785 , 0 , 0.19509134
2025-12-05 16:34:29.1487 (StateSyncRequestHandler.cs:18) 玩家ID:482734309785206785 移动到新位置: -0.65061426 , 0 , -1.4654857
2025-12-05 16:34:29.2407 (StateSyncRequestHandler.cs:18) 玩家ID:482734309785206785 移动方向: -0.55556935 , 0 , 0.8314702
2025-12-05 16:34:29.2407 (StateSyncRequestHandler.cs:18) 玩家ID:482734309785206785 移动到新位置: -0.7617281 , 0 , -1.2991917
2025-12-05 16:34:29.3331 (StateSyncRequestHandler.cs:18) 玩家ID:482734309785206785 移动方向: -0.55556935 , 0 , 0.8314702
2025-12-05 16:34:29.3339 (StateSyncRequestHandler.cs:18) 玩家ID:482734309785206785 移动到新位置: -0.87284195 , 0 , -1.1328976
2025-12-05 16:34:29.4422 (StateSyncRequestHandler.cs:18) 玩家ID:482734309785206785 移动方向: 0.8314702 , 0 , 0.55556935
2025-12-05 16:34:29.4428 (StateSyncRequestHandler.cs:18) 玩家ID:482734309785206785 移动到新位置: -0.7065479 , 0 , -1.0217837
2025-12-05 16:34:29.5340 (StateSyncRequestHandler.cs:18) 玩家ID:482734309785206785 移动方向: 0.8314702 , 0 , 0.55556935
2025-12-05 16:34:29.5340 (StateSyncRequestHandler.cs:18) 玩家ID:482734309785206785 移动到新位置: -0.5402539 , 0 , -0.91066986
2025-12-05 16:34:29.6443 (StateSyncRequestHandler.cs:18) 玩家ID:482734309785206785 移动方向: 0.980785 , 0 , -0.19509134
2025-12-05 16:34:29.6443 (StateSyncRequestHandler.cs:18) 玩家ID:482734309785206785 移动到新位置: -0.34409687 , 0 , -0.94968814
2025-12-05 16:34:29.7367 (StateSyncRequestHandler.cs:18) 玩家ID:482734309785206785 移动方向: 0.980785 , 0 , -0.19509134
2025-12-05 16:34:29.7367 (StateSyncRequestHandler.cs:18) 玩家ID:482734309785206785 移动到新位置: -0.14793986 , 0 , -0.9887064
2025-12-05 16:34:29.8455 (StateSyncRequestHandler.cs:18) 玩家ID:482734309785206785 移动方向: 0.980785 , 0 , -0.19509134
2025-12-05 16:34:29.8455 (StateSyncRequestHandler.cs:18) 玩家ID:482734309785206785 移动到新位置: 0.048217148 , 0 , -1.0277246
2025-12-05 16:34:29.9386 (StateSyncRequestHandler.cs:18) 玩家ID:482734309785206785 移动方向: 0.980785 , 0 , -0.19509134
2025-12-05 16:34:29.9386 (StateSyncRequestHandler.cs:18) 玩家ID:482734309785206785 移动到新位置: 0.24437416 , 0 , -1.0667429
2025-12-05 16:34:30.0446 (StateSyncRequestHandler.cs:18) 玩家ID:482734309785206785 移动方向: 0.980785 , 0 , -0.19509134
2025-12-05 16:34:30.0446 (StateSyncRequestHandler.cs:18) 玩家ID:482734309785206785 移动到新位置: 0.44053116 , 0 , -1.1057612
2025-12-05 16:34:30.1369 (StateSyncRequestHandler.cs:18) 玩家ID:482734309785206785 移动方向: 0.980785 , 0 , -0.19509134
2025-12-05 16:34:30.1369 (StateSyncRequestHandler.cs:18) 玩家ID:482734309785206785 移动到新位置: 0.6366882 , 0 , -1.1447794
2025-12-05 16:34:30.2294 (StateSyncRequestHandler.cs:18) 玩家ID:482734309785206785 移动方向: 0.8314702 , 0 , 0.55556935
2025-12-05 16:34:30.2294 (StateSyncRequestHandler.cs:18) 玩家ID:482734309785206785 移动到新位置: 0.8029822 , 0 , -1.0336655
2025-12-05 16:34:30.3386 (StateSyncRequestHandler.cs:18) 玩家ID:482734309785206785 移动方向: 0.19509134 , 0 , 0.980785
2025-12-05 16:34:30.3386 (StateSyncRequestHandler.cs:18) 玩家ID:482734309785206785 移动到新位置: 0.8420005 , 0 , -0.83750856
2025-12-05 16:34:30.4466 (StateSyncRequestHandler.cs:18) 玩家ID:482734309785206785 移动方向: 0.19509134 , 0 , 0.980785
2025-12-05 16:34:30.4466 (StateSyncRequestHandler.cs:18) 玩家ID:482734309785206785 移动到新位置: 0.88101876 , 0 , -0.6413516
2025-12-05 16:34:30.5389 (StateSyncRequestHandler.cs:18) 玩家ID:482734309785206785 移动方向: -0.55556935 , 0 , 0.8314702
2025-12-05 16:34:30.5389 (StateSyncRequestHandler.cs:18) 玩家ID:482734309785206785 移动到新位置: 0.7699049 , 0 , -0.47505754
2025-12-05 16:34:30.6486 (StateSyncRequestHandler.cs:18) 玩家ID:482734309785206785 移动方向: -0.55556935 , 0 , 0.8314702
2025-12-05 16:34:30.6486 (StateSyncRequestHandler.cs:18) 玩家ID:482734309785206785 移动到新位置: 0.65879107 , 0 , -0.3087635
2025-12-05 16:34:30.7434 (StateSyncRequestHandler.cs:18) 玩家ID:482734309785206785 移动方向: -0.8314702 , 0 , -0.55556935
2025-12-05 16:34:30.7434 (StateSyncRequestHandler.cs:18) 玩家ID:482734309785206785 移动到新位置: 0.49249703 , 0 , -0.41987738
2025-12-05 16:34:30.8355 (StateSyncRequestHandler.cs:18) 玩家ID:482734309785206785 移动方向: -0.19509134 , 0 , -0.980785
2025-12-05 16:34:30.8355 (StateSyncRequestHandler.cs:18) 玩家ID:482734309785206785 移动到新位置: 0.45347875 , 0 , -0.6160344
2025-12-05 16:34:30.9460 (StateSyncRequestHandler.cs:18) 玩家ID:482734309785206785 移动方向: 0.55556935 , 0 , -0.8314702
2025-12-05 16:34:30.9460 (StateSyncRequestHandler.cs:18) 玩家ID:482734309785206785 移动到新位置: 0.5645926 , 0 , -0.7823284
2025-12-05 16:34:31.0372 (StateSyncRequestHandler.cs:18) 玩家ID:482734309785206785 移动方向: 0.980785 , 0 , -0.19509134
2025-12-05 16:34:31.0372 (StateSyncRequestHandler.cs:18) 玩家ID:482734309785206785 移动到新位置: 0.7607496 , 0 , -0.8213467
2025-12-05 16:34:31.1464 (StateSyncRequestHandler.cs:18) 玩家ID:482734309785206785 移动方向: 0.8314702 , 0 , 0.55556935
2025-12-05 16:34:31.1464 (StateSyncRequestHandler.cs:18) 玩家ID:482734309785206785 移动到新位置: 0.9270436 , 0 , -0.71023285
2025-12-05 16:34:31.2404 (StateSyncRequestHandler.cs:18) 玩家ID:482734309785206785 移动方向: 0.8314702 , 0 , 0.55556935
2025-12-05 16:34:31.2404 (StateSyncRequestHandler.cs:18) 玩家ID:482734309785206785 移动到新位置: 1.0933377 , 0 , -0.599119
2025-12-05 16:34:31.3329 (StateSyncRequestHandler.cs:18) 玩家ID:482734309785206785 移动方向: 0.8314702 , 0 , 0.55556935
2025-12-05 16:34:31.3343 (StateSyncRequestHandler.cs:18) 玩家ID:482734309785206785 移动到新位置: 1.2596316 , 0 , -0.48800513
2025-12-05 16:34:31.4418 (StateSyncRequestHandler.cs:18) 玩家ID:482734309785206785 移动方向: 0.8314702 , 0 , 0.55556935
2025-12-05 16:34:31.4418 (StateSyncRequestHandler.cs:18) 玩家ID:482734309785206785 移动到新位置: 1.4259257 , 0 , -0.37689126
2025-12-05 16:34:31.5333 (StateSyncRequestHandler.cs:18) 玩家ID:482734309785206785 移动方向: 0.8314702 , 0 , 0.55556935
2025-12-05 16:34:31.5333 (StateSyncRequestHandler.cs:18) 玩家ID:482734309785206785 移动到新位置: 1.5922198 , 0 , -0.26577738
2025-12-05 16:34:31.6268 (StateSyncRequestHandler.cs:18) 玩家ID:482734309785206785 移动方向: 0.980785 , 0 , -0.19509134
2025-12-05 16:34:31.6268 (StateSyncRequestHandler.cs:18) 玩家ID:482734309785206785 移动到新位置: 1.7883768 , 0 , -0.30479565
2025-12-05 16:34:31.7505 (StateSyncRequestHandler.cs:18) 玩家ID:482734309785206785 移动方向: 0.980785 , 0 , -0.19509134
2025-12-05 16:34:31.7505 (StateSyncRequestHandler.cs:18) 玩家ID:482734309785206785 移动到新位置: 1.9845338 , 0 , -0.34381393
2025-12-05 16:34:31.8413 (StateSyncRequestHandler.cs:18) 玩家ID:482734309785206785 移动方向: 0.980785 , 0 , -0.19509134
2025-12-05 16:34:31.8413 (StateSyncRequestHandler.cs:18) 玩家ID:482734309785206785 移动到新位置: 2.1806908 , 0 , -0.3828322
2025-12-05 16:34:31.9365 (StateSyncRequestHandler.cs:18) 玩家ID:482734309785206785 移动方向: 0.980785 , 0 , -0.19509134
2025-12-05 16:34:31.9365 (StateSyncRequestHandler.cs:18) 玩家ID:482734309785206785 移动到新位置: 2.3768477 , 0 , -0.42185047
2025-12-05 16:34:32.0442 (StateSyncRequestHandler.cs:18) 玩家ID:482734309785206785 移动方向: 0.980785 , 0 , -0.19509134
2025-12-05 16:34:32.0442 (StateSyncRequestHandler.cs:18) 玩家ID:482734309785206785 移动到新位置: 2.5730047 , 0 , -0.46086875
2025-12-05 16:34:32.1352 (StateSyncRequestHandler.cs:18) 玩家ID:482734309785206785 移动方向: 0.980785 , 0 , -0.19509134
2025-12-05 16:34:32.1352 (StateSyncRequestHandler.cs:18) 玩家ID:482734309785206785 移动到新位置: 2.7691617 , 0 , -0.49988702
2025-12-05 16:34:32.2268 (StateSyncRequestHandler.cs:18) 玩家ID:482734309785206785 移动方向: 0.55556935 , 0 , -0.8314702
2025-12-05 16:34:32.2268 (StateSyncRequestHandler.cs:18) 玩家ID:482734309785206785 移动到新位置: 2.8802755 , 0 , -0.6661811
2025-12-05 16:34:32.3536 (StateSyncRequestHandler.cs:18) 玩家ID:482734309785206785 移动方向: 0.55556935 , 0 , -0.8314702
2025-12-05 16:34:32.3536 (StateSyncRequestHandler.cs:18) 玩家ID:482734309785206785 移动到新位置: 2.9913893 , 0 , -0.8324751
2025-12-05 16:34:32.4448 (StateSyncRequestHandler.cs:18) 玩家ID:482734309785206785 移动方向: 0.55556935 , 0 , -0.8314702
2025-12-05 16:34:32.4448 (StateSyncRequestHandler.cs:18) 玩家ID:482734309785206785 移动到新位置: 3.102503 , 0 , -0.99876916
2025-12-05 16:34:32.5551 (StateSyncRequestHandler.cs:18) 玩家ID:482734309785206785 移动方向: 0.55556935 , 0 , -0.8314702
2025-12-05 16:34:32.5551 (StateSyncRequestHandler.cs:18) 玩家ID:482734309785206785 移动到新位置: 3.2136168 , 0 , -1.1650631
2025-12-05 16:34:32.6476 (StateSyncRequestHandler.cs:18) 玩家ID:482734309785206785 移动方向: 0.55556935 , 0 , -0.8314702
2025-12-05 16:34:32.6476 (StateSyncRequestHandler.cs:18) 玩家ID:482734309785206785 移动到新位置: 3.3247306 , 0 , -1.3313572
2025-12-05 16:34:32.7404 (StateSyncRequestHandler.cs:18) 玩家ID:482734309785206785 移动方向: 0.55556935 , 0 , -0.8314702
2025-12-05 16:34:32.7404 (StateSyncRequestHandler.cs:18) 玩家ID:482734309785206785 移动到新位置: 3.4358444 , 0 , -1.4976513
2025-12-05 16:34:32.8341 (StateSyncRequestHandler.cs:18) 玩家ID:482734309785206785 移动方向: -0.19509134 , 0 , -0.980785
2025-12-05 16:34:32.8341 (StateSyncRequestHandler.cs:18) 玩家ID:482734309785206785 移动到新位置: 3.3968263 , 0 , -1.6938083
2025-12-05 16:34:32.9272 (StateSyncRequestHandler.cs:18) 玩家ID:482734309785206785 移动方向: -0.8314702 , 0 , -0.55556935
2025-12-05 16:34:32.9281 (StateSyncRequestHandler.cs:18) 玩家ID:482734309785206785 移动到新位置: 3.2305322 , 0 , -1.8049222
2025-12-05 16:34:33.0362 (StateSyncRequestHandler.cs:18) 玩家ID:482734309785206785 移动方向: -0.980785 , 0 , 0.19509134
2025-12-05 16:34:33.0368 (StateSyncRequestHandler.cs:18) 玩家ID:482734309785206785 移动到新位置: 3.0343752 , 0 , -1.765904
2025-12-05 16:34:33.1429 (StateSyncRequestHandler.cs:18) 玩家ID:482734309785206785 移动方向: -0.980785 , 0 , 0.19509134
2025-12-05 16:34:33.1429 (StateSyncRequestHandler.cs:18) 玩家ID:482734309785206785 移动到新位置: 2.8382182 , 0 , -1.7268857
2025-12-05 16:34:33.2360 (StateSyncRequestHandler.cs:18) 玩家ID:482734309785206785 移动方向: -0.980785 , 0 , 0.19509134
2025-12-05 16:34:33.2360 (StateSyncRequestHandler.cs:18) 玩家ID:482734309785206785 移动到新位置: 2.6420612 , 0 , -1.6878674
2025-12-05 16:34:33.3436 (StateSyncRequestHandler.cs:18) 玩家ID:482734309785206785 移动方向: -0.980785 , 0 , 0.19509134
2025-12-05 16:34:33.3436 (StateSyncRequestHandler.cs:18) 玩家ID:482734309785206785 移动到新位置: 2.4459043 , 0 , -1.6488491
2025-12-05 16:34:33.4378 (StateSyncRequestHandler.cs:18) 玩家ID:482734309785206785 移动方向: -0.55556935 , 0 , 0.8314702
2025-12-05 16:34:33.4378 (StateSyncRequestHandler.cs:18) 玩家ID:482734309785206785 移动到新位置: 2.3347905 , 0 , -1.4825552
2025-12-05 16:34:33.5307 (StateSyncRequestHandler.cs:18) 玩家ID:482734309785206785 移动方向: -0.55556935 , 0 , 0.8314702
2025-12-05 16:34:33.5307 (StateSyncRequestHandler.cs:18) 玩家ID:482734309785206785 移动到新位置: 2.2236767 , 0 , -1.316261
2025-12-05 16:34:33.6385 (StateSyncRequestHandler.cs:18) 玩家ID:482734309785206785 移动方向: -0.980785 , 0 , 0.19509134
2025-12-05 16:34:33.6385 (StateSyncRequestHandler.cs:18) 玩家ID:482734309785206785 移动到新位置: 2.0275197 , 0 , -1.2772428
2025-12-05 16:34:33.7314 (StateSyncRequestHandler.cs:18) 玩家ID:482734309785206785 移动方向: -0.980785 , 0 , 0.19509134
2025-12-05 16:34:33.7314 (StateSyncRequestHandler.cs:18) 玩家ID:482734309785206785 移动到新位置: 1.8313627 , 0 , -1.2382245
2025-12-05 16:34:33.8399 (StateSyncRequestHandler.cs:18) 玩家ID:482734309785206785 移动方向: -0.8314702 , 0 , -0.55556935
2025-12-05 16:34:33.8399 (StateSyncRequestHandler.cs:18) 玩家ID:482734309785206785 移动到新位置: 1.6650686 , 0 , -1.3493384
2025-12-05 16:34:33.9485 (StateSyncRequestHandler.cs:18) 玩家ID:482734309785206785 移动方向: -0.19509134 , 0 , -0.980785
2025-12-05 16:34:33.9485 (StateSyncRequestHandler.cs:18) 玩家ID:482734309785206785 移动到新位置: 1.6260504 , 0 , -1.5454954
2025-12-05 16:34:34.0409 (StateSyncRequestHandler.cs:18) 玩家ID:482734309785206785 移动方向: -0.19509134 , 0 , -0.980785
2025-12-05 16:34:34.0409 (StateSyncRequestHandler.cs:18) 玩家ID:482734309785206785 移动到新位置: 1.5870321 , 0 , -1.7416524
2025-12-05 16:34:34.1343 (StateSyncRequestHandler.cs:18) 玩家ID:482734309785206785 移动方向: 0.55556935 , 0 , -0.8314702
2025-12-05 16:34:34.1343 (StateSyncRequestHandler.cs:18) 玩家ID:482734309785206785 移动到新位置: 1.698146 , 0 , -1.9079463
2025-12-05 16:34:34.2425 (StateSyncRequestHandler.cs:18) 玩家ID:482734309785206785 移动方向: 0.980785 , 0 , -0.19509134
2025-12-05 16:34:34.2425 (StateSyncRequestHandler.cs:18) 玩家ID:482734309785206785 移动到新位置: 1.894303 , 0 , -1.9469646
2025-12-05 16:34:34.3354 (StateSyncRequestHandler.cs:18) 玩家ID:482734309785206785 移动方向: 0.8314702 , 0 , 0.55556935
2025-12-05 16:34:34.3354 (StateSyncRequestHandler.cs:18) 玩家ID:482734309785206785 移动到新位置: 2.060597 , 0 , -1.8358507
2025-12-05 16:34:34.4280 (StateSyncRequestHandler.cs:18) 玩家ID:482734309785206785 移动方向: 0.19509134 , 0 , 0.980785
2025-12-05 16:34:34.4280 (StateSyncRequestHandler.cs:18) 玩家ID:482734309785206785 移动到新位置: 2.099615 , 0 , -1.6396937
2025-12-05 16:34:34.5353 (StateSyncRequestHandler.cs:18) 玩家ID:482734309785206785 移动方向: 0.19509134 , 0 , 0.980785
2025-12-05 16:34:34.5363 (StateSyncRequestHandler.cs:18) 玩家ID:482734309785206785 移动到新位置: 2.1386333 , 0 , -1.4435368
2025-12-05 16:34:34.6440 (StateSyncRequestHandler.cs:18) 玩家ID:482734309785206785 移动方向: 0.8314702 , 0 , 0.55556935
2025-12-05 16:34:34.6440 (StateSyncRequestHandler.cs:18) 玩家ID:482734309785206785 移动到新位置: 2.3049273 , 0 , -1.3324229
2025-12-05 16:34:34.7385 (StateSyncRequestHandler.cs:18) 玩家ID:482734309785206785 移动到新位置: 2.3049273 , 0 , -1.3324229
