2025-11-27 21:16:50.2750  

==========================================================================
 
  ███████╗ █████╗ ███╗   ██╗████████╗ █████╗  ██████╗ ██╗   ██╗
  ██╔════╝██╔══██╗████╗  ██║╚══██╔══╝██╔══██╗██╔════╝ ╚██╗ ██╔╝
  █████╗  ███████║██╔██╗ ██║   ██║   ███████║╚█████╗   ╚████╔╝ 
  ██╔══╝  ██╔══██║██║╚██╗██║   ██║   ██╔══██║╚════██║   ╚██╔╝  
  ██║     ██║  ██║██║ ╚████║   ██║   ██║  ██║██████╔╝    ██║   
  ╚═╝     ╚═╝  ╚═╝╚═╝  ╚═══╝   ╚═╝   ╚═╝  ╚═╝╚═════╝     ╚═╝   
                                                            
 Version : Fantasy 2.0 Official version
==========================================================================

2025-11-27 21:16:50.3600  Current inner network protocol:TCP
2025-11-27 21:16:50.3600  Max Message Size(byte):1048560
2025-11-27 21:16:50.3600  Current session idle timeout:8000
2025-11-27 21:16:50.3600  Session-check interval:5000 
2025-11-27 21:16:52.3025  dbName:OnlineTest Initialize the db database and connect to the target.
2025-11-27 21:16:52.9269  dbName:OnlineTest Database connection successful.
2025-11-27 21:16:53.3766  SceneConfigId = 1001 networkTarget = Inner TCPServer Listen 127.0.0.1:11002
2025-11-27 21:16:53.7450  SceneConfigId = 1001 networkTarget = Outer KCPServer Listen 0.0.0.0:20000
2025-11-27 21:16:53.7450  Process:1 Startup Complete SceneCount:1
2025-11-27 21:16:57.3360 (LoginRequestHandler.cs:19) 收到登录请求
2025-11-27 21:17:01.8528 (RegisterNameRequestHandler.cs:15) 收到注册名称请求，账号：111，名称：111
2025-11-27 21:17:02.0639 (AuthenticationAccountComponentSystem.cs:115) 账号名称注册成功 账号：111 名称：111
2025-11-27 21:17:02.0923 (EntryLobbyRequestHandler.cs:32) 进入大厅成功，玩家ID:489242989124911105
2025-11-27 21:17:03.7379 (LobbyPlayerManagerComponentSystem.cs:97) 玩家ID:489242989124911105 移动方向: -0.9180806 , 0 , 0.39639372
2025-11-27 21:17:03.7379 (LobbyPlayerManagerComponentSystem.cs:102) 玩家ID:489242989124911105 移动到新位置: 5.9958086 , 0 , 0.66647553
2025-11-27 21:17:03.8318 (LobbyPlayerManagerComponentSystem.cs:97) 玩家ID:489242989124911105 移动方向: -0.523381 , 0 , 0.85209876
2025-11-27 21:17:03.8318 (LobbyPlayerManagerComponentSystem.cs:102) 玩家ID:489242989124911105 移动到新位置: 5.8911324 , 0 , 0.8368953
2025-11-27 21:17:03.9228 (LobbyPlayerManagerComponentSystem.cs:97) 玩家ID:489242989124911105 移动方向: 0.07357841 , 0 , 0.9972894
2025-11-27 21:17:03.9228 (LobbyPlayerManagerComponentSystem.cs:102) 玩家ID:489242989124911105 移动到新位置: 5.905848 , 0 , 1.0363531
2025-11-27 21:17:04.0238 (LobbyPlayerManagerComponentSystem.cs:97) 玩家ID:489242989124911105 移动方向: 0.68368256 , 0 , 0.72977954
2025-11-27 21:17:04.0238 (LobbyPlayerManagerComponentSystem.cs:102) 玩家ID:489242989124911105 移动到新位置: 6.0425844 , 0 , 1.182309
2025-11-27 21:17:04.1289 (LobbyPlayerManagerComponentSystem.cs:97) 玩家ID:489242989124911105 移动方向: 0.93866324 , 0 , 0.34483525
2025-11-27 21:17:04.1289 (LobbyPlayerManagerComponentSystem.cs:102) 玩家ID:489242989124911105 移动到新位置: 6.230317 , 0 , 1.2512761
2025-11-27 21:17:04.2262 (LobbyPlayerManagerComponentSystem.cs:97) 玩家ID:489242989124911105 移动方向: 0.13342771 , 0 , -0.9910586
2025-11-27 21:17:04.2262 (LobbyPlayerManagerComponentSystem.cs:102) 玩家ID:489242989124911105 移动到新位置: 6.257003 , 0 , 1.0530645
2025-11-27 21:17:04.3259 (LobbyPlayerManagerComponentSystem.cs:97) 玩家ID:489242989124911105 移动方向: 0.03782098 , 0 , -0.99928457
2025-11-27 21:17:04.3259 (LobbyPlayerManagerComponentSystem.cs:102) 玩家ID:489242989124911105 移动到新位置: 6.264567 , 0 , 0.8532076
2025-11-27 21:17:04.4311 (LobbyPlayerManagerComponentSystem.cs:97) 玩家ID:489242989124911105 移动方向: -0.99999315 , 0 , -0.0037002687
2025-11-27 21:17:04.4311 (LobbyPlayerManagerComponentSystem.cs:102) 玩家ID:489242989124911105 移动到新位置: 6.0645685 , 0 , 0.85246754
2025-11-27 21:17:04.5310 (LobbyPlayerManagerComponentSystem.cs:97) 玩家ID:489242989124911105 移动方向: -0.99997663 , 0 , 0.006832499
2025-11-27 21:17:04.5310 (LobbyPlayerManagerComponentSystem.cs:102) 玩家ID:489242989124911105 移动到新位置: 5.864573 , 0 , 0.85383403
2025-11-27 21:17:04.6236 (LobbyPlayerManagerComponentSystem.cs:97) 玩家ID:489242989124911105 移动方向: -0.99994874 , 0 , 0.010124958
2025-11-27 21:17:04.6236 (LobbyPlayerManagerComponentSystem.cs:102) 玩家ID:489242989124911105 移动到新位置: 5.664583 , 0 , 0.85585904
2025-11-27 21:17:04.7273 (LobbyPlayerManagerComponentSystem.cs:97) 玩家ID:489242989124911105 移动方向: -0.9999999 , 0 , 0.0005458774
2025-11-27 21:17:04.7273 (LobbyPlayerManagerComponentSystem.cs:102) 玩家ID:489242989124911105 移动到新位置: 5.4645834 , 0 , 0.85596824
2025-11-27 21:17:04.8327 (LobbyPlayerManagerComponentSystem.cs:97) 玩家ID:489242989124911105 移动方向: -0.9967702 , 0 , -0.08030678
2025-11-27 21:17:04.8327 (LobbyPlayerManagerComponentSystem.cs:102) 玩家ID:489242989124911105 移动到新位置: 5.265229 , 0 , 0.8399069
2025-11-27 21:17:04.9240 (LobbyPlayerManagerComponentSystem.cs:97) 玩家ID:489242989124911105 移动方向: -0.97965693 , 0 , -0.2006797
2025-11-27 21:17:04.9240 (LobbyPlayerManagerComponentSystem.cs:102) 玩家ID:489242989124911105 移动到新位置: 5.069298 , 0 , 0.79977095
2025-11-27 21:17:05.0308 (LobbyPlayerManagerComponentSystem.cs:97) 玩家ID:489242989124911105 移动方向: 0.33403343 , 0 , -0.9425612
2025-11-27 21:17:05.0308 (LobbyPlayerManagerComponentSystem.cs:102) 玩家ID:489242989124911105 移动到新位置: 5.1361046 , 0 , 0.61125875
2025-11-27 21:17:05.1325 (LobbyPlayerManagerComponentSystem.cs:97) 玩家ID:489242989124911105 移动方向: 0.40270972 , 0 , -0.9153277
2025-11-27 21:17:05.1325 (LobbyPlayerManagerComponentSystem.cs:102) 玩家ID:489242989124911105 移动到新位置: 5.2166467 , 0 , 0.4281932
2025-11-27 21:17:05.2237 (LobbyPlayerManagerComponentSystem.cs:97) 玩家ID:489242989124911105 移动方向: 0.94171894 , 0 , -0.3364006
2025-11-27 21:17:05.2241 (LobbyPlayerManagerComponentSystem.cs:102) 玩家ID:489242989124911105 移动到新位置: 5.4049907 , 0 , 0.3609131
2025-11-27 21:17:05.3238 (LobbyPlayerManagerComponentSystem.cs:97) 玩家ID:489242989124911105 移动方向: 0.8987862 , 0 , 0.43838727
2025-11-27 21:17:05.3238 (LobbyPlayerManagerComponentSystem.cs:102) 玩家ID:489242989124911105 移动到新位置: 5.584748 , 0 , 0.44859055
2025-11-27 21:17:05.4254 (LobbyPlayerManagerComponentSystem.cs:97) 玩家ID:489242989124911105 移动方向: 0.8970816 , 0 , 0.441865
2025-11-27 21:17:05.4254 (LobbyPlayerManagerComponentSystem.cs:102) 玩家ID:489242989124911105 移动到新位置: 5.764164 , 0 , 0.5369635
2025-11-27 21:17:05.5254 (LobbyPlayerManagerComponentSystem.cs:97) 玩家ID:489242989124911105 移动方向: 0.9471793 , 0 , -0.32070434
2025-11-27 21:17:05.5254 (LobbyPlayerManagerComponentSystem.cs:102) 玩家ID:489242989124911105 移动到新位置: 5.9536 , 0 , 0.47282267
2025-11-27 21:17:05.6234 (LobbyPlayerManagerComponentSystem.cs:97) 玩家ID:489242989124911105 移动方向: 0.44331276 , 0 , -0.896367
2025-11-27 21:17:05.6234 (LobbyPlayerManagerComponentSystem.cs:102) 玩家ID:489242989124911105 移动到新位置: 6.0422626 , 0 , 0.29354927
2025-11-27 21:17:05.7238 (LobbyPlayerManagerComponentSystem.cs:97) 玩家ID:489242989124911105 移动方向: 0.4434178 , 0 , -0.896315
2025-11-27 21:17:05.7244 (LobbyPlayerManagerComponentSystem.cs:102) 玩家ID:489242989124911105 移动到新位置: 6.130946 , 0 , 0.11428627
2025-11-27 21:17:05.8314 (LobbyPlayerManagerComponentSystem.cs:97) 玩家ID:489242989124911105 移动方向: 0.44372207 , 0 , -0.8961645
2025-11-27 21:17:05.8314 (LobbyPlayerManagerComponentSystem.cs:102) 玩家ID:489242989124911105 移动到新位置: 6.219691 , 0 , -0.06494662
2025-11-27 21:17:05.9280 (LobbyPlayerManagerComponentSystem.cs:97) 玩家ID:489242989124911105 移动方向: 0.43581617 , 0 , -0.90003574
2025-11-27 21:17:05.9280 (LobbyPlayerManagerComponentSystem.cs:102) 玩家ID:489242989124911105 移动到新位置: 6.3068542 , 0 , -0.24495377
2025-11-27 21:17:06.0286 (LobbyPlayerManagerComponentSystem.cs:97) 玩家ID:489242989124911105 移动方向: 0.3832813 , 0 , -0.92363167
2025-11-27 21:17:06.0286 (LobbyPlayerManagerComponentSystem.cs:102) 玩家ID:489242989124911105 移动到新位置: 6.3835106 , 0 , -0.4296801
2025-11-27 21:17:06.1289 (LobbyPlayerManagerComponentSystem.cs:97) 玩家ID:489242989124911105 移动方向: 0.25211814 , 0 , -0.9676965
2025-11-27 21:17:06.1289 (LobbyPlayerManagerComponentSystem.cs:102) 玩家ID:489242989124911105 移动到新位置: 6.433934 , 0 , -0.6232194
2025-11-27 21:17:06.2235 (LobbyPlayerManagerComponentSystem.cs:97) 玩家ID:489242989124911105 移动方向: 0.1033687 , 0 , -0.9946431
2025-11-27 21:17:06.2243 (LobbyPlayerManagerComponentSystem.cs:102) 玩家ID:489242989124911105 移动到新位置: 6.454608 , 0 , -0.82214797
2025-11-27 21:17:06.3294 (StateSyncRequestHandler.cs:18) 玩家ID:489242989124911105 移动方向: -0.033807546 , 0 , -0.99942833
2025-11-27 21:17:06.3294 (StateSyncRequestHandler.cs:18) 玩家ID:489242989124911105 移动到新位置: 6.4478464 , 0 , -1.0220337
2025-11-27 21:17:06.4252 (StateSyncRequestHandler.cs:18) 玩家ID:489242989124911105 移动方向: -0.09690647 , 0 , -0.9952935
2025-11-27 21:17:06.4252 (StateSyncRequestHandler.cs:18) 玩家ID:489242989124911105 移动到新位置: 6.428465 , 0 , -1.2210923
2025-11-27 21:17:06.5304 (StateSyncRequestHandler.cs:18) 玩家ID:489242989124911105 移动方向: -0.12424083 , 0 , -0.9922521
2025-11-27 21:17:06.5304 (StateSyncRequestHandler.cs:18) 玩家ID:489242989124911105 移动到新位置: 6.403617 , 0 , -1.4195428
2025-11-27 21:17:06.6317 (StateSyncRequestHandler.cs:18) 玩家ID:489242989124911105 移动方向: -0.13286006 , 0 , -0.9911348
2025-11-27 21:17:06.6317 (StateSyncRequestHandler.cs:18) 玩家ID:489242989124911105 移动到新位置: 6.3770447 , 0 , -1.6177697
2025-11-27 21:17:06.7239 (StateSyncRequestHandler.cs:18) 玩家ID:489242989124911105 移动方向: -0.13558134 , 0 , -0.9907662
2025-11-27 21:17:06.7239 (StateSyncRequestHandler.cs:18) 玩家ID:489242989124911105 移动到新位置: 6.3499284 , 0 , -1.815923
2025-11-27 21:17:06.8264 (StateSyncRequestHandler.cs:18) 玩家ID:489242989124911105 移动方向: -0.13660124 , 0 , -0.9906261
2025-11-27 21:17:06.8264 (StateSyncRequestHandler.cs:18) 玩家ID:489242989124911105 移动到新位置: 6.322608 , 0 , -2.014048
2025-11-27 21:17:06.9298 (StateSyncRequestHandler.cs:18) 玩家ID:489242989124911105 移动到新位置: 6.322608 , 0 , -2.014048
2025-11-27 21:17:08.3320 (StateSyncRequestHandler.cs:18) 玩家ID:489242989124911105 移动方向: 0.45459303 , 0 , 0.89069927
2025-11-27 21:17:08.3320 (StateSyncRequestHandler.cs:18) 玩家ID:489242989124911105 移动到新位置: 6.4135265 , 0 , -1.8359083
2025-11-27 21:17:08.4251 (StateSyncRequestHandler.cs:18) 玩家ID:489242989124911105 移动方向: -0.62756234 , 0 , 0.7785663
2025-11-27 21:17:08.4251 (StateSyncRequestHandler.cs:18) 玩家ID:489242989124911105 移动到新位置: 6.288014 , 0 , -1.6801951
2025-11-27 21:17:08.5236 (StateSyncRequestHandler.cs:18) 玩家ID:489242989124911105 移动方向: -0.7726726 , 0 , 0.63480467
2025-11-27 21:17:08.5236 (StateSyncRequestHandler.cs:18) 玩家ID:489242989124911105 移动到新位置: 6.1334796 , 0 , -1.5532341
2025-11-27 21:17:08.6283 (StateSyncRequestHandler.cs:18) 玩家ID:489242989124911105 移动方向: -0.8193177 , 0 , 0.57333976
2025-11-27 21:17:08.6283 (StateSyncRequestHandler.cs:18) 玩家ID:489242989124911105 移动到新位置: 5.969616 , 0 , -1.4385662
2025-11-27 21:17:08.7244 (StateSyncRequestHandler.cs:18) 玩家ID:489242989124911105 移动方向: -0.9802092 , 0 , -0.19796488
2025-11-27 21:17:08.7244 (StateSyncRequestHandler.cs:18) 玩家ID:489242989124911105 移动到新位置: 5.773574 , 0 , -1.4781592
2025-11-27 21:17:08.8284 (StateSyncRequestHandler.cs:18) 玩家ID:489242989124911105 移动方向: -0.97837716 , 0 , -0.20682892
2025-11-27 21:17:08.8284 (StateSyncRequestHandler.cs:18) 玩家ID:489242989124911105 移动到新位置: 5.5778985 , 0 , -1.5195249
2025-11-27 21:17:08.9216 (StateSyncRequestHandler.cs:18) 玩家ID:489242989124911105 移动方向: -0.97785056 , 0 , -0.20930432
2025-11-27 21:17:08.9216 (StateSyncRequestHandler.cs:18) 玩家ID:489242989124911105 移动到新位置: 5.3823285 , 0 , -1.5613858
2025-11-27 21:17:09.0293 (StateSyncRequestHandler.cs:18) 玩家ID:489242989124911105 移动方向: -0.5427241 , 0 , -0.83991104
2025-11-27 21:17:09.0293 (StateSyncRequestHandler.cs:18) 玩家ID:489242989124911105 移动到新位置: 5.2737837 , 0 , -1.729368
2025-11-27 21:17:09.1308 (StateSyncRequestHandler.cs:18) 玩家ID:489242989124911105 移动方向: -0.9786575 , 0 , -0.20549808
2025-11-27 21:17:09.1308 (StateSyncRequestHandler.cs:18) 玩家ID:489242989124911105 移动到新位置: 5.078052 , 0 , -1.7704676
2025-11-27 21:17:09.2315 (StateSyncRequestHandler.cs:18) 玩家ID:489242989124911105 移动方向: -0.9810047 , 0 , -0.19398382
2025-11-27 21:17:09.2315 (StateSyncRequestHandler.cs:18) 玩家ID:489242989124911105 移动到新位置: 4.881851 , 0 , -1.8092644
2025-11-27 21:17:09.3286 (StateSyncRequestHandler.cs:18) 玩家ID:489242989124911105 移动方向: -0.8271925 , 0 , 0.5619186
2025-11-27 21:17:09.3286 (StateSyncRequestHandler.cs:18) 玩家ID:489242989124911105 移动到新位置: 4.7164125 , 0 , -1.6968807
2025-11-27 21:17:09.4260 (StateSyncRequestHandler.cs:18) 玩家ID:489242989124911105 移动方向: -0.8257029 , 0 , 0.56410533
2025-11-27 21:17:09.4260 (StateSyncRequestHandler.cs:18) 玩家ID:489242989124911105 移动到新位置: 4.551272 , 0 , -1.5840596
2025-11-27 21:17:09.5290 (StateSyncRequestHandler.cs:18) 玩家ID:489242989124911105 移动到新位置: 4.551272 , 0 , -1.5840596
2025-11-27 21:17:09.8311 (StateSyncRequestHandler.cs:18) 玩家ID:489242989124911105 移动方向: 0.18353792 , 0 , -0.9830126
2025-11-27 21:17:09.8311 (StateSyncRequestHandler.cs:18) 玩家ID:489242989124911105 移动到新位置: 4.5879793 , 0 , -1.7806621
2025-11-27 21:17:09.9248 (StateSyncRequestHandler.cs:18) 玩家ID:489242989124911105 移动方向: -0.56532276 , 0 , -0.8248698
2025-11-27 21:17:09.9248 (StateSyncRequestHandler.cs:18) 玩家ID:489242989124911105 移动到新位置: 4.4749146 , 0 , -1.945636
2025-11-27 21:17:10.0310 (StateSyncRequestHandler.cs:18) 玩家ID:489242989124911105 移动方向: -0.56532466 , 0 , -0.82486844
2025-11-27 21:17:10.0310 (StateSyncRequestHandler.cs:18) 玩家ID:489242989124911105 移动到新位置: 4.36185 , 0 , -2.1106098
2025-11-27 21:17:10.1287 (StateSyncRequestHandler.cs:18) 玩家ID:489242989124911105 移动方向: -0.983015 , 0 , -0.18352532
2025-11-27 21:17:10.1287 (StateSyncRequestHandler.cs:18) 玩家ID:489242989124911105 移动到新位置: 4.165247 , 0 , -2.1473148
2025-11-27 21:17:10.2310 (StateSyncRequestHandler.cs:18) 玩家ID:489242989124911105 移动方向: -0.983015 , 0 , -0.18352532
2025-11-27 21:17:10.2310 (StateSyncRequestHandler.cs:18) 玩家ID:489242989124911105 移动到新位置: 3.968644 , 0 , -2.1840198
2025-11-27 21:17:10.3282 (StateSyncRequestHandler.cs:18) 玩家ID:489242989124911105 移动方向: 0.18352531 , 0 , -0.983015
2025-11-27 21:17:10.3282 (StateSyncRequestHandler.cs:18) 玩家ID:489242989124911105 移动到新位置: 4.005349 , 0 , -2.3806229
2025-11-27 21:17:10.4323 (StateSyncRequestHandler.cs:18) 玩家ID:489242989124911105 移动方向: 0.18100692 , 0 , -0.9834818
2025-11-27 21:17:10.4323 (StateSyncRequestHandler.cs:18) 玩家ID:489242989124911105 移动到新位置: 4.0415506 , 0 , -2.5773191
2025-11-27 21:17:10.5318 (StateSyncRequestHandler.cs:18) 玩家ID:489242989124911105 移动方向: 0.17800331 , 0 , -0.9840299
2025-11-27 21:17:10.5318 (StateSyncRequestHandler.cs:18) 玩家ID:489242989124911105 移动到新位置: 4.0771513 , 0 , -2.774125
2025-11-27 21:17:10.6299 (StateSyncRequestHandler.cs:18) 玩家ID:489242989124911105 移动方向: 0.17662945 , 0 , -0.9842774
2025-11-27 21:17:10.6299 (StateSyncRequestHandler.cs:18) 玩家ID:489242989124911105 移动到新位置: 4.1124773 , 0 , -2.9709806
2025-11-27 21:17:10.7263 (StateSyncRequestHandler.cs:18) 玩家ID:489242989124911105 移动方向: 0.17608441 , 0 , -0.9843751
2025-11-27 21:17:10.7263 (StateSyncRequestHandler.cs:18) 玩家ID:489242989124911105 移动到新位置: 4.147694 , 0 , -3.1678557
2025-11-27 21:17:10.8282 (StateSyncRequestHandler.cs:18) 玩家ID:489242989124911105 移动方向: 0.17588775 , 0 , -0.9844102
2025-11-27 21:17:10.8282 (StateSyncRequestHandler.cs:18) 玩家ID:489242989124911105 移动到新位置: 4.182872 , 0 , -3.3647377
2025-11-27 21:17:10.9232 (StateSyncRequestHandler.cs:18) 玩家ID:489242989124911105 移动方向: 0.1758285 , 0 , -0.9844208
2025-11-27 21:17:10.9232 (StateSyncRequestHandler.cs:18) 玩家ID:489242989124911105 移动到新位置: 4.2180376 , 0 , -3.561622
2025-11-27 21:17:11.0264 (StateSyncRequestHandler.cs:18) 玩家ID:489242989124911105 移动到新位置: 4.2180376 , 0 , -3.561622
2025-11-27 21:32:06.5108  

==========================================================================
 
  ███████╗ █████╗ ███╗   ██╗████████╗ █████╗  ██████╗ ██╗   ██╗
  ██╔════╝██╔══██╗████╗  ██║╚══██╔══╝██╔══██╗██╔════╝ ╚██╗ ██╔╝
  █████╗  ███████║██╔██╗ ██║   ██║   ███████║╚█████╗   ╚████╔╝ 
  ██╔══╝  ██╔══██║██║╚██╗██║   ██║   ██╔══██║╚════██║   ╚██╔╝  
  ██║     ██║  ██║██║ ╚████║   ██║   ██║  ██║██████╔╝    ██║   
  ╚═╝     ╚═╝  ╚═╝╚═╝  ╚═══╝   ╚═╝   ╚═╝  ╚═╝╚═════╝     ╚═╝   
                                                            
 Version : Fantasy 2.0 Official version
==========================================================================

2025-11-27 21:32:06.5599  Current inner network protocol:TCP
2025-11-27 21:32:06.5599  Max Message Size(byte):1048560
2025-11-27 21:32:06.5599  Current session idle timeout:8000
2025-11-27 21:32:06.5599  Session-check interval:5000 
2025-11-27 21:32:07.0929  dbName:OnlineTest Initialize the db database and connect to the target.
2025-11-27 21:32:07.4190  dbName:OnlineTest Database connection successful.
2025-11-27 21:32:07.7894  SceneConfigId = 1001 networkTarget = Inner TCPServer Listen 127.0.0.1:11002
2025-11-27 21:32:08.1108  SceneConfigId = 1001 networkTarget = Outer KCPServer Listen 0.0.0.0:20000
2025-11-27 21:32:08.1108  Process:1 Startup Complete SceneCount:1
2025-11-27 21:32:13.5810 (LoginRequestHandler.cs:19) 收到登录请求
2025-11-27 21:32:13.7959 (EntryLobbyRequestHandler.cs:32) 进入大厅成功，玩家ID:489242989124911105
2025-11-27 21:32:15.6631 (LobbyPlayerManagerComponentSystem.cs:97) 玩家ID:489242989124911105 移动方向: 0.6089999 , 0 , 0.7931703
2025-11-27 21:32:15.6631 (LobbyPlayerManagerComponentSystem.cs:102) 玩家ID:489242989124911105 移动到新位置: 4.3398376 , 0 , -3.402988
2025-11-27 21:32:15.7541 (LobbyPlayerManagerComponentSystem.cs:97) 玩家ID:489242989124911105 移动方向: 0.5631645 , 0 , 0.82634485
2025-11-27 21:32:15.7541 (LobbyPlayerManagerComponentSystem.cs:102) 玩家ID:489242989124911105 移动到新位置: 4.4524703 , 0 , -3.237719
2025-11-27 21:32:15.8569 (LobbyPlayerManagerComponentSystem.cs:97) 玩家ID:489242989124911105 移动方向: 0.55367553 , 0 , 0.8327325
2025-11-27 21:32:15.8569 (LobbyPlayerManagerComponentSystem.cs:102) 玩家ID:489242989124911105 移动到新位置: 4.5632052 , 0 , -3.0711725
2025-11-27 21:32:15.9582 (LobbyPlayerManagerComponentSystem.cs:97) 玩家ID:489242989124911105 移动方向: 0.9800189 , 0 , 0.19890404
2025-11-27 21:32:15.9588 (LobbyPlayerManagerComponentSystem.cs:102) 玩家ID:489242989124911105 移动到新位置: 4.759209 , 0 , -3.0313916
2025-11-27 21:32:16.0532 (LobbyPlayerManagerComponentSystem.cs:97) 玩家ID:489242989124911105 移动方向: 0.83369833 , 0 , -0.5522202
2025-11-27 21:32:16.0532 (LobbyPlayerManagerComponentSystem.cs:102) 玩家ID:489242989124911105 移动到新位置: 4.9259486 , 0 , -3.1418357
2025-11-27 21:32:16.1557 (LobbyPlayerManagerComponentSystem.cs:97) 玩家ID:489242989124911105 移动方向: 0.1980992 , 0 , -0.980182
2025-11-27 21:32:16.1557 (LobbyPlayerManagerComponentSystem.cs:102) 玩家ID:489242989124911105 移动到新位置: 4.9655685 , 0 , -3.337872
2025-11-27 21:32:16.2597 (LobbyPlayerManagerComponentSystem.cs:97) 玩家ID:489242989124911105 移动方向: -0.5544748 , 0 , -0.8322006
2025-11-27 21:32:16.2597 (LobbyPlayerManagerComponentSystem.cs:102) 玩家ID:489242989124911105 移动到新位置: 4.8546734 , 0 , -3.504312
2025-11-27 21:32:16.3586 (LobbyPlayerManagerComponentSystem.cs:97) 玩家ID:489242989124911105 移动方向: -0.98068994 , 0 , -0.19556862
2025-11-27 21:32:16.3665 (LobbyPlayerManagerComponentSystem.cs:102) 玩家ID:489242989124911105 移动到新位置: 4.6585355 , 0 , -3.5434258
2025-11-27 21:32:16.4590 (LobbyPlayerManagerComponentSystem.cs:97) 玩家ID:489242989124911105 移动方向: -0.98075247 , 0 , -0.19525501
2025-11-27 21:32:16.4590 (LobbyPlayerManagerComponentSystem.cs:102) 玩家ID:489242989124911105 移动到新位置: 4.462385 , 0 , -3.5824769
2025-11-27 21:32:16.5526 (LobbyPlayerManagerComponentSystem.cs:97) 玩家ID:489242989124911105 移动方向: -0.98089325 , 0 , -0.19454646
2025-11-27 21:32:16.5526 (LobbyPlayerManagerComponentSystem.cs:102) 玩家ID:489242989124911105 移动到新位置: 4.2662067 , 0 , -3.621386
2025-11-27 21:32:16.6598 (LobbyPlayerManagerComponentSystem.cs:97) 玩家ID:489242989124911105 移动方向: -0.57993776 , 0 , -0.8146608
2025-11-27 21:32:16.6598 (LobbyPlayerManagerComponentSystem.cs:102) 玩家ID:489242989124911105 移动到新位置: 4.150219 , 0 , -3.7843182
2025-11-27 21:32:16.7557 (LobbyPlayerManagerComponentSystem.cs:97) 玩家ID:489242989124911105 移动方向: 0.7604758 , 0 , -0.6493663
2025-11-27 21:32:16.7557 (LobbyPlayerManagerComponentSystem.cs:102) 玩家ID:489242989124911105 移动到新位置: 4.3023143 , 0 , -3.9141915
2025-11-27 21:32:16.8540 (LobbyPlayerManagerComponentSystem.cs:97) 玩家ID:489242989124911105 移动方向: 0.5978322 , 0 , -0.8016213
2025-11-27 21:32:16.8540 (LobbyPlayerManagerComponentSystem.cs:102) 玩家ID:489242989124911105 移动到新位置: 4.4218807 , 0 , -4.074516
2025-11-27 21:32:16.9610 (LobbyPlayerManagerComponentSystem.cs:97) 玩家ID:489242989124911105 移动方向: 0.9293972 , 0 , 0.369081
2025-11-27 21:32:16.9610 (LobbyPlayerManagerComponentSystem.cs:102) 玩家ID:489242989124911105 移动到新位置: 4.60776 , 0 , -4.0006995
2025-11-27 21:32:17.0518 (LobbyPlayerManagerComponentSystem.cs:97) 玩家ID:489242989124911105 移动方向: 0.97834384 , 0 , 0.20698632
2025-11-27 21:32:17.0518 (LobbyPlayerManagerComponentSystem.cs:102) 玩家ID:489242989124911105 移动到新位置: 4.8034286 , 0 , -3.9593022
2025-11-27 21:32:17.1575 (LobbyPlayerManagerComponentSystem.cs:97) 玩家ID:489242989124911105 移动方向: 0.9952082 , 0 , 0.09777795
2025-11-27 21:32:17.1575 (LobbyPlayerManagerComponentSystem.cs:102) 玩家ID:489242989124911105 移动到新位置: 5.0024705 , 0 , -3.9397466
2025-11-27 21:32:17.2557 (LobbyPlayerManagerComponentSystem.cs:97) 玩家ID:489242989124911105 移动方向: 0.7457634 , 0 , -0.6662109
2025-11-27 21:32:17.2557 (LobbyPlayerManagerComponentSystem.cs:102) 玩家ID:489242989124911105 移动到新位置: 5.1516232 , 0 , -4.072989
2025-11-27 21:32:17.3608 (LobbyPlayerManagerComponentSystem.cs:97) 玩家ID:489242989124911105 移动方向: 0.03921578 , 0 , -0.99923074
2025-11-27 21:32:17.3608 (LobbyPlayerManagerComponentSystem.cs:102) 玩家ID:489242989124911105 移动到新位置: 5.1594663 , 0 , -4.2728353
2025-11-27 21:32:17.4533 (LobbyPlayerManagerComponentSystem.cs:97) 玩家ID:489242989124911105 移动方向: -0.68190914 , 0 , -0.7314367
2025-11-27 21:32:17.4533 (LobbyPlayerManagerComponentSystem.cs:102) 玩家ID:489242989124911105 移动到新位置: 5.0230846 , 0 , -4.4191227
2025-11-27 21:32:17.5508 (LobbyPlayerManagerComponentSystem.cs:97) 玩家ID:489242989124911105 移动方向: -0.9992886 , 0 , -0.03771176
2025-11-27 21:32:17.5508 (LobbyPlayerManagerComponentSystem.cs:102) 玩家ID:489242989124911105 移动到新位置: 4.823227 , 0 , -4.426665
2025-11-27 21:32:17.6501 (LobbyPlayerManagerComponentSystem.cs:97) 玩家ID:489242989124911105 移动方向: -0.9995986 , 0 , -0.028328782
2025-11-27 21:32:17.6501 (LobbyPlayerManagerComponentSystem.cs:102) 玩家ID:489242989124911105 移动到新位置: 4.623307 , 0 , -4.4323306
2025-11-27 21:32:17.7555 (LobbyPlayerManagerComponentSystem.cs:97) 玩家ID:489242989124911105 移动方向: -0.9998931 , 0 , -0.014619655
2025-11-27 21:32:17.7555 (LobbyPlayerManagerComponentSystem.cs:102) 玩家ID:489242989124911105 移动到新位置: 4.4233284 , 0 , -4.4352546
2025-11-27 21:32:17.8599 (LobbyPlayerManagerComponentSystem.cs:97) 玩家ID:489242989124911105 移动方向: -0.99999374 , 0 , -0.0035277542
2025-11-27 21:32:17.8599 (LobbyPlayerManagerComponentSystem.cs:102) 玩家ID:489242989124911105 移动到新位置: 4.2233295 , 0 , -4.4359603
2025-11-27 21:32:17.9585 (LobbyPlayerManagerComponentSystem.cs:97) 玩家ID:489242989124911105 移动方向: -0.9999949 , 0 , 0.0031941065
2025-11-27 21:32:17.9585 (LobbyPlayerManagerComponentSystem.cs:102) 玩家ID:489242989124911105 移动到新位置: 4.0233307 , 0 , -4.4353213
2025-11-27 21:32:18.0506 (LobbyPlayerManagerComponentSystem.cs:97) 玩家ID:489242989124911105 移动方向: -0.99998134 , 0 , 0.0061026
2025-11-27 21:32:18.0506 (LobbyPlayerManagerComponentSystem.cs:102) 玩家ID:489242989124911105 移动到新位置: 3.8233345 , 0 , -4.4341006
2025-11-27 21:32:18.1525 (LobbyPlayerManagerComponentSystem.cs:102) 玩家ID:489242989124911105 移动到新位置: 3.8233345 , 0 , -4.4341006
2025-11-27 21:32:18.9549 (LobbyPlayerManagerComponentSystem.cs:97) 玩家ID:489242989124911105 移动方向: -0.99948376 , 0 , 0.032127894
2025-11-27 21:32:18.9549 (LobbyPlayerManagerComponentSystem.cs:102) 玩家ID:489242989124911105 移动到新位置: 3.6234376 , 0 , -4.4276752
2025-11-27 21:32:19.0576 (LobbyPlayerManagerComponentSystem.cs:97) 玩家ID:489242989124911105 移动方向: -0.7411986 , 0 , -0.6712858
2025-11-27 21:32:19.0576 (LobbyPlayerManagerComponentSystem.cs:102) 玩家ID:489242989124911105 移动到新位置: 3.475198 , 0 , -4.5619326
2025-11-27 21:32:19.1526 (LobbyPlayerManagerComponentSystem.cs:97) 玩家ID:489242989124911105 移动方向: -0.062383983 , 0 , -0.99805224
2025-11-27 21:32:19.1526 (StateSyncRequestHandler.cs:18) 玩家ID:489242989124911105 移动到新位置: 3.4627213 , 0 , -4.761543
2025-11-27 21:32:19.2584 (StateSyncRequestHandler.cs:18) 玩家ID:489242989124911105 移动方向: 0.9900345 , 0 , -0.14082484
2025-11-27 21:32:19.2584 (StateSyncRequestHandler.cs:18) 玩家ID:489242989124911105 移动到新位置: 3.6607282 , 0 , -4.7897077
2025-11-27 21:32:19.3558 (StateSyncRequestHandler.cs:18) 玩家ID:489242989124911105 移动方向: 0.9733115 , 0 , -0.22948818
2025-11-27 21:32:19.3558 (StateSyncRequestHandler.cs:18) 玩家ID:489242989124911105 移动到新位置: 3.8553905 , 0 , -4.835605
2025-11-27 21:32:19.4555 (StateSyncRequestHandler.cs:18) 玩家ID:489242989124911105 移动方向: 0.95657825 , 0 , -0.29147556
2025-11-27 21:32:19.4555 (StateSyncRequestHandler.cs:18) 玩家ID:489242989124911105 移动到新位置: 4.046706 , 0 , -4.8939004
2025-11-27 21:32:19.5527 (StateSyncRequestHandler.cs:18) 玩家ID:489242989124911105 移动方向: 0.9459857 , 0 , -0.32420844
2025-11-27 21:32:19.5527 (StateSyncRequestHandler.cs:18) 玩家ID:489242989124911105 移动到新位置: 4.2359033 , 0 , -4.958742
2025-11-27 21:32:19.6572 (StateSyncRequestHandler.cs:18) 玩家ID:489242989124911105 移动方向: 0.94074523 , 0 , -0.33911428
2025-11-27 21:32:19.6572 (StateSyncRequestHandler.cs:18) 玩家ID:489242989124911105 移动到新位置: 4.4240522 , 0 , -5.026565
2025-11-27 21:32:19.7564 (StateSyncRequestHandler.cs:18) 玩家ID:489242989124911105 移动方向: 0.9390819 , 0 , -0.3436934
2025-11-27 21:32:19.7564 (StateSyncRequestHandler.cs:18) 玩家ID:489242989124911105 移动到新位置: 4.611869 , 0 , -5.0953035
2025-11-27 21:32:19.8511 (StateSyncRequestHandler.cs:18) 玩家ID:489242989124911105 移动方向: 0.41803032 , 0 , -0.908433
2025-11-27 21:32:19.8511 (StateSyncRequestHandler.cs:18) 玩家ID:489242989124911105 移动到新位置: 4.695475 , 0 , -5.27699
2025-11-27 21:32:19.9527 (StateSyncRequestHandler.cs:18) 玩家ID:489242989124911105 移动方向: 0.38522905 , 0 , -0.92282104
2025-11-27 21:32:19.9527 (StateSyncRequestHandler.cs:18) 玩家ID:489242989124911105 移动到新位置: 4.772521 , 0 , -5.461554
2025-11-27 21:32:20.0560 (StateSyncRequestHandler.cs:18) 玩家ID:489242989124911105 移动方向: -0.41491717 , 0 , -0.9098591
2025-11-27 21:32:20.0560 (StateSyncRequestHandler.cs:18) 玩家ID:489242989124911105 移动到新位置: 4.6895375 , 0 , -5.643526
2025-11-27 21:32:20.1530 (StateSyncRequestHandler.cs:18) 玩家ID:489242989124911105 移动方向: -0.43078655 , 0 , -0.90245384
2025-11-27 21:32:20.1530 (StateSyncRequestHandler.cs:18) 玩家ID:489242989124911105 移动到新位置: 4.60338 , 0 , -5.824017
2025-11-27 21:32:20.2525 (StateSyncRequestHandler.cs:18) 玩家ID:489242989124911105 移动方向: -0.43674883 , 0 , -0.8995835
2025-11-27 21:32:20.2525 (StateSyncRequestHandler.cs:18) 玩家ID:489242989124911105 移动到新位置: 4.5160303 , 0 , -6.003934
2025-11-27 21:32:20.3579 (StateSyncRequestHandler.cs:18) 玩家ID:489242989124911105 移动方向: -0.9458573 , 0 , -0.32458282
2025-11-27 21:32:20.3579 (StateSyncRequestHandler.cs:18) 玩家ID:489242989124911105 移动到新位置: 4.326859 , 0 , -6.0688505
2025-11-27 21:32:20.4589 (StateSyncRequestHandler.cs:18) 玩家ID:489242989124911105 移动方向: -0.8942942 , 0 , 0.44747958
2025-11-27 21:32:20.4589 (StateSyncRequestHandler.cs:18) 玩家ID:489242989124911105 移动到新位置: 4.1480002 , 0 , -5.9793544
2025-11-27 21:32:20.5572 (StateSyncRequestHandler.cs:18) 玩家ID:489242989124911105 移动方向: -0.8904058 , 0 , 0.45516753
2025-11-27 21:32:20.5572 (StateSyncRequestHandler.cs:18) 玩家ID:489242989124911105 移动到新位置: 3.9699192 , 0 , -5.888321
2025-11-27 21:32:20.6568 (StateSyncRequestHandler.cs:18) 玩家ID:489242989124911105 移动方向: -0.8885432 , 0 , 0.45879307
2025-11-27 21:32:20.6568 (StateSyncRequestHandler.cs:18) 玩家ID:489242989124911105 移动到新位置: 3.7922106 , 0 , -5.796562
2025-11-27 21:32:20.7549 (StateSyncRequestHandler.cs:18) 玩家ID:489242989124911105 移动方向: -0.88780195 , 0 , 0.4602257
2025-11-27 21:32:20.7549 (StateSyncRequestHandler.cs:18) 玩家ID:489242989124911105 移动到新位置: 3.6146502 , 0 , -5.704517
2025-11-27 21:32:20.8566 (StateSyncRequestHandler.cs:18) 玩家ID:489242989124911105 移动方向: -0.88753724 , 0 , 0.46073592
2025-11-27 21:32:20.8566 (StateSyncRequestHandler.cs:18) 玩家ID:489242989124911105 移动到新位置: 3.4371428 , 0 , -5.6123695
2025-11-27 21:32:20.9532 (StateSyncRequestHandler.cs:18) 玩家ID:489242989124911105 移动方向: -0.95342815 , 0 , -0.30162007
2025-11-27 21:32:20.9532 (StateSyncRequestHandler.cs:18) 玩家ID:489242989124911105 移动到新位置: 3.246457 , 0 , -5.6726937
2025-11-27 21:32:21.0525 (StateSyncRequestHandler.cs:18) 玩家ID:489242989124911105 移动方向: -0.46095118 , 0 , -0.8874255
2025-11-27 21:32:21.0525 (StateSyncRequestHandler.cs:18) 玩家ID:489242989124911105 移动到新位置: 3.1542668 , 0 , -5.8501787
2025-11-27 21:32:21.1537 (StateSyncRequestHandler.cs:18) 玩家ID:489242989124911105 移动方向: -0.46104217 , 0 , -0.88737816
2025-11-27 21:32:21.1537 (StateSyncRequestHandler.cs:18) 玩家ID:489242989124911105 移动到新位置: 3.0620584 , 0 , -6.027654
2025-11-27 21:32:21.2517 (StateSyncRequestHandler.cs:18) 玩家ID:489242989124911105 移动方向: -0.46589565 , 0 , -0.8848396
2025-11-27 21:32:21.2517 (StateSyncRequestHandler.cs:18) 玩家ID:489242989124911105 移动到新位置: 2.9688792 , 0 , -6.2046223
2025-11-27 21:32:21.3595 (StateSyncRequestHandler.cs:18) 玩家ID:489242989124911105 移动方向: -0.47182003 , 0 , -0.8816949
2025-11-27 21:32:21.3595 (StateSyncRequestHandler.cs:18) 玩家ID:489242989124911105 移动到新位置: 2.8745153 , 0 , -6.3809614
2025-11-27 21:32:21.4514 (StateSyncRequestHandler.cs:18) 玩家ID:489242989124911105 移动方向: -0.47999635 , 0 , -0.8772705
2025-11-27 21:32:21.4514 (StateSyncRequestHandler.cs:18) 玩家ID:489242989124911105 移动到新位置: 2.778516 , 0 , -6.5564156
2025-11-27 21:32:21.5527 (StateSyncRequestHandler.cs:18) 玩家ID:489242989124911105 移动方向: -0.49764806 , 0 , -0.86737907
2025-11-27 21:32:21.5527 (StateSyncRequestHandler.cs:18) 玩家ID:489242989124911105 移动到新位置: 2.6789865 , 0 , -6.7298913
2025-11-27 21:32:21.6535 (StateSyncRequestHandler.cs:18) 玩家ID:489242989124911105 移动方向: -0.9851807 , 0 , -0.17151994
2025-11-27 21:32:21.6535 (StateSyncRequestHandler.cs:18) 玩家ID:489242989124911105 移动到新位置: 2.4819505 , 0 , -6.7641954
2025-11-27 21:32:21.7561 (StateSyncRequestHandler.cs:18) 玩家ID:489242989124911105 移动方向: -0.99929667 , 0 , -0.037501335
2025-11-27 21:32:21.7561 (StateSyncRequestHandler.cs:18) 玩家ID:489242989124911105 移动到新位置: 2.2820911 , 0 , -6.7716956
2025-11-27 21:32:21.8527 (StateSyncRequestHandler.cs:18) 玩家ID:489242989124911105 移动方向: -0.9974549 , 0 , 0.071299136
2025-11-27 21:32:21.8527 (StateSyncRequestHandler.cs:18) 玩家ID:489242989124911105 移动到新位置: 2.0826 , 0 , -6.757436
2025-11-27 21:32:21.9535 (StateSyncRequestHandler.cs:18) 玩家ID:489242989124911105 移动方向: -0.99215615 , 0 , 0.12500474
2025-11-27 21:32:21.9535 (StateSyncRequestHandler.cs:18) 玩家ID:489242989124911105 移动到新位置: 1.8841689 , 0 , -6.7324347
2025-11-27 21:32:22.0599 (StateSyncRequestHandler.cs:18) 玩家ID:489242989124911105 移动方向: -0.80302095 , 0 , -0.59595084
2025-11-27 21:32:22.0599 (StateSyncRequestHandler.cs:18) 玩家ID:489242989124911105 移动到新位置: 1.7235646 , 0 , -6.851625
2025-11-27 21:32:22.1532 (StateSyncRequestHandler.cs:18) 玩家ID:489242989124911105 移动方向: -0.8069472 , 0 , -0.5906237
2025-11-27 21:32:22.1532 (StateSyncRequestHandler.cs:18) 玩家ID:489242989124911105 移动到新位置: 1.5621752 , 0 , -6.96975
2025-11-27 21:32:22.2586 (StateSyncRequestHandler.cs:18) 玩家ID:489242989124911105 移动方向: -0.8084209 , 0 , -0.58860487
2025-11-27 21:32:22.2586 (StateSyncRequestHandler.cs:18) 玩家ID:489242989124911105 移动到新位置: 1.400491 , 0 , -7.087471
2025-11-27 21:32:22.3551 (StateSyncRequestHandler.cs:18) 玩家ID:489242989124911105 移动方向: -0.8088214 , 0 , -0.58805436
2025-11-27 21:32:22.3551 (StateSyncRequestHandler.cs:18) 玩家ID:489242989124911105 移动到新位置: 1.2387267 , 0 , -7.205082
2025-11-27 21:32:22.4590 (StateSyncRequestHandler.cs:18) 玩家ID:489242989124911105 移动方向: -0.81215674 , 0 , -0.58343935
2025-11-27 21:32:22.4590 (StateSyncRequestHandler.cs:18) 玩家ID:489242989124911105 移动到新位置: 1.0762954 , 0 , -7.3217697
2025-11-27 21:32:22.5591 (StateSyncRequestHandler.cs:18) 玩家ID:489242989124911105 移动方向: -0.98516023 , 0 , 0.17163676
2025-11-27 21:32:22.5591 (StateSyncRequestHandler.cs:18) 玩家ID:489242989124911105 移动到新位置: 0.87926334 , 0 , -7.287442
2025-11-27 21:32:22.6553 (StateSyncRequestHandler.cs:18) 玩家ID:489242989124911105 移动方向: -0.98429716 , 0 , 0.17651913
2025-11-27 21:32:22.6553 (StateSyncRequestHandler.cs:18) 玩家ID:489242989124911105 移动到新位置: 0.6824039 , 0 , -7.2521386
2025-11-27 21:32:22.7555 (StateSyncRequestHandler.cs:18) 玩家ID:489242989124911105 移动方向: -0.9839257 , 0 , 0.17857817
2025-11-27 21:32:22.7555 (StateSyncRequestHandler.cs:18) 玩家ID:489242989124911105 移动到新位置: 0.48561877 , 0 , -7.216423
2025-11-27 21:32:22.8517 (StateSyncRequestHandler.cs:18) 玩家ID:489242989124911105 移动方向: -0.98379594 , 0 , 0.17929178
2025-11-27 21:32:22.8517 (StateSyncRequestHandler.cs:18) 玩家ID:489242989124911105 移动到新位置: 0.2888596 , 0 , -7.180565
2025-11-27 21:32:22.9628 (StateSyncRequestHandler.cs:18) 玩家ID:489242989124911105 移动方向: -0.82258046 , 0 , -0.5686488
2025-11-27 21:32:22.9628 (StateSyncRequestHandler.cs:18) 玩家ID:489242989124911105 移动到新位置: 0.124343514 , 0 , -7.294295
2025-11-27 21:32:23.0498 (StateSyncRequestHandler.cs:18) 玩家ID:489242989124911105 移动到新位置: 0.124343514 , 0 , -7.294295
2025-11-27 21:32:23.1592 (StateSyncRequestHandler.cs:18) 玩家ID:489242989124911105 移动方向: -0.5685702 , 0 , 0.8226348
2025-11-27 21:32:23.1592 (StateSyncRequestHandler.cs:18) 玩家ID:489242989124911105 移动到新位置: 0.010629475 , 0 , -7.129768
2025-11-27 21:32:23.2577 (StateSyncRequestHandler.cs:18) 玩家ID:489242989124911105 移动到新位置: 0.010629475 , 0 , -7.129768
2025-11-27 21:32:23.4590 (StateSyncRequestHandler.cs:18) 玩家ID:489242989124911105 移动方向: 0.56426567 , 0 , -0.82559323
2025-11-27 21:32:23.4590 (StateSyncRequestHandler.cs:18) 玩家ID:489242989124911105 移动到新位置: 0.12348261 , 0 , -7.2948866
2025-11-27 21:32:23.5598 (StateSyncRequestHandler.cs:18) 玩家ID:489242989124911105 移动方向: 0.52373666 , 0 , -0.8518802
2025-11-27 21:32:23.5598 (StateSyncRequestHandler.cs:18) 玩家ID:489242989124911105 移动到新位置: 0.22822994 , 0 , -7.4652624
2025-11-27 21:32:23.6559 (StateSyncRequestHandler.cs:18) 玩家ID:489242989124911105 移动方向: 0.4830945 , 0 , -0.87556815
2025-11-27 21:32:23.6559 (StateSyncRequestHandler.cs:18) 玩家ID:489242989124911105 移动到新位置: 0.32484883 , 0 , -7.640376
2025-11-27 21:32:23.7550 (StateSyncRequestHandler.cs:18) 玩家ID:489242989124911105 移动方向: 0.45188436 , 0 , -0.8920765
2025-11-27 21:32:23.7550 (StateSyncRequestHandler.cs:18) 玩家ID:489242989124911105 移动到新位置: 0.4152257 , 0 , -7.8187914
2025-11-27 21:32:23.8556 (StateSyncRequestHandler.cs:18) 玩家ID:489242989124911105 移动方向: -0.3263275 , 0 , -0.94525677
2025-11-27 21:32:23.8556 (StateSyncRequestHandler.cs:18) 玩家ID:489242989124911105 移动到新位置: 0.3499602 , 0 , -8.007843
2025-11-27 21:32:23.9569 (StateSyncRequestHandler.cs:18) 玩家ID:489242989124911105 移动方向: -0.9018694 , 0 , -0.43200868
2025-11-27 21:32:23.9569 (StateSyncRequestHandler.cs:18) 玩家ID:489242989124911105 移动到新位置: 0.16958633 , 0 , -8.094245
2025-11-27 21:32:24.0568 (StateSyncRequestHandler.cs:18) 玩家ID:489242989124911105 移动方向: -0.9050277 , 0 , -0.4253527
2025-11-27 21:32:24.0568 (StateSyncRequestHandler.cs:18) 玩家ID:489242989124911105 移动到新位置: -0.011419207 , 0 , -8.179316
2025-11-27 21:32:24.1529 (StateSyncRequestHandler.cs:18) 玩家ID:489242989124911105 移动方向: -0.937986 , 0 , 0.346673
2025-11-27 21:32:24.1529 (StateSyncRequestHandler.cs:18) 玩家ID:489242989124911105 移动到新位置: -0.1990164 , 0 , -8.109981
2025-11-27 21:32:24.2568 (StateSyncRequestHandler.cs:18) 玩家ID:489242989124911105 移动方向: -0.34249473 , 0 , 0.93951976
2025-11-27 21:32:24.2568 (StateSyncRequestHandler.cs:18) 玩家ID:489242989124911105 移动到新位置: -0.26751536 , 0 , -7.9220767
2025-11-27 21:32:24.3572 (StateSyncRequestHandler.cs:18) 玩家ID:489242989124911105 移动方向: 0.6058 , 0 , 0.7956169
2025-11-27 21:32:24.3572 (StateSyncRequestHandler.cs:18) 玩家ID:489242989124911105 移动到新位置: -0.14635536 , 0 , -7.7629533
2025-11-27 21:32:24.4556 (StateSyncRequestHandler.cs:18) 玩家ID:489242989124911105 移动方向: 0.72909534 , 0 , 0.6844121
2025-11-27 21:32:24.4556 (StateSyncRequestHandler.cs:18) 玩家ID:489242989124911105 移动到新位置: -0.0005362928 , 0 , -7.626071
2025-11-27 21:32:24.5597 (StateSyncRequestHandler.cs:18) 玩家ID:489242989124911105 移动方向: 0.7798283 , 0 , 0.6259935
2025-11-27 21:32:24.5597 (StateSyncRequestHandler.cs:18) 玩家ID:489242989124911105 移动到新位置: 0.15542936 , 0 , -7.500872
2025-11-27 21:32:24.6545 (StateSyncRequestHandler.cs:18) 玩家ID:489242989124911105 移动方向: 0.7958017 , 0 , 0.6055573
2025-11-27 21:32:24.6545 (StateSyncRequestHandler.cs:18) 玩家ID:489242989124911105 移动到新位置: 0.31458968 , 0 , -7.3797607
2025-11-27 21:32:24.7534 (StateSyncRequestHandler.cs:18) 玩家ID:489242989124911105 移动方向: 0.80117637 , 0 , 0.59842825
2025-11-27 21:32:24.7534 (StateSyncRequestHandler.cs:18) 玩家ID:489242989124911105 移动到新位置: 0.47482497 , 0 , -7.260075
2025-11-27 21:32:24.8596 (StateSyncRequestHandler.cs:18) 玩家ID:489242989124911105 移动方向: 0.7996905 , 0 , 0.6004125
2025-11-27 21:32:24.8596 (StateSyncRequestHandler.cs:18) 玩家ID:489242989124911105 移动到新位置: 0.63476306 , 0 , -7.1399927
2025-11-27 21:32:24.9597 (StateSyncRequestHandler.cs:18) 玩家ID:489242989124911105 移动方向: 0.990342 , 0 , -0.138646
2025-11-27 21:32:24.9597 (StateSyncRequestHandler.cs:18) 玩家ID:489242989124911105 移动到新位置: 0.83283144 , 0 , -7.1677217
2025-11-27 21:32:25.0605 (StateSyncRequestHandler.cs:18) 玩家ID:489242989124911105 移动方向: 0.9910571 , 0 , -0.13343854
2025-11-27 21:32:25.0605 (StateSyncRequestHandler.cs:18) 玩家ID:489242989124911105 移动到新位置: 1.0310428 , 0 , -7.1944094
2025-11-27 21:32:25.1572 (StateSyncRequestHandler.cs:18) 玩家ID:489242989124911105 移动方向: 0.9935742 , 0 , -0.113182865
2025-11-27 21:32:25.1572 (StateSyncRequestHandler.cs:18) 玩家ID:489242989124911105 移动到新位置: 1.2297577 , 0 , -7.217046
2025-11-27 21:32:25.2530 (StateSyncRequestHandler.cs:18) 玩家ID:489242989124911105 移动方向: 0.996585 , 0 , -0.08257288
2025-11-27 21:32:25.2530 (StateSyncRequestHandler.cs:18) 玩家ID:489242989124911105 移动到新位置: 1.4290746 , 0 , -7.2335606
2025-11-27 21:32:25.3627 (StateSyncRequestHandler.cs:18) 玩家ID:489242989124911105 移动方向: 0.68027985 , 0 , -0.7329525
2025-11-27 21:32:25.3627 (StateSyncRequestHandler.cs:18) 玩家ID:489242989124911105 移动到新位置: 1.5651306 , 0 , -7.3801513
2025-11-27 21:32:25.4556 (StateSyncRequestHandler.cs:18) 玩家ID:489242989124911105 移动方向: 0.73319757 , 0 , -0.6800157
2025-11-27 21:32:25.4556 (StateSyncRequestHandler.cs:18) 玩家ID:489242989124911105 移动到新位置: 1.71177 , 0 , -7.5161543
2025-11-27 21:32:25.5576 (StateSyncRequestHandler.cs:18) 玩家ID:489242989124911105 移动方向: 0.79987806 , 0 , -0.60016245
2025-11-27 21:32:25.5576 (StateSyncRequestHandler.cs:18) 玩家ID:489242989124911105 移动到新位置: 1.8717457 , 0 , -7.6361866
2025-11-27 21:32:25.6534 (StateSyncRequestHandler.cs:18) 玩家ID:489242989124911105 移动方向: 0.83623505 , 0 , -0.54837114
2025-11-27 21:32:25.6534 (StateSyncRequestHandler.cs:18) 玩家ID:489242989124911105 移动到新位置: 2.0389926 , 0 , -7.745861
2025-11-27 21:32:25.7520 (StateSyncRequestHandler.cs:18) 玩家ID:489242989124911105 移动方向: 0.8545985 , 0 , -0.5192893
2025-11-27 21:32:25.7520 (StateSyncRequestHandler.cs:18) 玩家ID:489242989124911105 移动到新位置: 2.2099123 , 0 , -7.849719
2025-11-27 21:32:25.8602 (StateSyncRequestHandler.cs:18) 玩家ID:489242989124911105 移动方向: 0.9659861 , 0 , 0.25859413
2025-11-27 21:32:25.8602 (StateSyncRequestHandler.cs:18) 玩家ID:489242989124911105 移动到新位置: 2.4031096 , 0 , -7.7980003
2025-11-27 21:32:25.9573 (StateSyncRequestHandler.cs:18) 玩家ID:489242989124911105 移动方向: 0.9637711 , 0 , 0.2667306
2025-11-27 21:32:25.9573 (StateSyncRequestHandler.cs:18) 玩家ID:489242989124911105 移动到新位置: 2.5958638 , 0 , -7.744654
2025-11-27 21:32:26.0566 (StateSyncRequestHandler.cs:18) 玩家ID:489242989124911105 移动方向: 0.9628932 , 0 , 0.2698829
2025-11-27 21:32:26.0566 (StateSyncRequestHandler.cs:18) 玩家ID:489242989124911105 移动到新位置: 2.7884424 , 0 , -7.6906776
2025-11-27 21:32:26.1615 (StateSyncRequestHandler.cs:18) 玩家ID:489242989124911105 移动到新位置: 2.7884424 , 0 , -7.6906776
2025-11-27 21:32:26.6566 (StateSyncRequestHandler.cs:18) 玩家ID:489242989124911105 移动方向: 0.29386154 , 0 , -0.955848
2025-11-27 21:32:26.6566 (StateSyncRequestHandler.cs:18) 玩家ID:489242989124911105 移动到新位置: 2.8472147 , 0 , -7.8818474
2025-11-27 21:32:26.7580 (StateSyncRequestHandler.cs:18) 玩家ID:489242989124911105 移动方向: 0.29398564 , 0 , -0.95580983
2025-11-27 21:32:26.7580 (StateSyncRequestHandler.cs:18) 玩家ID:489242989124911105 移动到新位置: 2.9060118 , 0 , -8.0730095
2025-11-27 21:32:26.8605 (StateSyncRequestHandler.cs:18) 玩家ID:489242989124911105 移动方向: 0.29402423 , 0 , -0.955798
2025-11-27 21:32:26.8605 (StateSyncRequestHandler.cs:18) 玩家ID:489242989124911105 移动到新位置: 2.9648166 , 0 , -8.264169
2025-11-27 21:32:26.9646 (StateSyncRequestHandler.cs:18) 玩家ID:489242989124911105 移动方向: 0.29403585 , 0 , -0.95579433
2025-11-27 21:32:26.9646 (StateSyncRequestHandler.cs:18) 玩家ID:489242989124911105 移动到新位置: 3.0236237 , 0 , -8.455328
2025-11-27 21:32:27.0560 (StateSyncRequestHandler.cs:18) 玩家ID:489242989124911105 移动方向: -0.9557934 , 0 , -0.2940392
2025-11-27 21:32:27.0560 (StateSyncRequestHandler.cs:18) 玩家ID:489242989124911105 移动到新位置: 2.832465 , 0 , -8.514135
2025-11-27 21:32:27.1543 (StateSyncRequestHandler.cs:18) 玩家ID:489242989124911105 移动方向: -0.29404017 , 0 , 0.955793
2025-11-27 21:32:27.1543 (StateSyncRequestHandler.cs:18) 玩家ID:489242989124911105 移动到新位置: 2.7736568 , 0 , -8.322977
2025-11-27 21:32:27.2588 (StateSyncRequestHandler.cs:18) 玩家ID:489242989124911105 移动方向: -0.29404053 , 0 , 0.95579296
2025-11-27 21:32:27.2588 (StateSyncRequestHandler.cs:18) 玩家ID:489242989124911105 移动到新位置: 2.7148488 , 0 , -8.131819
2025-11-27 21:32:27.3545 (StateSyncRequestHandler.cs:18) 玩家ID:489242989124911105 移动方向: -0.29404056 , 0 , 0.95579296
2025-11-27 21:32:27.3545 (StateSyncRequestHandler.cs:18) 玩家ID:489242989124911105 移动到新位置: 2.6560407 , 0 , -7.94066
2025-11-27 21:32:27.4534 (StateSyncRequestHandler.cs:18) 玩家ID:489242989124911105 移动到新位置: 2.6560407 , 0 , -7.94066
2025-11-27 21:32:27.9533 (StateSyncRequestHandler.cs:18) 玩家ID:489242989124911105 移动方向: -0.95579296 , 0 , -0.29404056
2025-11-27 21:32:27.9533 (StateSyncRequestHandler.cs:18) 玩家ID:489242989124911105 移动到新位置: 2.4648821 , 0 , -7.9994683
2025-11-27 21:32:28.0504 (StateSyncRequestHandler.cs:18) 玩家ID:489242989124911105 移动方向: -0.95579296 , 0 , -0.29404056
2025-11-27 21:32:28.0504 (StateSyncRequestHandler.cs:18) 玩家ID:489242989124911105 移动到新位置: 2.2737236 , 0 , -8.058276
2025-11-27 21:32:28.1605 (StateSyncRequestHandler.cs:18) 玩家ID:489242989124911105 移动方向: -0.95579296 , 0 , -0.29404056
2025-11-27 21:32:28.1605 (StateSyncRequestHandler.cs:18) 玩家ID:489242989124911105 移动到新位置: 2.082565 , 0 , -8.1170845
2025-11-27 21:32:28.2561 (StateSyncRequestHandler.cs:18) 玩家ID:489242989124911105 移动方向: -0.95579296 , 0 , -0.29404056
2025-11-27 21:32:28.2561 (StateSyncRequestHandler.cs:18) 玩家ID:489242989124911105 移动到新位置: 1.8914065 , 0 , -8.175893
2025-11-27 21:32:28.3524 (StateSyncRequestHandler.cs:18) 玩家ID:489242989124911105 移动方向: -0.95579296 , 0 , -0.29404056
2025-11-27 21:32:28.3524 (StateSyncRequestHandler.cs:18) 玩家ID:489242989124911105 移动到新位置: 1.700248 , 0 , -8.234701
2025-11-27 21:32:28.4534 (StateSyncRequestHandler.cs:18) 玩家ID:489242989124911105 移动方向: -0.95579296 , 0 , -0.29404056
2025-11-27 21:32:28.4534 (StateSyncRequestHandler.cs:18) 玩家ID:489242989124911105 移动到新位置: 1.5090895 , 0 , -8.2935095
2025-11-27 21:32:28.5531 (StateSyncRequestHandler.cs:18) 玩家ID:489242989124911105 移动到新位置: 1.5090895 , 0 , -8.2935095
2025-11-27 21:33:52.4273  收到登录请求
2025-11-27 21:33:52.4631  进入大厅成功，玩家ID:489242989124911105
2025-11-27 21:33:53.5665 (StateSyncRequestHandler.cs:18) 玩家ID:489242989124911105 移动方向: -0.76256037 , 0 , 0.64691705
2025-11-27 21:33:53.5665 (StateSyncRequestHandler.cs:18) 玩家ID:489242989124911105 移动到新位置: 1.3565774 , 0 , -8.164126
2025-11-27 21:33:53.6632 (StateSyncRequestHandler.cs:18) 玩家ID:489242989124911105 移动方向: -0.63983834 , 0 , 0.76850957
2025-11-27 21:33:53.6632 (StateSyncRequestHandler.cs:18) 玩家ID:489242989124911105 移动到新位置: 1.2286098 , 0 , -8.010425
2025-11-27 21:33:53.7604 (StateSyncRequestHandler.cs:18) 玩家ID:489242989124911105 移动方向: -0.9841192 , 0 , 0.17750898
2025-11-27 21:33:53.7604 (StateSyncRequestHandler.cs:18) 玩家ID:489242989124911105 移动到新位置: 1.031786 , 0 , -7.9749227
2025-11-27 21:33:53.8542 (StateSyncRequestHandler.cs:18) 玩家ID:489242989124911105 移动方向: -0.96871597 , 0 , 0.24817213
2025-11-27 21:33:53.8542 (StateSyncRequestHandler.cs:18) 玩家ID:489242989124911105 移动到新位置: 0.8380428 , 0 , -7.925288
2025-11-27 21:33:53.9584 (StateSyncRequestHandler.cs:18) 玩家ID:489242989124911105 移动方向: -0.9433515 , 0 , 0.3317951
2025-11-27 21:33:53.9584 (StateSyncRequestHandler.cs:18) 玩家ID:489242989124911105 移动到新位置: 0.6493725 , 0 , -7.858929
2025-11-27 21:33:54.0545 (StateSyncRequestHandler.cs:18) 玩家ID:489242989124911105 移动方向: -0.9358327 , 0 , 0.35244438
2025-11-27 21:33:54.0545 (StateSyncRequestHandler.cs:18) 玩家ID:489242989124911105 移动到新位置: 0.46220598 , 0 , -7.78844
2025-11-27 21:33:54.1541 (StateSyncRequestHandler.cs:18) 玩家ID:489242989124911105 移动方向: -0.9433303 , 0 , 0.3318553
2025-11-27 21:33:54.1541 (StateSyncRequestHandler.cs:18) 玩家ID:489242989124911105 移动到新位置: 0.2735399 , 0 , -7.7220693
2025-11-27 21:33:54.2571 (StateSyncRequestHandler.cs:18) 玩家ID:489242989124911105 移动方向: -0.95015335 , 0 , 0.31178308
2025-11-27 21:33:54.2571 (StateSyncRequestHandler.cs:18) 玩家ID:489242989124911105 移动到新位置: 0.08350924 , 0 , -7.659713
2025-11-27 21:33:54.3587 (StateSyncRequestHandler.cs:18) 玩家ID:489242989124911105 移动方向: -0.9457576 , 0 , 0.32487297
2025-11-27 21:33:54.3587 (StateSyncRequestHandler.cs:18) 玩家ID:489242989124911105 移动到新位置: -0.10564229 , 0 , -7.594738
2025-11-27 21:33:54.4625 (StateSyncRequestHandler.cs:18) 玩家ID:489242989124911105 移动方向: -0.9293368 , 0 , -0.3692331
2025-11-27 21:33:54.4625 (StateSyncRequestHandler.cs:18) 玩家ID:489242989124911105 移动到新位置: -0.29150966 , 0 , -7.668585
2025-11-27 21:33:54.5571 (StateSyncRequestHandler.cs:18) 玩家ID:489242989124911105 移动方向: -0.9583757 , 0 , -0.28551006
2025-11-27 21:33:54.5571 (StateSyncRequestHandler.cs:18) 玩家ID:489242989124911105 移动到新位置: -0.48318478 , 0 , -7.725687
2025-11-27 21:33:54.6562 (StateSyncRequestHandler.cs:18) 玩家ID:489242989124911105 移动方向: -0.9702649 , 0 , -0.24204555
2025-11-27 21:33:54.6562 (StateSyncRequestHandler.cs:18) 玩家ID:489242989124911105 移动到新位置: -0.67723775 , 0 , -7.774096
2025-11-27 21:33:54.7560 (StateSyncRequestHandler.cs:18) 玩家ID:489242989124911105 移动方向: -0.84749866 , 0 , 0.5307975
2025-11-27 21:33:54.7560 (StateSyncRequestHandler.cs:18) 玩家ID:489242989124911105 移动到新位置: -0.8467375 , 0 , -7.6679363
2025-11-27 21:33:54.8526 (StateSyncRequestHandler.cs:18) 玩家ID:489242989124911105 移动方向: -0.8434405 , 0 , 0.5372226
2025-11-27 21:33:54.8526 (StateSyncRequestHandler.cs:18) 玩家ID:489242989124911105 移动到新位置: -1.0154256 , 0 , -7.5604916
2025-11-27 21:33:54.9598 (StateSyncRequestHandler.cs:18) 玩家ID:489242989124911105 移动方向: -0.83825815 , 0 , 0.54527354
2025-11-27 21:33:54.9598 (StateSyncRequestHandler.cs:18) 玩家ID:489242989124911105 移动到新位置: -1.1830772 , 0 , -7.451437
2025-11-27 21:33:55.0562 (StateSyncRequestHandler.cs:18) 玩家ID:489242989124911105 移动方向: -0.8374587 , 0 , 0.5465005
2025-11-27 21:33:55.0562 (StateSyncRequestHandler.cs:18) 玩家ID:489242989124911105 移动到新位置: -1.350569 , 0 , -7.342137
2025-11-27 21:33:55.1569 (StateSyncRequestHandler.cs:18) 玩家ID:489242989124911105 移动方向: -0.83765894 , 0 , 0.54619366
2025-11-27 21:33:55.1569 (StateSyncRequestHandler.cs:18) 玩家ID:489242989124911105 移动到新位置: -1.5181007 , 0 , -7.232898
2025-11-27 21:33:55.2537 (StateSyncRequestHandler.cs:18) 玩家ID:489242989124911105 移动方向: -0.8378312 , 0 , 0.5459294
2025-11-27 21:33:55.2537 (StateSyncRequestHandler.cs:18) 玩家ID:489242989124911105 移动到新位置: -1.685667 , 0 , -7.1237125
2025-11-27 21:33:55.3609 (StateSyncRequestHandler.cs:18) 玩家ID:489242989124911105 移动方向: -0.83791625 , 0 , 0.54579884
2025-11-27 21:33:55.3609 (StateSyncRequestHandler.cs:18) 玩家ID:489242989124911105 移动到新位置: -1.8532503 , 0 , -7.0145526
2025-11-27 21:33:55.4595 (StateSyncRequestHandler.cs:18) 玩家ID:489242989124911105 移动方向: -0.8379428 , 0 , 0.5457581
2025-11-27 21:33:55.4595 (StateSyncRequestHandler.cs:18) 玩家ID:489242989124911105 移动到新位置: -2.0208387 , 0 , -6.9054008
2025-11-27 21:33:55.5574 (StateSyncRequestHandler.cs:18) 玩家ID:489242989124911105 移动方向: -0.8379523 , 0 , 0.5457434
2025-11-27 21:33:55.5574 (StateSyncRequestHandler.cs:18) 玩家ID:489242989124911105 移动到新位置: -2.188429 , 0 , -6.7962523
2025-11-27 21:33:55.6563 (StateSyncRequestHandler.cs:18) 玩家ID:489242989124911105 移动方向: -0.20662884 , 0 , 0.9784194
2025-11-27 21:33:55.6563 (StateSyncRequestHandler.cs:18) 玩家ID:489242989124911105 移动到新位置: -2.229755 , 0 , -6.6005683
2025-11-27 21:33:55.7619 (StateSyncRequestHandler.cs:18) 玩家ID:489242989124911105 移动方向: -0.20789595 , 0 , 0.97815096
2025-11-27 21:33:55.7619 (StateSyncRequestHandler.cs:18) 玩家ID:489242989124911105 移动到新位置: -2.2713342 , 0 , -6.404938
2025-11-27 21:33:55.8601 (StateSyncRequestHandler.cs:18) 玩家ID:489242989124911105 移动到新位置: -2.2713342 , 0 , -6.404938
2025-11-27 21:33:56.2615 (StateSyncRequestHandler.cs:18) 玩家ID:489242989124911105 移动方向: 0.9712769 , 0 , 0.23795216
2025-11-27 21:33:56.2615 (StateSyncRequestHandler.cs:18) 玩家ID:489242989124911105 移动到新位置: -2.0770788 , 0 , -6.357348
2025-11-27 21:33:56.3601 (StateSyncRequestHandler.cs:18) 玩家ID:489242989124911105 移动方向: 0.9702538 , 0 , 0.24209014
2025-11-27 21:33:56.3601 (StateSyncRequestHandler.cs:18) 玩家ID:489242989124911105 移动到新位置: -1.883028 , 0 , -6.30893
2025-11-27 21:33:56.4648 (StateSyncRequestHandler.cs:18) 玩家ID:489242989124911105 移动方向: 0.96978956 , 0 , 0.2439431
2025-11-27 21:33:56.4648 (StateSyncRequestHandler.cs:18) 玩家ID:489242989124911105 移动到新位置: -1.6890701 , 0 , -6.2601414
2025-11-27 21:33:56.5558 (StateSyncRequestHandler.cs:18) 玩家ID:489242989124911105 移动到新位置: -1.6890701 , 0 , -6.2601414
2025-11-27 21:33:57.9582 (StateSyncRequestHandler.cs:18) 玩家ID:489242989124911105 移动方向: -0.9870663 , 0 , -0.1603127
2025-11-27 21:33:57.9582 (StateSyncRequestHandler.cs:18) 玩家ID:489242989124911105 移动到新位置: -1.8864834 , 0 , -6.292204
2025-11-27 21:33:58.0583 (StateSyncRequestHandler.cs:18) 玩家ID:489242989124911105 移动方向: -0.9870664 , 0 , -0.16031206
2025-11-27 21:33:58.0583 (StateSyncRequestHandler.cs:18) 玩家ID:489242989124911105 移动到新位置: -2.0838966 , 0 , -6.3242664
2025-11-27 21:33:58.1617 (StateSyncRequestHandler.cs:18) 玩家ID:489242989124911105 移动方向: -0.9870664 , 0 , -0.16031218
2025-11-27 21:33:58.1617 (StateSyncRequestHandler.cs:18) 玩家ID:489242989124911105 移动到新位置: -2.2813098 , 0 , -6.356329
2025-11-27 21:33:58.2536 (StateSyncRequestHandler.cs:18) 玩家ID:489242989124911105 移动方向: -0.9870664 , 0 , -0.16031216
2025-11-27 21:33:58.2536 (StateSyncRequestHandler.cs:18) 玩家ID:489242989124911105 移动到新位置: -2.478723 , 0 , -6.3883915
2025-11-27 21:33:58.3611 (StateSyncRequestHandler.cs:18) 玩家ID:489242989124911105 移动方向: -0.9870664 , 0 , -0.16031216
2025-11-27 21:33:58.3611 (StateSyncRequestHandler.cs:18) 玩家ID:489242989124911105 移动到新位置: -2.6761363 , 0 , -6.420454
2025-11-27 21:33:58.4617 (StateSyncRequestHandler.cs:18) 玩家ID:489242989124911105 移动方向: -0.5846035 , 0 , -0.8113191
2025-11-27 21:33:58.4617 (StateSyncRequestHandler.cs:18) 玩家ID:489242989124911105 移动到新位置: -2.793057 , 0 , -6.582718
2025-11-27 21:33:58.5558 (StateSyncRequestHandler.cs:18) 玩家ID:489242989124911105 移动方向: -0.5846035 , 0 , -0.8113191
2025-11-27 21:33:58.5558 (StateSyncRequestHandler.cs:18) 玩家ID:489242989124911105 移动到新位置: -2.9099777 , 0 , -6.744982
2025-11-27 21:33:58.6601 (StateSyncRequestHandler.cs:18) 玩家ID:489242989124911105 移动方向: -0.5846035 , 0 , -0.8113191
2025-11-27 21:33:58.6601 (StateSyncRequestHandler.cs:18) 玩家ID:489242989124911105 移动到新位置: -3.0268984 , 0 , -6.9072456
2025-11-27 21:33:58.7606 (StateSyncRequestHandler.cs:18) 玩家ID:489242989124911105 移动方向: -0.8113192 , 0 , 0.58460355
2025-11-27 21:33:58.7606 (StateSyncRequestHandler.cs:18) 玩家ID:489242989124911105 移动到新位置: -3.1891623 , 0 , -6.790325
2025-11-27 21:33:58.8633 (StateSyncRequestHandler.cs:18) 玩家ID:489242989124911105 移动方向: -0.8113192 , 0 , 0.58460355
2025-11-27 21:33:58.8633 (StateSyncRequestHandler.cs:18) 玩家ID:489242989124911105 移动到新位置: -3.3514261 , 0 , -6.6734047
2025-11-27 21:33:58.9584 (StateSyncRequestHandler.cs:18) 玩家ID:489242989124911105 移动方向: -0.1603122 , 0 , 0.9870664
2025-11-27 21:33:58.9584 (StateSyncRequestHandler.cs:18) 玩家ID:489242989124911105 移动到新位置: -3.3834887 , 0 , -6.4759912
2025-11-27 21:33:59.0585 (StateSyncRequestHandler.cs:18) 玩家ID:489242989124911105 移动方向: 0.5846035 , 0 , 0.8113191
2025-11-27 21:33:59.0585 (StateSyncRequestHandler.cs:18) 玩家ID:489242989124911105 移动到新位置: -3.266568 , 0 , -6.3137274
2025-11-27 21:33:59.1610 (StateSyncRequestHandler.cs:18) 玩家ID:489242989124911105 移动方向: 0.9870664 , 0 , 0.16031216
2025-11-27 21:33:59.1610 (StateSyncRequestHandler.cs:18) 玩家ID:489242989124911105 移动到新位置: -3.0691547 , 0 , -6.281665
2025-11-27 21:33:59.2573 (StateSyncRequestHandler.cs:18) 玩家ID:489242989124911105 移动方向: 0.9870664 , 0 , 0.16031216
2025-11-27 21:33:59.2573 (StateSyncRequestHandler.cs:18) 玩家ID:489242989124911105 移动到新位置: -2.8717415 , 0 , -6.2496023
2025-11-27 21:33:59.3609 (StateSyncRequestHandler.cs:18) 玩家ID:489242989124911105 移动方向: 0.9870664 , 0 , 0.16031216
2025-11-27 21:33:59.3609 (StateSyncRequestHandler.cs:18) 玩家ID:489242989124911105 移动到新位置: -2.6743283 , 0 , -6.21754
2025-11-27 21:33:59.4557 (StateSyncRequestHandler.cs:18) 玩家ID:489242989124911105 移动方向: 0.9870664 , 0 , 0.16031216
2025-11-27 21:33:59.4557 (StateSyncRequestHandler.cs:18) 玩家ID:489242989124911105 移动到新位置: -2.4769151 , 0 , -6.1854773
2025-11-27 21:33:59.5555 (StateSyncRequestHandler.cs:18) 玩家ID:489242989124911105 移动方向: -0.1603122 , 0 , 0.9870664
2025-11-27 21:33:59.5555 (StateSyncRequestHandler.cs:18) 玩家ID:489242989124911105 移动到新位置: -2.5089777 , 0 , -5.988064
2025-11-27 21:33:59.6599 (StateSyncRequestHandler.cs:18) 玩家ID:489242989124911105 移动方向: -0.158267 , 0 , 0.98739636
2025-11-27 21:33:59.6599 (StateSyncRequestHandler.cs:18) 玩家ID:489242989124911105 移动到新位置: -2.540631 , 0 , -5.7905846
2025-11-27 21:33:59.7582 (StateSyncRequestHandler.cs:18) 玩家ID:489242989124911105 移动方向: -0.78815687 , 0 , 0.61547446
2025-11-27 21:33:59.7582 (StateSyncRequestHandler.cs:18) 玩家ID:489242989124911105 移动到新位置: -2.6982625 , 0 , -5.6674895
2025-11-27 21:33:59.8597 (StateSyncRequestHandler.cs:18) 玩家ID:489242989124911105 移动方向: -0.9990711 , 0 , -0.043091483
2025-11-27 21:33:59.8597 (StateSyncRequestHandler.cs:18) 玩家ID:489242989124911105 移动到新位置: -2.8980768 , 0 , -5.676108
2025-11-27 21:33:59.9634 (StateSyncRequestHandler.cs:18) 玩家ID:489242989124911105 移动方向: -0.99567324 , 0 , 0.092923164
2025-11-27 21:33:59.9634 (StateSyncRequestHandler.cs:18) 玩家ID:489242989124911105 移动到新位置: -3.0972114 , 0 , -5.657523
2025-11-27 21:34:00.0550 (StateSyncRequestHandler.cs:18) 玩家ID:489242989124911105 移动方向: -0.9676163 , 0 , 0.25242546
2025-11-27 21:34:00.0550 (StateSyncRequestHandler.cs:18) 玩家ID:489242989124911105 移动到新位置: -3.2907345 , 0 , -5.607038
2025-11-27 21:34:00.1582 (StateSyncRequestHandler.cs:18) 玩家ID:489242989124911105 移动方向: -0.9227316 , 0 , 0.3854432
2025-11-27 21:34:00.1582 (StateSyncRequestHandler.cs:18) 玩家ID:489242989124911105 移动到新位置: -3.4752808 , 0 , -5.529949
2025-11-27 21:34:00.2553 (StateSyncRequestHandler.cs:18) 玩家ID:489242989124911105 移动方向: -0.8995387 , 0 , 0.4368411
2025-11-27 21:34:00.2553 (StateSyncRequestHandler.cs:18) 玩家ID:489242989124911105 移动到新位置: -3.6551886 , 0 , -5.442581
2025-11-27 21:34:00.3534 (StateSyncRequestHandler.cs:18) 玩家ID:489242989124911105 移动方向: -0.88804567 , 0 , 0.4597552
2025-11-27 21:34:00.3534 (StateSyncRequestHandler.cs:18) 玩家ID:489242989124911105 移动到新位置: -3.8327978 , 0 , -5.3506303
2025-11-27 21:34:00.4551 (StateSyncRequestHandler.cs:18) 玩家ID:489242989124911105 移动方向: -0.8837301 , 0 , 0.46799678
2025-11-27 21:34:00.4551 (StateSyncRequestHandler.cs:18) 玩家ID:489242989124911105 移动到新位置: -4.009544 , 0 , -5.257031
2025-11-27 21:34:00.5552 (StateSyncRequestHandler.cs:18) 玩家ID:489242989124911105 移动方向: -0.29142764 , 0 , 0.95659286
2025-11-27 21:34:00.5552 (StateSyncRequestHandler.cs:18) 玩家ID:489242989124911105 移动到新位置: -4.0678296 , 0 , -5.0657125
2025-11-27 21:34:00.6628 (StateSyncRequestHandler.cs:18) 玩家ID:489242989124911105 移动方向: 0.47109893 , 0 , 0.8820804
2025-11-27 21:34:00.6628 (StateSyncRequestHandler.cs:18) 玩家ID:489242989124911105 移动到新位置: -3.97361 , 0 , -4.8892965
2025-11-27 21:34:00.7624 (StateSyncRequestHandler.cs:18) 玩家ID:489242989124911105 移动方向: 0.88196915 , 0 , -0.4713071
2025-11-27 21:34:00.7624 (StateSyncRequestHandler.cs:18) 玩家ID:489242989124911105 移动到新位置: -3.7972162 , 0 , -4.983558
2025-11-27 21:34:00.8563 (StateSyncRequestHandler.cs:18) 玩家ID:489242989124911105 移动方向: 0.88193595 , 0 , -0.47136927
2025-11-27 21:34:00.8563 (StateSyncRequestHandler.cs:18) 玩家ID:489242989124911105 移动到新位置: -3.620829 , 0 , -5.077832
2025-11-27 21:34:00.9563 (StateSyncRequestHandler.cs:18) 玩家ID:489242989124911105 移动方向: 0.8819256 , 0 , -0.47138867
2025-11-27 21:34:00.9563 (StateSyncRequestHandler.cs:18) 玩家ID:489242989124911105 移动到新位置: -3.444444 , 0 , -5.17211
2025-11-27 21:34:01.0620 (StateSyncRequestHandler.cs:18) 玩家ID:489242989124911105 移动方向: 0.88192225 , 0 , -0.471395
2025-11-27 21:34:01.0620 (StateSyncRequestHandler.cs:18) 玩家ID:489242989124911105 移动到新位置: -3.2680595 , 0 , -5.266389
2025-11-27 21:34:01.1618 (StateSyncRequestHandler.cs:18) 玩家ID:489242989124911105 移动方向: 0.8819214 , 0 , -0.47139645
2025-11-27 21:34:01.1618 (StateSyncRequestHandler.cs:18) 玩家ID:489242989124911105 移动到新位置: -3.0916753 , 0 , -5.360668
2025-11-27 21:34:01.2614 (StateSyncRequestHandler.cs:18) 玩家ID:489242989124911105 移动方向: 0.29028478 , 0 , -0.9569403
2025-11-27 21:34:01.2614 (StateSyncRequestHandler.cs:18) 玩家ID:489242989124911105 移动到新位置: -3.0336182 , 0 , -5.5520563
2025-11-27 21:34:01.3631 (StateSyncRequestHandler.cs:18) 玩家ID:489242989124911105 移动方向: 0.29028472 , 0 , -0.9569403
2025-11-27 21:34:01.3631 (StateSyncRequestHandler.cs:18) 玩家ID:489242989124911105 移动到新位置: -2.9755614 , 0 , -5.7434444
2025-11-27 21:34:01.4571 (StateSyncRequestHandler.cs:18) 玩家ID:489242989124911105 移动方向: 0.29028472 , 0 , -0.9569403
2025-11-27 21:34:01.4571 (StateSyncRequestHandler.cs:18) 玩家ID:489242989124911105 移动到新位置: -2.9175045 , 0 , -5.9348326
2025-11-27 21:34:01.5632 (StateSyncRequestHandler.cs:18) 玩家ID:489242989124911105 移动方向: -0.4713967 , 0 , -0.88192123
2025-11-27 21:34:01.5632 (StateSyncRequestHandler.cs:18) 玩家ID:489242989124911105 移动到新位置: -3.0117838 , 0 , -6.111217
2025-11-27 21:34:01.6547 (StateSyncRequestHandler.cs:18) 玩家ID:489242989124911105 移动方向: -0.4713967 , 0 , -0.88192123
2025-11-27 21:34:01.6547 (StateSyncRequestHandler.cs:18) 玩家ID:489242989124911105 移动到新位置: -3.1060631 , 0 , -6.2876015
2025-11-27 21:34:01.7586 (StateSyncRequestHandler.cs:18) 玩家ID:489242989124911105 移动方向: -0.4713967 , 0 , -0.88192123
2025-11-27 21:34:01.7586 (StateSyncRequestHandler.cs:18) 玩家ID:489242989124911105 移动到新位置: -3.2003424 , 0 , -6.463986
2025-11-27 21:34:01.8572 (StateSyncRequestHandler.cs:18) 玩家ID:489242989124911105 移动到新位置: -3.2003424 , 0 , -6.463986
2025-11-27 21:34:01.9609 (StateSyncRequestHandler.cs:18) 玩家ID:489242989124911105 移动方向: 0.4713967 , 0 , 0.88192123
2025-11-27 21:34:01.9609 (StateSyncRequestHandler.cs:18) 玩家ID:489242989124911105 移动到新位置: -3.1060631 , 0 , -6.2876015
2025-11-27 21:34:02.0547 (StateSyncRequestHandler.cs:18) 玩家ID:489242989124911105 移动方向: 0.4713967 , 0 , 0.88192123
2025-11-27 21:34:02.0547 (StateSyncRequestHandler.cs:18) 玩家ID:489242989124911105 移动到新位置: -3.0117838 , 0 , -6.111217
2025-11-27 21:34:02.1589 (StateSyncRequestHandler.cs:18) 玩家ID:489242989124911105 移动方向: 0.4713967 , 0 , 0.88192123
2025-11-27 21:34:02.1589 (StateSyncRequestHandler.cs:18) 玩家ID:489242989124911105 移动到新位置: -2.9175045 , 0 , -5.9348326
2025-11-27 21:34:02.2537 (StateSyncRequestHandler.cs:18) 玩家ID:489242989124911105 移动方向: 0.4713967 , 0 , 0.88192123
2025-11-27 21:34:02.2537 (StateSyncRequestHandler.cs:18) 玩家ID:489242989124911105 移动到新位置: -2.8232253 , 0 , -5.758448
2025-11-27 21:34:02.3603 (StateSyncRequestHandler.cs:18) 玩家ID:489242989124911105 移动方向: 0.4713662 , 0 , 0.88193756
2025-11-27 21:34:02.3603 (StateSyncRequestHandler.cs:18) 玩家ID:489242989124911105 移动到新位置: -2.728952 , 0 , -5.582061
2025-11-27 21:34:02.4561 (StateSyncRequestHandler.cs:18) 玩家ID:489242989124911105 移动方向: 0.44869202 , 0 , 0.8936865
2025-11-27 21:34:02.4561 (StateSyncRequestHandler.cs:18) 玩家ID:489242989124911105 移动到新位置: -2.6392136 , 0 , -5.4033237
2025-11-27 21:34:02.5581 (StateSyncRequestHandler.cs:18) 玩家ID:489242989124911105 移动方向: 0.27515638 , 0 , 0.9613995
2025-11-27 21:34:02.5581 (StateSyncRequestHandler.cs:18) 玩家ID:489242989124911105 移动到新位置: -2.5841823 , 0 , -5.211044
2025-11-27 21:34:02.6591 (StateSyncRequestHandler.cs:18) 玩家ID:489242989124911105 移动到新位置: -2.5841823 , 0 , -5.211044
2025-11-27 21:34:03.0607 (StateSyncRequestHandler.cs:18) 玩家ID:489242989124911105 移动方向: -0.9500706 , 0 , -0.31203502
2025-11-27 21:34:03.0607 (StateSyncRequestHandler.cs:18) 玩家ID:489242989124911105 移动到新位置: -2.7741964 , 0 , -5.273451
2025-11-27 21:34:03.1545 (StateSyncRequestHandler.cs:18) 玩家ID:489242989124911105 移动方向: -0.94908607 , 0 , -0.31501698
2025-11-27 21:34:03.1545 (StateSyncRequestHandler.cs:18) 玩家ID:489242989124911105 移动到新位置: -2.9640136 , 0 , -5.3364544
2025-11-27 21:34:03.2536 (StateSyncRequestHandler.cs:18) 玩家ID:489242989124911105 移动方向: -0.9487491 , 0 , -0.31603026
2025-11-27 21:34:03.2536 (StateSyncRequestHandler.cs:18) 玩家ID:489242989124911105 移动到新位置: -3.1537633 , 0 , -5.3996606
2025-11-27 21:34:03.3575 (StateSyncRequestHandler.cs:18) 玩家ID:489242989124911105 移动方向: -0.9486423 , 0 , -0.31635058
2025-11-27 21:34:03.3575 (StateSyncRequestHandler.cs:18) 玩家ID:489242989124911105 移动到新位置: -3.3434918 , 0 , -5.4629307
2025-11-27 21:34:03.4536 (StateSyncRequestHandler.cs:18) 玩家ID:489242989124911105 移动方向: -0.9486133 , 0 , -0.3164377
2025-11-27 21:34:03.4536 (StateSyncRequestHandler.cs:18) 玩家ID:489242989124911105 移动到新位置: -3.5332143 , 0 , -5.5262184
2025-11-27 21:34:03.5577 (StateSyncRequestHandler.cs:18) 玩家ID:489242989124911105 移动方向: -0.94860417 , 0 , -0.3164651
2025-11-27 21:34:03.5577 (StateSyncRequestHandler.cs:18) 玩家ID:489242989124911105 移动到新位置: -3.7229352 , 0 , -5.5895114
2025-11-27 21:34:03.6548 (StateSyncRequestHandler.cs:18) 玩家ID:489242989124911105 移动方向: -0.9486014 , 0 , -0.31647328
2025-11-27 21:34:03.6548 (StateSyncRequestHandler.cs:18) 玩家ID:489242989124911105 移动到新位置: -3.9126554 , 0 , -5.6528063
2025-11-27 21:34:03.7542 (StateSyncRequestHandler.cs:18) 玩家ID:489242989124911105 移动方向: -0.9486007 , 0 , -0.31647548
2025-11-27 21:34:03.7542 (StateSyncRequestHandler.cs:18) 玩家ID:489242989124911105 移动到新位置: -4.1023755 , 0 , -5.716101
2025-11-27 21:34:03.8638 (StateSyncRequestHandler.cs:18) 玩家ID:489242989124911105 移动方向: -0.9486005 , 0 , -0.31647617
2025-11-27 21:34:03.8638 (StateSyncRequestHandler.cs:18) 玩家ID:489242989124911105 移动到新位置: -4.2920957 , 0 , -5.7793965
2025-11-27 21:34:03.9613 (StateSyncRequestHandler.cs:18) 玩家ID:489242989124911105 移动方向: -0.9486005 , 0 , -0.31647617
2025-11-27 21:34:03.9613 (StateSyncRequestHandler.cs:18) 玩家ID:489242989124911105 移动到新位置: -4.481816 , 0 , -5.842692
2025-11-27 21:34:04.0602 (StateSyncRequestHandler.cs:18) 玩家ID:489242989124911105 移动方向: -0.9486005 , 0 , -0.31647617
2025-11-27 21:34:04.0602 (StateSyncRequestHandler.cs:18) 玩家ID:489242989124911105 移动到新位置: -4.671536 , 0 , -5.9059873
2025-11-27 21:34:04.1549 (StateSyncRequestHandler.cs:18) 玩家ID:489242989124911105 移动方向: -0.9486005 , 0 , -0.31647617
2025-11-27 21:34:04.1549 (StateSyncRequestHandler.cs:18) 玩家ID:489242989124911105 移动到新位置: -4.861256 , 0 , -5.9692826
2025-11-27 21:34:04.2615 (StateSyncRequestHandler.cs:18) 玩家ID:489242989124911105 移动方向: -0.9486005 , 0 , -0.31647617
2025-11-27 21:34:04.2615 (StateSyncRequestHandler.cs:18) 玩家ID:489242989124911105 移动到新位置: -5.0509763 , 0 , -6.032578
2025-11-27 21:34:04.3614 (StateSyncRequestHandler.cs:18) 玩家ID:489242989124911105 移动到新位置: -5.0509763 , 0 , -6.032578
2025-11-27 21:34:08.8575 (StateSyncRequestHandler.cs:18) 玩家ID:489242989124911105 移动方向: 0.95574933 , 0 , -0.29418227
2025-11-27 21:34:08.8575 (StateSyncRequestHandler.cs:18) 玩家ID:489242989124911105 移动到新位置: -4.8598266 , 0 , -6.0914145
2025-11-27 21:34:08.9596 (StateSyncRequestHandler.cs:18) 玩家ID:489242989124911105 移动方向: 0.954369 , 0 , -0.29862973
2025-11-27 21:34:08.9596 (StateSyncRequestHandler.cs:18) 玩家ID:489242989124911105 移动到新位置: -4.668953 , 0 , -6.15114
2025-11-27 21:34:09.0563 (StateSyncRequestHandler.cs:18) 玩家ID:489242989124911105 移动方向: 0.95380807 , 0 , -0.30041683
2025-11-27 21:34:09.0563 (StateSyncRequestHandler.cs:18) 玩家ID:489242989124911105 移动到新位置: -4.4781914 , 0 , -6.2112236
2025-11-27 21:34:09.1622 (StateSyncRequestHandler.cs:18) 玩家ID:489242989124911105 移动方向: -0.30119622 , 0 , -0.9535622
2025-11-27 21:34:09.1622 (StateSyncRequestHandler.cs:18) 玩家ID:489242989124911105 移动到新位置: -4.5384307 , 0 , -6.401936
2025-11-27 21:34:09.2569 (StateSyncRequestHandler.cs:18) 玩家ID:489242989124911105 移动方向: -0.301422 , 0 , -0.95349085
2025-11-27 21:34:09.2569 (StateSyncRequestHandler.cs:18) 玩家ID:489242989124911105 移动到新位置: -4.5987153 , 0 , -6.592634
2025-11-27 21:34:09.3557 (StateSyncRequestHandler.cs:18) 玩家ID:489242989124911105 移动方向: -0.8873963 , 0 , -0.4610072
2025-11-27 21:34:09.3557 (StateSyncRequestHandler.cs:18) 玩家ID:489242989124911105 移动到新位置: -4.7761946 , 0 , -6.6848354
2025-11-27 21:34:09.4589 (StateSyncRequestHandler.cs:18) 玩家ID:489242989124911105 移动方向: -0.88740844 , 0 , -0.4609841
2025-11-27 21:34:09.4589 (StateSyncRequestHandler.cs:18) 玩家ID:489242989124911105 移动到新位置: -4.953676 , 0 , -6.7770324
2025-11-27 21:34:09.5621 (StateSyncRequestHandler.cs:18) 玩家ID:489242989124911105 移动方向: -0.887412 , 0 , -0.46097714
2025-11-27 21:34:09.5621 (StateSyncRequestHandler.cs:18) 玩家ID:489242989124911105 移动到新位置: -5.131159 , 0 , -6.869228
2025-11-27 21:34:09.6552 (StateSyncRequestHandler.cs:18) 玩家ID:489242989124911105 移动方向: -0.8874131 , 0 , -0.460975
2025-11-27 21:34:09.6552 (StateSyncRequestHandler.cs:18) 玩家ID:489242989124911105 移动到新位置: -5.3086414 , 0 , -6.961423
2025-11-27 21:34:09.7582 (StateSyncRequestHandler.cs:18) 玩家ID:489242989124911105 移动方向: 0.46097505 , 0 , -0.8874131
2025-11-27 21:34:09.7582 (StateSyncRequestHandler.cs:18) 玩家ID:489242989124911105 移动到新位置: -5.2164464 , 0 , -7.1389055
2025-11-27 21:34:09.8543 (StateSyncRequestHandler.cs:18) 玩家ID:489242989124911105 移动方向: 0.460975 , 0 , -0.8874131
2025-11-27 21:34:09.8543 (StateSyncRequestHandler.cs:18) 玩家ID:489242989124911105 移动到新位置: -5.1242514 , 0 , -7.316388
2025-11-27 21:34:09.9618 (StateSyncRequestHandler.cs:18) 玩家ID:489242989124911105 移动方向: 0.460975 , 0 , -0.8874131
2025-11-27 21:34:09.9618 (StateSyncRequestHandler.cs:18) 玩家ID:489242989124911105 移动到新位置: -5.0320563 , 0 , -7.4938707
2025-11-27 21:34:10.0653 (StateSyncRequestHandler.cs:18) 玩家ID:489242989124911105 移动方向: 0.9534544 , 0 , -0.30153725
2025-11-27 21:34:10.0653 (StateSyncRequestHandler.cs:18) 玩家ID:489242989124911105 移动到新位置: -4.8413653 , 0 , -7.554178
2025-11-27 21:34:10.1622 (StateSyncRequestHandler.cs:18) 玩家ID:489242989124911105 移动方向: 0.9534544 , 0 , -0.30153725
2025-11-27 21:34:10.1622 (StateSyncRequestHandler.cs:18) 玩家ID:489242989124911105 移动到新位置: -4.6506743 , 0 , -7.6144857
2025-11-27 21:34:10.2605 (StateSyncRequestHandler.cs:18) 玩家ID:489242989124911105 移动方向: 0.9534544 , 0 , -0.30153725
2025-11-27 21:34:10.2605 (StateSyncRequestHandler.cs:18) 玩家ID:489242989124911105 移动到新位置: -4.4599833 , 0 , -7.6747932
2025-11-27 21:34:10.3595 (StateSyncRequestHandler.cs:18) 玩家ID:489242989124911105 移动方向: 0.9534544 , 0 , -0.30153725
2025-11-27 21:34:10.3595 (StateSyncRequestHandler.cs:18) 玩家ID:489242989124911105 移动到新位置: -4.2692924 , 0 , -7.7351007
2025-11-27 21:34:10.4675 (StateSyncRequestHandler.cs:18) 玩家ID:489242989124911105 移动方向: 0.9534544 , 0 , -0.30153725
2025-11-27 21:34:10.4675 (StateSyncRequestHandler.cs:18) 玩家ID:489242989124911105 移动到新位置: -4.0786014 , 0 , -7.7954082
2025-11-27 21:34:10.5536 (StateSyncRequestHandler.cs:18) 玩家ID:489242989124911105 移动方向: -0.30153725 , 0 , -0.9534544
2025-11-27 21:34:10.5536 (StateSyncRequestHandler.cs:18) 玩家ID:489242989124911105 移动到新位置: -4.138909 , 0 , -7.9860992
2025-11-27 21:34:10.6545 (StateSyncRequestHandler.cs:18) 玩家ID:489242989124911105 移动方向: -0.30153725 , 0 , -0.9534544
2025-11-27 21:34:10.6545 (StateSyncRequestHandler.cs:18) 玩家ID:489242989124911105 移动到新位置: -4.1992164 , 0 , -8.17679
2025-11-27 21:34:10.7651 (StateSyncRequestHandler.cs:18) 玩家ID:489242989124911105 移动方向: -0.30153725 , 0 , -0.9534544
2025-11-27 21:34:10.7651 (StateSyncRequestHandler.cs:18) 玩家ID:489242989124911105 移动到新位置: -4.259524 , 0 , -8.367481
2025-11-27 21:34:10.8578 (StateSyncRequestHandler.cs:18) 玩家ID:489242989124911105 移动方向: -0.30153725 , 0 , -0.9534544
2025-11-27 21:34:10.8578 (StateSyncRequestHandler.cs:18) 玩家ID:489242989124911105 移动到新位置: -4.3198314 , 0 , -8.558172
2025-11-27 21:34:10.9589 (StateSyncRequestHandler.cs:18) 玩家ID:489242989124911105 移动方向: -0.30153725 , 0 , -0.9534544
2025-11-27 21:34:10.9589 (StateSyncRequestHandler.cs:18) 玩家ID:489242989124911105 移动到新位置: -4.380139 , 0 , -8.748863
2025-11-27 21:34:11.0601 (StateSyncRequestHandler.cs:18) 玩家ID:489242989124911105 移动方向: -0.30153725 , 0 , -0.9534544
2025-11-27 21:34:11.0601 (StateSyncRequestHandler.cs:18) 玩家ID:489242989124911105 移动到新位置: -4.4404464 , 0 , -8.939554
2025-11-27 21:34:11.1635 (StateSyncRequestHandler.cs:18) 玩家ID:489242989124911105 移动方向: -0.30153725 , 0 , -0.9534544
2025-11-27 21:34:11.1635 (StateSyncRequestHandler.cs:18) 玩家ID:489242989124911105 移动到新位置: -4.500754 , 0 , -9.130245
2025-11-27 21:34:11.2621 (StateSyncRequestHandler.cs:18) 玩家ID:489242989124911105 移动方向: -0.30153725 , 0 , -0.9534544
2025-11-27 21:34:11.2621 (StateSyncRequestHandler.cs:18) 玩家ID:489242989124911105 移动到新位置: -4.5610614 , 0 , -9.320936
2025-11-27 21:34:11.3627 (StateSyncRequestHandler.cs:18) 玩家ID:489242989124911105 移动方向: -0.30153725 , 0 , -0.9534544
2025-11-27 21:34:11.3627 (StateSyncRequestHandler.cs:18) 玩家ID:489242989124911105 移动到新位置: -4.621369 , 0 , -9.511627
2025-11-27 21:34:11.4618 (StateSyncRequestHandler.cs:18) 玩家ID:489242989124911105 移动到新位置: -4.621369 , 0 , -9.511627
2025-11-27 21:34:11.9564 (StateSyncRequestHandler.cs:18) 玩家ID:489242989124911105 移动方向: 0.30153725 , 0 , 0.9534544
2025-11-27 21:34:11.9564 (StateSyncRequestHandler.cs:18) 玩家ID:489242989124911105 移动到新位置: -4.5610614 , 0 , -9.320936
2025-11-27 21:34:12.0541 (StateSyncRequestHandler.cs:18) 玩家ID:489242989124911105 移动方向: 0.30153725 , 0 , 0.9534544
2025-11-27 21:34:12.0541 (StateSyncRequestHandler.cs:18) 玩家ID:489242989124911105 移动到新位置: -4.500754 , 0 , -9.130245
2025-11-27 21:34:12.1628 (StateSyncRequestHandler.cs:18) 玩家ID:489242989124911105 移动方向: 0.30153725 , 0 , 0.9534544
2025-11-27 21:34:12.1628 (StateSyncRequestHandler.cs:18) 玩家ID:489242989124911105 移动到新位置: -4.4404464 , 0 , -8.939554
2025-11-27 21:34:12.2541 (StateSyncRequestHandler.cs:18) 玩家ID:489242989124911105 移动方向: 0.30153725 , 0 , 0.9534544
2025-11-27 21:34:12.2541 (StateSyncRequestHandler.cs:18) 玩家ID:489242989124911105 移动到新位置: -4.380139 , 0 , -8.748863
2025-11-27 21:34:12.3630 (StateSyncRequestHandler.cs:18) 玩家ID:489242989124911105 移动到新位置: -4.380139 , 0 , -8.748863
2025-11-27 21:35:57.4565  收到登录请求
2025-11-27 21:35:57.4956  进入大厅成功，玩家ID:489242989124911105
2025-11-27 21:35:58.7988 (StateSyncRequestHandler.cs:18) 玩家ID:489242989124911105 移动方向: -0.9270782 , 0 , 0.374868
2025-11-27 21:35:58.7988 (StateSyncRequestHandler.cs:18) 玩家ID:489242989124911105 移动到新位置: -4.5655546 , 0 , -8.673889
2025-11-27 21:35:58.8933 (StateSyncRequestHandler.cs:18) 玩家ID:489242989124911105 移动方向: -0.77034813 , 0 , 0.63762355
2025-11-27 21:35:58.8933 (StateSyncRequestHandler.cs:18) 玩家ID:489242989124911105 移动到新位置: -4.719624 , 0 , -8.546365
2025-11-27 21:35:58.9914 (StateSyncRequestHandler.cs:18) 玩家ID:489242989124911105 移动方向: -0.980034 , 0 , 0.19883022
2025-11-27 21:35:58.9914 (StateSyncRequestHandler.cs:18) 玩家ID:489242989124911105 移动到新位置: -4.915631 , 0 , -8.506598
2025-11-27 21:35:59.0898 (StateSyncRequestHandler.cs:18) 玩家ID:489242989124911105 移动方向: -0.9305735 , 0 , 0.3661051
2025-11-27 21:35:59.0898 (StateSyncRequestHandler.cs:18) 玩家ID:489242989124911105 移动到新位置: -5.1017456 , 0 , -8.433377
2025-11-27 21:35:59.1885 (StateSyncRequestHandler.cs:18) 玩家ID:489242989124911105 移动方向: -0.94522643 , 0 , -0.3264152
2025-11-27 21:35:59.1885 (StateSyncRequestHandler.cs:18) 玩家ID:489242989124911105 移动到新位置: -5.290791 , 0 , -8.49866
2025-11-27 21:35:59.2967 (StateSyncRequestHandler.cs:18) 玩家ID:489242989124911105 移动方向: -0.9547419 , 0 , -0.29743567
2025-11-27 21:35:59.2967 (StateSyncRequestHandler.cs:18) 玩家ID:489242989124911105 移动到新位置: -5.4817395 , 0 , -8.558147
2025-11-27 21:35:59.3912 (StateSyncRequestHandler.cs:18) 玩家ID:489242989124911105 移动方向: -0.88132095 , 0 , 0.47251812
2025-11-27 21:35:59.3912 (StateSyncRequestHandler.cs:18) 玩家ID:489242989124911105 移动到新位置: -5.658004 , 0 , -8.463644
2025-11-27 21:35:59.4956 (StateSyncRequestHandler.cs:18) 玩家ID:489242989124911105 移动方向: -0.30287483 , 0 , 0.95303035
2025-11-27 21:35:59.4956 (StateSyncRequestHandler.cs:18) 玩家ID:489242989124911105 移动到新位置: -5.718579 , 0 , -8.273038
2025-11-27 21:35:59.5875 (StateSyncRequestHandler.cs:18) 玩家ID:489242989124911105 移动方向: -0.31227535 , 0 , 0.94999164
2025-11-27 21:35:59.5875 (StateSyncRequestHandler.cs:18) 玩家ID:489242989124911105 移动到新位置: -5.781034 , 0 , -8.083039
2025-11-27 21:35:59.6887 (StateSyncRequestHandler.cs:18) 玩家ID:489242989124911105 移动方向: -0.31761172 , 0 , 0.9482209
2025-11-27 21:35:59.6887 (StateSyncRequestHandler.cs:18) 玩家ID:489242989124911105 移动到新位置: -5.8445563 , 0 , -7.893395
2025-11-27 21:35:59.7890 (StateSyncRequestHandler.cs:18) 玩家ID:489242989124911105 移动方向: 0.43693966 , 0 , 0.89949083
2025-11-27 21:35:59.7890 (StateSyncRequestHandler.cs:18) 玩家ID:489242989124911105 移动到新位置: -5.7571683 , 0 , -7.7134967
2025-11-27 21:35:59.9041 (StateSyncRequestHandler.cs:18) 玩家ID:489242989124911105 移动方向: 0.4295128 , 0 , 0.90306073
2025-11-27 21:35:59.9041 (StateSyncRequestHandler.cs:18) 玩家ID:489242989124911105 移动到新位置: -5.6712656 , 0 , -7.5328846
2025-11-27 21:35:59.9881 (StateSyncRequestHandler.cs:18) 玩家ID:489242989124911105 移动方向: 0.43268937 , 0 , 0.9015431
2025-11-27 21:35:59.9881 (StateSyncRequestHandler.cs:18) 玩家ID:489242989124911105 移动到新位置: -5.584728 , 0 , -7.352576
2025-11-27 21:36:00.0913 (StateSyncRequestHandler.cs:18) 玩家ID:489242989124911105 移动方向: 0.4402759 , 0 , 0.89786243
2025-11-27 21:36:00.0913 (StateSyncRequestHandler.cs:18) 玩家ID:489242989124911105 移动到新位置: -5.4966726 , 0 , -7.173003
2025-11-27 21:36:00.1948 (StateSyncRequestHandler.cs:18) 玩家ID:489242989124911105 移动方向: -0.30197102 , 0 , 0.9533171
2025-11-27 21:36:00.1948 (StateSyncRequestHandler.cs:18) 玩家ID:489242989124911105 移动到新位置: -5.557067 , 0 , -6.98234
2025-11-27 21:36:00.2866 (StateSyncRequestHandler.cs:18) 玩家ID:489242989124911105 移动方向: -0.24400516 , 0 , 0.96977395
2025-11-27 21:36:00.2866 (StateSyncRequestHandler.cs:18) 玩家ID:489242989124911105 移动到新位置: -5.605868 , 0 , -6.788385
2025-11-27 21:36:00.3900 (StateSyncRequestHandler.cs:18) 玩家ID:489242989124911105 移动方向: -0.15454848 , 0 , 0.9879852
2025-11-27 21:36:00.3900 (StateSyncRequestHandler.cs:18) 玩家ID:489242989124911105 移动到新位置: -5.6367774 , 0 , -6.590788
2025-11-27 21:36:00.5039 (StateSyncRequestHandler.cs:18) 玩家ID:489242989124911105 移动方向: -0.072274595 , 0 , 0.9973847
2025-11-27 21:36:00.5039 (StateSyncRequestHandler.cs:18) 玩家ID:489242989124911105 移动到新位置: -5.6512322 , 0 , -6.391311
2025-11-27 21:36:00.5883 (StateSyncRequestHandler.cs:18) 玩家ID:489242989124911105 移动方向: -0.035490558 , 0 , 0.99937004
2025-11-27 21:36:00.5883 (StateSyncRequestHandler.cs:18) 玩家ID:489242989124911105 移动到新位置: -5.6583304 , 0 , -6.1914372
2025-11-27 21:36:00.7071 (StateSyncRequestHandler.cs:18) 玩家ID:489242989124911105 移动方向: -0.019425822 , 0 , 0.9998113
2025-11-27 21:36:00.7071 (StateSyncRequestHandler.cs:18) 玩家ID:489242989124911105 移动到新位置: -5.6622157 , 0 , -5.991475
2025-11-27 21:36:00.7935 (StateSyncRequestHandler.cs:18) 玩家ID:489242989124911105 移动方向: -0.010089323 , 0 , 0.9999491
2025-11-27 21:36:00.7935 (StateSyncRequestHandler.cs:18) 玩家ID:489242989124911105 移动到新位置: -5.6642337 , 0 , -5.7914853
2025-11-27 21:36:00.8949 (StateSyncRequestHandler.cs:18) 玩家ID:489242989124911105 移动到新位置: -5.6642337 , 0 , -5.7914853
2025-11-27 21:36:01.2905 (StateSyncRequestHandler.cs:18) 玩家ID:489242989124911105 移动方向: -0.99963015 , 0 , 0.0271959
2025-11-27 21:36:01.2905 (StateSyncRequestHandler.cs:18) 玩家ID:489242989124911105 移动到新位置: -5.8641596 , 0 , -5.786046
2025-11-27 21:36:01.3876 (StateSyncRequestHandler.cs:18) 玩家ID:489242989124911105 移动方向: -0.9996248 , 0 , 0.027393533
2025-11-27 21:36:01.3876 (StateSyncRequestHandler.cs:18) 玩家ID:489242989124911105 移动到新位置: -6.0640845 , 0 , -5.780567
2025-11-27 21:36:01.4902 (StateSyncRequestHandler.cs:18) 玩家ID:489242989124911105 移动方向: -0.999623 , 0 , 0.027457694
2025-11-27 21:36:01.4902 (StateSyncRequestHandler.cs:18) 玩家ID:489242989124911105 移动到新位置: -6.264009 , 0 , -5.7750754
2025-11-27 21:36:01.6000 (StateSyncRequestHandler.cs:18) 玩家ID:489242989124911105 移动方向: -0.9990709 , 0 , 0.043097217
2025-11-27 21:36:01.6000 (StateSyncRequestHandler.cs:18) 玩家ID:489242989124911105 移动到新位置: -6.4638233 , 0 , -5.766456
2025-11-27 21:36:01.6989 (StateSyncRequestHandler.cs:18) 玩家ID:489242989124911105 移动到新位置: -6.4638233 , 0 , -5.766456
2025-11-27 21:36:03.0965 (StateSyncRequestHandler.cs:18) 玩家ID:489242989124911105 移动方向: 0.44577327 , 0 , 0.8951459
2025-11-27 21:36:03.0965 (StateSyncRequestHandler.cs:18) 玩家ID:489242989124911105 移动到新位置: -6.3746686 , 0 , -5.587427
2025-11-27 21:36:03.1942 (StateSyncRequestHandler.cs:18) 玩家ID:489242989124911105 移动方向: 0.10112786 , 0 , 0.9948734
2025-11-27 21:36:03.1942 (StateSyncRequestHandler.cs:18) 玩家ID:489242989124911105 移动到新位置: -6.354443 , 0 , -5.3884525
2025-11-27 21:36:03.2921 (StateSyncRequestHandler.cs:18) 玩家ID:489242989124911105 移动方向: -0.1950432 , 0 , 0.98079467
2025-11-27 21:36:03.2921 (StateSyncRequestHandler.cs:18) 玩家ID:489242989124911105 移动到新位置: -6.3934517 , 0 , -5.1922936
2025-11-27 21:36:03.3930 (StateSyncRequestHandler.cs:18) 玩家ID:489242989124911105 移动方向: 0.35034153 , 0 , 0.936622
2025-11-27 21:36:03.3930 (StateSyncRequestHandler.cs:18) 玩家ID:489242989124911105 移动到新位置: -6.3233833 , 0 , -5.004969
2025-11-27 21:36:03.4946 (StateSyncRequestHandler.cs:18) 玩家ID:489242989124911105 移动方向: 0.1880613 , 0 , 0.9821573
2025-11-27 21:36:03.4946 (StateSyncRequestHandler.cs:18) 玩家ID:489242989124911105 移动到新位置: -6.285771 , 0 , -4.8085375
2025-11-27 21:36:03.5879 (StateSyncRequestHandler.cs:18) 玩家ID:489242989124911105 移动方向: 0.11124253 , 0 , 0.9937933
2025-11-27 21:36:03.5879 (StateSyncRequestHandler.cs:18) 玩家ID:489242989124911105 移动到新位置: -6.263522 , 0 , -4.609779
2025-11-27 21:36:03.6946 (StateSyncRequestHandler.cs:18) 玩家ID:489242989124911105 移动方向: 0.7582651 , 0 , 0.65194637
2025-11-27 21:36:03.6946 (StateSyncRequestHandler.cs:18) 玩家ID:489242989124911105 移动到新位置: -6.1118693 , 0 , -4.4793897
2025-11-27 21:36:03.7914 (StateSyncRequestHandler.cs:18) 玩家ID:489242989124911105 移动方向: 0.06840873 , 0 , 0.9976574
2025-11-27 21:36:03.7914 (StateSyncRequestHandler.cs:18) 玩家ID:489242989124911105 移动到新位置: -6.0981874 , 0 , -4.279858
2025-11-27 21:36:03.8953 (StateSyncRequestHandler.cs:18) 玩家ID:489242989124911105 移动方向: -0.61723226 , 0 , 0.786781
2025-11-27 21:36:03.8953 (StateSyncRequestHandler.cs:18) 玩家ID:489242989124911105 移动到新位置: -6.221634 , 0 , -4.122502
2025-11-27 21:36:03.9910 (StateSyncRequestHandler.cs:18) 玩家ID:489242989124911105 移动方向: -0.52892673 , 0 , 0.84866756
2025-11-27 21:36:03.9910 (StateSyncRequestHandler.cs:18) 玩家ID:489242989124911105 移动到新位置: -6.3274193 , 0 , -3.9527683
2025-11-27 21:36:04.0883 (StateSyncRequestHandler.cs:18) 玩家ID:489242989124911105 移动方向: -0.9450237 , 0 , 0.32700178
2025-11-27 21:36:04.0883 (StateSyncRequestHandler.cs:18) 玩家ID:489242989124911105 移动到新位置: -6.516424 , 0 , -3.887368
2025-11-27 21:36:04.1944 (StateSyncRequestHandler.cs:18) 玩家ID:489242989124911105 移动方向: -0.9163939 , 0 , 0.4002778
2025-11-27 21:36:04.1944 (StateSyncRequestHandler.cs:18) 玩家ID:489242989124911105 移动到新位置: -6.6997027 , 0 , -3.8073125
2025-11-27 21:36:04.2952 (StateSyncRequestHandler.cs:18) 玩家ID:489242989124911105 移动方向: -0.88988775 , 0 , 0.4561796
2025-11-27 21:36:04.2952 (StateSyncRequestHandler.cs:18) 玩家ID:489242989124911105 移动到新位置: -6.8776803 , 0 , -3.7160766
2025-11-27 21:36:04.3969 (StateSyncRequestHandler.cs:18) 玩家ID:489242989124911105 移动方向: -0.87548494 , 0 , 0.4832452
2025-11-27 21:36:04.3969 (StateSyncRequestHandler.cs:18) 玩家ID:489242989124911105 移动到新位置: -7.0527773 , 0 , -3.6194277
2025-11-27 21:36:04.4887 (StateSyncRequestHandler.cs:18) 玩家ID:489242989124911105 移动方向: -0.2664967 , 0 , 0.9638359
2025-11-27 21:36:04.4887 (StateSyncRequestHandler.cs:18) 玩家ID:489242989124911105 移动到新位置: -7.1060767 , 0 , -3.4266605
2025-11-27 21:36:04.5889 (StateSyncRequestHandler.cs:18) 玩家ID:489242989124911105 移动方向: -0.26216295 , 0 , 0.96502364
2025-11-27 21:36:04.5889 (StateSyncRequestHandler.cs:18) 玩家ID:489242989124911105 移动到新位置: -7.1585093 , 0 , -3.233656
2025-11-27 21:36:04.6904 (StateSyncRequestHandler.cs:18) 玩家ID:489242989124911105 移动方向: -0.26073676 , 0 , 0.96540993
2025-11-27 21:36:04.6904 (StateSyncRequestHandler.cs:18) 玩家ID:489242989124911105 移动到新位置: -7.2106566 , 0 , -3.040574
2025-11-27 21:36:04.7949 (StateSyncRequestHandler.cs:18) 玩家ID:489242989124911105 移动方向: -0.26027507 , 0 , 0.9655345
2025-11-27 21:36:04.7949 (StateSyncRequestHandler.cs:18) 玩家ID:489242989124911105 移动到新位置: -7.2627115 , 0 , -2.8474672
2025-11-27 21:36:04.8891 (StateSyncRequestHandler.cs:18) 玩家ID:489242989124911105 移动方向: -0.26014465 , 0 , 0.9655697
2025-11-27 21:36:04.8891 (StateSyncRequestHandler.cs:18) 玩家ID:489242989124911105 移动到新位置: -7.3147407 , 0 , -2.6543531
2025-11-27 21:36:04.9957 (StateSyncRequestHandler.cs:18) 玩家ID:489242989124911105 移动方向: -0.26010162 , 0 , 0.96558124
2025-11-27 21:36:04.9957 (StateSyncRequestHandler.cs:18) 玩家ID:489242989124911105 移动到新位置: -7.366761 , 0 , -2.461237
2025-11-27 21:36:05.0939 (StateSyncRequestHandler.cs:18) 玩家ID:489242989124911105 移动方向: -0.26008976 , 0 , 0.96558446
2025-11-27 21:36:05.0939 (StateSyncRequestHandler.cs:18) 玩家ID:489242989124911105 移动到新位置: -7.4187794 , 0 , -2.26812
2025-11-27 21:36:05.1906 (StateSyncRequestHandler.cs:18) 玩家ID:489242989124911105 移动方向: 0.5056721 , 0 , 0.86272573
2025-11-27 21:36:05.1906 (StateSyncRequestHandler.cs:18) 玩家ID:489242989124911105 移动到新位置: -7.317645 , 0 , -2.0955749
2025-11-27 21:36:05.2958 (StateSyncRequestHandler.cs:18) 玩家ID:489242989124911105 移动方向: 0.5262098 , 0 , 0.8503548
2025-11-27 21:36:05.2958 (StateSyncRequestHandler.cs:18) 玩家ID:489242989124911105 移动到新位置: -7.2124033 , 0 , -1.9255038
2025-11-27 21:36:05.3901 (StateSyncRequestHandler.cs:18) 玩家ID:489242989124911105 移动方向: 0.97646 , 0 , 0.21569848
2025-11-27 21:36:05.3901 (StateSyncRequestHandler.cs:18) 玩家ID:489242989124911105 移动到新位置: -7.0171113 , 0 , -1.8823642
2025-11-27 21:36:05.4959 (StateSyncRequestHandler.cs:18) 玩家ID:489242989124911105 移动方向: 0.9777741 , 0 , 0.20966096
2025-11-27 21:36:05.4959 (StateSyncRequestHandler.cs:18) 玩家ID:489242989124911105 移动到新位置: -6.8215566 , 0 , -1.8404319
2025-11-27 21:36:05.5880 (StateSyncRequestHandler.cs:18) 玩家ID:489242989124911105 移动方向: 0.97819275 , 0 , 0.20769936
2025-11-27 21:36:05.5880 (StateSyncRequestHandler.cs:18) 玩家ID:489242989124911105 移动到新位置: -6.625918 , 0 , -1.798892
2025-11-27 21:36:05.6947 (StateSyncRequestHandler.cs:18) 玩家ID:489242989124911105 移动方向: 0.9783512 , 0 , 0.2069516
2025-11-27 21:36:05.6947 (StateSyncRequestHandler.cs:18) 玩家ID:489242989124911105 移动到新位置: -6.430248 , 0 , -1.7575017
2025-11-27 21:36:05.7914 (StateSyncRequestHandler.cs:18) 玩家ID:489242989124911105 移动方向: -0.20094532 , 0 , 0.9796025
2025-11-27 21:36:05.7914 (StateSyncRequestHandler.cs:18) 玩家ID:489242989124911105 移动到新位置: -6.470437 , 0 , -1.5615813
2025-11-27 21:36:05.8970 (StateSyncRequestHandler.cs:18) 玩家ID:489242989124911105 移动方向: -0.030669719 , 0 , 0.9995296
2025-11-27 21:36:05.8970 (StateSyncRequestHandler.cs:18) 玩家ID:489242989124911105 移动到新位置: -6.476571 , 0 , -1.3616754
2025-11-27 21:36:05.9929 (StateSyncRequestHandler.cs:18) 玩家ID:489242989124911105 移动方向: -0.46973145 , 0 , 0.88280934
2025-11-27 21:36:05.9929 (StateSyncRequestHandler.cs:18) 玩家ID:489242989124911105 移动到新位置: -6.5705175 , 0 , -1.1851135
2025-11-27 21:36:06.0950 (StateSyncRequestHandler.cs:18) 玩家ID:489242989124911105 移动方向: -0.85552245 , 0 , 0.51776576
2025-11-27 21:36:06.0950 (StateSyncRequestHandler.cs:18) 玩家ID:489242989124911105 移动到新位置: -6.741622 , 0 , -1.0815604
2025-11-27 21:36:06.1921 (StateSyncRequestHandler.cs:18) 玩家ID:489242989124911105 移动方向: -0.80014783 , 0 , 0.59980285
2025-11-27 21:36:06.1921 (StateSyncRequestHandler.cs:18) 玩家ID:489242989124911105 移动到新位置: -6.9016514 , 0 , -0.9615998
2025-11-27 21:36:06.2949 (StateSyncRequestHandler.cs:18) 玩家ID:489242989124911105 移动方向: -0.7750621 , 0 , 0.6318851
2025-11-27 21:36:06.2949 (StateSyncRequestHandler.cs:18) 玩家ID:489242989124911105 移动到新位置: -7.056664 , 0 , -0.83522284
2025-11-27 21:36:06.3877 (StateSyncRequestHandler.cs:18) 玩家ID:489242989124911105 移动方向: -0.80765694 , 0 , 0.5896527
2025-11-27 21:36:06.3877 (StateSyncRequestHandler.cs:18) 玩家ID:489242989124911105 移动到新位置: -7.2181954 , 0 , -0.7172923
2025-11-27 21:36:06.4911 (StateSyncRequestHandler.cs:18) 玩家ID:489242989124911105 移动方向: -0.5485188 , 0 , 0.8361381
2025-11-27 21:36:06.4911 (StateSyncRequestHandler.cs:18) 玩家ID:489242989124911105 移动到新位置: -7.327899 , 0 , -0.5500647
2025-11-27 21:36:06.5945 (StateSyncRequestHandler.cs:18) 玩家ID:489242989124911105 移动方向: -0.2584752 , 0 , 0.9660179
2025-11-27 21:36:06.5945 (StateSyncRequestHandler.cs:18) 玩家ID:489242989124911105 移动到新位置: -7.379594 , 0 , -0.3568611
2025-11-27 21:36:06.6893 (StateSyncRequestHandler.cs:18) 玩家ID:489242989124911105 移动方向: -0.48611465 , 0 , 0.87389505
2025-11-27 21:36:06.6893 (StateSyncRequestHandler.cs:18) 玩家ID:489242989124911105 移动到新位置: -7.4768167 , 0 , -0.18208212
2025-11-27 21:36:06.7923 (StateSyncRequestHandler.cs:18) 玩家ID:489242989124911105 移动方向: -0.5803849 , 0 , 0.81434226
2025-11-27 21:36:06.7923 (StateSyncRequestHandler.cs:18) 玩家ID:489242989124911105 移动到新位置: -7.5928936 , 0 , -0.019213676
2025-11-27 21:36:06.8945 (StateSyncRequestHandler.cs:18) 玩家ID:489242989124911105 移动方向: -0.5705794 , 0 , 0.82124245
2025-11-27 21:36:06.8945 (StateSyncRequestHandler.cs:18) 玩家ID:489242989124911105 移动到新位置: -7.7070093 , 0 , 0.1450348
2025-11-27 21:36:06.9972 (StateSyncRequestHandler.cs:18) 玩家ID:489242989124911105 移动方向: -0.34112084 , 0 , 0.9400195
2025-11-27 21:36:06.9972 (StateSyncRequestHandler.cs:18) 玩家ID:489242989124911105 移动到新位置: -7.7752333 , 0 , 0.3330387
2025-11-27 21:36:07.0911 (StateSyncRequestHandler.cs:18) 玩家ID:489242989124911105 移动方向: 0.10143422 , 0 , 0.99484223
2025-11-27 21:36:07.0911 (StateSyncRequestHandler.cs:18) 玩家ID:489242989124911105 移动到新位置: -7.754946 , 0 , 0.5320071
2025-11-27 21:36:07.1868 (StateSyncRequestHandler.cs:18) 玩家ID:489242989124911105 移动方向: 0.47489998 , 0 , 0.8800398
2025-11-27 21:36:07.1868 (StateSyncRequestHandler.cs:18) 玩家ID:489242989124911105 移动到新位置: -7.6599665 , 0 , 0.7080151
2025-11-27 21:36:07.2970 (StateSyncRequestHandler.cs:18) 玩家ID:489242989124911105 移动方向: 0.6811686 , 0 , 0.73212665
2025-11-27 21:36:07.2970 (StateSyncRequestHandler.cs:18) 玩家ID:489242989124911105 移动到新位置: -7.5237327 , 0 , 0.85444045
2025-11-27 21:36:07.3926 (StateSyncRequestHandler.cs:18) 玩家ID:489242989124911105 移动方向: 0.044044703 , 0 , 0.99902964
2025-11-27 21:36:07.3926 (StateSyncRequestHandler.cs:18) 玩家ID:489242989124911105 移动到新位置: -7.5149236 , 0 , 1.0542464
2025-11-27 21:36:07.4952 (StateSyncRequestHandler.cs:18) 玩家ID:489242989124911105 移动方向: 0.025633484 , 0 , 0.9996714
2025-11-27 21:36:07.4952 (StateSyncRequestHandler.cs:18) 玩家ID:489242989124911105 移动到新位置: -7.509797 , 0 , 1.2541807
2025-11-27 21:36:07.5909 (StateSyncRequestHandler.cs:18) 玩家ID:489242989124911105 移动方向: -0.029947609 , 0 , 0.99955153
2025-11-27 21:36:07.5909 (StateSyncRequestHandler.cs:18) 玩家ID:489242989124911105 移动到新位置: -7.5157866 , 0 , 1.454091
2025-11-27 21:36:07.6896 (StateSyncRequestHandler.cs:18) 玩家ID:489242989124911105 移动方向: -0.06722474 , 0 , 0.9977378
2025-11-27 21:36:07.6896 (StateSyncRequestHandler.cs:18) 玩家ID:489242989124911105 移动到新位置: -7.5292315 , 0 , 1.6536385
2025-11-27 21:36:07.7883 (StateSyncRequestHandler.cs:18) 玩家ID:489242989124911105 移动方向: -0.07544279 , 0 , 0.9971501
2025-11-27 21:36:07.7883 (StateSyncRequestHandler.cs:18) 玩家ID:489242989124911105 移动到新位置: -7.54432 , 0 , 1.8530685
2025-11-27 21:36:07.8949 (StateSyncRequestHandler.cs:18) 玩家ID:489242989124911105 移动方向: -0.08567095 , 0 , 0.9963235
2025-11-27 21:36:07.8949 (StateSyncRequestHandler.cs:18) 玩家ID:489242989124911105 移动到新位置: -7.5614543 , 0 , 2.052333
2025-11-27 21:36:07.9978 (StateSyncRequestHandler.cs:18) 玩家ID:489242989124911105 移动方向: -0.090957135 , 0 , 0.99585474
2025-11-27 21:36:07.9978 (StateSyncRequestHandler.cs:18) 玩家ID:489242989124911105 移动到新位置: -7.5796456 , 0 , 2.251504
2025-11-27 21:36:08.0940 (StateSyncRequestHandler.cs:18) 玩家ID:489242989124911105 移动方向: 0.6382689 , 0 , 0.7698134
2025-11-27 21:36:08.1124 (StateSyncRequestHandler.cs:18) 玩家ID:489242989124911105 移动到新位置: -7.451992 , 0 , 2.4054666
2025-11-27 21:36:08.1885 (StateSyncRequestHandler.cs:18) 玩家ID:489242989124911105 移动方向: 0.6377159 , 0 , 0.77027166
2025-11-27 21:36:08.1885 (StateSyncRequestHandler.cs:18) 玩家ID:489242989124911105 移动到新位置: -7.324449 , 0 , 2.559521
2025-11-27 21:36:08.2912 (StateSyncRequestHandler.cs:18) 玩家ID:489242989124911105 移动方向: 0.6375097 , 0 , 0.77044237
2025-11-27 21:36:08.2912 (StateSyncRequestHandler.cs:18) 玩家ID:489242989124911105 移动到新位置: -7.196947 , 0 , 2.7136095
2025-11-27 21:36:08.3892 (StateSyncRequestHandler.cs:18) 玩家ID:489242989124911105 移动方向: 0.6374493 , 0 , 0.7704922
2025-11-27 21:36:08.3892 (StateSyncRequestHandler.cs:18) 玩家ID:489242989124911105 移动到新位置: -7.069457 , 0 , 2.867708
2025-11-27 21:36:08.4898 (StateSyncRequestHandler.cs:18) 玩家ID:489242989124911105 移动方向: 0.6374295 , 0 , 0.77050865
2025-11-27 21:36:08.4898 (StateSyncRequestHandler.cs:18) 玩家ID:489242989124911105 移动到新位置: -6.9419713 , 0 , 3.0218096
2025-11-27 21:36:08.5928 (StateSyncRequestHandler.cs:18) 玩家ID:489242989124911105 移动方向: 0.6374237 , 0 , 0.77051353
2025-11-27 21:36:08.5928 (StateSyncRequestHandler.cs:18) 玩家ID:489242989124911105 移动到新位置: -6.8144865 , 0 , 3.1759124
2025-11-27 21:36:08.6872 (StateSyncRequestHandler.cs:18) 玩家ID:489242989124911105 移动方向: 0.6374219 , 0 , 0.770515
2025-11-27 21:36:08.6872 (StateSyncRequestHandler.cs:18) 玩家ID:489242989124911105 移动到新位置: -6.687002 , 0 , 3.3300154
2025-11-27 21:36:08.7936 (StateSyncRequestHandler.cs:18) 玩家ID:489242989124911105 移动方向: 0.6374218 , 0 , 0.770515
2025-11-27 21:36:08.7936 (StateSyncRequestHandler.cs:18) 玩家ID:489242989124911105 移动到新位置: -6.559518 , 0 , 3.4841185
2025-11-27 21:36:08.8964 (StateSyncRequestHandler.cs:18) 玩家ID:489242989124911105 移动方向: 0.6374218 , 0 , 0.770515
2025-11-27 21:36:08.8964 (StateSyncRequestHandler.cs:18) 玩家ID:489242989124911105 移动到新位置: -6.4320335 , 0 , 3.6382215
2025-11-27 21:36:08.9906 (StateSyncRequestHandler.cs:18) 玩家ID:489242989124911105 移动方向: -0.76968646 , 0 , 0.63842213
2025-11-27 21:36:08.9906 (StateSyncRequestHandler.cs:18) 玩家ID:489242989124911105 移动到新位置: -6.585971 , 0 , 3.7659059
2025-11-27 21:36:09.0959 (StateSyncRequestHandler.cs:18) 玩家ID:489242989124911105 移动方向: -0.76627284 , 0 , 0.64251536
2025-11-27 21:36:09.0959 (StateSyncRequestHandler.cs:18) 玩家ID:489242989124911105 移动到新位置: -6.7392254 , 0 , 3.894409
2025-11-27 21:36:09.1928 (StateSyncRequestHandler.cs:18) 玩家ID:489242989124911105 移动方向: -0.77079684 , 0 , 0.637081
2025-11-27 21:36:09.1928 (StateSyncRequestHandler.cs:18) 玩家ID:489242989124911105 移动到新位置: -6.893385 , 0 , 4.0218253
2025-11-27 21:36:09.2899 (StateSyncRequestHandler.cs:18) 玩家ID:489242989124911105 移动方向: -0.7749296 , 0 , 0.63204753
2025-11-27 21:36:09.2899 (StateSyncRequestHandler.cs:18) 玩家ID:489242989124911105 移动到新位置: -7.048371 , 0 , 4.148235
2025-11-27 21:36:09.3937 (StateSyncRequestHandler.cs:18) 玩家ID:489242989124911105 移动方向: -0.77691895 , 0 , 0.62960064
2025-11-27 21:36:09.3937 (StateSyncRequestHandler.cs:18) 玩家ID:489242989124911105 移动到新位置: -7.2037544 , 0 , 4.274155
2025-11-27 21:36:09.4934 (StateSyncRequestHandler.cs:18) 玩家ID:489242989124911105 移动方向: -0.7776166 , 0 , 0.6287387
2025-11-27 21:36:09.4934 (StateSyncRequestHandler.cs:18) 玩家ID:489242989124911105 移动到新位置: -7.3592777 , 0 , 4.399903
2025-11-27 21:36:09.5893 (StateSyncRequestHandler.cs:18) 玩家ID:489242989124911105 移动方向: -0.10564664 , 0 , 0.99440366
2025-11-27 21:36:09.5893 (StateSyncRequestHandler.cs:18) 玩家ID:489242989124911105 移动到新位置: -7.380407 , 0 , 4.5987835
2025-11-27 21:36:09.6915 (StateSyncRequestHandler.cs:18) 玩家ID:489242989124911105 移动方向: -0.10577807 , 0 , 0.9943898
2025-11-27 21:36:09.6915 (StateSyncRequestHandler.cs:18) 玩家ID:489242989124911105 移动到新位置: -7.4015627 , 0 , 4.7976613
2025-11-27 21:36:09.7863 (StateSyncRequestHandler.cs:18) 玩家ID:489242989124911105 移动方向: 0.62831366 , 0 , 0.77796006
2025-11-27 21:36:09.7863 (StateSyncRequestHandler.cs:18) 玩家ID:489242989124911105 移动到新位置: -7.2759 , 0 , 4.9532533
2025-11-27 21:36:09.8913 (StateSyncRequestHandler.cs:18) 玩家ID:489242989124911105 移动方向: 0.62830347 , 0 , 0.77796835
2025-11-27 21:36:09.8913 (StateSyncRequestHandler.cs:18) 玩家ID:489242989124911105 移动到新位置: -7.150239 , 0 , 5.108847
2025-11-27 21:36:09.9938 (StateSyncRequestHandler.cs:18) 玩家ID:489242989124911105 移动方向: 0.62830055 , 0 , 0.77797073
2025-11-27 21:36:09.9938 (StateSyncRequestHandler.cs:18) 玩家ID:489242989124911105 移动到新位置: -7.024579 , 0 , 5.2644415
2025-11-27 21:36:10.0936 (StateSyncRequestHandler.cs:18) 玩家ID:489242989124911105 移动方向: 0.62830037 , 0 , 0.7779709
2025-11-27 21:36:10.0936 (StateSyncRequestHandler.cs:18) 玩家ID:489242989124911105 移动到新位置: -6.898919 , 0 , 5.420036
2025-11-27 21:36:10.1967 (StateSyncRequestHandler.cs:18) 玩家ID:489242989124911105 移动方向: 0.6283003 , 0 , 0.77797085
2025-11-27 21:36:10.1967 (StateSyncRequestHandler.cs:18) 玩家ID:489242989124911105 移动到新位置: -6.773259 , 0 , 5.57563
2025-11-27 21:36:10.2922 (StateSyncRequestHandler.cs:18) 玩家ID:489242989124911105 移动方向: 0.62833065 , 0 , 0.77794635
2025-11-27 21:36:10.2922 (StateSyncRequestHandler.cs:18) 玩家ID:489242989124911105 移动到新位置: -6.647593 , 0 , 5.7312193
2025-11-27 21:36:10.3883 (StateSyncRequestHandler.cs:18) 玩家ID:489242989124911105 移动方向: 0.6327638 , 0 , 0.7743449
2025-11-27 21:36:10.3883 (StateSyncRequestHandler.cs:18) 玩家ID:489242989124911105 移动到新位置: -6.5210404 , 0 , 5.8860884
2025-11-27 21:36:10.4947 (StateSyncRequestHandler.cs:18) 玩家ID:489242989124911105 移动方向: 0.64048535 , 0 , 0.7679704
2025-11-27 21:36:10.4947 (StateSyncRequestHandler.cs:18) 玩家ID:489242989124911105 移动到新位置: -6.3929434 , 0 , 6.0396824
2025-11-27 21:36:10.5897 (StateSyncRequestHandler.cs:18) 玩家ID:489242989124911105 移动方向: 0.6441868 , 0 , 0.76486826
2025-11-27 21:36:10.5897 (StateSyncRequestHandler.cs:18) 玩家ID:489242989124911105 移动到新位置: -6.264106 , 0 , 6.192656
2025-11-27 21:36:10.6931 (StateSyncRequestHandler.cs:18) 玩家ID:489242989124911105 移动方向: 0.7635749 , 0 , -0.6457193
2025-11-27 21:36:10.6931 (StateSyncRequestHandler.cs:18) 玩家ID:489242989124911105 移动到新位置: -6.1113906 , 0 , 6.0635123
2025-11-27 21:36:10.7903 (StateSyncRequestHandler.cs:18) 玩家ID:489242989124911105 移动方向: 0.7631647 , 0 , -0.64620405
2025-11-27 21:36:10.7903 (StateSyncRequestHandler.cs:18) 玩家ID:489242989124911105 移动到新位置: -5.958758 , 0 , 5.9342713
2025-11-27 21:36:10.8935 (StateSyncRequestHandler.cs:18) 玩家ID:489242989124911105 移动方向: 0.082472265 , 0 , -0.99659336
2025-11-27 21:36:10.8935 (StateSyncRequestHandler.cs:18) 玩家ID:489242989124911105 移动到新位置: -5.9422636 , 0 , 5.7349524
2025-11-27 21:36:10.9882 (StateSyncRequestHandler.cs:18) 玩家ID:489242989124911105 移动方向: 0.082407326 , 0 , -0.9965987
2025-11-27 21:36:10.9882 (StateSyncRequestHandler.cs:18) 玩家ID:489242989124911105 移动到新位置: -5.925782 , 0 , 5.5356326
2025-11-27 21:36:11.0887 (StateSyncRequestHandler.cs:18) 玩家ID:489242989124911105 移动方向: 0.0823859 , 0 , -0.9966005
2025-11-27 21:36:11.0887 (StateSyncRequestHandler.cs:18) 玩家ID:489242989124911105 移动到新位置: -5.909305 , 0 , 5.3363123
2025-11-27 21:36:11.1919 (StateSyncRequestHandler.cs:18) 玩家ID:489242989124911105 移动方向: 0.08237931 , 0 , -0.996601
2025-11-27 21:36:11.1919 (StateSyncRequestHandler.cs:18) 玩家ID:489242989124911105 移动到新位置: -5.8928294 , 0 , 5.136992
2025-11-27 21:36:11.2965 (StateSyncRequestHandler.cs:18) 玩家ID:489242989124911105 移动方向: 0.082377374 , 0 , -0.99660116
2025-11-27 21:36:11.2965 (StateSyncRequestHandler.cs:18) 玩家ID:489242989124911105 移动到新位置: -5.8763537 , 0 , 4.9376717
2025-11-27 21:36:11.3940 (StateSyncRequestHandler.cs:18) 玩家ID:489242989124911105 移动方向: -0.6464538 , 0 , -0.76295316
2025-11-27 21:36:11.3940 (StateSyncRequestHandler.cs:18) 玩家ID:489242989124911105 移动到新位置: -6.0056443 , 0 , 4.785081
2025-11-27 21:36:11.4930 (StateSyncRequestHandler.cs:18) 玩家ID:489242989124911105 移动方向: -0.6464538 , 0 , -0.76295304
2025-11-27 21:36:11.4930 (StateSyncRequestHandler.cs:18) 玩家ID:489242989124911105 移动到新位置: -6.134935 , 0 , 4.63249
2025-11-27 21:36:11.5918 (StateSyncRequestHandler.cs:18) 玩家ID:489242989124911105 移动方向: -0.64645386 , 0 , -0.76295316
2025-11-27 21:36:11.5918 (StateSyncRequestHandler.cs:18) 玩家ID:489242989124911105 移动到新位置: -6.2642255 , 0 , 4.4798994
2025-11-27 21:36:11.6909 (StateSyncRequestHandler.cs:18) 玩家ID:489242989124911105 移动方向: -0.64645386 , 0 , -0.76295316
2025-11-27 21:36:11.6909 (StateSyncRequestHandler.cs:18) 玩家ID:489242989124911105 移动到新位置: -6.393516 , 0 , 4.3273087
2025-11-27 21:36:11.7912 (StateSyncRequestHandler.cs:18) 玩家ID:489242989124911105 移动到新位置: -6.393516 , 0 , 4.3273087
2025-11-27 21:36:12.3887 (StateSyncRequestHandler.cs:18) 玩家ID:489242989124911105 移动方向: -0.9053673 , 0 , 0.42462924
2025-11-27 21:36:12.3887 (StateSyncRequestHandler.cs:18) 玩家ID:489242989124911105 移动到新位置: -6.5745897 , 0 , 4.4122343
2025-11-27 21:36:12.4923 (StateSyncRequestHandler.cs:18) 玩家ID:489242989124911105 移动方向: -0.9834821 , 0 , 0.18100542
2025-11-27 21:36:12.4923 (StateSyncRequestHandler.cs:18) 玩家ID:489242989124911105 移动到新位置: -6.771286 , 0 , 4.4484353
2025-11-27 21:36:12.5895 (StateSyncRequestHandler.cs:18) 玩家ID:489242989124911105 移动方向: -0.9980169 , 0 , 0.062946826
2025-11-27 21:36:12.5895 (StateSyncRequestHandler.cs:18) 玩家ID:489242989124911105 移动到新位置: -6.9708896 , 0 , 4.4610248
2025-11-27 21:36:12.6942 (StateSyncRequestHandler.cs:18) 玩家ID:489242989124911105 移动方向: -0.99992496 , 0 , 0.012253846
2025-11-27 21:36:12.6942 (StateSyncRequestHandler.cs:18) 玩家ID:489242989124911105 移动到新位置: -7.1708746 , 0 , 4.4634757
2025-11-27 21:36:12.7958 (StateSyncRequestHandler.cs:18) 玩家ID:489242989124911105 移动方向: -0.9999912 , 0 , -0.004213407
2025-11-27 21:36:12.7958 (StateSyncRequestHandler.cs:18) 玩家ID:489242989124911105 移动到新位置: -7.370873 , 0 , 4.462633
2025-11-27 21:36:12.8971 (StateSyncRequestHandler.cs:18) 玩家ID:489242989124911105 移动方向: -0.9999558 , 0 , -0.009402712
2025-11-27 21:36:12.8971 (StateSyncRequestHandler.cs:18) 玩家ID:489242989124911105 移动到新位置: -7.570864 , 0 , 4.4607525
2025-11-27 21:36:12.9959 (StateSyncRequestHandler.cs:18) 玩家ID:489242989124911105 移动方向: -0.99993896 , 0 , -0.011047708
2025-11-27 21:36:12.9959 (StateSyncRequestHandler.cs:18) 玩家ID:489242989124911105 移动到新位置: -7.770852 , 0 , 4.458543
2025-11-27 21:36:13.0940 (StateSyncRequestHandler.cs:18) 玩家ID:489242989124911105 移动方向: -0.9999332 , 0 , -0.011558645
2025-11-27 21:36:13.0940 (StateSyncRequestHandler.cs:18) 玩家ID:489242989124911105 移动到新位置: -7.9708385 , 0 , 4.456231
2025-11-27 21:36:13.1942 (StateSyncRequestHandler.cs:18) 玩家ID:489242989124911105 移动方向: -0.99993134 , 0 , -0.011720497
2025-11-27 21:36:13.1942 (StateSyncRequestHandler.cs:18) 玩家ID:489242989124911105 移动到新位置: -8.170825 , 0 , 4.453887
2025-11-27 21:36:13.3062 (StateSyncRequestHandler.cs:18) 玩家ID:489242989124911105 移动到新位置: -8.170825 , 0 , 4.453887
2025-11-27 21:36:18.2932 (StateSyncRequestHandler.cs:18) 玩家ID:489242989124911105 移动方向: 0.06433204 , 0 , -0.99792856
2025-11-27 21:36:18.2932 (StateSyncRequestHandler.cs:18) 玩家ID:489242989124911105 移动到新位置: -8.157959 , 0 , 4.254301
2025-11-27 21:36:18.3951 (StateSyncRequestHandler.cs:18) 玩家ID:489242989124911105 移动方向: -0.0018804934 , 0 , -0.9999983
2025-11-27 21:36:18.3951 (StateSyncRequestHandler.cs:18) 玩家ID:489242989124911105 移动到新位置: -8.158335 , 0 , 4.0543013
2025-11-27 21:36:18.4978 (StateSyncRequestHandler.cs:18) 玩家ID:489242989124911105 移动方向: -0.024549725 , 0 , -0.99969864
2025-11-27 21:36:18.4978 (StateSyncRequestHandler.cs:18) 玩家ID:489242989124911105 移动到新位置: -8.163244 , 0 , 3.8543615
2025-11-27 21:36:18.5889 (StateSyncRequestHandler.cs:18) 玩家ID:489242989124911105 移动方向: -0.031649876 , 0 , -0.999499
2025-11-27 21:36:18.5889 (StateSyncRequestHandler.cs:18) 玩家ID:489242989124911105 移动到新位置: -8.169574 , 0 , 3.6544616
2025-11-27 21:36:18.6939 (StateSyncRequestHandler.cs:18) 玩家ID:489242989124911105 移动方向: -0.034284875 , 0 , -0.99941206
2025-11-27 21:36:18.6939 (StateSyncRequestHandler.cs:18) 玩家ID:489242989124911105 移动到新位置: -8.176431 , 0 , 3.454579
2025-11-27 21:36:18.7899 (StateSyncRequestHandler.cs:18) 玩家ID:489242989124911105 移动方向: -0.035000652 , 0 , -0.9993873
2025-11-27 21:36:18.7899 (StateSyncRequestHandler.cs:18) 玩家ID:489242989124911105 移动到新位置: -8.183431 , 0 , 3.2547016
2025-11-27 21:36:18.8941 (StateSyncRequestHandler.cs:18) 玩家ID:489242989124911105 移动方向: -0.03524082 , 0 , -0.9993788
2025-11-27 21:36:18.8941 (StateSyncRequestHandler.cs:18) 玩家ID:489242989124911105 移动到新位置: -8.190479 , 0 , 3.0548258
2025-11-27 21:36:18.9932 (StateSyncRequestHandler.cs:18) 玩家ID:489242989124911105 移动方向: -0.03530445 , 0 , -0.9993766
2025-11-27 21:36:18.9932 (StateSyncRequestHandler.cs:18) 玩家ID:489242989124911105 移动到新位置: -8.19754 , 0 , 2.8549504
2025-11-27 21:36:19.0925 (StateSyncRequestHandler.cs:18) 玩家ID:489242989124911105 移动方向: -0.035323985 , 0 , -0.9993759
2025-11-27 21:36:19.0925 (StateSyncRequestHandler.cs:18) 玩家ID:489242989124911105 移动到新位置: -8.204605 , 0 , 2.6550753
2025-11-27 21:36:19.1889 (StateSyncRequestHandler.cs:18) 玩家ID:489242989124911105 移动到新位置: -8.204605 , 0 , 2.6550753
2025-11-27 21:36:21.4881 (StateSyncRequestHandler.cs:18) 玩家ID:489242989124911105 移动方向: -0.99937564 , 0 , 0.035331134
2025-11-27 21:36:21.4881 (StateSyncRequestHandler.cs:18) 玩家ID:489242989124911105 移动到新位置: -8.40448 , 0 , 2.6621416
2025-11-27 21:36:21.5956 (StateSyncRequestHandler.cs:18) 玩家ID:489242989124911105 移动到新位置: -8.40448 , 0 , 2.6621416
2025-11-27 21:36:21.6893 (StateSyncRequestHandler.cs:18) 玩家ID:489242989124911105 移动方向: 0.99937564 , 0 , -0.035331134
2025-11-27 21:36:21.6893 (StateSyncRequestHandler.cs:18) 玩家ID:489242989124911105 移动到新位置: -8.204605 , 0 , 2.6550753
2025-11-27 21:36:21.7956 (StateSyncRequestHandler.cs:18) 玩家ID:489242989124911105 移动方向: 0.6816824 , 0 , -0.73164815
2025-11-27 21:36:21.7956 (StateSyncRequestHandler.cs:18) 玩家ID:489242989124911105 移动到新位置: -8.068269 , 0 , 2.5087457
2025-11-27 21:36:21.8927 (StateSyncRequestHandler.cs:18) 玩家ID:489242989124911105 移动方向: -0.03533113 , 0 , -0.99937564
2025-11-27 21:36:21.8927 (StateSyncRequestHandler.cs:18) 玩家ID:489242989124911105 移动到新位置: -8.075335 , 0 , 2.3088706
2025-11-27 21:36:21.9953 (StateSyncRequestHandler.cs:18) 玩家ID:489242989124911105 移动方向: -0.03533113 , 0 , -0.99937564
2025-11-27 21:36:21.9953 (StateSyncRequestHandler.cs:18) 玩家ID:489242989124911105 移动到新位置: -8.0824 , 0 , 2.1089954
2025-11-27 21:36:22.0877 (StateSyncRequestHandler.cs:18) 玩家ID:489242989124911105 移动方向: -0.03533113 , 0 , -0.99937564
2025-11-27 21:36:22.0877 (StateSyncRequestHandler.cs:18) 玩家ID:489242989124911105 移动到新位置: -8.089466 , 0 , 1.9091203
2025-11-27 21:36:22.1899 (StateSyncRequestHandler.cs:18) 玩家ID:489242989124911105 移动方向: -0.03533113 , 0 , -0.99937564
2025-11-27 21:36:22.1899 (StateSyncRequestHandler.cs:18) 玩家ID:489242989124911105 移动到新位置: -8.096532 , 0 , 1.7092452
2025-11-27 21:36:22.2897 (StateSyncRequestHandler.cs:18) 玩家ID:489242989124911105 移动方向: -0.03533113 , 0 , -0.99937564
2025-11-27 21:36:22.2897 (StateSyncRequestHandler.cs:18) 玩家ID:489242989124911105 移动到新位置: -8.103598 , 0 , 1.5093701
2025-11-27 21:36:22.3940 (StateSyncRequestHandler.cs:18) 玩家ID:489242989124911105 移动方向: 0.6816824 , 0 , -0.73164815
2025-11-27 21:36:22.3940 (StateSyncRequestHandler.cs:18) 玩家ID:489242989124911105 移动到新位置: -7.9672613 , 0 , 1.3630404
2025-11-27 21:36:22.4958 (StateSyncRequestHandler.cs:18) 玩家ID:489242989124911105 移动到新位置: -7.9672613 , 0 , 1.3630404
2025-11-27 21:36:25.7890 (StateSyncRequestHandler.cs:18) 玩家ID:489242989124911105 移动方向: -0.34003478 , 0 , -0.9404128
2025-11-27 21:36:25.7890 (StateSyncRequestHandler.cs:18) 玩家ID:489242989124911105 移动到新位置: -8.035268 , 0 , 1.1749579
2025-11-27 21:36:25.8951 (StateSyncRequestHandler.cs:18) 玩家ID:489242989124911105 移动方向: -0.22628325 , 0 , -0.97406155
2025-11-27 21:36:25.8951 (StateSyncRequestHandler.cs:18) 玩家ID:489242989124911105 移动到新位置: -8.080524 , 0 , 0.9801456
2025-11-27 21:36:25.9884 (StateSyncRequestHandler.cs:18) 玩家ID:489242989124911105 移动方向: -0.13893509 , 0 , -0.9903015
2025-11-27 21:36:25.9884 (StateSyncRequestHandler.cs:18) 玩家ID:489242989124911105 移动到新位置: -8.108312 , 0 , 0.7820853
2025-11-27 21:36:26.0927 (StateSyncRequestHandler.cs:18) 玩家ID:489242989124911105 移动方向: -0.092242956 , 0 , -0.99573654
2025-11-27 21:36:26.0927 (StateSyncRequestHandler.cs:18) 玩家ID:489242989124911105 移动到新位置: -8.1267605 , 0 , 0.582938
2025-11-27 21:36:26.1909 (StateSyncRequestHandler.cs:18) 玩家ID:489242989124911105 移动方向: -0.06926465 , 0 , -0.99759835
2025-11-27 21:36:26.1909 (StateSyncRequestHandler.cs:18) 玩家ID:489242989124911105 移动到新位置: -8.140614 , 0 , 0.38341835
2025-11-27 21:36:26.2928 (StateSyncRequestHandler.cs:18) 玩家ID:489242989124911105 移动方向: -0.6477861 , 0 , -0.7618223
2025-11-27 21:36:26.2928 (StateSyncRequestHandler.cs:18) 玩家ID:489242989124911105 移动到新位置: -8.270171 , 0 , 0.23105389
2025-11-27 21:36:26.3934 (StateSyncRequestHandler.cs:18) 玩家ID:489242989124911105 移动方向: -0.3627384 , 0 , -0.931891
2025-11-27 21:36:26.3934 (StateSyncRequestHandler.cs:18) 玩家ID:489242989124911105 移动到新位置: -8.342719 , 0 , 0.044675693
2025-11-27 21:36:26.4954 (StateSyncRequestHandler.cs:18) 玩家ID:489242989124911105 移动方向: -0.05346767 , 0 , -0.99856955
2025-11-27 21:36:26.4954 (StateSyncRequestHandler.cs:18) 玩家ID:489242989124911105 移动到新位置: -8.353413 , 0 , -0.15503822
2025-11-27 21:36:26.5930 (StateSyncRequestHandler.cs:18) 玩家ID:489242989124911105 移动方向: 0.09938176 , 0 , -0.99504936
2025-11-27 21:36:26.5930 (StateSyncRequestHandler.cs:18) 玩家ID:489242989124911105 移动到新位置: -8.333536 , 0 , -0.35404807
2025-11-27 21:36:26.6945 (StateSyncRequestHandler.cs:18) 玩家ID:489242989124911105 移动方向: 0.16419236 , 0 , -0.9864283
2025-11-27 21:36:26.6945 (StateSyncRequestHandler.cs:18) 玩家ID:489242989124911105 移动到新位置: -8.300697 , 0 , -0.5513337
2025-11-27 21:36:26.7878 (StateSyncRequestHandler.cs:18) 玩家ID:489242989124911105 移动方向: 0.18703435 , 0 , -0.9823533
2025-11-27 21:36:26.7878 (StateSyncRequestHandler.cs:18) 玩家ID:489242989124911105 移动到新位置: -8.26329 , 0 , -0.7478044
2025-11-27 21:36:26.8873 (StateSyncRequestHandler.cs:18) 玩家ID:489242989124911105 移动方向: 0.18929419 , 0 , -0.9819204
2025-11-27 21:36:26.8873 (StateSyncRequestHandler.cs:18) 玩家ID:489242989124911105 移动到新位置: -8.225431 , 0 , -0.9441885
2025-11-27 21:36:26.9971 (StateSyncRequestHandler.cs:18) 玩家ID:489242989124911105 移动方向: 0.0009085238 , 0 , -0.9999996
2025-11-27 21:36:26.9971 (StateSyncRequestHandler.cs:18) 玩家ID:489242989124911105 移动到新位置: -8.225249 , 0 , -1.1441884
2025-11-27 21:36:27.0946 (StateSyncRequestHandler.cs:18) 玩家ID:489242989124911105 移动方向: 0.41674155 , 0 , -0.909025
2025-11-27 21:36:27.0946 (StateSyncRequestHandler.cs:18) 玩家ID:489242989124911105 移动到新位置: -8.141901 , 0 , -1.3259934
2025-11-27 21:36:27.1914 (StateSyncRequestHandler.cs:18) 玩家ID:489242989124911105 移动方向: 0.22864875 , 0 , -0.97350895
2025-11-27 21:36:27.1914 (StateSyncRequestHandler.cs:18) 玩家ID:489242989124911105 移动到新位置: -8.096171 , 0 , -1.5206952
2025-11-27 21:36:27.2899 (StateSyncRequestHandler.cs:18) 玩家ID:489242989124911105 移动方向: 0.10502756 , 0 , -0.9944693
2025-11-27 21:36:27.2899 (StateSyncRequestHandler.cs:18) 玩家ID:489242989124911105 移动到新位置: -8.075166 , 0 , -1.719589
2025-11-27 21:36:27.3907 (StateSyncRequestHandler.cs:18) 玩家ID:489242989124911105 移动方向: 0.6338854 , 0 , -0.77342695
2025-11-27 21:36:27.3907 (StateSyncRequestHandler.cs:18) 玩家ID:489242989124911105 移动到新位置: -7.9483886 , 0 , -1.8742744
2025-11-27 21:36:27.4909 (StateSyncRequestHandler.cs:18) 玩家ID:489242989124911105 移动方向: 0.4459993 , 0 , -0.89503336
2025-11-27 21:36:27.4909 (StateSyncRequestHandler.cs:18) 玩家ID:489242989124911105 移动到新位置: -7.8591886 , 0 , -2.053281
2025-11-27 21:36:27.5899 (StateSyncRequestHandler.cs:18) 玩家ID:489242989124911105 移动方向: 0.22589508 , 0 , -0.9741517
2025-11-27 21:36:27.5899 (StateSyncRequestHandler.cs:18) 玩家ID:489242989124911105 移动到新位置: -7.8140097 , 0 , -2.2481115
2025-11-27 21:36:27.6888 (StateSyncRequestHandler.cs:18) 玩家ID:489242989124911105 移动方向: 0.053178165 , 0 , -0.99858505
2025-11-27 21:36:27.6888 (StateSyncRequestHandler.cs:18) 玩家ID:489242989124911105 移动到新位置: -7.803374 , 0 , -2.4478285
2025-11-27 21:36:27.7871 (StateSyncRequestHandler.cs:18) 玩家ID:489242989124911105 移动方向: -0.026254587 , 0 , -0.9996553
2025-11-27 21:36:27.7871 (StateSyncRequestHandler.cs:18) 玩家ID:489242989124911105 移动到新位置: -7.8086247 , 0 , -2.6477597
2025-11-27 21:36:27.8939 (StateSyncRequestHandler.cs:18) 玩家ID:489242989124911105 移动方向: -0.05930836 , 0 , -0.9982397
2025-11-27 21:36:27.8939 (StateSyncRequestHandler.cs:18) 玩家ID:489242989124911105 移动到新位置: -7.8204865 , 0 , -2.8474076
2025-11-27 21:36:27.9881 (StateSyncRequestHandler.cs:18) 玩家ID:489242989124911105 移动方向: -0.06953449 , 0 , -0.9975796
2025-11-27 21:36:27.9881 (StateSyncRequestHandler.cs:18) 玩家ID:489242989124911105 移动到新位置: -7.8343935 , 0 , -3.0469234
2025-11-27 21:36:28.0876 (StateSyncRequestHandler.cs:18) 玩家ID:489242989124911105 移动方向: -0.07294639 , 0 , -0.99733585
2025-11-27 21:36:28.0876 (StateSyncRequestHandler.cs:18) 玩家ID:489242989124911105 移动到新位置: -7.848983 , 0 , -3.2463906
2025-11-27 21:36:28.1887 (StateSyncRequestHandler.cs:18) 玩家ID:489242989124911105 移动方向: 0.6653491 , 0 , -0.7465323
2025-11-27 21:36:28.1887 (StateSyncRequestHandler.cs:18) 玩家ID:489242989124911105 移动到新位置: -7.715913 , 0 , -3.395697
2025-11-27 21:36:28.2877 (StateSyncRequestHandler.cs:18) 玩家ID:489242989124911105 移动方向: 0.7805294 , 0 , -0.6251191
2025-11-27 21:36:28.2877 (StateSyncRequestHandler.cs:18) 玩家ID:489242989124911105 移动到新位置: -7.559807 , 0 , -3.520721
2025-11-27 21:36:28.3898 (StateSyncRequestHandler.cs:18) 玩家ID:489242989124911105 移动方向: 0.4709171 , 0 , -0.8821775
2025-11-27 21:36:28.3898 (StateSyncRequestHandler.cs:18) 玩家ID:489242989124911105 移动到新位置: -7.4656234 , 0 , -3.6971564
2025-11-27 21:36:28.4925 (StateSyncRequestHandler.cs:18) 玩家ID:489242989124911105 移动方向: 0.28967312 , 0 , -0.95712554
2025-11-27 21:36:28.4925 (StateSyncRequestHandler.cs:18) 玩家ID:489242989124911105 移动到新位置: -7.4076886 , 0 , -3.8885815
2025-11-27 21:36:28.5873 (StateSyncRequestHandler.cs:18) 玩家ID:489242989124911105 移动方向: 0.044143748 , 0 , -0.99902517
2025-11-27 21:36:28.5873 (StateSyncRequestHandler.cs:18) 玩家ID:489242989124911105 移动到新位置: -7.39886 , 0 , -4.0883865
2025-11-27 21:36:28.6916 (StateSyncRequestHandler.cs:18) 玩家ID:489242989124911105 移动方向: 0.39254206 , 0 , -0.919734
2025-11-27 21:36:28.6916 (StateSyncRequestHandler.cs:18) 玩家ID:489242989124911105 移动到新位置: -7.3203516 , 0 , -4.272333
2025-11-27 21:36:28.7949 (StateSyncRequestHandler.cs:18) 玩家ID:489242989124911105 移动方向: 0.61734515 , 0 , -0.78669244
2025-11-27 21:36:28.7949 (StateSyncRequestHandler.cs:18) 玩家ID:489242989124911105 移动到新位置: -7.1968827 , 0 , -4.429672
2025-11-27 21:36:28.8898 (StateSyncRequestHandler.cs:18) 玩家ID:489242989124911105 移动方向: 0.75988126 , 0 , -0.6500619
2025-11-27 21:36:28.8898 (StateSyncRequestHandler.cs:18) 玩家ID:489242989124911105 移动到新位置: -7.0449066 , 0 , -4.5596843
2025-11-27 21:36:28.9894 (StateSyncRequestHandler.cs:18) 玩家ID:489242989124911105 移动方向: 0.82345647 , 0 , -0.5673795
2025-11-27 21:36:28.9901 (StateSyncRequestHandler.cs:18) 玩家ID:489242989124911105 移动到新位置: -6.880215 , 0 , -4.67316
2025-11-27 21:36:29.0932 (StateSyncRequestHandler.cs:18) 玩家ID:489242989124911105 移动方向: 0.84739476 , 0 , -0.5309635
2025-11-27 21:36:29.0932 (StateSyncRequestHandler.cs:18) 玩家ID:489242989124911105 移动到新位置: -6.7107363 , 0 , -4.7793527
2025-11-27 21:36:29.1890 (StateSyncRequestHandler.cs:18) 玩家ID:489242989124911105 移动方向: 0.85492 , 0 , -0.5187598
2025-11-27 21:36:29.1890 (StateSyncRequestHandler.cs:18) 玩家ID:489242989124911105 移动到新位置: -6.5397525 , 0 , -4.883105
2025-11-27 21:36:29.3050 (StateSyncRequestHandler.cs:18) 玩家ID:489242989124911105 移动方向: 0.24283817 , 0 , -0.9700668
2025-11-27 21:36:29.3050 (StateSyncRequestHandler.cs:18) 玩家ID:489242989124911105 移动到新位置: -6.4911847 , 0 , -5.077118
2025-11-27 21:36:29.3899 (StateSyncRequestHandler.cs:18) 玩家ID:489242989124911105 移动方向: 0.24422249 , 0 , -0.9697192
2025-11-27 21:36:29.3899 (StateSyncRequestHandler.cs:18) 玩家ID:489242989124911105 移动到新位置: -6.4423404 , 0 , -5.271062
2025-11-27 21:36:29.4900 (StateSyncRequestHandler.cs:18) 玩家ID:489242989124911105 移动方向: -0.5125954 , 0 , -0.8586303
2025-11-27 21:36:29.4900 (StateSyncRequestHandler.cs:18) 玩家ID:489242989124911105 移动到新位置: -6.5448594 , 0 , -5.442788
2025-11-27 21:36:29.5934 (StateSyncRequestHandler.cs:18) 玩家ID:489242989124911105 移动方向: -0.51246464 , 0 , -0.8587083
2025-11-27 21:36:29.5934 (StateSyncRequestHandler.cs:18) 玩家ID:489242989124911105 移动到新位置: -6.647352 , 0 , -5.6145296
2025-11-27 21:36:29.6960 (StateSyncRequestHandler.cs:18) 玩家ID:489242989124911105 移动方向: -0.5124284 , 0 , -0.8587299
2025-11-27 21:36:29.6960 (StateSyncRequestHandler.cs:18) 玩家ID:489242989124911105 移动到新位置: -6.749838 , 0 , -5.7862754
2025-11-27 21:36:29.7920 (StateSyncRequestHandler.cs:18) 玩家ID:489242989124911105 移动方向: -0.96955264 , 0 , -0.24488309
2025-11-27 21:36:29.7920 (StateSyncRequestHandler.cs:18) 玩家ID:489242989124911105 移动到新位置: -6.9437485 , 0 , -5.835252
2025-11-27 21:36:29.8942 (StateSyncRequestHandler.cs:18) 玩家ID:489242989124911105 移动方向: -0.8587377 , 0 , 0.5124154
2025-11-27 21:36:29.8942 (StateSyncRequestHandler.cs:18) 玩家ID:489242989124911105 移动到新位置: -7.115496 , 0 , -5.7327685
2025-11-27 21:36:29.9899 (StateSyncRequestHandler.cs:18) 玩家ID:489242989124911105 移动方向: -0.8591882 , 0 , 0.5116597
2025-11-27 21:36:29.9899 (StateSyncRequestHandler.cs:18) 玩家ID:489242989124911105 移动到新位置: -7.287334 , 0 , -5.6304364
2025-11-27 21:36:30.0893 (StateSyncRequestHandler.cs:18) 玩家ID:489242989124911105 移动方向: 0.51023144 , 0 , 0.8600372
2025-11-27 21:36:30.0893 (StateSyncRequestHandler.cs:18) 玩家ID:489242989124911105 移动到新位置: -7.1852875 , 0 , -5.458429
2025-11-27 21:36:30.1911 (StateSyncRequestHandler.cs:18) 玩家ID:489242989124911105 移动方向: 0.96871036 , 0 , 0.24819392
2025-11-27 21:36:30.1911 (StateSyncRequestHandler.cs:18) 玩家ID:489242989124911105 移动到新位置: -6.991545 , 0 , -5.40879
2025-11-27 21:36:30.2949 (StateSyncRequestHandler.cs:18) 玩家ID:489242989124911105 移动方向: 0.9686236 , 0 , 0.24853247
2025-11-27 21:36:30.2949 (StateSyncRequestHandler.cs:18) 玩家ID:489242989124911105 移动到新位置: -6.7978206 , 0 , -5.3590837
2025-11-27 21:36:30.3909 (StateSyncRequestHandler.cs:18) 玩家ID:489242989124911105 移动方向: 0.5090867 , 0 , 0.8607152
2025-11-27 21:36:30.3909 (StateSyncRequestHandler.cs:18) 玩家ID:489242989124911105 移动到新位置: -6.6960034 , 0 , -5.1869407
2025-11-27 21:36:30.4895 (StateSyncRequestHandler.cs:18) 玩家ID:489242989124911105 移动方向: -0.8603005 , 0 , 0.5097874
2025-11-27 21:36:30.4895 (StateSyncRequestHandler.cs:18) 玩家ID:489242989124911105 移动到新位置: -6.8680634 , 0 , -5.0849833
2025-11-27 21:36:30.5950 (StateSyncRequestHandler.cs:18) 玩家ID:489242989124911105 移动方向: -0.9746318 , 0 , -0.22381422
2025-11-27 21:36:30.5950 (StateSyncRequestHandler.cs:18) 玩家ID:489242989124911105 移动到新位置: -7.0629897 , 0 , -5.129746
2025-11-27 21:36:30.6918 (StateSyncRequestHandler.cs:18) 玩家ID:489242989124911105 移动方向: -0.57626855 , 0 , -0.8172604
2025-11-27 21:36:30.6918 (StateSyncRequestHandler.cs:18) 玩家ID:489242989124911105 移动到新位置: -7.1782436 , 0 , -5.293198
2025-11-27 21:36:30.7944 (StateSyncRequestHandler.cs:18) 玩家ID:489242989124911105 移动方向: -0.6049878 , 0 , -0.7962348
2025-11-27 21:36:30.7944 (StateSyncRequestHandler.cs:18) 玩家ID:489242989124911105 移动到新位置: -7.299241 , 0 , -5.452445
2025-11-27 21:36:30.8981 (StateSyncRequestHandler.cs:18) 玩家ID:489242989124911105 移动方向: -0.6158456 , 0 , -0.7878669
2025-11-27 21:36:30.8981 (StateSyncRequestHandler.cs:18) 玩家ID:489242989124911105 移动到新位置: -7.42241 , 0 , -5.6100183
2025-11-27 21:36:30.9866 (StateSyncRequestHandler.cs:18) 玩家ID:489242989124911105 移动方向: -0.99321145 , 0 , -0.11632258
2025-11-27 21:36:30.9866 (StateSyncRequestHandler.cs:18) 玩家ID:489242989124911105 移动到新位置: -7.6210523 , 0 , -5.6332827
2025-11-27 21:36:31.0946 (StateSyncRequestHandler.cs:18) 玩家ID:489242989124911105 移动方向: -0.7833688 , 0 , 0.6215572
2025-11-27 21:36:31.0946 (StateSyncRequestHandler.cs:18) 玩家ID:489242989124911105 移动到新位置: -7.777726 , 0 , -5.508971
2025-11-27 21:36:31.1958 (StateSyncRequestHandler.cs:18) 玩家ID:489242989124911105 移动方向: -0.11388081 , 0 , 0.99349445
2025-11-27 21:36:31.1958 (StateSyncRequestHandler.cs:18) 玩家ID:489242989124911105 移动到新位置: -7.8005023 , 0 , -5.310272
2025-11-27 21:36:31.2909 (StateSyncRequestHandler.cs:18) 玩家ID:489242989124911105 移动方向: -0.1137166 , 0 , 0.9935133
2025-11-27 21:36:31.2909 (StateSyncRequestHandler.cs:18) 玩家ID:489242989124911105 移动到新位置: -7.8232455 , 0 , -5.1115694
2025-11-27 21:36:31.3878 (StateSyncRequestHandler.cs:18) 玩家ID:489242989124911105 移动方向: -0.11366403 , 0 , 0.9935192
2025-11-27 21:36:31.3878 (StateSyncRequestHandler.cs:18) 玩家ID:489242989124911105 移动到新位置: -7.8459783 , 0 , -4.9128656
2025-11-27 21:36:31.4898 (StateSyncRequestHandler.cs:18) 玩家ID:489242989124911105 移动方向: -0.1136474 , 0 , 0.9935211
2025-11-27 21:36:31.4898 (StateSyncRequestHandler.cs:18) 玩家ID:489242989124911105 移动到新位置: -7.8687077 , 0 , -4.7141614
2025-11-27 21:36:31.5960 (StateSyncRequestHandler.cs:18) 玩家ID:489242989124911105 移动方向: -0.11275649 , 0 , 0.99362266
2025-11-27 21:36:31.5960 (StateSyncRequestHandler.cs:18) 玩家ID:489242989124911105 移动到新位置: -7.891259 , 0 , -4.5154366
2025-11-27 21:36:31.6884 (StateSyncRequestHandler.cs:18) 玩家ID:489242989124911105 移动方向: -0.09356335 , 0 , 0.99561334
2025-11-27 21:36:31.6884 (StateSyncRequestHandler.cs:18) 玩家ID:489242989124911105 移动到新位置: -7.9099717 , 0 , -4.3163137
2025-11-27 21:36:31.7953 (StateSyncRequestHandler.cs:18) 玩家ID:489242989124911105 移动方向: -0.6907759 , 0 , 0.72306895
2025-11-27 21:36:31.7953 (StateSyncRequestHandler.cs:18) 玩家ID:489242989124911105 移动到新位置: -8.048127 , 0 , -4.1717
2025-11-27 21:36:31.8891 (StateSyncRequestHandler.cs:18) 玩家ID:489242989124911105 移动方向: -0.96186 , 0 , 0.2735421
2025-11-27 21:36:31.8891 (StateSyncRequestHandler.cs:18) 玩家ID:489242989124911105 移动到新位置: -8.2404995 , 0 , -4.1169915
2025-11-27 21:36:31.9935 (StateSyncRequestHandler.cs:18) 玩家ID:489242989124911105 移动方向: -0.9698561 , 0 , -0.24367838
2025-11-27 21:36:31.9935 (StateSyncRequestHandler.cs:18) 玩家ID:489242989124911105 移动到新位置: -8.434471 , 0 , -4.165727
2025-11-27 21:36:32.0932 (StateSyncRequestHandler.cs:18) 玩家ID:489242989124911105 移动方向: -0.61217827 , 0 , -0.7907198
2025-11-27 21:36:32.0932 (StateSyncRequestHandler.cs:18) 玩家ID:489242989124911105 移动到新位置: -8.556907 , 0 , -4.323871
2025-11-27 21:36:32.1914 (StateSyncRequestHandler.cs:18) 玩家ID:489242989124911105 移动方向: 0.079787396 , 0 , -0.99681187
2025-11-27 21:36:32.1914 (StateSyncRequestHandler.cs:18) 玩家ID:489242989124911105 移动到新位置: -8.540949 , 0 , -4.5232334
2025-11-27 21:36:32.2877 (StateSyncRequestHandler.cs:18) 玩家ID:489242989124911105 移动方向: 0.06307646 , 0 , -0.99800867
2025-11-27 21:36:32.2877 (StateSyncRequestHandler.cs:18) 玩家ID:489242989124911105 移动到新位置: -8.528334 , 0 , -4.722835
2025-11-27 21:36:32.3919 (StateSyncRequestHandler.cs:18) 玩家ID:489242989124911105 移动方向: 0.057365876 , 0 , -0.99835324
2025-11-27 21:36:32.3919 (StateSyncRequestHandler.cs:18) 玩家ID:489242989124911105 移动到新位置: -8.516861 , 0 , -4.922506
2025-11-27 21:36:32.4952 (StateSyncRequestHandler.cs:18) 玩家ID:489242989124911105 移动方向: 0.745361 , 0 , -0.66666114
2025-11-27 21:36:32.4952 (StateSyncRequestHandler.cs:18) 玩家ID:489242989124911105 移动到新位置: -8.367788 , 0 , -5.055838
2025-11-27 21:36:32.5912 (StateSyncRequestHandler.cs:18) 玩家ID:489242989124911105 移动方向: 0.7450661 , 0 , -0.6669906
2025-11-27 21:36:32.5912 (StateSyncRequestHandler.cs:18) 玩家ID:489242989124911105 移动到新位置: -8.218775 , 0 , -5.189236
2025-11-27 21:36:32.6945 (StateSyncRequestHandler.cs:18) 玩家ID:489242989124911105 移动方向: 0.75841343 , 0 , -0.6517738
2025-11-27 21:36:32.6945 (StateSyncRequestHandler.cs:18) 玩家ID:489242989124911105 移动到新位置: -8.067092 , 0 , -5.319591
2025-11-27 21:36:32.7894 (StateSyncRequestHandler.cs:18) 玩家ID:489242989124911105 移动方向: 0.21650295 , 0 , -0.976282
2025-11-27 21:36:32.7894 (StateSyncRequestHandler.cs:18) 玩家ID:489242989124911105 移动到新位置: -8.023791 , 0 , -5.5148473
2025-11-27 21:36:32.8901 (StateSyncRequestHandler.cs:18) 玩家ID:489242989124911105 移动方向: 0.4639289 , 0 , -0.8858725
2025-11-27 21:36:32.8901 (StateSyncRequestHandler.cs:18) 玩家ID:489242989124911105 移动到新位置: -7.9310055 , 0 , -5.692022
2025-11-27 21:36:32.9935 (StateSyncRequestHandler.cs:18) 玩家ID:489242989124911105 移动方向: 0.6132772 , 0 , -0.78986776
2025-11-27 21:36:32.9935 (StateSyncRequestHandler.cs:18) 玩家ID:489242989124911105 移动到新位置: -7.80835 , 0 , -5.8499956
2025-11-27 21:36:33.0927 (StateSyncRequestHandler.cs:18) 玩家ID:489242989124911105 移动方向: -0.052953392 , 0 , -0.998597
2025-11-27 21:36:33.0927 (StateSyncRequestHandler.cs:18) 玩家ID:489242989124911105 移动到新位置: -7.8189406 , 0 , -6.049715
2025-11-27 21:36:33.1877 (StateSyncRequestHandler.cs:18) 玩家ID:489242989124911105 移动方向: -0.7253148 , 0 , -0.6884173
2025-11-27 21:36:33.1877 (StateSyncRequestHandler.cs:18) 玩家ID:489242989124911105 移动到新位置: -7.9640036 , 0 , -6.1873984
2025-11-27 21:36:33.2940 (StateSyncRequestHandler.cs:18) 玩家ID:489242989124911105 移动方向: -0.99987257 , 0 , 0.015963852
2025-11-27 21:36:33.2940 (StateSyncRequestHandler.cs:18) 玩家ID:489242989124911105 移动到新位置: -8.163978 , 0 , -6.1842055
2025-11-27 21:36:33.3877 (StateSyncRequestHandler.cs:18) 玩家ID:489242989124911105 移动方向: -0.69773203 , 0 , 0.71635884
2025-11-27 21:36:33.3877 (StateSyncRequestHandler.cs:18) 玩家ID:489242989124911105 移动到新位置: -8.303524 , 0 , -6.0409336
2025-11-27 21:36:33.4864 (StateSyncRequestHandler.cs:18) 玩家ID:489242989124911105 移动方向: 0.71568084 , 0 , 0.69842744
2025-11-27 21:36:33.4864 (StateSyncRequestHandler.cs:18) 玩家ID:489242989124911105 移动到新位置: -8.160388 , 0 , -5.901248
2025-11-27 21:36:33.5893 (StateSyncRequestHandler.cs:18) 玩家ID:489242989124911105 移动方向: 0.9999292 , 0 , -0.0119023025
2025-11-27 21:36:33.5893 (StateSyncRequestHandler.cs:18) 玩家ID:489242989124911105 移动到新位置: -7.960402 , 0 , -5.9036283
2025-11-27 21:36:33.6897 (StateSyncRequestHandler.cs:18) 玩家ID:489242989124911105 移动方向: 0.99993014 , 0 , -0.0118137
2025-11-27 21:36:33.6897 (StateSyncRequestHandler.cs:18) 玩家ID:489242989124911105 移动到新位置: -7.760416 , 0 , -5.905991
2025-11-27 21:36:33.7898 (StateSyncRequestHandler.cs:18) 玩家ID:489242989124911105 移动方向: 0.9999305 , 0 , -0.011787474
2025-11-27 21:36:33.7898 (StateSyncRequestHandler.cs:18) 玩家ID:489242989124911105 移动到新位置: -7.56043 , 0 , -5.9083486
2025-11-27 21:36:33.8943 (StateSyncRequestHandler.cs:18) 玩家ID:489242989124911105 移动方向: 0.9999306 , 0 , -0.011779994
2025-11-27 21:36:33.8943 (StateSyncRequestHandler.cs:18) 玩家ID:489242989124911105 移动到新位置: -7.360444 , 0 , -5.9107046
2025-11-27 21:36:33.9913 (StateSyncRequestHandler.cs:18) 玩家ID:489242989124911105 移动方向: 0.69872963 , 0 , -0.71538585
2025-11-27 21:36:33.9913 (StateSyncRequestHandler.cs:18) 玩家ID:489242989124911105 移动到新位置: -7.2206984 , 0 , -6.053782
2025-11-27 21:36:34.0976 (StateSyncRequestHandler.cs:18) 玩家ID:489242989124911105 移动方向: 0.6987301 , 0 , -0.7153854
2025-11-27 21:36:34.0976 (StateSyncRequestHandler.cs:18) 玩家ID:489242989124911105 移动到新位置: -7.080952 , 0 , -6.196859
2025-11-27 21:36:34.2026 (StateSyncRequestHandler.cs:18) 玩家ID:489242989124911105 移动方向: -0.7153853 , 0 , -0.6987301
2025-11-27 21:36:34.2026 (StateSyncRequestHandler.cs:18) 玩家ID:489242989124911105 移动到新位置: -7.224029 , 0 , -6.336605
2025-11-27 21:36:34.2910 (StateSyncRequestHandler.cs:18) 玩家ID:489242989124911105 移动方向: -0.99993056 , 0 , 0.011777043
2025-11-27 21:36:34.2910 (StateSyncRequestHandler.cs:18) 玩家ID:489242989124911105 移动到新位置: -7.424015 , 0 , -6.3342495
2025-11-27 21:36:34.3888 (StateSyncRequestHandler.cs:18) 玩家ID:489242989124911105 移动方向: -0.6987301 , 0 , 0.7153854
2025-11-27 21:36:34.3888 (StateSyncRequestHandler.cs:18) 玩家ID:489242989124911105 移动到新位置: -7.563761 , 0 , -6.1911726
2025-11-27 21:36:34.4937 (StateSyncRequestHandler.cs:18) 玩家ID:489242989124911105 移动方向: -0.6987301 , 0 , 0.7153854
2025-11-27 21:36:34.4937 (StateSyncRequestHandler.cs:18) 玩家ID:489242989124911105 移动到新位置: -7.7035074 , 0 , -6.0480957
2025-11-27 21:36:34.5961 (StateSyncRequestHandler.cs:18) 玩家ID:489242989124911105 移动方向: 0.7153853 , 0 , 0.6987301
2025-11-27 21:36:34.5961 (StateSyncRequestHandler.cs:18) 玩家ID:489242989124911105 移动到新位置: -7.5604305 , 0 , -5.9083495
2025-11-27 21:36:34.6880 (StateSyncRequestHandler.cs:18) 玩家ID:489242989124911105 移动方向: 0.99993056 , 0 , -0.011777043
2025-11-27 21:36:34.6880 (StateSyncRequestHandler.cs:18) 玩家ID:489242989124911105 移动到新位置: -7.3604445 , 0 , -5.910705
2025-11-27 21:36:34.7900 (StateSyncRequestHandler.cs:18) 玩家ID:489242989124911105 移动到新位置: -7.3604445 , 0 , -5.910705
2025-11-27 21:37:57.9899  收到登录请求
2025-11-27 21:38:00.0320  收到登录请求
2025-11-27 21:38:00.0631  进入大厅成功，玩家ID:489242989124911105
2025-11-27 21:38:01.6649 (StateSyncRequestHandler.cs:18) 玩家ID:489242989124911105 移动方向: -0.9294589 , 0 , 0.36892563
2025-11-27 21:38:01.6649 (StateSyncRequestHandler.cs:18) 玩家ID:489242989124911105 移动到新位置: -7.546336 , 0 , -5.83692
2025-11-27 21:38:01.7537 (StateSyncRequestHandler.cs:18) 玩家ID:489242989124911105 移动方向: -0.7089093 , 0 , 0.7052997
2025-11-27 21:38:01.7537 (StateSyncRequestHandler.cs:18) 玩家ID:489242989124911105 移动到新位置: -7.688118 , 0 , -5.69586
2025-11-27 21:38:01.8705 (StateSyncRequestHandler.cs:18) 玩家ID:489242989124911105 移动方向: -0.15844394 , 0 , 0.9873679
2025-11-27 21:38:01.8705 (StateSyncRequestHandler.cs:18) 玩家ID:489242989124911105 移动到新位置: -7.7198067 , 0 , -5.4983864
2025-11-27 21:38:01.9713 (StateSyncRequestHandler.cs:18) 玩家ID:489242989124911105 移动方向: 0.25262952 , 0 , 0.9675631
2025-11-27 21:38:01.9713 (StateSyncRequestHandler.cs:18) 玩家ID:489242989124911105 移动到新位置: -7.669281 , 0 , -5.304874
2025-11-27 21:38:02.0576 (StateSyncRequestHandler.cs:18) 玩家ID:489242989124911105 移动方向: 0.41937903 , 0 , 0.9078113
2025-11-27 21:38:02.0576 (StateSyncRequestHandler.cs:18) 玩家ID:489242989124911105 移动到新位置: -7.5854053 , 0 , -5.1233115
2025-11-27 21:38:02.1617 (StateSyncRequestHandler.cs:18) 玩家ID:489242989124911105 移动方向: 0.48067662 , 0 , 0.8768979
2025-11-27 21:38:02.1617 (StateSyncRequestHandler.cs:18) 玩家ID:489242989124911105 移动到新位置: -7.48927 , 0 , -4.947932
2025-11-27 21:38:02.2552 (StateSyncRequestHandler.cs:18) 玩家ID:489242989124911105 移动方向: -0.25958833 , 0 , 0.96571946
2025-11-27 21:38:02.2552 (StateSyncRequestHandler.cs:18) 玩家ID:489242989124911105 移动到新位置: -7.541188 , 0 , -4.754788
2025-11-27 21:38:02.3585 (StateSyncRequestHandler.cs:18) 玩家ID:489242989124911105 移动方向: -0.24314377 , 0 , 0.96999025
2025-11-27 21:38:02.3585 (StateSyncRequestHandler.cs:18) 玩家ID:489242989124911105 移动到新位置: -7.5898166 , 0 , -4.56079
2025-11-27 21:38:02.4535 (StateSyncRequestHandler.cs:18) 玩家ID:489242989124911105 移动方向: -0.16993791 , 0 , 0.9854548
2025-11-27 21:38:02.4535 (StateSyncRequestHandler.cs:18) 玩家ID:489242989124911105 移动到新位置: -7.623804 , 0 , -4.363699
2025-11-27 21:38:02.5548 (StateSyncRequestHandler.cs:18) 玩家ID:489242989124911105 移动方向: -0.048609078 , 0 , 0.99881786
2025-11-27 21:38:02.5548 (StateSyncRequestHandler.cs:18) 玩家ID:489242989124911105 移动到新位置: -7.633526 , 0 , -4.163935
2025-11-27 21:38:02.6609 (StateSyncRequestHandler.cs:18) 玩家ID:489242989124911105 移动方向: 0.029373854 , 0 , 0.99956846
2025-11-27 21:38:02.6609 (StateSyncRequestHandler.cs:18) 玩家ID:489242989124911105 移动到新位置: -7.627651 , 0 , -3.9640214
2025-11-27 21:38:02.7599 (StateSyncRequestHandler.cs:18) 玩家ID:489242989124911105 移动方向: 0.07305679 , 0 , 0.99732774
2025-11-27 21:38:02.7599 (StateSyncRequestHandler.cs:18) 玩家ID:489242989124911105 移动到新位置: -7.61304 , 0 , -3.764556
2025-11-27 21:38:02.8604 (StateSyncRequestHandler.cs:18) 玩家ID:489242989124911105 移动方向: -0.62070954 , 0 , 0.78404063
2025-11-27 21:38:02.8604 (StateSyncRequestHandler.cs:18) 玩家ID:489242989124911105 移动到新位置: -7.7371817 , 0 , -3.6077478
2025-11-27 21:38:02.9654 (StateSyncRequestHandler.cs:18) 玩家ID:489242989124911105 移动方向: -0.59986436 , 0 , 0.8001017
2025-11-27 21:38:02.9654 (StateSyncRequestHandler.cs:18) 玩家ID:489242989124911105 移动到新位置: -7.8571544 , 0 , -3.4477274
2025-11-27 21:38:03.0629 (StateSyncRequestHandler.cs:18) 玩家ID:489242989124911105 移动方向: 0.15135711 , 0 , 0.98847914
2025-11-27 21:38:03.0629 (StateSyncRequestHandler.cs:18) 玩家ID:489242989124911105 移动到新位置: -7.826883 , 0 , -3.2500317
2025-11-27 21:38:03.1571 (StateSyncRequestHandler.cs:18) 玩家ID:489242989124911105 移动方向: 0.80793124 , 0 , 0.58927673
2025-11-27 21:38:03.1571 (StateSyncRequestHandler.cs:18) 玩家ID:489242989124911105 移动到新位置: -7.6652966 , 0 , -3.1321764
2025-11-27 21:38:03.2593 (StateSyncRequestHandler.cs:18) 玩家ID:489242989124911105 移动方向: 0.7933552 , 0 , 0.6087589
2025-11-27 21:38:03.2593 (StateSyncRequestHandler.cs:18) 玩家ID:489242989124911105 移动到新位置: -7.5066257 , 0 , -3.0104246
2025-11-27 21:38:03.3566 (StateSyncRequestHandler.cs:18) 玩家ID:489242989124911105 移动方向: 0.6914269 , 0 , 0.7224465
2025-11-27 21:38:03.3566 (StateSyncRequestHandler.cs:18) 玩家ID:489242989124911105 移动到新位置: -7.3683405 , 0 , -2.8659353
2025-11-27 21:38:03.4550 (StateSyncRequestHandler.cs:18) 玩家ID:489242989124911105 移动方向: 0.59348136 , 0 , 0.8048477
2025-11-27 21:38:03.4550 (StateSyncRequestHandler.cs:18) 玩家ID:489242989124911105 移动到新位置: -7.2496443 , 0 , -2.7049658
2025-11-27 21:38:03.5617 (StateSyncRequestHandler.cs:18) 玩家ID:489242989124911105 移动方向: 0.543037 , 0 , 0.8397088
2025-11-27 21:38:03.5617 (StateSyncRequestHandler.cs:18) 玩家ID:489242989124911105 移动到新位置: -7.141037 , 0 , -2.537024
2025-11-27 21:38:03.6567 (StateSyncRequestHandler.cs:18) 玩家ID:489242989124911105 移动方向: 0.5251791 , 0 , 0.8509917
2025-11-27 21:38:03.6567 (StateSyncRequestHandler.cs:18) 玩家ID:489242989124911105 移动到新位置: -7.036001 , 0 , -2.3668256
2025-11-27 21:38:03.7613 (StateSyncRequestHandler.cs:18) 玩家ID:489242989124911105 移动方向: 0.5186448 , 0 , 0.85498977
2025-11-27 21:38:03.7613 (StateSyncRequestHandler.cs:18) 玩家ID:489242989124911105 移动到新位置: -6.9322724 , 0 , -2.1958277
2025-11-27 21:38:03.8592 (StateSyncRequestHandler.cs:18) 玩家ID:489242989124911105 移动方向: 0.51672876 , 0 , 0.8561492
2025-11-27 21:38:03.8592 (StateSyncRequestHandler.cs:18) 玩家ID:489242989124911105 移动到新位置: -6.8289266 , 0 , -2.024598
2025-11-27 21:38:03.9530 (StateSyncRequestHandler.cs:18) 玩家ID:489242989124911105 移动方向: 0.5160771 , 0 , 0.85654217
2025-11-27 21:38:03.9530 (StateSyncRequestHandler.cs:18) 玩家ID:489242989124911105 移动到新位置: -6.7257113 , 0 , -1.8532895
2025-11-27 21:38:04.0591 (StateSyncRequestHandler.cs:18) 玩家ID:489242989124911105 移动方向: 0.51587033 , 0 , 0.8566667
2025-11-27 21:38:04.0591 (StateSyncRequestHandler.cs:18) 玩家ID:489242989124911105 移动到新位置: -6.622537 , 0 , -1.6819562
2025-11-27 21:38:04.1536 (StateSyncRequestHandler.cs:18) 玩家ID:489242989124911105 移动方向: 0.5158133 , 0 , 0.856701
2025-11-27 21:38:04.1536 (StateSyncRequestHandler.cs:18) 玩家ID:489242989124911105 移动到新位置: -6.5193744 , 0 , -1.510616
2025-11-27 21:38:04.2586 (StateSyncRequestHandler.cs:18) 玩家ID:489242989124911105 移动方向: 0.51579386 , 0 , 0.85671276
2025-11-27 21:38:04.2586 (StateSyncRequestHandler.cs:18) 玩家ID:489242989124911105 移动到新位置: -6.4162154 , 0 , -1.3392735
2025-11-27 21:38:04.3645 (StateSyncRequestHandler.cs:18) 玩家ID:489242989124911105 移动方向: 0.5157885 , 0 , 0.856716
2025-11-27 21:38:04.3645 (StateSyncRequestHandler.cs:18) 玩家ID:489242989124911105 移动到新位置: -6.313058 , 0 , -1.1679302
2025-11-27 21:38:04.4569 (StateSyncRequestHandler.cs:18) 玩家ID:489242989124911105 移动方向: 0.5157873 , 0 , 0.8567167
2025-11-27 21:38:04.4569 (StateSyncRequestHandler.cs:18) 玩家ID:489242989124911105 移动到新位置: -6.2099004 , 0 , -0.9965869
2025-11-27 21:38:04.5610 (StateSyncRequestHandler.cs:18) 玩家ID:489242989124911105 移动方向: 0.51578665 , 0 , 0.85671705
2025-11-27 21:38:04.5610 (StateSyncRequestHandler.cs:18) 玩家ID:489242989124911105 移动到新位置: -6.106743 , 0 , -0.82524353
2025-11-27 21:38:04.6628 (StateSyncRequestHandler.cs:18) 玩家ID:489242989124911105 移动方向: 0.51578665 , 0 , 0.85671705
2025-11-27 21:38:04.6628 (StateSyncRequestHandler.cs:18) 玩家ID:489242989124911105 移动到新位置: -6.0035853 , 0 , -0.65390015
2025-11-27 21:38:04.7599 (StateSyncRequestHandler.cs:18) 玩家ID:489242989124911105 移动方向: 0.51578665 , 0 , 0.85671705
2025-11-27 21:38:04.7599 (StateSyncRequestHandler.cs:18) 玩家ID:489242989124911105 移动到新位置: -5.900428 , 0 , -0.48255676
2025-11-27 21:38:04.8609 (StateSyncRequestHandler.cs:18) 玩家ID:489242989124911105 移动方向: 0.51578665 , 0 , 0.85671705
2025-11-27 21:38:04.8609 (StateSyncRequestHandler.cs:18) 玩家ID:489242989124911105 移动到新位置: -5.7972703 , 0 , -0.31121337
2025-11-27 21:38:04.9594 (StateSyncRequestHandler.cs:18) 玩家ID:489242989124911105 移动方向: 0.51578665 , 0 , 0.85671705
2025-11-27 21:38:04.9594 (StateSyncRequestHandler.cs:18) 玩家ID:489242989124911105 移动到新位置: -5.694113 , 0 , -0.13986997
2025-11-27 21:38:05.0619 (StateSyncRequestHandler.cs:18) 玩家ID:489242989124911105 移动方向: 0.51578665 , 0 , 0.85671705
2025-11-27 21:38:05.0619 (StateSyncRequestHandler.cs:18) 玩家ID:489242989124911105 移动到新位置: -5.5909553 , 0 , 0.031473428
2025-11-27 21:38:05.1630 (StateSyncRequestHandler.cs:18) 玩家ID:489242989124911105 移动方向: 0.51578665 , 0 , 0.85671705
2025-11-27 21:38:05.1630 (StateSyncRequestHandler.cs:18) 玩家ID:489242989124911105 移动到新位置: -5.4877977 , 0 , 0.20281683
2025-11-27 21:38:05.2610 (StateSyncRequestHandler.cs:18) 玩家ID:489242989124911105 移动方向: 0.51578665 , 0 , 0.85671705
2025-11-27 21:38:05.2610 (StateSyncRequestHandler.cs:18) 玩家ID:489242989124911105 移动到新位置: -5.38464 , 0 , 0.37416023
2025-11-27 21:38:05.3546 (StateSyncRequestHandler.cs:18) 玩家ID:489242989124911105 移动方向: 0.51578665 , 0 , 0.85671705
2025-11-27 21:38:05.3546 (StateSyncRequestHandler.cs:18) 玩家ID:489242989124911105 移动到新位置: -5.2814827 , 0 , 0.5455036
2025-11-27 21:38:05.4566 (StateSyncRequestHandler.cs:18) 玩家ID:489242989124911105 移动方向: 0.51578665 , 0 , 0.85671705
2025-11-27 21:38:05.4566 (StateSyncRequestHandler.cs:18) 玩家ID:489242989124911105 移动到新位置: -5.178325 , 0 , 0.716847
2025-11-27 21:38:05.5634 (StateSyncRequestHandler.cs:18) 玩家ID:489242989124911105 移动方向: 0.51578665 , 0 , 0.85671705
2025-11-27 21:38:05.5634 (StateSyncRequestHandler.cs:18) 玩家ID:489242989124911105 移动到新位置: -5.0751677 , 0 , 0.8881904
2025-11-27 21:38:05.6623 (StateSyncRequestHandler.cs:18) 玩家ID:489242989124911105 移动方向: 0.51578665 , 0 , 0.85671705
2025-11-27 21:38:05.6623 (StateSyncRequestHandler.cs:18) 玩家ID:489242989124911105 移动到新位置: -4.97201 , 0 , 1.0595338
2025-11-27 21:38:05.7595 (StateSyncRequestHandler.cs:18) 玩家ID:489242989124911105 移动到新位置: -4.97201 , 0 , 1.0595338
2025-11-27 21:38:05.9592 (StateSyncRequestHandler.cs:18) 玩家ID:489242989124911105 移动方向: -0.85671705 , 0 , 0.51578665
2025-11-27 21:38:05.9592 (StateSyncRequestHandler.cs:18) 玩家ID:489242989124911105 移动到新位置: -5.1433535 , 0 , 1.1626911
2025-11-27 21:38:06.0619 (StateSyncRequestHandler.cs:18) 玩家ID:489242989124911105 移动方向: -0.85671705 , 0 , 0.51578665
2025-11-27 21:38:06.0619 (StateSyncRequestHandler.cs:18) 玩家ID:489242989124911105 移动到新位置: -5.314697 , 0 , 1.2658484
2025-11-27 21:38:06.1582 (StateSyncRequestHandler.cs:18) 玩家ID:489242989124911105 移动方向: -0.85671705 , 0 , 0.51578665
2025-11-27 21:38:06.1582 (StateSyncRequestHandler.cs:18) 玩家ID:489242989124911105 移动到新位置: -5.48604 , 0 , 1.3690057
2025-11-27 21:38:06.2736 (StateSyncRequestHandler.cs:18) 玩家ID:489242989124911105 移动方向: -0.85671705 , 0 , 0.51578665
2025-11-27 21:38:06.2736 (StateSyncRequestHandler.cs:18) 玩家ID:489242989124911105 移动到新位置: -5.6573834 , 0 , 1.472163
2025-11-27 21:38:06.3560 (StateSyncRequestHandler.cs:18) 玩家ID:489242989124911105 移动方向: -0.85671705 , 0 , 0.51578665
2025-11-27 21:38:06.3560 (StateSyncRequestHandler.cs:18) 玩家ID:489242989124911105 移动到新位置: -5.828727 , 0 , 1.5753202
2025-11-27 21:38:06.4623 (StateSyncRequestHandler.cs:18) 玩家ID:489242989124911105 移动方向: -0.85671705 , 0 , 0.51578665
2025-11-27 21:38:06.4623 (StateSyncRequestHandler.cs:18) 玩家ID:489242989124911105 移动到新位置: -6.00007 , 0 , 1.6784775
2025-11-27 21:38:06.5593 (StateSyncRequestHandler.cs:18) 玩家ID:489242989124911105 移动方向: -0.85671705 , 0 , 0.51578665
2025-11-27 21:38:06.5593 (StateSyncRequestHandler.cs:18) 玩家ID:489242989124911105 移动到新位置: -6.1714134 , 0 , 1.7816348
2025-11-27 21:38:06.6619 (StateSyncRequestHandler.cs:18) 玩家ID:489242989124911105 移动方向: -0.2410742 , 0 , 0.97050667
2025-11-27 21:38:06.6619 (StateSyncRequestHandler.cs:18) 玩家ID:489242989124911105 移动到新位置: -6.2196283 , 0 , 1.9757361
2025-11-27 21:38:06.7632 (StateSyncRequestHandler.cs:18) 玩家ID:489242989124911105 移动方向: 0.51578665 , 0 , 0.85671705
2025-11-27 21:38:06.7632 (StateSyncRequestHandler.cs:18) 玩家ID:489242989124911105 移动到新位置: -6.116471 , 0 , 2.1470795
2025-11-27 21:38:06.8622 (StateSyncRequestHandler.cs:18) 玩家ID:489242989124911105 移动方向: 0.51578665 , 0 , 0.85671705
2025-11-27 21:38:06.8622 (StateSyncRequestHandler.cs:18) 玩家ID:489242989124911105 移动到新位置: -6.0133133 , 0 , 2.3184228
2025-11-27 21:38:06.9571 (StateSyncRequestHandler.cs:18) 玩家ID:489242989124911105 移动方向: 0.85671705 , 0 , -0.51578665
2025-11-27 21:38:06.9571 (StateSyncRequestHandler.cs:18) 玩家ID:489242989124911105 移动到新位置: -5.84197 , 0 , 2.2152655
2025-11-27 21:38:07.0596 (StateSyncRequestHandler.cs:18) 玩家ID:489242989124911105 移动方向: 0.85671705 , 0 , -0.51578665
2025-11-27 21:38:07.0596 (StateSyncRequestHandler.cs:18) 玩家ID:489242989124911105 移动到新位置: -5.6706266 , 0 , 2.1121082
2025-11-27 21:38:07.1533 (StateSyncRequestHandler.cs:18) 玩家ID:489242989124911105 移动方向: 0.85671705 , 0 , -0.51578665
2025-11-27 21:38:07.1533 (StateSyncRequestHandler.cs:18) 玩家ID:489242989124911105 移动到新位置: -5.4992833 , 0 , 2.008951
2025-11-27 21:38:07.2590 (StateSyncRequestHandler.cs:18) 玩家ID:489242989124911105 移动方向: 0.85671705 , 0 , -0.51578665
2025-11-27 21:38:07.2590 (StateSyncRequestHandler.cs:18) 玩家ID:489242989124911105 移动到新位置: -5.32794 , 0 , 1.9057937
2025-11-27 21:38:07.3592 (StateSyncRequestHandler.cs:18) 玩家ID:489242989124911105 移动方向: 0.97050667 , 0 , 0.2410742
2025-11-27 21:38:07.3592 (StateSyncRequestHandler.cs:18) 玩家ID:489242989124911105 移动到新位置: -5.1338387 , 0 , 1.9540085
2025-11-27 21:38:07.4588 (StateSyncRequestHandler.cs:18) 玩家ID:489242989124911105 移动方向: 0.51578665 , 0 , 0.85671705
2025-11-27 21:38:07.4588 (StateSyncRequestHandler.cs:18) 玩家ID:489242989124911105 移动到新位置: -5.030681 , 0 , 2.125352
2025-11-27 21:38:07.5570 (StateSyncRequestHandler.cs:18) 玩家ID:489242989124911105 移动方向: -0.2410742 , 0 , 0.97050667
2025-11-27 21:38:07.5570 (StateSyncRequestHandler.cs:18) 玩家ID:489242989124911105 移动到新位置: -5.078896 , 0 , 2.3194532
2025-11-27 21:38:07.6595 (StateSyncRequestHandler.cs:18) 玩家ID:489242989124911105 移动方向: -0.85671705 , 0 , 0.51578665
2025-11-27 21:38:07.6595 (StateSyncRequestHandler.cs:18) 玩家ID:489242989124911105 移动到新位置: -5.2502394 , 0 , 2.4226105
2025-11-27 21:38:07.7569 (StateSyncRequestHandler.cs:18) 玩家ID:489242989124911105 移动方向: -0.85671705 , 0 , 0.51578665
2025-11-27 21:38:07.7569 (StateSyncRequestHandler.cs:18) 玩家ID:489242989124911105 移动到新位置: -5.4215827 , 0 , 2.5257678
2025-11-27 21:38:07.8553 (StateSyncRequestHandler.cs:18) 玩家ID:489242989124911105 移动方向: -0.97050667 , 0 , -0.2410742
2025-11-27 21:38:07.8553 (StateSyncRequestHandler.cs:18) 玩家ID:489242989124911105 移动到新位置: -5.615684 , 0 , 2.477553
2025-11-27 21:38:07.9544 (StateSyncRequestHandler.cs:18) 玩家ID:489242989124911105 移动方向: -0.97050667 , 0 , -0.2410742
2025-11-27 21:38:07.9544 (StateSyncRequestHandler.cs:18) 玩家ID:489242989124911105 移动到新位置: -5.8097854 , 0 , 2.429338
2025-11-27 21:38:08.0547 (StateSyncRequestHandler.cs:18) 玩家ID:489242989124911105 移动方向: -0.97050667 , 0 , -0.2410742
2025-11-27 21:38:08.0547 (StateSyncRequestHandler.cs:18) 玩家ID:489242989124911105 移动到新位置: -6.0038867 , 0 , 2.381123
2025-11-27 21:38:08.1561 (StateSyncRequestHandler.cs:18) 玩家ID:489242989124911105 移动方向: -0.97050667 , 0 , -0.2410742
2025-11-27 21:38:08.1561 (StateSyncRequestHandler.cs:18) 玩家ID:489242989124911105 移动到新位置: -6.197988 , 0 , 2.3329082
2025-11-27 21:38:08.2562 (StateSyncRequestHandler.cs:18) 玩家ID:489242989124911105 移动方向: -0.97050667 , 0 , -0.2410742
2025-11-27 21:38:08.2562 (StateSyncRequestHandler.cs:18) 玩家ID:489242989124911105 移动到新位置: -6.3920894 , 0 , 2.2846932
2025-11-27 21:38:08.3571 (StateSyncRequestHandler.cs:18) 玩家ID:489242989124911105 移动方向: -0.85671705 , 0 , 0.51578665
2025-11-27 21:38:08.3571 (StateSyncRequestHandler.cs:18) 玩家ID:489242989124911105 移动到新位置: -6.5634327 , 0 , 2.3878505
2025-11-27 21:38:08.4609 (StateSyncRequestHandler.cs:18) 玩家ID:489242989124911105 移动方向: -0.2410742 , 0 , 0.97050667
2025-11-27 21:38:08.4609 (StateSyncRequestHandler.cs:18) 玩家ID:489242989124911105 移动到新位置: -6.6116476 , 0 , 2.5819519
2025-11-27 21:38:08.5557 (StateSyncRequestHandler.cs:18) 玩家ID:489242989124911105 移动方向: -0.22095376 , 0 , 0.9752842
2025-11-27 21:38:08.5557 (StateSyncRequestHandler.cs:18) 玩家ID:489242989124911105 移动到新位置: -6.6558385 , 0 , 2.7770088
2025-11-27 21:38:08.6570 (StateSyncRequestHandler.cs:18) 玩家ID:489242989124911105 移动方向: 0.09814617 , 0 , 0.995172
2025-11-27 21:38:08.6570 (StateSyncRequestHandler.cs:18) 玩家ID:489242989124911105 移动到新位置: -6.6362095 , 0 , 2.9760432
2025-11-27 21:38:08.7552 (StateSyncRequestHandler.cs:18) 玩家ID:489242989124911105 移动方向: 0.55796874 , 0 , 0.82986194
2025-11-27 21:38:08.7552 (StateSyncRequestHandler.cs:18) 玩家ID:489242989124911105 移动到新位置: -6.524616 , 0 , 3.1420157
2025-11-27 21:38:08.8568 (StateSyncRequestHandler.cs:18) 玩家ID:489242989124911105 移动方向: 0.82095176 , 0 , 0.5709975
2025-11-27 21:38:08.8568 (StateSyncRequestHandler.cs:18) 玩家ID:489242989124911105 移动到新位置: -6.3604255 , 0 , 3.256215
2025-11-27 21:38:08.9631 (StateSyncRequestHandler.cs:18) 玩家ID:489242989124911105 移动方向: 0.9051889 , 0 , 0.4250095
2025-11-27 21:38:08.9631 (StateSyncRequestHandler.cs:18) 玩家ID:489242989124911105 移动到新位置: -6.1793876 , 0 , 3.341217
2025-11-27 21:38:09.0606 (StateSyncRequestHandler.cs:18) 玩家ID:489242989124911105 移动方向: 0.3927643 , 0 , 0.91963917
2025-11-27 21:38:09.0606 (StateSyncRequestHandler.cs:18) 玩家ID:489242989124911105 移动到新位置: -6.100835 , 0 , 3.5251448
2025-11-27 21:38:09.1634 (StateSyncRequestHandler.cs:18) 玩家ID:489242989124911105 移动方向: 0.41054454 , 0 , 0.91184056
2025-11-27 21:38:09.1634 (StateSyncRequestHandler.cs:18) 玩家ID:489242989124911105 移动到新位置: -6.018726 , 0 , 3.7075129
2025-11-27 21:38:09.2559 (StateSyncRequestHandler.cs:18) 玩家ID:489242989124911105 移动方向: 0.41590595 , 0 , 0.9094076
2025-11-27 21:38:09.2559 (StateSyncRequestHandler.cs:18) 玩家ID:489242989124911105 移动到新位置: -5.9355445 , 0 , 3.8893943
2025-11-27 21:38:09.3561 (StateSyncRequestHandler.cs:18) 玩家ID:489242989124911105 移动方向: 0.41278607 , 0 , 0.910828
2025-11-27 21:38:09.3561 (StateSyncRequestHandler.cs:18) 玩家ID:489242989124911105 移动到新位置: -5.8529873 , 0 , 4.07156
2025-11-27 21:38:09.4575 (StateSyncRequestHandler.cs:18) 玩家ID:489242989124911105 移动方向: 0.15694465 , 0 , 0.9876074
2025-11-27 21:38:09.4575 (StateSyncRequestHandler.cs:18) 玩家ID:489242989124911105 移动到新位置: -5.8215985 , 0 , 4.2690816
2025-11-27 21:38:09.5611 (StateSyncRequestHandler.cs:18) 玩家ID:489242989124911105 移动方向: 0.19698086 , 0 , 0.98040736
2025-11-27 21:38:09.5611 (StateSyncRequestHandler.cs:18) 玩家ID:489242989124911105 移动到新位置: -5.7822022 , 0 , 4.465163
2025-11-27 21:38:09.6581 (StateSyncRequestHandler.cs:18) 玩家ID:489242989124911105 移动方向: 0.45968464 , 0 , 0.8880822
2025-11-27 21:38:09.6581 (StateSyncRequestHandler.cs:18) 玩家ID:489242989124911105 移动到新位置: -5.690265 , 0 , 4.64278
2025-11-27 21:38:09.7582 (StateSyncRequestHandler.cs:18) 玩家ID:489242989124911105 移动方向: 0.22756815 , 0 , 0.97376215
2025-11-27 21:38:09.7582 (StateSyncRequestHandler.cs:18) 玩家ID:489242989124911105 移动到新位置: -5.6447515 , 0 , 4.837532
2025-11-27 21:38:09.8617 (StateSyncRequestHandler.cs:18) 玩家ID:489242989124911105 移动方向: 0.7984531 , 0 , 0.60205704
2025-11-27 21:38:09.8617 (StateSyncRequestHandler.cs:18) 玩家ID:489242989124911105 移动到新位置: -5.4850607 , 0 , 4.9579434
2025-11-27 21:38:09.9545 (StateSyncRequestHandler.cs:18) 玩家ID:489242989124911105 移动方向: 0.76462483 , 0 , 0.64447564
2025-11-27 21:38:09.9545 (StateSyncRequestHandler.cs:18) 玩家ID:489242989124911105 移动到新位置: -5.3321357 , 0 , 5.0868387
2025-11-27 21:38:10.0547 (StateSyncRequestHandler.cs:18) 玩家ID:489242989124911105 移动方向: 0.9906654 , 0 , 0.13631614
2025-11-27 21:38:10.0547 (StateSyncRequestHandler.cs:18) 玩家ID:489242989124911105 移动到新位置: -5.1340027 , 0 , 5.114102
2025-11-27 21:38:10.1531 (StateSyncRequestHandler.cs:18) 玩家ID:489242989124911105 移动方向: 0.9150621 , 0 , 0.40331292
2025-11-27 21:38:10.1531 (StateSyncRequestHandler.cs:18) 玩家ID:489242989124911105 移动到新位置: -4.95099 , 0 , 5.1947646
2025-11-27 21:38:10.2611 (StateSyncRequestHandler.cs:18) 玩家ID:489242989124911105 移动方向: 0.84316087 , 0 , 0.5376614
2025-11-27 21:38:10.2611 (StateSyncRequestHandler.cs:18) 玩家ID:489242989124911105 移动到新位置: -4.782358 , 0 , 5.302297
2025-11-27 21:38:10.3630 (StateSyncRequestHandler.cs:18) 玩家ID:489242989124911105 移动方向: 0.81354606 , 0 , 0.5815004
2025-11-27 21:38:10.3630 (StateSyncRequestHandler.cs:18) 玩家ID:489242989124911105 移动到新位置: -4.619649 , 0 , 5.418597
2025-11-27 21:38:10.4583 (StateSyncRequestHandler.cs:18) 玩家ID:489242989124911105 移动方向: 0.80286217 , 0 , 0.59616464
2025-11-27 21:38:10.4583 (StateSyncRequestHandler.cs:18) 玩家ID:489242989124911105 移动到新位置: -4.4590764 , 0 , 5.5378304
2025-11-27 21:38:10.5596 (StateSyncRequestHandler.cs:18) 玩家ID:489242989124911105 移动方向: 0.79902315 , 0 , 0.60130024
2025-11-27 21:38:10.5596 (StateSyncRequestHandler.cs:18) 玩家ID:489242989124911105 移动到新位置: -4.2992716 , 0 , 5.6580906
2025-11-27 21:38:10.6548 (StateSyncRequestHandler.cs:18) 玩家ID:489242989124911105 移动方向: 0.7978752 , 0 , 0.60282266
2025-11-27 21:38:10.6548 (StateSyncRequestHandler.cs:18) 玩家ID:489242989124911105 移动到新位置: -4.1396966 , 0 , 5.778655
2025-11-27 21:38:10.7624 (StateSyncRequestHandler.cs:18) 玩家ID:489242989124911105 移动方向: 0.79747856 , 0 , 0.60334736
2025-11-27 21:38:10.7624 (StateSyncRequestHandler.cs:18) 玩家ID:489242989124911105 移动到新位置: -3.9802008 , 0 , 5.8993244
2025-11-27 21:38:10.8632 (StateSyncRequestHandler.cs:18) 玩家ID:489242989124911105 移动方向: 0.7973647 , 0 , 0.6034977
2025-11-27 21:38:10.8632 (StateSyncRequestHandler.cs:18) 玩家ID:489242989124911105 移动到新位置: -3.8207278 , 0 , 6.020024
2025-11-27 21:38:10.9631 (StateSyncRequestHandler.cs:18) 玩家ID:489242989124911105 移动方向: 0.797665 , 0 , 0.6031008
2025-11-27 21:38:10.9631 (StateSyncRequestHandler.cs:18) 玩家ID:489242989124911105 移动到新位置: -3.6611948 , 0 , 6.140644
2025-11-27 21:38:11.0613 (StateSyncRequestHandler.cs:18) 玩家ID:489242989124911105 移动方向: 0.84244597 , 0 , 0.5387808
2025-11-27 21:38:11.0613 (StateSyncRequestHandler.cs:18) 玩家ID:489242989124911105 移动到新位置: -3.4927056 , 0 , 6.2484
2025-11-27 21:38:11.1555 (StateSyncRequestHandler.cs:18) 玩家ID:489242989124911105 移动方向: 0.43114203 , 0 , 0.9022841
2025-11-27 21:38:11.1555 (StateSyncRequestHandler.cs:18) 玩家ID:489242989124911105 移动到新位置: -3.4064772 , 0 , 6.428857
2025-11-27 21:38:11.2632 (StateSyncRequestHandler.cs:18) 玩家ID:489242989124911105 移动方向: 0.626774 , 0 , 0.7792011
2025-11-27 21:38:11.2632 (StateSyncRequestHandler.cs:18) 玩家ID:489242989124911105 移动到新位置: -3.2811224 , 0 , 6.5846972
2025-11-27 21:38:11.3632 (StateSyncRequestHandler.cs:18) 玩家ID:489242989124911105 移动方向: 0.69333726 , 0 , 0.72061324
2025-11-27 21:38:11.3632 (StateSyncRequestHandler.cs:18) 玩家ID:489242989124911105 移动到新位置: -3.142455 , 0 , 6.72882
2025-11-27 21:38:11.4540 (StateSyncRequestHandler.cs:18) 玩家ID:489242989124911105 移动方向: 0.73105454 , 0 , 0.682319
2025-11-27 21:38:11.4540 (StateSyncRequestHandler.cs:18) 玩家ID:489242989124911105 移动到新位置: -2.9962442 , 0 , 6.8652835
2025-11-27 21:38:11.5581 (StateSyncRequestHandler.cs:18) 玩家ID:489242989124911105 移动方向: 0.85800904 , 0 , 0.51363456
2025-11-27 21:38:11.5581 (StateSyncRequestHandler.cs:18) 玩家ID:489242989124911105 移动到新位置: -2.8246424 , 0 , 6.9680104
2025-11-27 21:38:11.6603 (StateSyncRequestHandler.cs:18) 玩家ID:489242989124911105 移动方向: 0.95926666 , 0 , 0.2825018
2025-11-27 21:38:11.6603 (StateSyncRequestHandler.cs:18) 玩家ID:489242989124911105 移动到新位置: -2.6327891 , 0 , 7.024511
2025-11-27 21:38:11.7561 (StateSyncRequestHandler.cs:18) 玩家ID:489242989124911105 移动方向: 0.98792684 , 0 , 0.15492105
2025-11-27 21:38:11.7561 (StateSyncRequestHandler.cs:18) 玩家ID:489242989124911105 移动到新位置: -2.4352038 , 0 , 7.0554953
2025-11-27 21:38:11.8591 (StateSyncRequestHandler.cs:18) 玩家ID:489242989124911105 移动方向: 0.99512494 , 0 , 0.098621964
2025-11-27 21:38:11.8591 (StateSyncRequestHandler.cs:18) 玩家ID:489242989124911105 移动到新位置: -2.2361789 , 0 , 7.0752196
2025-11-27 21:38:11.9601 (StateSyncRequestHandler.cs:18) 玩家ID:489242989124911105 移动方向: 0.6481804 , 0 , 0.7614868
2025-11-27 21:38:11.9601 (StateSyncRequestHandler.cs:18) 玩家ID:489242989124911105 移动到新位置: -2.1065428 , 0 , 7.227517
2025-11-27 21:38:12.0562 (StateSyncRequestHandler.cs:18) 玩家ID:489242989124911105 移动方向: 0.6531206 , 0 , 0.75725394
2025-11-27 21:38:12.0562 (StateSyncRequestHandler.cs:18) 玩家ID:489242989124911105 移动到新位置: -1.9759188 , 0 , 7.378968
2025-11-27 21:38:12.1564 (StateSyncRequestHandler.cs:18) 玩家ID:489242989124911105 移动方向: -0.75587326 , 0 , 0.6547179
2025-11-27 21:38:12.1564 (StateSyncRequestHandler.cs:18) 玩家ID:489242989124911105 移动到新位置: -2.1270933 , 0 , 7.5099115
2025-11-27 21:38:12.2585 (StateSyncRequestHandler.cs:18) 玩家ID:489242989124911105 移动方向: -0.75545394 , 0 , 0.65520173
2025-11-27 21:38:12.2585 (StateSyncRequestHandler.cs:18) 玩家ID:489242989124911105 移动到新位置: -2.2781842 , 0 , 7.640952
2025-11-27 21:38:12.3577 (StateSyncRequestHandler.cs:18) 玩家ID:489242989124911105 移动方向: -0.9974973 , 0 , -0.07070479
2025-11-27 21:38:12.3577 (StateSyncRequestHandler.cs:18) 玩家ID:489242989124911105 移动到新位置: -2.4776835 , 0 , 7.626811
2025-11-27 21:38:12.4557 (StateSyncRequestHandler.cs:18) 玩家ID:489242989124911105 移动方向: -0.997501 , 0 , -0.070650846
2025-11-27 21:38:12.4557 (StateSyncRequestHandler.cs:18) 玩家ID:489242989124911105 移动到新位置: -2.6771836 , 0 , 7.612681
2025-11-27 21:38:12.5660 (StateSyncRequestHandler.cs:18) 玩家ID:489242989124911105 移动方向: -0.99750227 , 0 , -0.07063401
2025-11-27 21:38:12.5660 (StateSyncRequestHandler.cs:18) 玩家ID:489242989124911105 移动到新位置: -2.8766842 , 0 , 7.598554
2025-11-27 21:38:12.6615 (StateSyncRequestHandler.cs:18) 玩家ID:489242989124911105 移动方向: -0.9975027 , 0 , -0.07062885
2025-11-27 21:38:12.6615 (StateSyncRequestHandler.cs:18) 玩家ID:489242989124911105 移动到新位置: -3.0761847 , 0 , 7.5844283
2025-11-27 21:38:12.7615 (StateSyncRequestHandler.cs:18) 玩家ID:489242989124911105 移动方向: -0.99750274 , 0 , -0.07062799
2025-11-27 21:38:12.7615 (StateSyncRequestHandler.cs:18) 玩家ID:489242989124911105 移动到新位置: -3.2756853 , 0 , 7.5703025
2025-11-27 21:38:12.8605 (StateSyncRequestHandler.cs:18) 玩家ID:489242989124911105 移动方向: -0.99750274 , 0 , -0.07062799
2025-11-27 21:38:12.8605 (StateSyncRequestHandler.cs:18) 玩家ID:489242989124911105 移动到新位置: -3.4751859 , 0 , 7.5561767
2025-11-27 21:38:12.9554 (StateSyncRequestHandler.cs:18) 玩家ID:489242989124911105 移动方向: -0.99750274 , 0 , -0.07062799
2025-11-27 21:38:12.9554 (StateSyncRequestHandler.cs:18) 玩家ID:489242989124911105 移动到新位置: -3.6746864 , 0 , 7.542051
2025-11-27 21:38:13.0591 (StateSyncRequestHandler.cs:18) 玩家ID:489242989124911105 移动方向: -0.07062799 , 0 , 0.99750274
2025-11-27 21:38:13.0591 (StateSyncRequestHandler.cs:18) 玩家ID:489242989124911105 移动到新位置: -3.688812 , 0 , 7.7415514
2025-11-27 21:38:13.1546 (StateSyncRequestHandler.cs:18) 玩家ID:489242989124911105 移动方向: -0.07062799 , 0 , 0.99750274
2025-11-27 21:38:13.1546 (StateSyncRequestHandler.cs:18) 玩家ID:489242989124911105 移动到新位置: -3.7029376 , 0 , 7.941052
2025-11-27 21:38:13.2607 (StateSyncRequestHandler.cs:18) 玩家ID:489242989124911105 移动方向: -0.07062799 , 0 , 0.99750274
2025-11-27 21:38:13.2607 (StateSyncRequestHandler.cs:18) 玩家ID:489242989124911105 移动到新位置: -3.7170632 , 0 , 8.1405525
2025-11-27 21:38:13.3577 (StateSyncRequestHandler.cs:18) 玩家ID:489242989124911105 移动方向: -0.07062799 , 0 , 0.99750274
2025-11-27 21:38:13.3577 (StateSyncRequestHandler.cs:18) 玩家ID:489242989124911105 移动到新位置: -3.7311888 , 0 , 8.340053
2025-11-27 21:38:13.4568 (StateSyncRequestHandler.cs:18) 玩家ID:489242989124911105 移动方向: -0.75528246 , 0 , 0.65539944
2025-11-27 21:38:13.4568 (StateSyncRequestHandler.cs:18) 玩家ID:489242989124911105 移动到新位置: -3.8822453 , 0 , 8.471132
2025-11-27 21:38:13.5548 (StateSyncRequestHandler.cs:18) 玩家ID:489242989124911105 移动方向: -0.99750274 , 0 , -0.07062799
2025-11-27 21:38:13.5548 (StateSyncRequestHandler.cs:18) 玩家ID:489242989124911105 移动到新位置: -4.0817456 , 0 , 8.457006
2025-11-27 21:38:13.6621 (StateSyncRequestHandler.cs:18) 玩家ID:489242989124911105 移动方向: -0.99750274 , 0 , -0.07062799
2025-11-27 21:38:13.6621 (StateSyncRequestHandler.cs:18) 玩家ID:489242989124911105 移动到新位置: -4.281246 , 0 , 8.442881
2025-11-27 21:38:13.7633 (StateSyncRequestHandler.cs:18) 玩家ID:489242989124911105 移动方向: -0.99750274 , 0 , -0.07062799
2025-11-27 21:38:13.7633 (StateSyncRequestHandler.cs:18) 玩家ID:489242989124911105 移动到新位置: -4.4807467 , 0 , 8.428755
2025-11-27 21:38:13.8598 (StateSyncRequestHandler.cs:18) 玩家ID:489242989124911105 移动方向: -0.99750274 , 0 , -0.07062799
2025-11-27 21:38:13.8598 (StateSyncRequestHandler.cs:18) 玩家ID:489242989124911105 移动到新位置: -4.6802473 , 0 , 8.414629
2025-11-27 21:38:13.9541 (StateSyncRequestHandler.cs:18) 玩家ID:489242989124911105 移动方向: -0.65539944 , 0 , -0.75528246
2025-11-27 21:38:13.9541 (StateSyncRequestHandler.cs:18) 玩家ID:489242989124911105 移动到新位置: -4.811327 , 0 , 8.263573
2025-11-27 21:38:14.0575 (StateSyncRequestHandler.cs:18) 玩家ID:489242989124911105 移动方向: -0.65539944 , 0 , -0.75528246
2025-11-27 21:38:14.0575 (StateSyncRequestHandler.cs:18) 玩家ID:489242989124911105 移动到新位置: -4.9424067 , 0 , 8.112516
2025-11-27 21:38:14.1608 (StateSyncRequestHandler.cs:18) 玩家ID:489242989124911105 移动方向: -0.65539944 , 0 , -0.75528246
2025-11-27 21:38:14.1608 (StateSyncRequestHandler.cs:18) 玩家ID:489242989124911105 移动到新位置: -5.0734863 , 0 , 7.96146
2025-11-27 21:38:14.2532 (StateSyncRequestHandler.cs:18) 玩家ID:489242989124911105 移动方向: -0.65539944 , 0 , -0.75528246
2025-11-27 21:38:14.2532 (StateSyncRequestHandler.cs:18) 玩家ID:489242989124911105 移动到新位置: -5.204566 , 0 , 7.810404
2025-11-27 21:38:14.3633 (StateSyncRequestHandler.cs:18) 玩家ID:489242989124911105 移动方向: -0.65539944 , 0 , -0.75528246
2025-11-27 21:38:14.3633 (StateSyncRequestHandler.cs:18) 玩家ID:489242989124911105 移动到新位置: -5.3356457 , 0 , 7.6593475
2025-11-27 21:38:14.4545 (StateSyncRequestHandler.cs:18) 玩家ID:489242989124911105 移动方向: -0.65539944 , 0 , -0.75528246
2025-11-27 21:38:14.4545 (StateSyncRequestHandler.cs:18) 玩家ID:489242989124911105 移动到新位置: -5.4667253 , 0 , 7.5082912
2025-11-27 21:38:14.5552 (StateSyncRequestHandler.cs:18) 玩家ID:489242989124911105 移动方向: -0.65539944 , 0 , -0.75528246
2025-11-27 21:38:14.5552 (StateSyncRequestHandler.cs:18) 玩家ID:489242989124911105 移动到新位置: -5.597805 , 0 , 7.357235
2025-11-27 21:38:14.6550 (StateSyncRequestHandler.cs:18) 玩家ID:489242989124911105 移动方向: -0.99750274 , 0 , -0.07062799
2025-11-27 21:38:14.6550 (StateSyncRequestHandler.cs:18) 玩家ID:489242989124911105 移动到新位置: -5.7973056 , 0 , 7.343109
2025-11-27 21:38:14.7575 (StateSyncRequestHandler.cs:18) 玩家ID:489242989124911105 移动方向: -0.99750274 , 0 , -0.07062799
2025-11-27 21:38:14.7575 (StateSyncRequestHandler.cs:18) 玩家ID:489242989124911105 移动到新位置: -5.996806 , 0 , 7.3289833
2025-11-27 21:38:14.8608 (StateSyncRequestHandler.cs:18) 玩家ID:489242989124911105 移动方向: -0.99750274 , 0 , -0.07062799
2025-11-27 21:38:14.8608 (StateSyncRequestHandler.cs:18) 玩家ID:489242989124911105 移动到新位置: -6.1963067 , 0 , 7.3148575
2025-11-27 21:38:14.9645 (StateSyncRequestHandler.cs:18) 玩家ID:489242989124911105 移动方向: -0.75528246 , 0 , 0.65539944
2025-11-27 21:38:14.9645 (StateSyncRequestHandler.cs:18) 玩家ID:489242989124911105 移动到新位置: -6.347363 , 0 , 7.445937
2025-11-27 21:38:15.0550 (StateSyncRequestHandler.cs:18) 玩家ID:489242989124911105 移动方向: -0.75528246 , 0 , 0.65539944
2025-11-27 21:38:15.0550 (StateSyncRequestHandler.cs:18) 玩家ID:489242989124911105 移动到新位置: -6.4984193 , 0 , 7.577017
2025-11-27 21:38:15.1575 (StateSyncRequestHandler.cs:18) 玩家ID:489242989124911105 移动方向: -0.75528246 , 0 , 0.65539944
2025-11-27 21:38:15.1575 (StateSyncRequestHandler.cs:18) 玩家ID:489242989124911105 移动到新位置: -6.6494756 , 0 , 7.7080965
2025-11-27 21:38:15.2556 (StateSyncRequestHandler.cs:18) 玩家ID:489242989124911105 移动方向: -0.75528246 , 0 , 0.65539944
2025-11-27 21:38:15.2556 (StateSyncRequestHandler.cs:18) 玩家ID:489242989124911105 移动到新位置: -6.800532 , 0 , 7.839176
2025-11-27 21:38:15.3561 (StateSyncRequestHandler.cs:18) 玩家ID:489242989124911105 移动方向: -0.99750274 , 0 , -0.07062799
2025-11-27 21:38:15.3561 (StateSyncRequestHandler.cs:18) 玩家ID:489242989124911105 移动到新位置: -7.0000324 , 0 , 7.8250504
2025-11-27 21:38:15.4541 (StateSyncRequestHandler.cs:18) 玩家ID:489242989124911105 移动方向: -0.65539944 , 0 , -0.75528246
2025-11-27 21:38:15.4541 (StateSyncRequestHandler.cs:18) 玩家ID:489242989124911105 移动到新位置: -7.131112 , 0 , 7.673994
2025-11-27 21:38:15.5590 (StateSyncRequestHandler.cs:18) 玩家ID:489242989124911105 移动方向: -0.65539944 , 0 , -0.75528246
2025-11-27 21:38:15.5590 (StateSyncRequestHandler.cs:18) 玩家ID:489242989124911105 移动到新位置: -7.262192 , 0 , 7.522938
2025-11-27 21:38:15.6665 (StateSyncRequestHandler.cs:18) 玩家ID:489242989124911105 移动方向: -0.65539944 , 0 , -0.75528246
2025-11-27 21:38:15.6665 (StateSyncRequestHandler.cs:18) 玩家ID:489242989124911105 移动到新位置: -7.3932714 , 0 , 7.3718815
2025-11-27 21:38:15.7606 (StateSyncRequestHandler.cs:18) 玩家ID:489242989124911105 移动方向: -0.65539944 , 0 , -0.75528246
2025-11-27 21:38:15.7606 (StateSyncRequestHandler.cs:18) 玩家ID:489242989124911105 移动到新位置: -7.524351 , 0 , 7.220825
2025-11-27 21:38:15.8631 (StateSyncRequestHandler.cs:18) 玩家ID:489242989124911105 移动方向: -0.65539944 , 0 , -0.75528246
2025-11-27 21:38:15.8631 (StateSyncRequestHandler.cs:18) 玩家ID:489242989124911105 移动到新位置: -7.655431 , 0 , 7.069769
2025-11-27 21:38:15.9575 (StateSyncRequestHandler.cs:18) 玩家ID:489242989124911105 移动方向: -0.65539944 , 0 , -0.75528246
2025-11-27 21:38:15.9575 (StateSyncRequestHandler.cs:18) 玩家ID:489242989124911105 移动到新位置: -7.7865105 , 0 , 6.9187126
2025-11-27 21:38:16.0605 (StateSyncRequestHandler.cs:18) 玩家ID:489242989124911105 移动方向: -0.65539944 , 0 , -0.75528246
2025-11-27 21:38:16.0605 (StateSyncRequestHandler.cs:18) 玩家ID:489242989124911105 移动到新位置: -7.91759 , 0 , 6.7676563
2025-11-27 21:38:16.1535 (StateSyncRequestHandler.cs:18) 玩家ID:489242989124911105 移动方向: -0.65539944 , 0 , -0.75528246
2025-11-27 21:38:16.1535 (StateSyncRequestHandler.cs:18) 玩家ID:489242989124911105 移动到新位置: -8.04867 , 0 , 6.6166
2025-11-27 21:38:16.2586 (StateSyncRequestHandler.cs:18) 玩家ID:489242989124911105 移动方向: -0.65539944 , 0 , -0.75528246
2025-11-27 21:38:16.2586 (StateSyncRequestHandler.cs:18) 玩家ID:489242989124911105 移动到新位置: -8.1797495 , 0 , 6.4655437
2025-11-27 21:38:16.3590 (StateSyncRequestHandler.cs:18) 玩家ID:489242989124911105 移动方向: -0.65539944 , 0 , -0.75528246
2025-11-27 21:38:16.3590 (StateSyncRequestHandler.cs:18) 玩家ID:489242989124911105 移动到新位置: -8.310829 , 0 , 6.3144875
2025-11-27 21:38:16.4616 (StateSyncRequestHandler.cs:18) 玩家ID:489242989124911105 移动方向: -0.65539944 , 0 , -0.75528246
2025-11-27 21:38:16.4616 (StateSyncRequestHandler.cs:18) 玩家ID:489242989124911105 移动到新位置: -8.441909 , 0 , 6.163431
2025-11-27 21:38:16.5603 (StateSyncRequestHandler.cs:18) 玩家ID:489242989124911105 移动方向: -0.65539944 , 0 , -0.75528246
2025-11-27 21:38:16.5603 (StateSyncRequestHandler.cs:18) 玩家ID:489242989124911105 移动到新位置: -8.5729885 , 0 , 6.012375
2025-11-27 21:38:16.6589 (StateSyncRequestHandler.cs:18) 玩家ID:489242989124911105 移动方向: -0.65539944 , 0 , -0.75528246
2025-11-27 21:38:16.6589 (StateSyncRequestHandler.cs:18) 玩家ID:489242989124911105 移动到新位置: -8.704068 , 0 , 5.8613186
2025-11-27 21:38:16.7572 (StateSyncRequestHandler.cs:18) 玩家ID:489242989124911105 移动到新位置: -8.704068 , 0 , 5.8613186
2025-11-27 21:38:17.0553 (StateSyncRequestHandler.cs:18) 玩家ID:489242989124911105 移动方向: 0.65539944 , 0 , 0.75528246
2025-11-27 21:38:17.0553 (StateSyncRequestHandler.cs:18) 玩家ID:489242989124911105 移动到新位置: -8.5729885 , 0 , 6.012375
2025-11-27 21:38:17.1617 (StateSyncRequestHandler.cs:18) 玩家ID:489242989124911105 移动方向: 0.65539944 , 0 , 0.75528246
2025-11-27 21:38:17.1617 (StateSyncRequestHandler.cs:18) 玩家ID:489242989124911105 移动到新位置: -8.441909 , 0 , 6.163431
2025-11-27 21:38:17.2594 (StateSyncRequestHandler.cs:18) 玩家ID:489242989124911105 移动方向: 0.65539944 , 0 , 0.75528246
2025-11-27 21:38:17.2594 (StateSyncRequestHandler.cs:18) 玩家ID:489242989124911105 移动到新位置: -8.310829 , 0 , 6.3144875
2025-11-27 21:38:17.3561 (StateSyncRequestHandler.cs:18) 玩家ID:489242989124911105 移动方向: 0.65539944 , 0 , 0.75528246
2025-11-27 21:38:17.3561 (StateSyncRequestHandler.cs:18) 玩家ID:489242989124911105 移动到新位置: -8.1797495 , 0 , 6.4655437
2025-11-27 21:38:17.4620 (StateSyncRequestHandler.cs:18) 玩家ID:489242989124911105 移动方向: 0.65539944 , 0 , 0.75528246
2025-11-27 21:38:17.4620 (StateSyncRequestHandler.cs:18) 玩家ID:489242989124911105 移动到新位置: -8.04867 , 0 , 6.6166
2025-11-27 21:38:17.5613 (StateSyncRequestHandler.cs:18) 玩家ID:489242989124911105 移动方向: 0.65539944 , 0 , 0.75528246
2025-11-27 21:38:17.5613 (StateSyncRequestHandler.cs:18) 玩家ID:489242989124911105 移动到新位置: -7.91759 , 0 , 6.7676563
2025-11-27 21:38:17.6621 (StateSyncRequestHandler.cs:18) 玩家ID:489242989124911105 移动方向: 0.65539944 , 0 , 0.75528246
2025-11-27 21:38:17.6621 (StateSyncRequestHandler.cs:18) 玩家ID:489242989124911105 移动到新位置: -7.7865105 , 0 , 6.9187126
2025-11-27 21:38:17.7545 (StateSyncRequestHandler.cs:18) 玩家ID:489242989124911105 移动方向: 0.65539944 , 0 , 0.75528246
2025-11-27 21:38:17.7545 (StateSyncRequestHandler.cs:18) 玩家ID:489242989124911105 移动到新位置: -7.655431 , 0 , 7.069769
2025-11-27 21:38:17.8600 (StateSyncRequestHandler.cs:18) 玩家ID:489242989124911105 移动方向: 0.65539944 , 0 , 0.75528246
2025-11-27 21:38:17.8600 (StateSyncRequestHandler.cs:18) 玩家ID:489242989124911105 移动到新位置: -7.524351 , 0 , 7.220825
2025-11-27 21:38:17.9646 (StateSyncRequestHandler.cs:18) 玩家ID:489242989124911105 移动方向: 0.65539944 , 0 , 0.75528246
2025-11-27 21:38:17.9646 (StateSyncRequestHandler.cs:18) 玩家ID:489242989124911105 移动到新位置: -7.3932714 , 0 , 7.3718815
2025-11-27 21:38:18.0598 (StateSyncRequestHandler.cs:18) 玩家ID:489242989124911105 移动方向: 0.65539944 , 0 , 0.75528246
2025-11-27 21:38:18.0598 (StateSyncRequestHandler.cs:18) 玩家ID:489242989124911105 移动到新位置: -7.262192 , 0 , 7.522938
2025-11-27 21:38:18.1608 (StateSyncRequestHandler.cs:18) 玩家ID:489242989124911105 移动方向: 0.65539944 , 0 , 0.75528246
2025-11-27 21:38:18.1608 (StateSyncRequestHandler.cs:18) 玩家ID:489242989124911105 移动到新位置: -7.131112 , 0 , 7.673994
2025-11-27 21:38:18.2617 (StateSyncRequestHandler.cs:18) 玩家ID:489242989124911105 移动方向: 0.65539944 , 0 , 0.75528246
2025-11-27 21:38:18.2617 (StateSyncRequestHandler.cs:18) 玩家ID:489242989124911105 移动到新位置: -7.0000324 , 0 , 7.8250504
2025-11-27 21:38:18.3625 (StateSyncRequestHandler.cs:18) 玩家ID:489242989124911105 移动方向: 0.65539944 , 0 , 0.75528246
2025-11-27 21:38:18.3625 (StateSyncRequestHandler.cs:18) 玩家ID:489242989124911105 移动到新位置: -6.8689528 , 0 , 7.9761066
2025-11-27 21:38:18.4575 (StateSyncRequestHandler.cs:18) 玩家ID:489242989124911105 移动方向: 0.65539944 , 0 , 0.75528246
2025-11-27 21:38:18.4575 (StateSyncRequestHandler.cs:18) 玩家ID:489242989124911105 移动到新位置: -6.737873 , 0 , 8.127163
2025-11-27 21:38:18.5580 (StateSyncRequestHandler.cs:18) 玩家ID:489242989124911105 移动方向: 0.65539944 , 0 , 0.75528246
2025-11-27 21:38:18.5580 (StateSyncRequestHandler.cs:18) 玩家ID:489242989124911105 移动到新位置: -6.6067934 , 0 , 8.278219
2025-11-27 21:38:18.6617 (StateSyncRequestHandler.cs:18) 玩家ID:489242989124911105 移动方向: 0.65539944 , 0 , 0.75528246
2025-11-27 21:38:18.6617 (StateSyncRequestHandler.cs:18) 玩家ID:489242989124911105 移动到新位置: -6.4757137 , 0 , 8.4292755
2025-11-27 21:38:18.7558 (StateSyncRequestHandler.cs:18) 玩家ID:489242989124911105 移动方向: 0.65539944 , 0 , 0.75528246
2025-11-27 21:38:18.7558 (StateSyncRequestHandler.cs:18) 玩家ID:489242989124911105 移动到新位置: -6.344634 , 0 , 8.580332
2025-11-27 21:38:18.8571 (StateSyncRequestHandler.cs:18) 玩家ID:489242989124911105 移动方向: 0.65539944 , 0 , 0.75528246
2025-11-27 21:38:18.8571 (StateSyncRequestHandler.cs:18) 玩家ID:489242989124911105 移动到新位置: -6.2135544 , 0 , 8.731388
2025-11-27 21:38:18.9634 (StateSyncRequestHandler.cs:18) 玩家ID:489242989124911105 移动方向: 0.65539944 , 0 , 0.75528246
2025-11-27 21:38:18.9634 (StateSyncRequestHandler.cs:18) 玩家ID:489242989124911105 移动到新位置: -6.0824747 , 0 , 8.882444
2025-11-27 21:38:19.0537 (StateSyncRequestHandler.cs:18) 玩家ID:489242989124911105 移动到新位置: -6.0824747 , 0 , 8.882444
2025-11-27 21:38:23.7556 (StateSyncRequestHandler.cs:18) 玩家ID:489242989124911105 移动方向: -0.65539944 , 0 , -0.75528246
2025-11-27 21:38:23.7556 (StateSyncRequestHandler.cs:18) 玩家ID:489242989124911105 移动到新位置: -6.2135544 , 0 , 8.731388
2025-11-27 21:38:23.8594 (StateSyncRequestHandler.cs:18) 玩家ID:489242989124911105 移动方向: -0.65539944 , 0 , -0.75528246
2025-11-27 21:38:23.8594 (StateSyncRequestHandler.cs:18) 玩家ID:489242989124911105 移动到新位置: -6.344634 , 0 , 8.580332
2025-11-27 21:38:23.9565 (StateSyncRequestHandler.cs:18) 玩家ID:489242989124911105 移动方向: -0.65539944 , 0 , -0.75528246
2025-11-27 21:38:23.9565 (StateSyncRequestHandler.cs:18) 玩家ID:489242989124911105 移动到新位置: -6.4757137 , 0 , 8.4292755
2025-11-27 21:38:24.0574 (StateSyncRequestHandler.cs:18) 玩家ID:489242989124911105 移动方向: -0.65539944 , 0 , -0.75528246
2025-11-27 21:38:24.0574 (StateSyncRequestHandler.cs:18) 玩家ID:489242989124911105 移动到新位置: -6.6067934 , 0 , 8.278219
2025-11-27 21:38:24.1612 (StateSyncRequestHandler.cs:18) 玩家ID:489242989124911105 移动方向: -0.65539944 , 0 , -0.75528246
2025-11-27 21:38:24.1612 (StateSyncRequestHandler.cs:18) 玩家ID:489242989124911105 移动到新位置: -6.737873 , 0 , 8.127163
2025-11-27 21:38:24.2609 (StateSyncRequestHandler.cs:18) 玩家ID:489242989124911105 移动到新位置: -6.737873 , 0 , 8.127163
2025-11-27 21:38:24.8563 (StateSyncRequestHandler.cs:18) 玩家ID:489242989124911105 移动方向: 0.75528246 , 0 , -0.65539944
2025-11-27 21:38:24.8563 (StateSyncRequestHandler.cs:18) 玩家ID:489242989124911105 移动到新位置: -6.586817 , 0 , 7.9960833
2025-11-27 21:38:24.9629 (StateSyncRequestHandler.cs:18) 玩家ID:489242989124911105 移动方向: 0.05212921 , 0 , -0.99864036
2025-11-27 21:38:24.9629 (StateSyncRequestHandler.cs:18) 玩家ID:489242989124911105 移动到新位置: -6.5763907 , 0 , 7.7963552
2025-11-27 21:38:25.0547 (StateSyncRequestHandler.cs:18) 玩家ID:489242989124911105 移动方向: -0.7172828 , 0 , -0.6967822
2025-11-27 21:38:25.0547 (StateSyncRequestHandler.cs:18) 玩家ID:489242989124911105 移动到新位置: -6.719847 , 0 , 7.6569986
2025-11-27 21:38:25.1612 (StateSyncRequestHandler.cs:18) 玩家ID:489242989124911105 移动方向: -0.6633246 , 0 , 0.74833184
2025-11-27 21:38:25.1612 (StateSyncRequestHandler.cs:18) 玩家ID:489242989124911105 移动到新位置: -6.8525124 , 0 , 7.806665
2025-11-27 21:38:25.2594 (StateSyncRequestHandler.cs:18) 玩家ID:489242989124911105 移动方向: -0.65062565 , 0 , 0.7593986
2025-11-27 21:38:25.2594 (StateSyncRequestHandler.cs:18) 玩家ID:489242989124911105 移动到新位置: -6.9826374 , 0 , 7.9585447
2025-11-27 21:38:25.3562 (StateSyncRequestHandler.cs:18) 玩家ID:489242989124911105 移动方向: -0.6458997 , 0 , 0.76342225
2025-11-27 21:38:25.3562 (StateSyncRequestHandler.cs:18) 玩家ID:489242989124911105 移动到新位置: -7.1118174 , 0 , 8.111229
2025-11-27 21:38:25.4588 (StateSyncRequestHandler.cs:18) 玩家ID:489242989124911105 移动方向: -0.64060414 , 0 , 0.76787126
2025-11-27 21:38:25.4588 (StateSyncRequestHandler.cs:18) 玩家ID:489242989124911105 移动到新位置: -7.2399383 , 0 , 8.264803
2025-11-27 21:38:25.5565 (StateSyncRequestHandler.cs:18) 玩家ID:489242989124911105 移动到新位置: -7.2399383 , 0 , 8.264803
2025-11-27 21:38:25.6580 (StateSyncRequestHandler.cs:18) 玩家ID:489242989124911105 移动方向: 0.9913013 , 0 , 0.13161215
2025-11-27 21:38:25.6580 (StateSyncRequestHandler.cs:18) 玩家ID:489242989124911105 移动到新位置: -7.041678 , 0 , 8.291125
2025-11-27 21:38:25.7665 (StateSyncRequestHandler.cs:18) 玩家ID:489242989124911105 移动方向: 0.6068429 , 0 , -0.79482174
2025-11-27 21:38:25.7665 (StateSyncRequestHandler.cs:18) 玩家ID:489242989124911105 移动到新位置: -6.9203095 , 0 , 8.132161
2025-11-27 21:38:25.8662 (StateSyncRequestHandler.cs:18) 玩家ID:489242989124911105 移动方向: 0.5126672 , 0 , -0.8585874
2025-11-27 21:38:25.8662 (StateSyncRequestHandler.cs:18) 玩家ID:489242989124911105 移动到新位置: -6.817776 , 0 , 7.9604435
2025-11-27 21:38:25.9543 (StateSyncRequestHandler.cs:18) 玩家ID:489242989124911105 移动方向: -0.28460297 , 0 , -0.95864546
2025-11-27 21:38:25.9543 (StateSyncRequestHandler.cs:18) 玩家ID:489242989124911105 移动到新位置: -6.8746967 , 0 , 7.7687144
2025-11-27 21:38:26.0614 (StateSyncRequestHandler.cs:18) 玩家ID:489242989124911105 移动方向: -0.29915395 , 0 , -0.95420486
2025-11-27 21:38:26.0614 (StateSyncRequestHandler.cs:18) 玩家ID:489242989124911105 移动到新位置: -6.9345274 , 0 , 7.577873
2025-11-27 21:38:26.1683 (StateSyncRequestHandler.cs:18) 玩家ID:489242989124911105 移动方向: -0.30332163 , 0 , -0.95288825
2025-11-27 21:38:26.1683 (StateSyncRequestHandler.cs:18) 玩家ID:489242989124911105 移动到新位置: -6.9951916 , 0 , 7.3872957
2025-11-27 21:38:26.2629 (StateSyncRequestHandler.cs:18) 玩家ID:489242989124911105 移动方向: -0.30222055 , 0 , -0.95323807
2025-11-27 21:38:26.2629 (StateSyncRequestHandler.cs:18) 玩家ID:489242989124911105 移动到新位置: -7.0556355 , 0 , 7.196648
2025-11-27 21:38:26.3567 (StateSyncRequestHandler.cs:18) 玩家ID:489242989124911105 移动方向: -0.83769184 , 0 , -0.5461431
2025-11-27 21:38:26.3567 (StateSyncRequestHandler.cs:18) 玩家ID:489242989124911105 移动到新位置: -7.2231736 , 0 , 7.0874195
2025-11-27 21:38:26.4615 (StateSyncRequestHandler.cs:18) 玩家ID:489242989124911105 移动方向: -0.6138179 , 0 , -0.78944767
2025-11-27 21:38:26.4615 (StateSyncRequestHandler.cs:18) 玩家ID:489242989124911105 移动到新位置: -7.3459373 , 0 , 6.92953
2025-11-27 21:38:26.5575 (StateSyncRequestHandler.cs:18) 玩家ID:489242989124911105 移动方向: -0.41291302 , 0 , -0.9107705
2025-11-27 21:38:26.5575 (StateSyncRequestHandler.cs:18) 玩家ID:489242989124911105 移动到新位置: -7.4285197 , 0 , 6.747376
2025-11-27 21:38:26.6542 (StateSyncRequestHandler.cs:18) 玩家ID:489242989124911105 移动方向: -0.3124157 , 0 , -0.94994545
2025-11-27 21:38:26.6542 (StateSyncRequestHandler.cs:18) 玩家ID:489242989124911105 移动到新位置: -7.491003 , 0 , 6.557387
2025-11-27 21:38:26.7631 (StateSyncRequestHandler.cs:18) 玩家ID:489242989124911105 移动方向: -0.27100426 , 0 , -0.96257806
2025-11-27 21:38:26.7631 (StateSyncRequestHandler.cs:18) 玩家ID:489242989124911105 移动到新位置: -7.5452037 , 0 , 6.364871
2025-11-27 21:38:26.8554 (StateSyncRequestHandler.cs:18) 玩家ID:489242989124911105 移动方向: -0.25911772 , 0 , -0.96584576
2025-11-27 21:38:26.8554 (StateSyncRequestHandler.cs:18) 玩家ID:489242989124911105 移动到新位置: -7.5970273 , 0 , 6.171702
2025-11-27 21:38:26.9530 (StateSyncRequestHandler.cs:18) 玩家ID:489242989124911105 移动方向: 0.50385064 , 0 , -0.8637908
2025-11-27 21:38:26.9530 (StateSyncRequestHandler.cs:18) 玩家ID:489242989124911105 移动到新位置: -7.4962573 , 0 , 5.998944
2025-11-27 21:38:27.0531 (StateSyncRequestHandler.cs:18) 玩家ID:489242989124911105 移动方向: 0.50510323 , 0 , -0.8630589
2025-11-27 21:38:27.0531 (StateSyncRequestHandler.cs:18) 玩家ID:489242989124911105 移动到新位置: -7.3952365 , 0 , 5.826332
2025-11-27 21:38:27.1570 (StateSyncRequestHandler.cs:18) 玩家ID:489242989124911105 移动方向: 0.50549513 , 0 , -0.8628295
2025-11-27 21:38:27.1570 (StateSyncRequestHandler.cs:18) 玩家ID:489242989124911105 移动到新位置: -7.2941375 , 0 , 5.653766
2025-11-27 21:38:27.2583 (StateSyncRequestHandler.cs:18) 玩家ID:489242989124911105 移动方向: -0.25254288 , 0 , -0.9675857
2025-11-27 21:38:27.2583 (StateSyncRequestHandler.cs:18) 玩家ID:489242989124911105 移动到新位置: -7.344646 , 0 , 5.460249
2025-11-27 21:38:27.3575 (StateSyncRequestHandler.cs:18) 玩家ID:489242989124911105 移动方向: -0.25250694 , 0 , -0.9675951
2025-11-27 21:38:27.3575 (StateSyncRequestHandler.cs:18) 玩家ID:489242989124911105 移动到新位置: -7.3951473 , 0 , 5.26673
2025-11-27 21:38:27.4613 (StateSyncRequestHandler.cs:18) 玩家ID:489242989124911105 移动方向: -0.229007 , 0 , -0.9734248
2025-11-27 21:38:27.4613 (StateSyncRequestHandler.cs:18) 玩家ID:489242989124911105 移动到新位置: -7.4409485 , 0 , 5.072045
2025-11-27 21:38:27.5599 (StateSyncRequestHandler.cs:18) 玩家ID:489242989124911105 移动方向: -0.6746839 , 0 , -0.7381067
2025-11-27 21:38:27.5599 (StateSyncRequestHandler.cs:18) 玩家ID:489242989124911105 移动到新位置: -7.5758853 , 0 , 4.9244237
2025-11-27 21:38:27.6548 (StateSyncRequestHandler.cs:18) 玩家ID:489242989124911105 移动方向: -0.30401182 , 0 , -0.9526682
2025-11-27 21:38:27.6548 (StateSyncRequestHandler.cs:18) 玩家ID:489242989124911105 移动到新位置: -7.6366878 , 0 , 4.73389
2025-11-27 21:38:27.7561 (StateSyncRequestHandler.cs:18) 玩家ID:489242989124911105 移动方向: -0.015198886 , 0 , -0.99988455
2025-11-27 21:38:27.7561 (StateSyncRequestHandler.cs:18) 玩家ID:489242989124911105 移动到新位置: -7.6397276 , 0 , 4.533913
2025-11-27 21:38:27.8580 (StateSyncRequestHandler.cs:18) 玩家ID:489242989124911105 移动方向: 0.10597903 , 0 , -0.9943684
2025-11-27 21:38:27.8580 (StateSyncRequestHandler.cs:18) 玩家ID:489242989124911105 移动到新位置: -7.6185317 , 0 , 4.3350396
2025-11-27 21:38:27.9529 (StateSyncRequestHandler.cs:18) 玩家ID:489242989124911105 移动方向: 0.14678374 , 0 , -0.98916864
2025-11-27 21:38:27.9529 (StateSyncRequestHandler.cs:18) 玩家ID:489242989124911105 移动到新位置: -7.5891747 , 0 , 4.137206
2025-11-27 21:38:28.0555 (StateSyncRequestHandler.cs:18) 玩家ID:489242989124911105 移动方向: 0.16145632 , 0 , -0.9868799
2025-11-27 21:38:28.0555 (StateSyncRequestHandler.cs:18) 玩家ID:489242989124911105 移动到新位置: -7.5568833 , 0 , 3.93983
2025-11-27 21:38:28.1542 (StateSyncRequestHandler.cs:18) 玩家ID:489242989124911105 移动方向: 0.16342162 , 0 , -0.98655635
2025-11-27 21:38:28.1542 (StateSyncRequestHandler.cs:18) 玩家ID:489242989124911105 移动到新位置: -7.524199 , 0 , 3.742519
2025-11-27 21:38:28.2583 (StateSyncRequestHandler.cs:18) 玩家ID:489242989124911105 移动方向: 0.014367303 , 0 , -0.99989676
2025-11-27 21:38:28.2583 (StateSyncRequestHandler.cs:18) 玩家ID:489242989124911105 移动到新位置: -7.5213256 , 0 , 3.5425396
2025-11-27 21:38:28.3630 (StateSyncRequestHandler.cs:18) 玩家ID:489242989124911105 移动方向: 0.84148806 , 0 , -0.5402757
2025-11-27 21:38:28.3630 (StateSyncRequestHandler.cs:18) 玩家ID:489242989124911105 移动到新位置: -7.353028 , 0 , 3.4344845
2025-11-27 21:38:28.4703 (StateSyncRequestHandler.cs:18) 玩家ID:489242989124911105 移动方向: 0.5139896 , 0 , -0.8577964
2025-11-27 21:38:28.4703 (StateSyncRequestHandler.cs:18) 玩家ID:489242989124911105 移动到新位置: -7.25023 , 0 , 3.2629251
2025-11-27 21:38:28.5538 (StateSyncRequestHandler.cs:18) 玩家ID:489242989124911105 移动方向: 0.87770593 , 0 , -0.4791995
2025-11-27 21:38:28.5538 (StateSyncRequestHandler.cs:18) 玩家ID:489242989124911105 移动到新位置: -7.0746884 , 0 , 3.1670852
2025-11-27 21:38:28.6568 (StateSyncRequestHandler.cs:18) 玩家ID:489242989124911105 移动方向: 0.64780104 , 0 , -0.7618095
2025-11-27 21:38:28.6568 (StateSyncRequestHandler.cs:18) 玩家ID:489242989124911105 移动到新位置: -6.9451284 , 0 , 3.0147233
2025-11-27 21:38:28.7567 (StateSyncRequestHandler.cs:18) 玩家ID:489242989124911105 移动方向: 0.27251482 , 0 , -0.9621515
2025-11-27 21:38:28.7567 (StateSyncRequestHandler.cs:18) 玩家ID:489242989124911105 移动到新位置: -6.8906255 , 0 , 2.822293
2025-11-27 21:38:28.8605 (StateSyncRequestHandler.cs:18) 玩家ID:489242989124911105 移动方向: 0.047821224 , 0 , -0.9988559
2025-11-27 21:38:28.8605 (StateSyncRequestHandler.cs:18) 玩家ID:489242989124911105 移动到新位置: -6.881061 , 0 , 2.6225219
2025-11-27 21:38:28.9583 (StateSyncRequestHandler.cs:18) 玩家ID:489242989124911105 移动方向: -0.7246844 , 0 , -0.68908095
2025-11-27 21:38:28.9583 (StateSyncRequestHandler.cs:18) 玩家ID:489242989124911105 移动到新位置: -7.025998 , 0 , 2.4847057
2025-11-27 21:38:29.0614 (StateSyncRequestHandler.cs:18) 玩家ID:489242989124911105 移动方向: -0.60371226 , 0 , -0.7972023
2025-11-27 21:38:29.0614 (StateSyncRequestHandler.cs:18) 玩家ID:489242989124911105 移动到新位置: -7.1467404 , 0 , 2.3252652
2025-11-27 21:38:29.1623 (StateSyncRequestHandler.cs:18) 玩家ID:489242989124911105 移动方向: -0.34802145 , 0 , -0.9374865
2025-11-27 21:38:29.1623 (StateSyncRequestHandler.cs:18) 玩家ID:489242989124911105 移动到新位置: -7.216345 , 0 , 2.1377678
2025-11-27 21:38:29.2593 (StateSyncRequestHandler.cs:18) 玩家ID:489242989124911105 移动方向: -0.19302972 , 0 , -0.98119295
2025-11-27 21:38:29.2593 (StateSyncRequestHandler.cs:18) 玩家ID:489242989124911105 移动到新位置: -7.254951 , 0 , 1.9415292
2025-11-27 21:38:29.3592 (StateSyncRequestHandler.cs:18) 玩家ID:489242989124911105 移动方向: -0.7908405 , 0 , -0.6120222
2025-11-27 21:38:29.3592 (StateSyncRequestHandler.cs:18) 玩家ID:489242989124911105 移动到新位置: -7.4131193 , 0 , 1.8191247
2025-11-27 21:38:29.4608 (StateSyncRequestHandler.cs:18) 玩家ID:489242989124911105 移动方向: -0.77538586 , 0 , -0.63148767
2025-11-27 21:38:29.4608 (StateSyncRequestHandler.cs:18) 玩家ID:489242989124911105 移动到新位置: -7.5681963 , 0 , 1.6928272
2025-11-27 21:38:29.5598 (StateSyncRequestHandler.cs:18) 玩家ID:489242989124911105 移动方向: -0.049093135 , 0 , -0.9987942
2025-11-27 21:38:29.5598 (StateSyncRequestHandler.cs:18) 玩家ID:489242989124911105 移动到新位置: -7.578015 , 0 , 1.4930683
2025-11-27 21:38:29.6603 (StateSyncRequestHandler.cs:18) 玩家ID:489242989124911105 移动方向: 0.12648788 , 0 , -0.99196815
2025-11-27 21:38:29.6603 (StateSyncRequestHandler.cs:18) 玩家ID:489242989124911105 移动到新位置: -7.552717 , 0 , 1.2946748
2025-11-27 21:38:29.7570 (StateSyncRequestHandler.cs:18) 玩家ID:489242989124911105 移动方向: 0.25697544 , 0 , -0.96641797
2025-11-27 21:38:29.7570 (StateSyncRequestHandler.cs:18) 玩家ID:489242989124911105 移动到新位置: -7.5013223 , 0 , 1.1013912
2025-11-27 21:38:29.8558 (StateSyncRequestHandler.cs:18) 玩家ID:489242989124911105 移动方向: 0.31345564 , 0 , -0.94960284
2025-11-27 21:38:29.8558 (StateSyncRequestHandler.cs:18) 玩家ID:489242989124911105 移动到新位置: -7.438631 , 0 , 0.91147065
2025-11-27 21:38:29.9565 (StateSyncRequestHandler.cs:18) 玩家ID:489242989124911105 移动方向: 0.33517978 , 0 , -0.9421542
2025-11-27 21:38:29.9565 (StateSyncRequestHandler.cs:18) 玩家ID:489242989124911105 移动到新位置: -7.371595 , 0 , 0.7230398
2025-11-27 21:38:30.0588 (StateSyncRequestHandler.cs:18) 玩家ID:489242989124911105 移动到新位置: -7.371595 , 0 , 0.7230398
2025-11-27 21:38:40.6374  收到登录请求
2025-11-27 21:38:49.2872  账号不存在，可以注册:222
2025-11-27 21:38:52.8931  收到登录请求
2025-11-27 21:38:57.2985  收到注册名称请求，账号：222，名称：原初z
2025-11-27 21:38:57.3143  账号名称注册成功 账号：222 名称：原初z
2025-11-27 21:38:57.3346  进入大厅成功，玩家ID:490676460229754881
2025-11-27 21:38:58.6412 (StateSyncRequestHandler.cs:18) 玩家ID:490676460229754881 移动方向: -0.26316524 , 0 , -0.9647508
2025-11-27 21:38:58.6412 (StateSyncRequestHandler.cs:18) 玩家ID:490676460229754881 移动到新位置: -0.052633047 , 0 , -0.19295016
2025-11-27 21:38:58.7388 (StateSyncRequestHandler.cs:18) 玩家ID:490676460229754881 移动方向: -0.5346544 , 0 , -0.84507084
2025-11-27 21:38:58.7388 (StateSyncRequestHandler.cs:18) 玩家ID:490676460229754881 移动到新位置: -0.15956393 , 0 , -0.36196434
2025-11-27 21:38:58.8429 (StateSyncRequestHandler.cs:18) 玩家ID:490676460229754881 移动方向: -0.9953319 , 0 , 0.09651148
2025-11-27 21:38:58.8429 (StateSyncRequestHandler.cs:18) 玩家ID:490676460229754881 移动到新位置: -0.3586303 , 0 , -0.34266204
2025-11-27 21:38:58.9432 (StateSyncRequestHandler.cs:18) 玩家ID:490676460229754881 移动方向: -0.96882415 , 0 , 0.24774933
2025-11-27 21:38:58.9432 (StateSyncRequestHandler.cs:18) 玩家ID:490676460229754881 移动到新位置: -0.5523951 , 0 , -0.29311216
2025-11-27 21:38:59.0388 (StateSyncRequestHandler.cs:18) 玩家ID:490676460229754881 移动方向: -0.9530337 , 0 , 0.30286437
2025-11-27 21:38:59.0388 (StateSyncRequestHandler.cs:18) 玩家ID:490676460229754881 移动到新位置: -0.7430018 , 0 , -0.2325393
2025-11-27 21:38:59.1443 (StateSyncRequestHandler.cs:18) 玩家ID:490676460229754881 移动方向: -0.97589755 , 0 , 0.21822906
2025-11-27 21:38:59.1443 (StateSyncRequestHandler.cs:18) 玩家ID:490676460229754881 移动到新位置: -0.93818134 , 0 , -0.1888935
2025-11-27 21:38:59.2382 (StateSyncRequestHandler.cs:18) 玩家ID:490676460229754881 移动方向: -0.794534 , 0 , 0.60721964
2025-11-27 21:38:59.2382 (StateSyncRequestHandler.cs:18) 玩家ID:490676460229754881 移动到新位置: -1.0970881 , 0 , -0.06744957
2025-11-27 21:38:59.3365 (StateSyncRequestHandler.cs:18) 玩家ID:490676460229754881 移动方向: -0.9308224 , 0 , 0.36547193
2025-11-27 21:38:59.3365 (StateSyncRequestHandler.cs:18) 玩家ID:490676460229754881 移动到新位置: -1.2832526 , 0 , 0.005644813
2025-11-27 21:38:59.4446 (StateSyncRequestHandler.cs:18) 玩家ID:490676460229754881 移动方向: -0.9714854 , 0 , 0.23709954
2025-11-27 21:38:59.4446 (StateSyncRequestHandler.cs:18) 玩家ID:490676460229754881 移动到新位置: -1.4775497 , 0 , 0.053064723
2025-11-27 21:38:59.5450 (StateSyncRequestHandler.cs:18) 玩家ID:490676460229754881 移动方向: -0.98113465 , 0 , 0.19332546
2025-11-27 21:38:59.5450 (StateSyncRequestHandler.cs:18) 玩家ID:490676460229754881 移动到新位置: -1.6737766 , 0 , 0.09172981
2025-11-27 21:38:59.6402 (StateSyncRequestHandler.cs:18) 玩家ID:490676460229754881 移动方向: -0.9835796 , 0 , 0.1804749
2025-11-27 21:38:59.6402 (StateSyncRequestHandler.cs:18) 玩家ID:490676460229754881 移动到新位置: -1.8704926 , 0 , 0.12782478
2025-11-27 21:38:59.7375 (StateSyncRequestHandler.cs:18) 玩家ID:490676460229754881 移动方向: -0.24911967 , 0 , -0.9684727
2025-11-27 21:38:59.7375 (StateSyncRequestHandler.cs:18) 玩家ID:490676460229754881 移动到新位置: -1.9203165 , 0 , -0.06586975
2025-11-27 21:38:59.8419 (StateSyncRequestHandler.cs:18) 玩家ID:490676460229754881 移动方向: -0.51150346 , 0 , -0.8592812
2025-11-27 21:38:59.8419 (StateSyncRequestHandler.cs:18) 玩家ID:490676460229754881 移动到新位置: -2.022617 , 0 , -0.23772597
2025-11-27 21:38:59.9429 (StateSyncRequestHandler.cs:18) 玩家ID:490676460229754881 移动方向: -0.7049333 , 0 , -0.7092736
2025-11-27 21:38:59.9429 (StateSyncRequestHandler.cs:18) 玩家ID:490676460229754881 移动到新位置: -2.1636038 , 0 , -0.37958068
2025-11-27 21:39:00.0382 (StateSyncRequestHandler.cs:18) 玩家ID:490676460229754881 移动方向: -0.77473557 , 0 , -0.63228536
2025-11-27 21:39:00.0382 (StateSyncRequestHandler.cs:18) 玩家ID:490676460229754881 移动到新位置: -2.3185508 , 0 , -0.5060377
2025-11-27 21:39:00.1389 (StateSyncRequestHandler.cs:18) 玩家ID:490676460229754881 移动方向: -0.8030632 , 0 , -0.59589386
2025-11-27 21:39:00.1389 (StateSyncRequestHandler.cs:18) 玩家ID:490676460229754881 移动到新位置: -2.4791634 , 0 , -0.6252165
2025-11-27 21:39:00.2398 (StateSyncRequestHandler.cs:18) 玩家ID:490676460229754881 移动方向: -0.8118367 , 0 , -0.58388454
2025-11-27 21:39:00.2398 (StateSyncRequestHandler.cs:18) 玩家ID:490676460229754881 移动到新位置: -2.6415308 , 0 , -0.74199337
2025-11-27 21:39:00.3391 (StateSyncRequestHandler.cs:18) 玩家ID:490676460229754881 移动方向: -0.986153 , 0 , 0.16583768
2025-11-27 21:39:00.3391 (StateSyncRequestHandler.cs:18) 玩家ID:490676460229754881 移动到新位置: -2.8387613 , 0 , -0.7088258
2025-11-27 21:39:00.4463 (StateSyncRequestHandler.cs:18) 玩家ID:490676460229754881 移动方向: -0.98503864 , 0 , 0.17233339
2025-11-27 21:39:00.4463 (StateSyncRequestHandler.cs:18) 玩家ID:490676460229754881 移动到新位置: -3.035769 , 0 , -0.67435914
2025-11-27 21:39:00.5379 (StateSyncRequestHandler.cs:18) 玩家ID:490676460229754881 移动方向: -0.96400154 , 0 , 0.26589668
2025-11-27 21:39:00.5379 (StateSyncRequestHandler.cs:18) 玩家ID:490676460229754881 移动到新位置: -3.2285693 , 0 , -0.6211798
2025-11-27 21:39:00.6477 (StateSyncRequestHandler.cs:18) 玩家ID:490676460229754881 移动方向: -0.25904292 , 0 , 0.9658658
2025-11-27 21:39:00.6477 (StateSyncRequestHandler.cs:18) 玩家ID:490676460229754881 移动到新位置: -3.2803779 , 0 , -0.42800665
2025-11-27 21:39:00.7469 (StateSyncRequestHandler.cs:18) 玩家ID:490676460229754881 移动方向: -0.049136937 , 0 , 0.99879205
2025-11-27 21:39:00.7469 (StateSyncRequestHandler.cs:18) 玩家ID:490676460229754881 移动到新位置: -3.2902052 , 0 , -0.22824824
2025-11-27 21:39:00.8459 (StateSyncRequestHandler.cs:18) 玩家ID:490676460229754881 移动方向: 0.096495606 , 0 , 0.99533343
2025-11-27 21:39:00.8459 (StateSyncRequestHandler.cs:18) 玩家ID:490676460229754881 移动到新位置: -3.2709062 , 0 , -0.029181555
2025-11-27 21:39:00.9380 (StateSyncRequestHandler.cs:18) 玩家ID:490676460229754881 移动方向: 0.16967371 , 0 , 0.98550034
2025-11-27 21:39:00.9380 (StateSyncRequestHandler.cs:18) 玩家ID:490676460229754881 移动到新位置: -3.2369714 , 0 , 0.1679185
2025-11-27 21:39:01.0469 (StateSyncRequestHandler.cs:18) 玩家ID:490676460229754881 移动方向: 0.2446231 , 0 , 0.96961826
2025-11-27 21:39:01.0469 (StateSyncRequestHandler.cs:18) 玩家ID:490676460229754881 移动到新位置: -3.1880467 , 0 , 0.36184216
2025-11-27 21:39:01.1436 (StateSyncRequestHandler.cs:18) 玩家ID:490676460229754881 移动方向: 0.30972883 , 0 , 0.9508249
2025-11-27 21:39:01.1436 (StateSyncRequestHandler.cs:18) 玩家ID:490676460229754881 移动到新位置: -3.126101 , 0 , 0.55200714
2025-11-27 21:39:01.2399 (StateSyncRequestHandler.cs:18) 玩家ID:490676460229754881 移动方向: 0.3523246 , 0 , 0.9358778
2025-11-27 21:39:01.2399 (StateSyncRequestHandler.cs:18) 玩家ID:490676460229754881 移动到新位置: -3.0556362 , 0 , 0.7391827
2025-11-27 21:39:01.3475 (StateSyncRequestHandler.cs:18) 玩家ID:490676460229754881 移动方向: 0.3727812 , 0 , 0.92791927
2025-11-27 21:39:01.3475 (StateSyncRequestHandler.cs:18) 玩家ID:490676460229754881 移动到新位置: -2.9810798 , 0 , 0.92476654
2025-11-27 21:39:01.4429 (StateSyncRequestHandler.cs:18) 玩家ID:490676460229754881 移动方向: 0.3792287 , 0 , 0.925303
2025-11-27 21:39:01.4429 (StateSyncRequestHandler.cs:18) 玩家ID:490676460229754881 移动到新位置: -2.905234 , 0 , 1.1098272
2025-11-27 21:39:01.5580 (StateSyncRequestHandler.cs:18) 玩家ID:490676460229754881 移动方向: 0.3816163 , 0 , 0.92432076
2025-11-27 21:39:01.5580 (StateSyncRequestHandler.cs:18) 玩家ID:490676460229754881 移动到新位置: -2.8289108 , 0 , 1.2946913
2025-11-27 21:39:01.6409 (StateSyncRequestHandler.cs:18) 玩家ID:490676460229754881 移动方向: 0.38744298 , 0 , 0.92189366
2025-11-27 21:39:01.6409 (StateSyncRequestHandler.cs:18) 玩家ID:490676460229754881 移动到新位置: -2.7514222 , 0 , 1.4790701
2025-11-27 21:39:01.7373 (StateSyncRequestHandler.cs:18) 玩家ID:490676460229754881 移动方向: -0.3466464 , 0 , 0.93799585
2025-11-27 21:39:01.7373 (StateSyncRequestHandler.cs:18) 玩家ID:490676460229754881 移动到新位置: -2.8207514 , 0 , 1.6666692
2025-11-27 21:39:01.8462 (StateSyncRequestHandler.cs:18) 玩家ID:490676460229754881 移动方向: -0.31856212 , 0 , 0.94790196
2025-11-27 21:39:01.8462 (StateSyncRequestHandler.cs:18) 玩家ID:490676460229754881 移动到新位置: -2.8844638 , 0 , 1.8562497
2025-11-27 21:39:01.9376 (StateSyncRequestHandler.cs:18) 玩家ID:490676460229754881 移动方向: -0.30819675 , 0 , 0.95132256
2025-11-27 21:39:01.9376 (StateSyncRequestHandler.cs:18) 玩家ID:490676460229754881 移动到新位置: -2.946103 , 0 , 2.0465143
2025-11-27 21:39:02.0362 (StateSyncRequestHandler.cs:18) 玩家ID:490676460229754881 移动方向: -0.30376267 , 0 , 0.9527477
2025-11-27 21:39:02.0362 (StateSyncRequestHandler.cs:18) 玩家ID:490676460229754881 移动到新位置: -3.0068557 , 0 , 2.237064
2025-11-27 21:39:02.1454 (StateSyncRequestHandler.cs:18) 玩家ID:490676460229754881 移动方向: -0.30217174 , 0 , 0.9532535
2025-11-27 21:39:02.1454 (StateSyncRequestHandler.cs:18) 玩家ID:490676460229754881 移动到新位置: -3.06729 , 0 , 2.4277146
2025-11-27 21:39:02.2378 (StateSyncRequestHandler.cs:18) 玩家ID:490676460229754881 移动方向: -0.30289513 , 0 , 0.9530239
2025-11-27 21:39:02.2378 (StateSyncRequestHandler.cs:18) 玩家ID:490676460229754881 移动到新位置: -3.1278691 , 0 , 2.6183193
2025-11-27 21:39:02.3476 (StateSyncRequestHandler.cs:18) 玩家ID:490676460229754881 移动方向: 0.41639656 , 0 , 0.9091831
2025-11-27 21:39:02.3476 (StateSyncRequestHandler.cs:18) 玩家ID:490676460229754881 移动到新位置: -3.0445898 , 0 , 2.8001559
2025-11-27 21:39:02.4392 (StateSyncRequestHandler.cs:18) 玩家ID:490676460229754881 移动方向: 0.34977522 , 0 , 0.9368336
2025-11-27 21:39:02.4392 (StateSyncRequestHandler.cs:18) 玩家ID:490676460229754881 移动到新位置: -2.9746346 , 0 , 2.9875226
2025-11-27 21:39:02.5379 (StateSyncRequestHandler.cs:18) 玩家ID:490676460229754881 移动方向: 0.30855453 , 0 , 0.9512067
2025-11-27 21:39:02.5379 (StateSyncRequestHandler.cs:18) 玩家ID:490676460229754881 移动到新位置: -2.9129238 , 0 , 3.177764
2025-11-27 21:39:02.6403 (StateSyncRequestHandler.cs:18) 玩家ID:490676460229754881 移动方向: 0.29165614 , 0 , 0.9565232
2025-11-27 21:39:02.6403 (StateSyncRequestHandler.cs:18) 玩家ID:490676460229754881 移动到新位置: -2.8545926 , 0 , 3.3690686
2025-11-27 21:39:02.7408 (StateSyncRequestHandler.cs:18) 玩家ID:490676460229754881 移动方向: 0.28566015 , 0 , 0.958331
2025-11-27 21:39:02.7408 (StateSyncRequestHandler.cs:18) 玩家ID:490676460229754881 移动到新位置: -2.7974606 , 0 , 3.5607347
2025-11-27 21:39:02.8398 (StateSyncRequestHandler.cs:18) 玩家ID:490676460229754881 移动方向: -0.9589185 , 0 , 0.28368163
2025-11-27 21:39:02.8398 (StateSyncRequestHandler.cs:18) 玩家ID:490676460229754881 移动到新位置: -2.9892442 , 0 , 3.617471
2025-11-27 21:39:02.9416 (StateSyncRequestHandler.cs:18) 玩家ID:490676460229754881 移动方向: -0.95910823 , 0 , 0.28303975
2025-11-27 21:39:02.9416 (StateSyncRequestHandler.cs:18) 玩家ID:490676460229754881 移动到新位置: -3.1810658 , 0 , 3.674079
2025-11-27 21:39:03.0441 (StateSyncRequestHandler.cs:18) 玩家ID:490676460229754881 移动方向: -0.9591661 , 0 , 0.28284332
2025-11-27 21:39:03.0441 (StateSyncRequestHandler.cs:18) 玩家ID:490676460229754881 移动到新位置: -3.372899 , 0 , 3.7306476
2025-11-27 21:39:03.1421 (StateSyncRequestHandler.cs:18) 玩家ID:490676460229754881 移动方向: -0.9591836 , 0 , 0.2827841
2025-11-27 21:39:03.1421 (StateSyncRequestHandler.cs:18) 玩家ID:490676460229754881 移动到新位置: -3.564736 , 0 , 3.7872043
2025-11-27 21:39:03.2403 (StateSyncRequestHandler.cs:18) 玩家ID:490676460229754881 移动方向: -0.9591887 , 0 , 0.28276673
2025-11-27 21:39:03.2403 (StateSyncRequestHandler.cs:18) 玩家ID:490676460229754881 移动到新位置: -3.7565737 , 0 , 3.8437576
2025-11-27 21:39:03.3388 (StateSyncRequestHandler.cs:18) 玩家ID:490676460229754881 移动方向: -0.9591902 , 0 , 0.2827616
2025-11-27 21:39:03.3388 (StateSyncRequestHandler.cs:18) 玩家ID:490676460229754881 移动到新位置: -3.9484117 , 0 , 3.90031
2025-11-27 21:39:03.4430 (StateSyncRequestHandler.cs:18) 玩家ID:490676460229754881 移动方向: -0.95919067 , 0 , 0.28276002
2025-11-27 21:39:03.4430 (StateSyncRequestHandler.cs:18) 玩家ID:490676460229754881 移动到新位置: -4.1402497 , 0 , 3.956862
2025-11-27 21:39:03.5445 (StateSyncRequestHandler.cs:18) 玩家ID:490676460229754881 移动方向: -0.95919085 , 0 , 0.2827595
2025-11-27 21:39:03.5445 (StateSyncRequestHandler.cs:18) 玩家ID:490676460229754881 移动到新位置: -4.332088 , 0 , 4.013414
2025-11-27 21:39:03.6444 (StateSyncRequestHandler.cs:18) 玩家ID:490676460229754881 移动方向: -0.9591908 , 0 , 0.2827596
2025-11-27 21:39:03.6444 (StateSyncRequestHandler.cs:18) 玩家ID:490676460229754881 移动到新位置: -4.5239263 , 0 , 4.069966
2025-11-27 21:39:03.7481 (StateSyncRequestHandler.cs:18) 玩家ID:490676460229754881 移动方向: -0.9591908 , 0 , 0.2827596
2025-11-27 21:39:03.7481 (StateSyncRequestHandler.cs:18) 玩家ID:490676460229754881 移动到新位置: -4.7157645 , 0 , 4.126518
2025-11-27 21:39:03.8378 (StateSyncRequestHandler.cs:18) 玩家ID:490676460229754881 移动方向: -0.9591908 , 0 , 0.2827596
2025-11-27 21:39:03.8378 (StateSyncRequestHandler.cs:18) 玩家ID:490676460229754881 移动到新位置: -4.907603 , 0 , 4.1830697
2025-11-27 21:39:03.9404 (StateSyncRequestHandler.cs:18) 玩家ID:490676460229754881 移动方向: -0.9591908 , 0 , 0.2827596
2025-11-27 21:39:03.9404 (StateSyncRequestHandler.cs:18) 玩家ID:490676460229754881 移动到新位置: -5.099441 , 0 , 4.2396216
2025-11-27 21:39:04.0444 (StateSyncRequestHandler.cs:18) 玩家ID:490676460229754881 移动方向: -0.9591908 , 0 , 0.2827596
2025-11-27 21:39:04.0444 (StateSyncRequestHandler.cs:18) 玩家ID:490676460229754881 移动到新位置: -5.2912793 , 0 , 4.2961736
2025-11-27 21:39:04.1493 (StateSyncRequestHandler.cs:18) 玩家ID:490676460229754881 移动方向: -0.9591908 , 0 , 0.2827596
2025-11-27 21:39:04.1493 (StateSyncRequestHandler.cs:18) 玩家ID:490676460229754881 移动到新位置: -5.4831176 , 0 , 4.3527255
2025-11-27 21:39:04.2382 (StateSyncRequestHandler.cs:18) 玩家ID:490676460229754881 移动方向: -0.9591908 , 0 , 0.2827596
2025-11-27 21:39:04.2382 (StateSyncRequestHandler.cs:18) 玩家ID:490676460229754881 移动到新位置: -5.674956 , 0 , 4.4092774
2025-11-27 21:39:04.3406 (StateSyncRequestHandler.cs:18) 玩家ID:490676460229754881 移动方向: -0.9591908 , 0 , 0.2827596
2025-11-27 21:39:04.3406 (StateSyncRequestHandler.cs:18) 玩家ID:490676460229754881 移动到新位置: -5.866794 , 0 , 4.4658294
2025-11-27 21:39:04.4478 (StateSyncRequestHandler.cs:18) 玩家ID:490676460229754881 移动方向: -0.47830907 , 0 , 0.87819153
2025-11-27 21:39:04.4478 (StateSyncRequestHandler.cs:18) 玩家ID:490676460229754881 移动到新位置: -5.9624557 , 0 , 4.6414676
2025-11-27 21:39:04.5431 (StateSyncRequestHandler.cs:18) 玩家ID:490676460229754881 移动方向: -0.47830907 , 0 , 0.87819153
2025-11-27 21:39:04.5431 (StateSyncRequestHandler.cs:18) 玩家ID:490676460229754881 移动到新位置: -6.0581174 , 0 , 4.817106
2025-11-27 21:39:04.6414 (StateSyncRequestHandler.cs:18) 玩家ID:490676460229754881 移动方向: 0.28275964 , 0 , 0.9591908
2025-11-27 21:39:04.6414 (StateSyncRequestHandler.cs:18) 玩家ID:490676460229754881 移动到新位置: -6.0015655 , 0 , 5.008944
2025-11-27 21:39:04.7402 (StateSyncRequestHandler.cs:18) 玩家ID:490676460229754881 移动方向: 0.28275964 , 0 , 0.9591908
2025-11-27 21:39:04.7402 (StateSyncRequestHandler.cs:18) 玩家ID:490676460229754881 移动到新位置: -5.9450135 , 0 , 5.2007823
2025-11-27 21:39:04.8453 (StateSyncRequestHandler.cs:18) 玩家ID:490676460229754881 移动方向: 0.28275964 , 0 , 0.9591908
2025-11-27 21:39:04.8453 (StateSyncRequestHandler.cs:18) 玩家ID:490676460229754881 移动到新位置: -5.8884616 , 0 , 5.3926206
2025-11-27 21:39:04.9370 (StateSyncRequestHandler.cs:18) 玩家ID:490676460229754881 移动方向: 0.28275964 , 0 , 0.9591908
2025-11-27 21:39:04.9370 (StateSyncRequestHandler.cs:18) 玩家ID:490676460229754881 移动到新位置: -5.8319097 , 0 , 5.584459
2025-11-27 21:39:05.0373 (StateSyncRequestHandler.cs:18) 玩家ID:490676460229754881 移动方向: 0.28275964 , 0 , 0.9591908
2025-11-27 21:39:05.0373 (StateSyncRequestHandler.cs:18) 玩家ID:490676460229754881 移动到新位置: -5.7753577 , 0 , 5.776297
2025-11-27 21:39:05.1409 (StateSyncRequestHandler.cs:18) 玩家ID:490676460229754881 移动方向: 0.28275964 , 0 , 0.9591908
2025-11-27 21:39:05.1409 (StateSyncRequestHandler.cs:18) 玩家ID:490676460229754881 移动到新位置: -5.718806 , 0 , 5.9681354
2025-11-27 21:39:05.2441 (StateSyncRequestHandler.cs:18) 玩家ID:490676460229754881 移动方向: 0.28275964 , 0 , 0.9591908
2025-11-27 21:39:05.2441 (StateSyncRequestHandler.cs:18) 玩家ID:490676460229754881 移动到新位置: -5.662254 , 0 , 6.1599736
2025-11-27 21:39:05.3431 (StateSyncRequestHandler.cs:18) 玩家ID:490676460229754881 移动方向: 0.28275964 , 0 , 0.9591908
2025-11-27 21:39:05.3431 (StateSyncRequestHandler.cs:18) 玩家ID:490676460229754881 移动到新位置: -5.605702 , 0 , 6.351812
2025-11-27 21:39:05.4423 (StateSyncRequestHandler.cs:18) 玩家ID:490676460229754881 移动方向: 0.28275964 , 0 , 0.9591908
2025-11-27 21:39:05.4423 (StateSyncRequestHandler.cs:18) 玩家ID:490676460229754881 移动到新位置: -5.54915 , 0 , 6.54365
2025-11-27 21:39:05.5381 (StateSyncRequestHandler.cs:18) 玩家ID:490676460229754881 移动方向: 0.28275964 , 0 , 0.9591908
2025-11-27 21:39:05.5381 (StateSyncRequestHandler.cs:18) 玩家ID:490676460229754881 移动到新位置: -5.492598 , 0 , 6.7354884
2025-11-27 21:39:05.6387 (StateSyncRequestHandler.cs:18) 玩家ID:490676460229754881 移动方向: 0.28275964 , 0 , 0.9591908
2025-11-27 21:39:05.6387 (StateSyncRequestHandler.cs:18) 玩家ID:490676460229754881 移动到新位置: -5.436046 , 0 , 6.9273267
2025-11-27 21:39:05.7409 (StateSyncRequestHandler.cs:18) 玩家ID:490676460229754881 移动方向: -0.9591908 , 0 , 0.2827596
2025-11-27 21:39:05.7409 (StateSyncRequestHandler.cs:18) 玩家ID:490676460229754881 移动到新位置: -5.6278844 , 0 , 6.9838786
2025-11-27 21:39:05.8382 (StateSyncRequestHandler.cs:18) 玩家ID:490676460229754881 移动方向: -0.9591908 , 0 , 0.2827596
2025-11-27 21:39:05.8382 (StateSyncRequestHandler.cs:18) 玩家ID:490676460229754881 移动到新位置: -5.8197227 , 0 , 7.0404305
2025-11-27 21:39:05.9377 (StateSyncRequestHandler.cs:18) 玩家ID:490676460229754881 移动方向: -0.9591908 , 0 , 0.2827596
2025-11-27 21:39:05.9377 (StateSyncRequestHandler.cs:18) 玩家ID:490676460229754881 移动到新位置: -6.011561 , 0 , 7.0969825
2025-11-27 21:39:06.0390 (StateSyncRequestHandler.cs:18) 玩家ID:490676460229754881 移动方向: -0.9591908 , 0 , 0.2827596
2025-11-27 21:39:06.0390 (StateSyncRequestHandler.cs:18) 玩家ID:490676460229754881 移动到新位置: -6.203399 , 0 , 7.1535344
2025-11-27 21:39:06.1389 (StateSyncRequestHandler.cs:18) 玩家ID:490676460229754881 移动方向: -0.9591908 , 0 , 0.2827596
2025-11-27 21:39:06.1389 (StateSyncRequestHandler.cs:18) 玩家ID:490676460229754881 移动到新位置: -6.3952374 , 0 , 7.2100863
2025-11-27 21:39:06.2432 (StateSyncRequestHandler.cs:18) 玩家ID:490676460229754881 移动方向: -0.9591908 , 0 , 0.2827596
2025-11-27 21:39:06.2432 (StateSyncRequestHandler.cs:18) 玩家ID:490676460229754881 移动到新位置: -6.5870757 , 0 , 7.2666383
2025-11-27 21:39:06.3419 (StateSyncRequestHandler.cs:18) 玩家ID:490676460229754881 移动方向: -0.9591908 , 0 , 0.2827596
2025-11-27 21:39:06.3419 (StateSyncRequestHandler.cs:18) 玩家ID:490676460229754881 移动到新位置: -6.778914 , 0 , 7.32319
2025-11-27 21:39:06.4391 (StateSyncRequestHandler.cs:18) 玩家ID:490676460229754881 移动方向: -0.9591908 , 0 , 0.2827596
2025-11-27 21:39:06.4391 (StateSyncRequestHandler.cs:18) 玩家ID:490676460229754881 移动到新位置: -6.9707522 , 0 , 7.379742
2025-11-27 21:39:06.5430 (StateSyncRequestHandler.cs:18) 玩家ID:490676460229754881 移动方向: -0.9591908 , 0 , 0.2827596
2025-11-27 21:39:06.5430 (StateSyncRequestHandler.cs:18) 玩家ID:490676460229754881 移动到新位置: -7.1625905 , 0 , 7.436294
2025-11-27 21:39:06.6437 (StateSyncRequestHandler.cs:18) 玩家ID:490676460229754881 移动方向: -0.9591908 , 0 , 0.2827596
2025-11-27 21:39:06.6437 (StateSyncRequestHandler.cs:18) 玩家ID:490676460229754881 移动到新位置: -7.354429 , 0 , 7.492846
2025-11-27 21:39:06.7414 (StateSyncRequestHandler.cs:18) 玩家ID:490676460229754881 移动方向: -0.9591908 , 0 , 0.2827596
2025-11-27 21:39:06.7414 (StateSyncRequestHandler.cs:18) 玩家ID:490676460229754881 移动到新位置: -7.546267 , 0 , 7.549398
2025-11-27 21:39:06.8381 (StateSyncRequestHandler.cs:18) 玩家ID:490676460229754881 移动方向: -0.944074 , 0 , 0.3297339
2025-11-27 21:39:06.8381 (StateSyncRequestHandler.cs:18) 玩家ID:490676460229754881 移动到新位置: -7.7350817 , 0 , 7.6153445
2025-11-27 21:39:06.9403 (StateSyncRequestHandler.cs:18) 玩家ID:490676460229754881 移动方向: -0.78142864 , 0 , 0.6239946
2025-11-27 21:39:06.9403 (StateSyncRequestHandler.cs:18) 玩家ID:490676460229754881 移动到新位置: -7.8913674 , 0 , 7.7401433
2025-11-27 21:39:07.0431 (StateSyncRequestHandler.cs:18) 玩家ID:490676460229754881 移动方向: 0.8880911 , 0 , 0.45966753
2025-11-27 21:39:07.0431 (StateSyncRequestHandler.cs:18) 玩家ID:490676460229754881 移动到新位置: -7.7137494 , 0 , 7.832077
2025-11-27 21:39:07.1437 (StateSyncRequestHandler.cs:18) 玩家ID:490676460229754881 移动方向: 0.96246547 , 0 , 0.27140424
2025-11-27 21:39:07.1437 (StateSyncRequestHandler.cs:18) 玩家ID:490676460229754881 移动到新位置: -7.5212564 , 0 , 7.886358
2025-11-27 21:39:07.2395 (StateSyncRequestHandler.cs:18) 玩家ID:490676460229754881 移动方向: 0.8114314 , 0 , -0.5844476
2025-11-27 21:39:07.2403 (StateSyncRequestHandler.cs:18) 玩家ID:490676460229754881 移动到新位置: -7.35897 , 0 , 7.7694683
2025-11-27 21:39:07.3405 (StateSyncRequestHandler.cs:18) 玩家ID:490676460229754881 移动方向: 0.78000784 , 0 , -0.6257696
2025-11-27 21:39:07.3405 (StateSyncRequestHandler.cs:18) 玩家ID:490676460229754881 移动到新位置: -7.2029686 , 0 , 7.6443143
2025-11-27 21:39:07.4432 (StateSyncRequestHandler.cs:18) 玩家ID:490676460229754881 移动方向: 0.8003884 , 0 , -0.5994818
2025-11-27 21:39:07.4432 (StateSyncRequestHandler.cs:18) 玩家ID:490676460229754881 移动到新位置: -7.042891 , 0 , 7.524418
2025-11-27 21:39:07.5455 (StateSyncRequestHandler.cs:18) 玩家ID:490676460229754881 移动方向: 0.8789012 , 0 , -0.47700393
2025-11-27 21:39:07.5455 (StateSyncRequestHandler.cs:18) 玩家ID:490676460229754881 移动到新位置: -6.8671107 , 0 , 7.429017
2025-11-27 21:39:07.6439 (StateSyncRequestHandler.cs:18) 玩家ID:490676460229754881 移动方向: 0.9260818 , 0 , -0.37732267
2025-11-27 21:39:07.6439 (StateSyncRequestHandler.cs:18) 玩家ID:490676460229754881 移动到新位置: -6.6818943 , 0 , 7.3535523
2025-11-27 21:39:07.7386 (StateSyncRequestHandler.cs:18) 玩家ID:490676460229754881 移动方向: 0.94289374 , 0 , -0.33309364
2025-11-27 21:39:07.7386 (StateSyncRequestHandler.cs:18) 玩家ID:490676460229754881 移动到新位置: -6.4933157 , 0 , 7.2869334
2025-11-27 21:39:07.8539 (StateSyncRequestHandler.cs:18) 玩家ID:490676460229754881 移动方向: 0.8933691 , 0 , 0.44932362
2025-11-27 21:39:07.8539 (StateSyncRequestHandler.cs:18) 玩家ID:490676460229754881 移动到新位置: -6.314642 , 0 , 7.376798
2025-11-27 21:39:07.9456 (StateSyncRequestHandler.cs:18) 玩家ID:490676460229754881 移动方向: 0.8905507 , 0 , 0.454884
2025-11-27 21:39:07.9456 (StateSyncRequestHandler.cs:18) 玩家ID:490676460229754881 移动到新位置: -6.136532 , 0 , 7.467775
2025-11-27 21:39:08.0455 (StateSyncRequestHandler.cs:18) 玩家ID:490676460229754881 移动方向: 0.88962686 , 0 , 0.4566881
2025-11-27 21:39:08.0455 (StateSyncRequestHandler.cs:18) 玩家ID:490676460229754881 移动到新位置: -5.9586062 , 0 , 7.5591125
2025-11-27 21:39:08.1452 (StateSyncRequestHandler.cs:18) 玩家ID:490676460229754881 移动方向: 0.8893401 , 0 , 0.45724627
2025-11-27 21:39:08.1452 (StateSyncRequestHandler.cs:18) 玩家ID:490676460229754881 移动到新位置: -5.7807384 , 0 , 7.650562
2025-11-27 21:39:08.2423 (StateSyncRequestHandler.cs:18) 玩家ID:490676460229754881 移动方向: 0.889254 , 0 , 0.45741367
2025-11-27 21:39:08.2423 (StateSyncRequestHandler.cs:18) 玩家ID:490676460229754881 移动到新位置: -5.6028876 , 0 , 7.7420444
2025-11-27 21:39:08.3455 (StateSyncRequestHandler.cs:18) 玩家ID:490676460229754881 移动方向: 0.889227 , 0 , 0.45746633
2025-11-27 21:39:08.3455 (StateSyncRequestHandler.cs:18) 玩家ID:490676460229754881 移动到新位置: -5.425042 , 0 , 7.8335376
2025-11-27 21:39:08.4477 (StateSyncRequestHandler.cs:18) 玩家ID:490676460229754881 移动方向: 0.952261 , 0 , -0.30528495
2025-11-27 21:39:08.4477 (StateSyncRequestHandler.cs:18) 玩家ID:490676460229754881 移动到新位置: -5.23459 , 0 , 7.7724805
2025-11-27 21:39:08.5384 (StateSyncRequestHandler.cs:18) 玩家ID:490676460229754881 移动方向: 0.9620912 , 0 , -0.27272788
2025-11-27 21:39:08.5384 (StateSyncRequestHandler.cs:18) 玩家ID:490676460229754881 移动到新位置: -5.042172 , 0 , 7.717935
2025-11-27 21:39:08.6363 (StateSyncRequestHandler.cs:18) 玩家ID:490676460229754881 移动方向: 0.98782754 , 0 , -0.15555355
2025-11-27 21:39:08.6363 (StateSyncRequestHandler.cs:18) 玩家ID:490676460229754881 移动到新位置: -4.8446064 , 0 , 7.6868243
2025-11-27 21:39:08.7374 (StateSyncRequestHandler.cs:18) 玩家ID:490676460229754881 移动方向: 0.9975134 , 0 , -0.0704765
2025-11-27 21:39:08.7374 (StateSyncRequestHandler.cs:18) 玩家ID:490676460229754881 移动到新位置: -4.645104 , 0 , 7.672729
2025-11-27 21:39:08.8431 (StateSyncRequestHandler.cs:18) 玩家ID:490676460229754881 移动方向: 0.999532 , 0 , -0.030591518
2025-11-27 21:39:08.8431 (StateSyncRequestHandler.cs:18) 玩家ID:490676460229754881 移动到新位置: -4.4451976 , 0 , 7.6666107
2025-11-27 21:39:08.9457 (StateSyncRequestHandler.cs:18) 玩家ID:490676460229754881 移动方向: 0.9998387 , 0 , -0.017961293
2025-11-27 21:39:08.9457 (StateSyncRequestHandler.cs:18) 玩家ID:490676460229754881 移动到新位置: -4.2452297 , 0 , 7.663018
2025-11-27 21:39:09.0407 (StateSyncRequestHandler.cs:18) 玩家ID:490676460229754881 移动方向: 0.99990416 , 0 , -0.013842195
2025-11-27 21:39:09.0407 (StateSyncRequestHandler.cs:18) 玩家ID:490676460229754881 移动到新位置: -4.045249 , 0 , 7.6602497
2025-11-27 21:39:09.1411 (StateSyncRequestHandler.cs:18) 玩家ID:490676460229754881 移动方向: 0.9999231 , 0 , -0.012401253
2025-11-27 21:39:09.1411 (StateSyncRequestHandler.cs:18) 玩家ID:490676460229754881 移动到新位置: -3.8452644 , 0 , 7.6577697
2025-11-27 21:39:09.2399 (StateSyncRequestHandler.cs:18) 玩家ID:490676460229754881 移动方向: 0.9999212 , 0 , -0.012554914
2025-11-27 21:39:09.2399 (StateSyncRequestHandler.cs:18) 玩家ID:490676460229754881 移动到新位置: -3.6452801 , 0 , 7.6552587
2025-11-27 21:39:09.3419 (StateSyncRequestHandler.cs:18) 玩家ID:490676460229754881 移动方向: 0.99659956 , 0 , -0.08239764
2025-11-27 21:39:09.3419 (StateSyncRequestHandler.cs:18) 玩家ID:490676460229754881 移动到新位置: -3.4459603 , 0 , 7.638779
2025-11-27 21:39:09.4415 (StateSyncRequestHandler.cs:18) 玩家ID:490676460229754881 移动方向: 0.9609407 , 0 , -0.2767543
2025-11-27 21:39:09.4415 (StateSyncRequestHandler.cs:18) 玩家ID:490676460229754881 移动到新位置: -3.2537723 , 0 , 7.5834284
2025-11-27 21:39:09.5417 (StateSyncRequestHandler.cs:18) 玩家ID:490676460229754881 移动方向: 0.89647514 , 0 , -0.44309407
2025-11-27 21:39:09.5417 (StateSyncRequestHandler.cs:18) 玩家ID:490676460229754881 移动到新位置: -3.0744772 , 0 , 7.4948096
2025-11-27 21:39:09.6424 (StateSyncRequestHandler.cs:18) 玩家ID:490676460229754881 移动方向: 0.8582848 , 0 , -0.5131737
2025-11-27 21:39:09.6424 (StateSyncRequestHandler.cs:18) 玩家ID:490676460229754881 移动到新位置: -2.9028203 , 0 , 7.3921747
2025-11-27 21:39:09.7467 (StateSyncRequestHandler.cs:18) 玩家ID:490676460229754881 移动方向: 0.9769018 , 0 , 0.21368848
2025-11-27 21:39:09.7467 (StateSyncRequestHandler.cs:18) 玩家ID:490676460229754881 移动到新位置: -2.70744 , 0 , 7.434912
2025-11-27 21:39:09.8390 (StateSyncRequestHandler.cs:18) 玩家ID:490676460229754881 移动方向: 0.9789762 , 0 , 0.20397429
2025-11-27 21:39:09.8390 (StateSyncRequestHandler.cs:18) 玩家ID:490676460229754881 移动到新位置: -2.5116446 , 0 , 7.475707
2025-11-27 21:39:09.9454 (StateSyncRequestHandler.cs:18) 玩家ID:490676460229754881 移动方向: 0.9797092 , 0 , 0.20042402
2025-11-27 21:39:09.9454 (StateSyncRequestHandler.cs:18) 玩家ID:490676460229754881 移动到新位置: -2.3157027 , 0 , 7.515792
2025-11-27 21:39:10.0433 (StateSyncRequestHandler.cs:18) 玩家ID:490676460229754881 移动方向: 0.97991806 , 0 , 0.19940062
2025-11-27 21:39:10.0433 (StateSyncRequestHandler.cs:18) 玩家ID:490676460229754881 移动到新位置: -2.119719 , 0 , 7.555672
2025-11-27 21:39:10.1399 (StateSyncRequestHandler.cs:18) 玩家ID:490676460229754881 移动方向: 0.97998196 , 0 , 0.19908637
2025-11-27 21:39:10.1399 (StateSyncRequestHandler.cs:18) 玩家ID:490676460229754881 移动到新位置: -1.9237226 , 0 , 7.5954895
2025-11-27 21:39:10.2397 (StateSyncRequestHandler.cs:18) 玩家ID:490676460229754881 移动方向: 0.9800029 , 0 , 0.19898333
2025-11-27 21:39:10.2397 (StateSyncRequestHandler.cs:18) 玩家ID:490676460229754881 移动到新位置: -1.727722 , 0 , 7.6352863
2025-11-27 21:39:10.3408 (StateSyncRequestHandler.cs:18) 玩家ID:490676460229754881 移动方向: 0.98000884 , 0 , 0.19895388
2025-11-27 21:39:10.3408 (StateSyncRequestHandler.cs:18) 玩家ID:490676460229754881 移动到新位置: -1.5317203 , 0 , 7.675077
2025-11-27 21:39:10.4428 (StateSyncRequestHandler.cs:18) 玩家ID:490676460229754881 移动方向: 0.9800106 , 0 , 0.19894525
2025-11-27 21:39:10.4428 (StateSyncRequestHandler.cs:18) 玩家ID:490676460229754881 移动到新位置: -1.3357182 , 0 , 7.714866
2025-11-27 21:39:10.5384 (StateSyncRequestHandler.cs:18) 玩家ID:490676460229754881 移动方向: 0.83364594 , 0 , -0.55229926
2025-11-27 21:39:10.5384 (StateSyncRequestHandler.cs:18) 玩家ID:490676460229754881 移动到新位置: -1.168989 , 0 , 7.6044064
2025-11-27 21:39:10.6381 (StateSyncRequestHandler.cs:18) 玩家ID:490676460229754881 移动方向: 0.83364594 , 0 , -0.55229926
2025-11-27 21:39:10.6381 (StateSyncRequestHandler.cs:18) 玩家ID:490676460229754881 移动到新位置: -1.0022597 , 0 , 7.4939466
2025-11-27 21:39:10.7378 (StateSyncRequestHandler.cs:18) 玩家ID:490676460229754881 移动方向: 0.83364594 , 0 , -0.55229926
2025-11-27 21:39:10.7378 (StateSyncRequestHandler.cs:18) 玩家ID:490676460229754881 移动到新位置: -0.8355305 , 0 , 7.3834867
2025-11-27 21:39:10.8385 (StateSyncRequestHandler.cs:18) 玩家ID:490676460229754881 移动方向: 0.83364594 , 0 , -0.55229926
2025-11-27 21:39:10.8385 (StateSyncRequestHandler.cs:18) 玩家ID:490676460229754881 移动到新位置: -0.6688013 , 0 , 7.273027
2025-11-27 21:39:10.9427 (StateSyncRequestHandler.cs:18) 玩家ID:490676460229754881 移动方向: 0.83364594 , 0 , -0.55229926
2025-11-27 21:39:10.9432 (StateSyncRequestHandler.cs:18) 玩家ID:490676460229754881 移动到新位置: -0.5020721 , 0 , 7.162567
2025-11-27 21:39:11.0432 (StateSyncRequestHandler.cs:18) 玩家ID:490676460229754881 移动方向: 0.19894218 , 0 , -0.9800112
2025-11-27 21:39:11.0432 (StateSyncRequestHandler.cs:18) 玩家ID:490676460229754881 移动到新位置: -0.46228367 , 0 , 6.966565
2025-11-27 21:39:11.1428 (StateSyncRequestHandler.cs:18) 玩家ID:490676460229754881 移动方向: 0.98116004 , 0 , 0.19319654
2025-11-27 21:39:11.1428 (StateSyncRequestHandler.cs:18) 玩家ID:490676460229754881 移动到新位置: -0.26605165 , 0 , 7.005204
2025-11-27 21:39:11.2403 (StateSyncRequestHandler.cs:18) 玩家ID:490676460229754881 移动方向: 0.99775565 , 0 , 0.06696018
2025-11-27 21:39:11.2403 (StateSyncRequestHandler.cs:18) 玩家ID:490676460229754881 移动到新位置: -0.06650053 , 0 , 7.018596
2025-11-27 21:39:11.3429 (StateSyncRequestHandler.cs:18) 玩家ID:490676460229754881 移动方向: 0.80268526 , 0 , 0.5964028
2025-11-27 21:39:11.3429 (StateSyncRequestHandler.cs:18) 玩家ID:490676460229754881 移动到新位置: 0.09403652 , 0 , 7.1378765
2025-11-27 21:39:11.4416 (StateSyncRequestHandler.cs:18) 玩家ID:490676460229754881 移动方向: 0.8658626 , 0 , 0.50028175
2025-11-27 21:39:11.4416 (StateSyncRequestHandler.cs:18) 玩家ID:490676460229754881 移动到新位置: 0.26720905 , 0 , 7.2379327
2025-11-27 21:39:11.5451 (StateSyncRequestHandler.cs:18) 玩家ID:490676460229754881 移动方向: 0.88891906 , 0 , 0.4580642
2025-11-27 21:39:11.5451 (StateSyncRequestHandler.cs:18) 玩家ID:490676460229754881 移动到新位置: 0.44499284 , 0 , 7.3295455
2025-11-27 21:39:11.6430 (StateSyncRequestHandler.cs:18) 玩家ID:490676460229754881 移动方向: 0.89627385 , 0 , 0.44350094
2025-11-27 21:39:11.6430 (StateSyncRequestHandler.cs:18) 玩家ID:490676460229754881 移动到新位置: 0.6242476 , 0 , 7.418246
2025-11-27 21:39:11.7439 (StateSyncRequestHandler.cs:18) 玩家ID:490676460229754881 移动方向: 0.8986728 , 0 , 0.4386196
2025-11-27 21:39:11.7439 (StateSyncRequestHandler.cs:18) 玩家ID:490676460229754881 移动到新位置: 0.80398214 , 0 , 7.5059695
2025-11-27 21:39:11.8455 (StateSyncRequestHandler.cs:18) 玩家ID:490676460229754881 移动方向: 0.9450435 , 0 , -0.32694462
2025-11-27 21:39:11.8455 (StateSyncRequestHandler.cs:18) 玩家ID:490676460229754881 移动到新位置: 0.99299085 , 0 , 7.4405804
2025-11-27 21:39:11.9463 (StateSyncRequestHandler.cs:18) 玩家ID:490676460229754881 移动方向: 0.94487834 , 0 , -0.32742178
2025-11-27 21:39:11.9463 (StateSyncRequestHandler.cs:18) 玩家ID:490676460229754881 移动到新位置: 1.1819665 , 0 , 7.375096
2025-11-27 21:39:12.0409 (StateSyncRequestHandler.cs:18) 玩家ID:490676460229754881 移动方向: 0.9449825 , 0 , -0.3271208
2025-11-27 21:39:12.0409 (StateSyncRequestHandler.cs:18) 玩家ID:490676460229754881 移动到新位置: 1.3709631 , 0 , 7.309672
2025-11-27 21:39:12.1399 (StateSyncRequestHandler.cs:18) 玩家ID:490676460229754881 移动方向: 0.9521298 , 0 , -0.3056941
2025-11-27 21:39:12.1399 (StateSyncRequestHandler.cs:18) 玩家ID:490676460229754881 移动到新位置: 1.5613891 , 0 , 7.2485332
2025-11-27 21:39:12.2473 (StateSyncRequestHandler.cs:18) 玩家ID:490676460229754881 移动方向: 0.9692742 , 0 , -0.24598262
2025-11-27 21:39:12.2473 (StateSyncRequestHandler.cs:18) 玩家ID:490676460229754881 移动到新位置: 1.7552439 , 0 , 7.1993365
2025-11-27 21:39:12.3394 (StateSyncRequestHandler.cs:18) 玩家ID:490676460229754881 移动方向: 0.9766493 , 0 , -0.21483976
2025-11-27 21:39:12.3394 (StateSyncRequestHandler.cs:18) 玩家ID:490676460229754881 移动到新位置: 1.9505738 , 0 , 7.1563687
2025-11-27 21:39:12.4399 (StateSyncRequestHandler.cs:18) 玩家ID:490676460229754881 移动方向: 0.9799374 , 0 , -0.19930568
2025-11-27 21:39:12.4399 (StateSyncRequestHandler.cs:18) 玩家ID:490676460229754881 移动到新位置: 2.1465611 , 0 , 7.1165075
2025-11-27 21:39:12.5444 (StateSyncRequestHandler.cs:18) 玩家ID:490676460229754881 移动方向: 0.9810681 , 0 , -0.19366316
2025-11-27 21:39:12.5444 (StateSyncRequestHandler.cs:18) 玩家ID:490676460229754881 移动到新位置: 2.3427749 , 0 , 7.077775
2025-11-27 21:39:12.6434 (StateSyncRequestHandler.cs:18) 玩家ID:490676460229754881 移动方向: 0.98139226 , 0 , -0.19201337
2025-11-27 21:39:12.6434 (StateSyncRequestHandler.cs:18) 玩家ID:490676460229754881 移动到新位置: 2.5390534 , 0 , 7.0393724
2025-11-27 21:39:12.7526 (StateSyncRequestHandler.cs:18) 玩家ID:490676460229754881 移动方向: 0.9814969 , 0 , -0.19147846
2025-11-27 21:39:12.7526 (StateSyncRequestHandler.cs:18) 玩家ID:490676460229754881 移动到新位置: 2.7353528 , 0 , 7.0010767
2025-11-27 21:39:12.8414 (StateSyncRequestHandler.cs:18) 玩家ID:490676460229754881 移动方向: 0.9815297 , 0 , -0.19130999
2025-11-27 21:39:12.8414 (StateSyncRequestHandler.cs:18) 玩家ID:490676460229754881 移动到新位置: 2.9316587 , 0 , 6.962815
2025-11-27 21:39:12.9399 (StateSyncRequestHandler.cs:18) 玩家ID:490676460229754881 移动方向: 0.98153985 , 0 , -0.19125801
2025-11-27 21:39:12.9399 (StateSyncRequestHandler.cs:18) 玩家ID:490676460229754881 移动到新位置: 3.1279666 , 0 , 6.9245634
2025-11-27 21:39:13.0446 (StateSyncRequestHandler.cs:18) 玩家ID:490676460229754881 移动方向: 0.82928395 , 0 , 0.5588274
2025-11-27 21:39:13.0446 (StateSyncRequestHandler.cs:18) 玩家ID:490676460229754881 移动到新位置: 3.2938235 , 0 , 7.036329
2025-11-27 21:39:13.1377 (StateSyncRequestHandler.cs:18) 玩家ID:490676460229754881 移动方向: 0.82928157 , 0 , 0.558831
2025-11-27 21:39:13.1377 (StateSyncRequestHandler.cs:18) 玩家ID:490676460229754881 移动到新位置: 3.4596798 , 0 , 7.148095
2025-11-27 21:39:13.2398 (StateSyncRequestHandler.cs:18) 玩家ID:490676460229754881 移动方向: 0.8292807 , 0 , 0.55883217
2025-11-27 21:39:13.2398 (StateSyncRequestHandler.cs:18) 玩家ID:490676460229754881 移动到新位置: 3.625536 , 0 , 7.2598615
2025-11-27 21:39:13.3397 (StateSyncRequestHandler.cs:18) 玩家ID:490676460229754881 移动方向: 0.981544 , 0 , -0.19123602
2025-11-27 21:39:13.3397 (StateSyncRequestHandler.cs:18) 玩家ID:490676460229754881 移动到新位置: 3.8218448 , 0 , 7.2216144
2025-11-27 21:39:13.4428 (StateSyncRequestHandler.cs:18) 玩家ID:490676460229754881 移动方向: 0.981544 , 0 , -0.19123602
2025-11-27 21:39:13.4428 (StateSyncRequestHandler.cs:18) 玩家ID:490676460229754881 移动到新位置: 4.0181537 , 0 , 7.1833673
2025-11-27 21:39:13.5396 (StateSyncRequestHandler.cs:18) 玩家ID:490676460229754881 移动方向: 0.5588321 , 0 , -0.82928073
2025-11-27 21:39:13.5396 (StateSyncRequestHandler.cs:18) 玩家ID:490676460229754881 移动到新位置: 4.12992 , 0 , 7.017511
2025-11-27 21:39:13.6418 (StateSyncRequestHandler.cs:18) 玩家ID:490676460229754881 移动方向: -0.19123603 , 0 , -0.9815441
2025-11-27 21:39:13.6418 (StateSyncRequestHandler.cs:18) 玩家ID:490676460229754881 移动到新位置: 4.091673 , 0 , 6.8212023
2025-11-27 21:39:13.7413 (StateSyncRequestHandler.cs:18) 玩家ID:490676460229754881 移动方向: -0.8292807 , 0 , -0.55883217
2025-11-27 21:39:13.7413 (StateSyncRequestHandler.cs:18) 玩家ID:490676460229754881 移动到新位置: 3.9258168 , 0 , 6.709436
2025-11-27 21:39:13.8430 (StateSyncRequestHandler.cs:18) 玩家ID:490676460229754881 移动方向: -0.19123603 , 0 , -0.9815441
2025-11-27 21:39:13.8430 (StateSyncRequestHandler.cs:18) 玩家ID:490676460229754881 移动到新位置: 3.8875697 , 0 , 6.5131273
2025-11-27 21:39:13.9369 (StateSyncRequestHandler.cs:18) 玩家ID:490676460229754881 移动方向: 0.981544 , 0 , -0.19123602
2025-11-27 21:39:13.9369 (StateSyncRequestHandler.cs:18) 玩家ID:490676460229754881 移动到新位置: 4.0838785 , 0 , 6.47488
2025-11-27 21:39:14.0377 (StateSyncRequestHandler.cs:18) 玩家ID:490676460229754881 移动方向: 0.981544 , 0 , -0.19123602
2025-11-27 21:39:14.0377 (StateSyncRequestHandler.cs:18) 玩家ID:490676460229754881 移动到新位置: 4.280187 , 0 , 6.436633
2025-11-27 21:39:14.1445 (StateSyncRequestHandler.cs:18) 玩家ID:490676460229754881 移动方向: 0.8292807 , 0 , 0.55883217
2025-11-27 21:39:14.1445 (StateSyncRequestHandler.cs:18) 玩家ID:490676460229754881 移动到新位置: 4.446043 , 0 , 6.5483994
2025-11-27 21:39:14.2389 (StateSyncRequestHandler.cs:18) 玩家ID:490676460229754881 移动方向: 0.19123603 , 0 , 0.9815441
2025-11-27 21:39:14.2389 (StateSyncRequestHandler.cs:18) 玩家ID:490676460229754881 移动到新位置: 4.48429 , 0 , 6.744708
2025-11-27 21:39:14.3431 (StateSyncRequestHandler.cs:18) 玩家ID:490676460229754881 移动方向: 0.8292807 , 0 , 0.55883217
2025-11-27 21:39:14.3431 (StateSyncRequestHandler.cs:18) 玩家ID:490676460229754881 移动到新位置: 4.6501465 , 0 , 6.8564744
2025-11-27 21:39:14.4415 (StateSyncRequestHandler.cs:18) 玩家ID:490676460229754881 移动方向: 0.981544 , 0 , -0.19123602
2025-11-27 21:39:14.4415 (StateSyncRequestHandler.cs:18) 玩家ID:490676460229754881 移动到新位置: 4.846455 , 0 , 6.8182273
2025-11-27 21:39:14.5406 (StateSyncRequestHandler.cs:18) 玩家ID:490676460229754881 移动方向: -0.19123603 , 0 , -0.9815441
2025-11-27 21:39:14.5406 (StateSyncRequestHandler.cs:18) 玩家ID:490676460229754881 移动到新位置: 4.808208 , 0 , 6.6219187
2025-11-27 21:39:14.6477 (StateSyncRequestHandler.cs:18) 玩家ID:490676460229754881 移动方向: -0.19123603 , 0 , -0.9815441
2025-11-27 21:39:14.6477 (StateSyncRequestHandler.cs:18) 玩家ID:490676460229754881 移动到新位置: 4.769961 , 0 , 6.42561
2025-11-27 21:39:14.7409 (StateSyncRequestHandler.cs:18) 玩家ID:490676460229754881 移动方向: -0.19123603 , 0 , -0.9815441
2025-11-27 21:39:14.7409 (StateSyncRequestHandler.cs:18) 玩家ID:490676460229754881 移动到新位置: 4.731714 , 0 , 6.2293015
2025-11-27 21:39:14.8438 (StateSyncRequestHandler.cs:18) 玩家ID:490676460229754881 移动方向: -0.19123603 , 0 , -0.9815441
2025-11-27 21:39:14.8438 (StateSyncRequestHandler.cs:18) 玩家ID:490676460229754881 移动到新位置: 4.6934667 , 0 , 6.032993
2025-11-27 21:39:14.9441 (StateSyncRequestHandler.cs:18) 玩家ID:490676460229754881 移动到新位置: 4.6934667 , 0 , 6.032993
2025-11-27 21:39:59.8551  收到登录请求
2025-11-27 21:39:59.8903  进入大厅成功，玩家ID:490676460229754881
2025-11-27 21:40:00.8967 (StateSyncRequestHandler.cs:18) 玩家ID:490676460229754881 移动方向: -0.99593604 , 0 , -0.09006345
2025-11-27 21:40:00.8967 (StateSyncRequestHandler.cs:18) 玩家ID:490676460229754881 移动到新位置: 4.4942794 , 0 , 6.0149803
2025-11-27 21:40:00.9979 (StateSyncRequestHandler.cs:18) 玩家ID:490676460229754881 移动方向: -0.85172874 , 0 , -0.52398294
2025-11-27 21:40:00.9979 (StateSyncRequestHandler.cs:18) 玩家ID:490676460229754881 移动到新位置: 4.3239336 , 0 , 5.910184
2025-11-27 21:40:01.0928 (StateSyncRequestHandler.cs:18) 玩家ID:490676460229754881 移动方向: -0.44804054 , 0 , -0.89401317
2025-11-27 21:40:01.0928 (StateSyncRequestHandler.cs:18) 玩家ID:490676460229754881 移动到新位置: 4.2343254 , 0 , 5.7313814
2025-11-27 21:40:01.1957 (StateSyncRequestHandler.cs:18) 玩家ID:490676460229754881 移动方向: 0.2504634 , 0 , -0.96812606
2025-11-27 21:40:01.1957 (StateSyncRequestHandler.cs:18) 玩家ID:490676460229754881 移动到新位置: 4.284418 , 0 , 5.537756
2025-11-27 21:40:01.2912 (StateSyncRequestHandler.cs:18) 玩家ID:490676460229754881 移动方向: 0.51494586 , 0 , 0.8572227
2025-11-27 21:40:01.2912 (StateSyncRequestHandler.cs:18) 玩家ID:490676460229754881 移动到新位置: 4.3874073 , 0 , 5.7092004
2025-11-27 21:40:01.3977 (StateSyncRequestHandler.cs:18) 玩家ID:490676460229754881 移动方向: -0.333397 , 0 , 0.9427865
2025-11-27 21:40:01.3977 (StateSyncRequestHandler.cs:18) 玩家ID:490676460229754881 移动到新位置: 4.320728 , 0 , 5.8977575
2025-11-27 21:40:01.4961 (StateSyncRequestHandler.cs:18) 玩家ID:490676460229754881 移动方向: -0.1743286 , 0 , 0.9846875
2025-11-27 21:40:01.4961 (StateSyncRequestHandler.cs:18) 玩家ID:490676460229754881 移动到新位置: 4.285862 , 0 , 6.094695
2025-11-27 21:40:01.5977 (StateSyncRequestHandler.cs:18) 玩家ID:490676460229754881 移动方向: -0.45396197 , 0 , 0.891021
2025-11-27 21:40:01.5977 (StateSyncRequestHandler.cs:18) 玩家ID:490676460229754881 移动到新位置: 4.19507 , 0 , 6.272899
2025-11-27 21:40:01.6909 (StateSyncRequestHandler.cs:18) 玩家ID:490676460229754881 移动方向: 0.23480889 , 0 , 0.97204155
2025-11-27 21:40:01.6909 (StateSyncRequestHandler.cs:18) 玩家ID:490676460229754881 移动到新位置: 4.2420316 , 0 , 6.4673076
2025-11-27 21:40:01.8004 (StateSyncRequestHandler.cs:18) 玩家ID:490676460229754881 移动方向: 0.7316449 , 0 , 0.6816859
2025-11-27 21:40:01.8004 (StateSyncRequestHandler.cs:18) 玩家ID:490676460229754881 移动到新位置: 4.3883605 , 0 , 6.603645
2025-11-27 21:40:01.8979 (StateSyncRequestHandler.cs:18) 玩家ID:490676460229754881 移动方向: 0.93286335 , 0 , 0.36023048
2025-11-27 21:40:01.8979 (StateSyncRequestHandler.cs:18) 玩家ID:490676460229754881 移动到新位置: 4.574933 , 0 , 6.675691
2025-11-27 21:40:02.0001 (StateSyncRequestHandler.cs:18) 玩家ID:490676460229754881 移动方向: 0.79005075 , 0 , 0.61304146
2025-11-27 21:40:02.0001 (StateSyncRequestHandler.cs:18) 玩家ID:490676460229754881 移动到新位置: 4.732943 , 0 , 6.7982993
2025-11-27 21:40:02.0916 (StateSyncRequestHandler.cs:18) 玩家ID:490676460229754881 移动方向: 0.045704782 , 0 , 0.998955
2025-11-27 21:40:02.0916 (StateSyncRequestHandler.cs:18) 玩家ID:490676460229754881 移动到新位置: 4.742084 , 0 , 6.9980903
2025-11-27 21:40:02.1990 (StateSyncRequestHandler.cs:18) 玩家ID:490676460229754881 移动方向: -0.31282526 , 0 , 0.94981074
2025-11-27 21:40:02.1990 (StateSyncRequestHandler.cs:18) 玩家ID:490676460229754881 移动到新位置: 4.679519 , 0 , 7.188052
2025-11-27 21:40:02.2958 (StateSyncRequestHandler.cs:18) 玩家ID:490676460229754881 移动方向: 0.43748224 , 0 , 0.899227
2025-11-27 21:40:02.2958 (StateSyncRequestHandler.cs:18) 玩家ID:490676460229754881 移动到新位置: 4.7670155 , 0 , 7.3678975
2025-11-27 21:40:02.3999 (StateSyncRequestHandler.cs:18) 玩家ID:490676460229754881 移动方向: 0.31221014 , 0 , 0.95001304
2025-11-27 21:40:02.3999 (StateSyncRequestHandler.cs:18) 玩家ID:490676460229754881 移动到新位置: 4.8294573 , 0 , 7.5579
2025-11-27 21:40:02.4902 (StateSyncRequestHandler.cs:18) 玩家ID:490676460229754881 移动方向: 0.56948745 , 0 , 0.822
2025-11-27 21:40:02.4902 (StateSyncRequestHandler.cs:18) 玩家ID:490676460229754881 移动到新位置: 4.9433546 , 0 , 7.7223
2025-11-27 21:40:02.5929 (StateSyncRequestHandler.cs:18) 玩家ID:490676460229754881 移动方向: 0.6731256 , 0 , 0.7395282
2025-11-27 21:40:02.5929 (StateSyncRequestHandler.cs:18) 玩家ID:490676460229754881 移动到新位置: 5.0779796 , 0 , 7.870206
2025-11-27 21:40:02.6995 (StateSyncRequestHandler.cs:18) 玩家ID:490676460229754881 移动方向: 0.9996353 , 0 , -0.027006593
2025-11-27 21:40:02.6995 (StateSyncRequestHandler.cs:18) 玩家ID:490676460229754881 移动到新位置: 5.2779064 , 0 , 7.8648047
2025-11-27 21:40:02.7943 (StateSyncRequestHandler.cs:18) 玩家ID:490676460229754881 移动方向: 0.99802643 , 0 , -0.062794976
2025-11-27 21:40:02.7943 (StateSyncRequestHandler.cs:18) 玩家ID:490676460229754881 移动到新位置: 5.477512 , 0 , 7.852246
2025-11-27 21:40:02.8987 (StateSyncRequestHandler.cs:18) 玩家ID:490676460229754881 移动方向: 0.999936 , 0 , -0.01130977
2025-11-27 21:40:02.8987 (StateSyncRequestHandler.cs:18) 玩家ID:490676460229754881 移动到新位置: 5.6774993 , 0 , 7.8499837
2025-11-27 21:40:02.9915 (StateSyncRequestHandler.cs:18) 玩家ID:490676460229754881 移动方向: 0.99611574 , 0 , 0.08805404
2025-11-27 21:40:02.9915 (StateSyncRequestHandler.cs:18) 玩家ID:490676460229754881 移动到新位置: 5.8767223 , 0 , 7.8675947
2025-11-27 21:40:03.0952 (StateSyncRequestHandler.cs:18) 玩家ID:490676460229754881 移动方向: 0.9879551 , 0 , 0.1547408
2025-11-27 21:40:03.0952 (StateSyncRequestHandler.cs:18) 玩家ID:490676460229754881 移动到新位置: 6.074313 , 0 , 7.898543
2025-11-27 21:40:03.2089 (StateSyncRequestHandler.cs:18) 玩家ID:490676460229754881 移动方向: 0.5689433 , 0 , 0.8223767
2025-11-27 21:40:03.2089 (StateSyncRequestHandler.cs:18) 玩家ID:490676460229754881 移动到新位置: 6.188102 , 0 , 8.063018
2025-11-27 21:40:03.2994 (StateSyncRequestHandler.cs:18) 玩家ID:490676460229754881 移动方向: 0.5624007 , 0 , 0.82686484
2025-11-27 21:40:03.2994 (StateSyncRequestHandler.cs:18) 玩家ID:490676460229754881 移动到新位置: 6.300582 , 0 , 8.228391
2025-11-27 21:40:03.3962 (StateSyncRequestHandler.cs:18) 玩家ID:490676460229754881 移动方向: 0.5749454 , 0 , 0.81819177
2025-11-27 21:40:03.3962 (StateSyncRequestHandler.cs:18) 玩家ID:490676460229754881 移动到新位置: 6.415571 , 0 , 8.392029
2025-11-27 21:40:03.4906 (StateSyncRequestHandler.cs:18) 玩家ID:490676460229754881 移动方向: 0.600809 , 0 , 0.7993926
2025-11-27 21:40:03.4906 (StateSyncRequestHandler.cs:18) 玩家ID:490676460229754881 移动到新位置: 6.535733 , 0 , 8.551908
2025-11-27 21:40:03.5968 (StateSyncRequestHandler.cs:18) 玩家ID:490676460229754881 移动方向: 0.99466175 , 0 , 0.10318959
2025-11-27 21:40:03.5968 (StateSyncRequestHandler.cs:18) 玩家ID:490676460229754881 移动到新位置: 6.7346654 , 0 , 8.572545
2025-11-27 21:40:03.6954 (StateSyncRequestHandler.cs:18) 玩家ID:490676460229754881 移动方向: 0.99745154 , 0 , 0.07134769
2025-11-27 21:40:03.6954 (StateSyncRequestHandler.cs:18) 玩家ID:490676460229754881 移动到新位置: 6.9341555 , 0 , 8.586815
2025-11-27 21:40:03.7928 (StateSyncRequestHandler.cs:18) 玩家ID:490676460229754881 移动方向: 0.99850035 , 0 , 0.05474508
2025-11-27 21:40:03.7928 (StateSyncRequestHandler.cs:18) 玩家ID:490676460229754881 移动到新位置: 7.1338553 , 0 , 8.597764
2025-11-27 21:40:03.8964 (StateSyncRequestHandler.cs:18) 玩家ID:490676460229754881 移动方向: 0.9994674 , 0 , 0.032634035
2025-11-27 21:40:03.8964 (StateSyncRequestHandler.cs:18) 玩家ID:490676460229754881 移动到新位置: 7.333749 , 0 , 8.604291
2025-11-27 21:40:04.0018 (StateSyncRequestHandler.cs:18) 玩家ID:490676460229754881 移动方向: 0.9980116 , 0 , -0.063031495
2025-11-27 21:40:04.0018 (StateSyncRequestHandler.cs:18) 玩家ID:490676460229754881 移动到新位置: 7.533351 , 0 , 8.591684
2025-11-27 21:40:04.0941 (StateSyncRequestHandler.cs:18) 玩家ID:490676460229754881 移动方向: 0.9830089 , 0 , -0.18355756
2025-11-27 21:40:04.0941 (StateSyncRequestHandler.cs:18) 玩家ID:490676460229754881 移动到新位置: 7.729953 , 0 , 8.554973
2025-11-27 21:40:04.1978 (StateSyncRequestHandler.cs:18) 玩家ID:490676460229754881 移动方向: 0.9659609 , 0 , -0.25868815
2025-11-27 21:40:04.1978 (StateSyncRequestHandler.cs:18) 玩家ID:490676460229754881 移动到新位置: 7.923145 , 0 , 8.503235
2025-11-27 21:40:04.2930 (StateSyncRequestHandler.cs:18) 玩家ID:490676460229754881 移动方向: 0.95087767 , 0 , -0.30956706
2025-11-27 21:40:04.2930 (StateSyncRequestHandler.cs:18) 玩家ID:490676460229754881 移动到新位置: 8.11332 , 0 , 8.441321
2025-11-27 21:40:04.3931 (StateSyncRequestHandler.cs:18) 玩家ID:490676460229754881 移动方向: 0.91469234 , 0 , 0.40415066
2025-11-27 21:40:04.3931 (StateSyncRequestHandler.cs:18) 玩家ID:490676460229754881 移动到新位置: 8.296259 , 0 , 8.522152
2025-11-27 21:40:04.5069 (StateSyncRequestHandler.cs:18) 玩家ID:490676460229754881 移动方向: 0.3868372 , 0 , 0.922148
2025-11-27 21:40:04.5069 (StateSyncRequestHandler.cs:18) 玩家ID:490676460229754881 移动到新位置: 8.373627 , 0 , 8.706581
2025-11-27 21:40:04.5947 (StateSyncRequestHandler.cs:18) 玩家ID:490676460229754881 移动方向: 0.39914238 , 0 , 0.91688895
2025-11-27 21:40:04.5947 (StateSyncRequestHandler.cs:18) 玩家ID:490676460229754881 移动到新位置: 8.453455 , 0 , 8.889959
2025-11-27 21:40:04.6932 (StateSyncRequestHandler.cs:18) 玩家ID:490676460229754881 移动方向: 0.40464237 , 0 , 0.914475
2025-11-27 21:40:04.6932 (StateSyncRequestHandler.cs:18) 玩家ID:490676460229754881 移动到新位置: 8.534384 , 0 , 9.072854
2025-11-27 21:40:04.7931 (StateSyncRequestHandler.cs:18) 玩家ID:490676460229754881 移动方向: 0.9336127 , 0 , 0.3582836
2025-11-27 21:40:04.7931 (StateSyncRequestHandler.cs:18) 玩家ID:490676460229754881 移动到新位置: 8.721107 , 0 , 9.144511
2025-11-27 21:40:04.8989 (StateSyncRequestHandler.cs:18) 玩家ID:490676460229754881 移动方向: 0.9131568 , 0 , -0.4076085
2025-11-27 21:40:04.8989 (StateSyncRequestHandler.cs:18) 玩家ID:490676460229754881 移动到新位置: 8.903738 , 0 , 9.062989
2025-11-27 21:40:04.9911 (StateSyncRequestHandler.cs:18) 玩家ID:490676460229754881 移动方向: -0.40782207 , 0 , -0.91306144
2025-11-27 21:40:04.9911 (StateSyncRequestHandler.cs:18) 玩家ID:490676460229754881 移动到新位置: 8.822174 , 0 , 8.880377
2025-11-27 21:40:05.0988 (StateSyncRequestHandler.cs:18) 玩家ID:490676460229754881 移动到新位置: 8.822174 , 0 , 8.880377
2025-11-27 21:40:25.0996 (StateSyncRequestHandler.cs:18) 玩家ID:490676460229754881 移动方向: 0.34104988 , 0 , -0.94004524
2025-11-27 21:40:25.0996 (StateSyncRequestHandler.cs:18) 玩家ID:490676460229754881 移动到新位置: 8.890384 , 0 , 8.692368
2025-11-27 21:40:25.1931 (StateSyncRequestHandler.cs:18) 玩家ID:490676460229754881 移动方向: -0.10478976 , 0 , -0.9944943
2025-11-27 21:40:25.1931 (StateSyncRequestHandler.cs:18) 玩家ID:490676460229754881 移动到新位置: 8.869426 , 0 , 8.493468
2025-11-27 21:40:25.3030 (StateSyncRequestHandler.cs:18) 玩家ID:490676460229754881 移动方向: -0.6665373 , 0 , -0.7454717
2025-11-27 21:40:25.3030 (StateSyncRequestHandler.cs:18) 玩家ID:490676460229754881 移动到新位置: 8.736118 , 0 , 8.344374
2025-11-27 21:40:25.3954 (StateSyncRequestHandler.cs:18) 玩家ID:490676460229754881 移动方向: -0.6170274 , 0 , -0.78694165
2025-11-27 21:40:25.3954 (StateSyncRequestHandler.cs:18) 玩家ID:490676460229754881 移动到新位置: 8.612713 , 0 , 8.186985
2025-11-27 21:40:25.5185 (StateSyncRequestHandler.cs:18) 玩家ID:490676460229754881 移动方向: -0.5984199 , 0 , -0.8011826
2025-11-27 21:40:25.5185 (StateSyncRequestHandler.cs:18) 玩家ID:490676460229754881 移动到新位置: 8.493029 , 0 , 8.026749
2025-11-27 21:40:25.5952 (StateSyncRequestHandler.cs:18) 玩家ID:490676460229754881 移动方向: -0.59472245 , 0 , -0.8039311
2025-11-27 21:40:25.5952 (StateSyncRequestHandler.cs:18) 玩家ID:490676460229754881 移动到新位置: 8.374084 , 0 , 7.8659625
2025-11-27 21:40:25.7040 (StateSyncRequestHandler.cs:18) 玩家ID:490676460229754881 移动方向: -0.0028055906 , 0 , -0.9999961
2025-11-27 21:40:25.7040 (StateSyncRequestHandler.cs:18) 玩家ID:490676460229754881 移动到新位置: 8.373524 , 0 , 7.665963
2025-11-27 21:40:25.8109 (StateSyncRequestHandler.cs:18) 玩家ID:490676460229754881 移动方向: -0.5431818 , 0 , -0.8396151
2025-11-27 21:40:25.8109 (StateSyncRequestHandler.cs:18) 玩家ID:490676460229754881 移动到新位置: 8.264888 , 0 , 7.49804
2025-11-27 21:40:25.9047 (StateSyncRequestHandler.cs:18) 玩家ID:490676460229754881 移动方向: -0.07651978 , 0 , -0.99706805
2025-11-27 21:40:25.9047 (StateSyncRequestHandler.cs:18) 玩家ID:490676460229754881 移动到新位置: 8.249584 , 0 , 7.2986264
2025-11-27 21:40:25.9958 (StateSyncRequestHandler.cs:18) 玩家ID:490676460229754881 移动方向: -0.21493214 , 0 , -0.976629
2025-11-27 21:40:25.9958 (StateSyncRequestHandler.cs:18) 玩家ID:490676460229754881 移动到新位置: 8.206597 , 0 , 7.1033006
2025-11-27 21:40:26.1019 (StateSyncRequestHandler.cs:18) 玩家ID:490676460229754881 移动方向: 0.95766747 , 0 , -0.28787673
2025-11-27 21:40:26.1019 (StateSyncRequestHandler.cs:18) 玩家ID:490676460229754881 移动到新位置: 8.39813 , 0 , 7.0457253
2025-11-27 21:40:26.2110 (StateSyncRequestHandler.cs:18) 玩家ID:490676460229754881 移动到新位置: 8.39813 , 0 , 7.0457253
2025-11-27 21:40:34.5093 (StateSyncRequestHandler.cs:18) 玩家ID:490676460229754881 移动方向: -0.3384604 , 0 , -0.9409806
2025-11-27 21:40:34.5093 (StateSyncRequestHandler.cs:18) 玩家ID:490676460229754881 移动到新位置: 8.330439 , 0 , 6.857529
2025-11-27 21:40:34.6189 (StateSyncRequestHandler.cs:18) 玩家ID:490676460229754881 移动方向: 0.36624458 , 0 , -0.9305186
2025-11-27 21:40:34.6189 (StateSyncRequestHandler.cs:18) 玩家ID:490676460229754881 移动到新位置: 8.4036875 , 0 , 6.6714253
2025-11-27 21:40:34.6972 (StateSyncRequestHandler.cs:18) 玩家ID:490676460229754881 移动方向: 0.0974116 , 0 , -0.9952442
2025-11-27 21:40:34.6972 (StateSyncRequestHandler.cs:18) 玩家ID:490676460229754881 移动到新位置: 8.42317 , 0 , 6.4723763
2025-11-27 21:40:34.8046 (StateSyncRequestHandler.cs:18) 玩家ID:490676460229754881 移动方向: 0.50444615 , 0 , -0.8634432
2025-11-27 21:40:34.8046 (StateSyncRequestHandler.cs:18) 玩家ID:490676460229754881 移动到新位置: 8.524059 , 0 , 6.299688
2025-11-27 21:40:34.8982 (StateSyncRequestHandler.cs:18) 玩家ID:490676460229754881 移动方向: -0.047941033 , 0 , -0.99885017
2025-11-27 21:40:34.8982 (StateSyncRequestHandler.cs:18) 玩家ID:490676460229754881 移动到新位置: 8.514471 , 0 , 6.099918
2025-11-27 21:40:35.0062 (StateSyncRequestHandler.cs:18) 玩家ID:490676460229754881 移动方向: 0.12355729 , 0 , -0.99233747
2025-11-27 21:40:35.0062 (StateSyncRequestHandler.cs:18) 玩家ID:490676460229754881 移动到新位置: 8.539183 , 0 , 5.90145
2025-11-27 21:40:35.0988 (StateSyncRequestHandler.cs:18) 玩家ID:490676460229754881 移动方向: 0.20363656 , 0 , -0.9790466
2025-11-27 21:40:35.0996 (StateSyncRequestHandler.cs:18) 玩家ID:490676460229754881 移动到新位置: 8.57991 , 0 , 5.705641
2025-11-27 21:40:35.2065 (StateSyncRequestHandler.cs:18) 玩家ID:490676460229754881 移动方向: 0.23932262 , 0 , -0.9709401
2025-11-27 21:40:35.2065 (StateSyncRequestHandler.cs:18) 玩家ID:490676460229754881 移动到新位置: 8.627775 , 0 , 5.5114527
2025-11-27 21:40:35.2984 (StateSyncRequestHandler.cs:18) 玩家ID:490676460229754881 移动方向: 0.24640204 , 0 , -0.96916765
2025-11-27 21:40:35.2984 (StateSyncRequestHandler.cs:18) 玩家ID:490676460229754881 移动到新位置: 8.677055 , 0 , 5.3176193
2025-11-27 21:40:35.4089 (StateSyncRequestHandler.cs:18) 玩家ID:490676460229754881 移动方向: 0.17968415 , 0 , -0.98372436
2025-11-27 21:40:35.4089 (StateSyncRequestHandler.cs:18) 玩家ID:490676460229754881 移动到新位置: 8.712992 , 0 , 5.1208744
2025-11-27 21:40:35.5009 (StateSyncRequestHandler.cs:18) 玩家ID:490676460229754881 移动方向: 0.008409314 , 0 , -0.99996465
2025-11-27 21:40:35.5009 (StateSyncRequestHandler.cs:18) 玩家ID:490676460229754881 移动到新位置: 8.714674 , 0 , 4.9208813
2025-11-27 21:40:35.5938 (StateSyncRequestHandler.cs:18) 玩家ID:490676460229754881 移动方向: -0.07834085 , 0 , -0.99692667
2025-11-27 21:40:35.5938 (StateSyncRequestHandler.cs:18) 玩家ID:490676460229754881 移动到新位置: 8.699006 , 0 , 4.721496
2025-11-27 21:40:35.7012 (StateSyncRequestHandler.cs:18) 玩家ID:490676460229754881 移动方向: -0.2946179 , 0 , -0.95561516
2025-11-27 21:40:35.7012 (StateSyncRequestHandler.cs:18) 玩家ID:490676460229754881 移动到新位置: 8.640082 , 0 , 4.530373
2025-11-27 21:40:35.7945 (StateSyncRequestHandler.cs:18) 玩家ID:490676460229754881 移动方向: 0.37453082 , 0 , -0.92721444
2025-11-27 21:40:35.7945 (StateSyncRequestHandler.cs:18) 玩家ID:490676460229754881 移动到新位置: 8.714989 , 0 , 4.34493
2025-11-27 21:40:35.9016 (StateSyncRequestHandler.cs:18) 玩家ID:490676460229754881 移动方向: 0.8024421 , 0 , -0.59673
2025-11-27 21:40:35.9016 (StateSyncRequestHandler.cs:18) 玩家ID:490676460229754881 移动到新位置: 8.875477 , 0 , 4.225584
2025-11-27 21:40:36.0094 (StateSyncRequestHandler.cs:18) 玩家ID:490676460229754881 移动方向: 0.52048445 , 0 , -0.85387117
2025-11-27 21:40:36.0094 (StateSyncRequestHandler.cs:18) 玩家ID:490676460229754881 移动到新位置: 8.979574 , 0 , 4.0548096
2025-11-27 21:40:36.1038 (StateSyncRequestHandler.cs:18) 玩家ID:490676460229754881 移动方向: 0.12999836 , 0 , -0.99151427
2025-11-27 21:40:36.1038 (StateSyncRequestHandler.cs:18) 玩家ID:490676460229754881 移动到新位置: 9.005574 , 0 , 3.8565068
2025-11-27 21:40:36.1956 (StateSyncRequestHandler.cs:18) 玩家ID:490676460229754881 移动方向: -0.24542278 , 0 , -0.96941614
2025-11-27 21:40:36.1956 (StateSyncRequestHandler.cs:18) 玩家ID:490676460229754881 移动到新位置: 8.95649 , 0 , 3.6626236
2025-11-27 21:40:36.3043 (StateSyncRequestHandler.cs:18) 玩家ID:490676460229754881 移动方向: -0.53592235 , 0 , -0.8442673
2025-11-27 21:40:36.3043 (StateSyncRequestHandler.cs:18) 玩家ID:490676460229754881 移动到新位置: 8.849305 , 0 , 3.4937701
2025-11-27 21:40:36.3976 (StateSyncRequestHandler.cs:18) 玩家ID:490676460229754881 移动方向: -0.6627995 , 0 , -0.74879694
2025-11-27 21:40:36.3976 (StateSyncRequestHandler.cs:18) 玩家ID:490676460229754881 移动到新位置: 8.716745 , 0 , 3.3440108
2025-11-27 21:40:36.5056 (StateSyncRequestHandler.cs:18) 玩家ID:490676460229754881 移动方向: -0.7239329 , 0 , -0.68987036
2025-11-27 21:40:36.5056 (StateSyncRequestHandler.cs:18) 玩家ID:490676460229754881 移动到新位置: 8.571959 , 0 , 3.2060368
2025-11-27 21:40:36.5987 (StateSyncRequestHandler.cs:18) 玩家ID:490676460229754881 移动到新位置: 8.571959 , 0 , 3.2060368
2025-11-27 21:40:41.9064 (StateSyncRequestHandler.cs:18) 玩家ID:490676460229754881 移动方向: 0.8337769 , 0 , 0.5521016
2025-11-27 21:40:41.9064 (StateSyncRequestHandler.cs:18) 玩家ID:490676460229754881 移动到新位置: 8.738714 , 0 , 3.316457
2025-11-27 21:40:41.9992 (StateSyncRequestHandler.cs:18) 玩家ID:490676460229754881 移动方向: 0.9818876 , 0 , 0.18946452
2025-11-27 21:40:41.9992 (StateSyncRequestHandler.cs:18) 玩家ID:490676460229754881 移动到新位置: 8.935092 , 0 , 3.3543499
2025-11-27 21:40:42.1080 (StateSyncRequestHandler.cs:18) 玩家ID:490676460229754881 移动方向: 0.9924552 , 0 , -0.12260798
2025-11-27 21:40:42.1080 (StateSyncRequestHandler.cs:18) 玩家ID:490676460229754881 移动到新位置: 9.133583 , 0 , 3.3298283
2025-11-27 21:40:42.2003 (StateSyncRequestHandler.cs:18) 玩家ID:490676460229754881 移动方向: 0.38225543 , 0 , -0.92405665
2025-11-27 21:40:42.2003 (StateSyncRequestHandler.cs:18) 玩家ID:490676460229754881 移动到新位置: 9.210034 , 0 , 3.145017
2025-11-27 21:40:42.3077 (StateSyncRequestHandler.cs:18) 玩家ID:490676460229754881 移动方向: -0.59830177 , 0 , -0.8012709
2025-11-27 21:40:42.3077 (StateSyncRequestHandler.cs:18) 玩家ID:490676460229754881 移动到新位置: 9.090374 , 0 , 2.9847627
2025-11-27 21:40:42.4004 (StateSyncRequestHandler.cs:18) 玩家ID:490676460229754881 移动方向: -0.66495746 , 0 , -0.7468812
2025-11-27 21:40:42.4004 (StateSyncRequestHandler.cs:18) 玩家ID:490676460229754881 移动到新位置: 8.957382 , 0 , 2.8353865
2025-11-27 21:40:42.5069 (StateSyncRequestHandler.cs:18) 玩家ID:490676460229754881 移动方向: -0.6338108 , 0 , -0.7734881
2025-11-27 21:40:42.5069 (StateSyncRequestHandler.cs:18) 玩家ID:490676460229754881 移动到新位置: 8.83062 , 0 , 2.6806889
2025-11-27 21:40:42.6003 (StateSyncRequestHandler.cs:18) 玩家ID:490676460229754881 移动方向: -0.4611159 , 0 , -0.8873399
2025-11-27 21:40:42.6003 (StateSyncRequestHandler.cs:18) 玩家ID:490676460229754881 移动到新位置: 8.738397 , 0 , 2.5032208
2025-11-27 21:40:42.7079 (StateSyncRequestHandler.cs:18) 玩家ID:490676460229754881 移动方向: -0.25564122 , 0 , -0.9667718
2025-11-27 21:40:42.7088 (StateSyncRequestHandler.cs:18) 玩家ID:490676460229754881 移动到新位置: 8.687268 , 0 , 2.3098664
2025-11-27 21:40:42.8166 (StateSyncRequestHandler.cs:18) 玩家ID:490676460229754881 移动方向: -0.14008652 , 0 , -0.9901393
2025-11-27 21:40:42.8166 (StateSyncRequestHandler.cs:18) 玩家ID:490676460229754881 移动到新位置: 8.659251 , 0 , 2.1118386
2025-11-27 21:40:42.9092 (StateSyncRequestHandler.cs:18) 玩家ID:490676460229754881 移动方向: -0.104354866 , 0 , -0.99454015
2025-11-27 21:40:42.9092 (StateSyncRequestHandler.cs:18) 玩家ID:490676460229754881 移动到新位置: 8.63838 , 0 , 1.9129306
2025-11-27 21:40:43.0013 (StateSyncRequestHandler.cs:18) 玩家ID:490676460229754881 移动方向: -0.08966459 , 0 , -0.99597204
2025-11-27 21:40:43.0013 (StateSyncRequestHandler.cs:18) 玩家ID:490676460229754881 移动到新位置: 8.620447 , 0 , 1.7137362
2025-11-27 21:40:43.1097 (StateSyncRequestHandler.cs:18) 玩家ID:490676460229754881 移动方向: -0.084542654 , 0 , -0.99641985
2025-11-27 21:40:43.1097 (StateSyncRequestHandler.cs:18) 玩家ID:490676460229754881 移动到新位置: 8.6035385 , 0 , 1.5144522
2025-11-27 21:40:43.2156 (StateSyncRequestHandler.cs:18) 玩家ID:490676460229754881 移动方向: -0.08310292 , 0 , -0.99654096
2025-11-27 21:40:43.2156 (StateSyncRequestHandler.cs:18) 玩家ID:490676460229754881 移动到新位置: 8.586918 , 0 , 1.3151441
2025-11-27 21:40:43.3228 (StateSyncRequestHandler.cs:18) 玩家ID:490676460229754881 移动方向: -0.082548365 , 0 , -0.9965871
2025-11-27 21:40:43.3228 (StateSyncRequestHandler.cs:18) 玩家ID:490676460229754881 移动到新位置: 8.570408 , 0 , 1.1158266
2025-11-27 21:40:43.4144 (StateSyncRequestHandler.cs:18) 玩家ID:490676460229754881 移动方向: 0.6464142 , 0 , -0.7629866
2025-11-27 21:40:43.4144 (StateSyncRequestHandler.cs:18) 玩家ID:490676460229754881 移动到新位置: 8.699691 , 0 , 0.9632293
2025-11-27 21:40:43.4910 (StateSyncRequestHandler.cs:18) 玩家ID:490676460229754881 移动方向: 0.64726275 , 0 , -0.762267
2025-11-27 21:40:43.4910 (StateSyncRequestHandler.cs:18) 玩家ID:490676460229754881 移动到新位置: 8.829144 , 0 , 0.8107759
2025-11-27 21:40:43.6142 (StateSyncRequestHandler.cs:18) 玩家ID:490676460229754881 移动方向: 0.69014657 , 0 , -0.7236696
2025-11-27 21:40:43.6142 (StateSyncRequestHandler.cs:18) 玩家ID:490676460229754881 移动到新位置: 8.967173 , 0 , 0.666042
2025-11-27 21:40:43.7062 (StateSyncRequestHandler.cs:18) 玩家ID:490676460229754881 移动方向: 0.1385803 , 0 , -0.9903512
2025-11-27 21:40:43.7062 (StateSyncRequestHandler.cs:18) 玩家ID:490676460229754881 移动到新位置: 8.994888 , 0 , 0.46797174
2025-11-27 21:40:43.7982 (StateSyncRequestHandler.cs:18) 玩家ID:490676460229754881 移动方向: 0.20300113 , 0 , -0.9791785
2025-11-27 21:40:43.7982 (StateSyncRequestHandler.cs:18) 玩家ID:490676460229754881 移动到新位置: 9.035488 , 0 , 0.27213603
2025-11-27 21:40:43.8912 (StateSyncRequestHandler.cs:18) 玩家ID:490676460229754881 移动方向: 0.23043112 , 0 , -0.9730886
2025-11-27 21:40:43.8912 (StateSyncRequestHandler.cs:18) 玩家ID:490676460229754881 移动到新位置: 9.081574 , 0 , 0.077518314
2025-11-27 21:40:44.0143 (StateSyncRequestHandler.cs:18) 玩家ID:490676460229754881 移动方向: 0.24048132 , 0 , -0.9706538
2025-11-27 21:40:44.0143 (StateSyncRequestHandler.cs:18) 玩家ID:490676460229754881 移动到新位置: 9.129671 , 0 , -0.116612434
2025-11-27 21:40:44.1074 (StateSyncRequestHandler.cs:18) 玩家ID:490676460229754881 移动方向: 0.24347934 , 0 , -0.9699061
2025-11-27 21:40:44.1074 (StateSyncRequestHandler.cs:18) 玩家ID:490676460229754881 移动到新位置: 9.178367 , 0 , -0.31059366
2025-11-27 21:40:44.2153 (StateSyncRequestHandler.cs:18) 玩家ID:490676460229754881 移动方向: 0.24416934 , 0 , -0.96973264
2025-11-27 21:40:44.2153 (StateSyncRequestHandler.cs:18) 玩家ID:490676460229754881 移动到新位置: 9.2272005 , 0 , -0.5045402
2025-11-27 21:40:44.2913 (StateSyncRequestHandler.cs:18) 玩家ID:490676460229754881 移动方向: 0.2196391 , 0 , -0.9755812
2025-11-27 21:40:44.2913 (StateSyncRequestHandler.cs:18) 玩家ID:490676460229754881 移动到新位置: 9.271129 , 0 , -0.6996564
2025-11-27 21:40:44.4012 (StateSyncRequestHandler.cs:18) 玩家ID:490676460229754881 移动方向: 0.09786546 , 0 , -0.9951996
2025-11-27 21:40:44.4012 (StateSyncRequestHandler.cs:18) 玩家ID:490676460229754881 移动到新位置: 9.290702 , 0 , -0.8986963
2025-11-27 21:40:44.5078 (StateSyncRequestHandler.cs:18) 玩家ID:490676460229754881 移动方向: -0.069770426 , 0 , -0.99756306
2025-11-27 21:40:44.5078 (StateSyncRequestHandler.cs:18) 玩家ID:490676460229754881 移动到新位置: 9.276748 , 0 , -1.0982089
2025-11-27 21:40:44.6158 (StateSyncRequestHandler.cs:18) 玩家ID:490676460229754881 移动方向: -0.18154958 , 0 , -0.9833818
2025-11-27 21:40:44.6158 (StateSyncRequestHandler.cs:18) 玩家ID:490676460229754881 移动到新位置: 9.2404375 , 0 , -1.2948853
2025-11-27 21:40:44.7236 (StateSyncRequestHandler.cs:18) 玩家ID:490676460229754881 移动方向: -0.38793918 , 0 , -0.921685
2025-11-27 21:40:44.7244 (StateSyncRequestHandler.cs:18) 玩家ID:490676460229754881 移动到新位置: 9.162849 , 0 , -1.4792223
2025-11-27 21:40:44.7979 (StateSyncRequestHandler.cs:18) 玩家ID:490676460229754881 移动方向: -0.5068763 , 0 , -0.8620188
2025-11-27 21:40:44.7979 (StateSyncRequestHandler.cs:18) 玩家ID:490676460229754881 移动到新位置: 9.061474 , 0 , -1.6516261
2025-11-27 21:40:44.9203 (StateSyncRequestHandler.cs:18) 玩家ID:490676460229754881 移动方向: -0.5952242 , 0 , -0.80355966
2025-11-27 21:40:44.9203 (StateSyncRequestHandler.cs:18) 玩家ID:490676460229754881 移动到新位置: 8.942429 , 0 , -1.812338
2025-11-27 21:40:45.0130 (StateSyncRequestHandler.cs:18) 玩家ID:490676460229754881 移动方向: 0.12051982 , 0 , -0.9927109
2025-11-27 21:40:45.0130 (StateSyncRequestHandler.cs:18) 玩家ID:490676460229754881 移动到新位置: 8.966533 , 0 , -2.0108802
2025-11-27 21:40:45.1346 (StateSyncRequestHandler.cs:18) 玩家ID:490676460229754881 移动方向: 0.109553814 , 0 , -0.9939809
2025-11-27 21:40:45.1346 (StateSyncRequestHandler.cs:18) 玩家ID:490676460229754881 移动到新位置: 8.988443 , 0 , -2.2096765
2025-11-27 21:40:45.2144 (StateSyncRequestHandler.cs:18) 玩家ID:490676460229754881 移动方向: 0.7266201 , 0 , -0.6870395
2025-11-27 21:40:45.2144 (StateSyncRequestHandler.cs:18) 玩家ID:490676460229754881 移动到新位置: 9.133767 , 0 , -2.3470845
2025-11-27 21:40:45.3061 (StateSyncRequestHandler.cs:18) 玩家ID:490676460229754881 移动方向: 0.4887463 , 0 , -0.872426
2025-11-27 21:40:45.3061 (StateSyncRequestHandler.cs:18) 玩家ID:490676460229754881 移动到新位置: 9.231517 , 0 , -2.5215697
2025-11-27 21:40:45.3989 (StateSyncRequestHandler.cs:18) 玩家ID:490676460229754881 移动方向: 0.13108698 , 0 , -0.99137086
2025-11-27 21:40:45.3989 (StateSyncRequestHandler.cs:18) 玩家ID:490676460229754881 移动到新位置: 9.257734 , 0 , -2.7198439
2025-11-27 21:40:45.5099 (StateSyncRequestHandler.cs:18) 玩家ID:490676460229754881 移动方向: -0.17841762 , 0 , -0.9839549
2025-11-27 21:40:45.5099 (StateSyncRequestHandler.cs:18) 玩家ID:490676460229754881 移动到新位置: 9.222051 , 0 , -2.9166348
2025-11-27 21:40:45.6155 (StateSyncRequestHandler.cs:18) 玩家ID:490676460229754881 移动方向: -0.30068326 , 0 , -0.953724
2025-11-27 21:40:45.6155 (StateSyncRequestHandler.cs:18) 玩家ID:490676460229754881 移动到新位置: 9.161914 , 0 , -3.1073797
2025-11-27 21:40:45.7251 (StateSyncRequestHandler.cs:18) 玩家ID:490676460229754881 移动方向: -0.38153166 , 0 , -0.9243558
2025-11-27 21:40:45.7251 (StateSyncRequestHandler.cs:18) 玩家ID:490676460229754881 移动到新位置: 9.085608 , 0 , -3.2922509
2025-11-27 21:40:45.8176 (StateSyncRequestHandler.cs:18) 玩家ID:490676460229754881 移动方向: -0.40430412 , 0 , -0.91462463
2025-11-27 21:40:45.8184 (StateSyncRequestHandler.cs:18) 玩家ID:490676460229754881 移动到新位置: 9.004746 , 0 , -3.4751759
2025-11-27 21:40:45.9079 (StateSyncRequestHandler.cs:18) 玩家ID:490676460229754881 移动方向: -0.41093454 , 0 , -0.9116648
2025-11-27 21:40:45.9079 (StateSyncRequestHandler.cs:18) 玩家ID:490676460229754881 移动到新位置: 8.92256 , 0 , -3.6575089
2025-11-27 21:40:46.0150 (StateSyncRequestHandler.cs:18) 玩家ID:490676460229754881 移动方向: -0.41409686 , 0 , -0.91023284
2025-11-27 21:40:46.0150 (StateSyncRequestHandler.cs:18) 玩家ID:490676460229754881 移动到新位置: 8.839741 , 0 , -3.8395555
2025-11-27 21:40:46.1076 (StateSyncRequestHandler.cs:18) 玩家ID:490676460229754881 移动方向: -0.41471258 , 0 , -0.9099524
2025-11-27 21:40:46.1076 (StateSyncRequestHandler.cs:18) 玩家ID:490676460229754881 移动到新位置: 8.756798 , 0 , -4.021546
2025-11-27 21:40:46.1999 (StateSyncRequestHandler.cs:18) 玩家ID:490676460229754881 移动方向: -0.41496226 , 0 , -0.9098386
2025-11-27 21:40:46.1999 (StateSyncRequestHandler.cs:18) 玩家ID:490676460229754881 移动到新位置: 8.673805 , 0 , -4.2035136
2025-11-27 21:40:46.3074 (StateSyncRequestHandler.cs:18) 玩家ID:490676460229754881 移动方向: -0.4150624 , 0 , -0.90979296
2025-11-27 21:40:46.3074 (StateSyncRequestHandler.cs:18) 玩家ID:490676460229754881 移动到新位置: 8.590793 , 0 , -4.3854723
2025-11-27 21:40:46.4159 (StateSyncRequestHandler.cs:18) 玩家ID:490676460229754881 移动方向: -0.41508493 , 0 , -0.9097827
2025-11-27 21:40:46.4159 (StateSyncRequestHandler.cs:18) 玩家ID:490676460229754881 移动到新位置: 8.507775 , 0 , -4.5674286
2025-11-27 21:40:46.5083 (StateSyncRequestHandler.cs:18) 玩家ID:490676460229754881 移动方向: -0.4150899 , 0 , -0.90978044
2025-11-27 21:40:46.5083 (StateSyncRequestHandler.cs:18) 玩家ID:490676460229754881 移动到新位置: 8.424757 , 0 , -4.749385
2025-11-27 21:40:46.6167 (StateSyncRequestHandler.cs:18) 玩家ID:490676460229754881 移动方向: -0.41509157 , 0 , -0.90977967
2025-11-27 21:40:46.6167 (StateSyncRequestHandler.cs:18) 玩家ID:490676460229754881 移动到新位置: 8.341739 , 0 , -4.9313407
2025-11-27 21:40:46.7226 (StateSyncRequestHandler.cs:18) 玩家ID:490676460229754881 移动方向: -0.41509157 , 0 , -0.90977967
2025-11-27 21:40:46.7226 (StateSyncRequestHandler.cs:18) 玩家ID:490676460229754881 移动到新位置: 8.25872 , 0 , -5.1132965
2025-11-27 21:40:46.8162 (StateSyncRequestHandler.cs:18) 玩家ID:490676460229754881 移动方向: -0.41509157 , 0 , -0.90977967
2025-11-27 21:40:46.8162 (StateSyncRequestHandler.cs:18) 玩家ID:490676460229754881 移动到新位置: 8.175702 , 0 , -5.2952523
2025-11-27 21:40:46.9374 (StateSyncRequestHandler.cs:18) 玩家ID:490676460229754881 移动方向: -0.41509157 , 0 , -0.90977967
2025-11-27 21:40:46.9374 (StateSyncRequestHandler.cs:18) 玩家ID:490676460229754881 移动到新位置: 8.092684 , 0 , -5.477208
2025-11-27 21:40:46.9999 (StateSyncRequestHandler.cs:18) 玩家ID:490676460229754881 移动方向: 0.3497973 , 0 , -0.9368254
2025-11-27 21:40:46.9999 (StateSyncRequestHandler.cs:18) 玩家ID:490676460229754881 移动到新位置: 8.162643 , 0 , -5.664573
2025-11-27 21:40:47.1078 (StateSyncRequestHandler.cs:18) 玩家ID:490676460229754881 移动方向: 0.90977967 , 0 , -0.41509154
2025-11-27 21:40:47.1078 (StateSyncRequestHandler.cs:18) 玩家ID:490676460229754881 移动到新位置: 8.3446 , 0 , -5.7475915
2025-11-27 21:40:47.1986 (StateSyncRequestHandler.cs:18) 玩家ID:490676460229754881 移动方向: 0.90977967 , 0 , -0.41509154
2025-11-27 21:40:47.1986 (StateSyncRequestHandler.cs:18) 玩家ID:490676460229754881 移动到新位置: 8.526556 , 0 , -5.83061
2025-11-27 21:40:47.3214 (StateSyncRequestHandler.cs:18) 玩家ID:490676460229754881 移动方向: 0.90977967 , 0 , -0.41509154
2025-11-27 21:40:47.3214 (StateSyncRequestHandler.cs:18) 玩家ID:490676460229754881 移动到新位置: 8.708512 , 0 , -5.913628
2025-11-27 21:40:47.3991 (StateSyncRequestHandler.cs:18) 玩家ID:490676460229754881 移动方向: 0.90977967 , 0 , -0.41509154
2025-11-27 21:40:47.3991 (StateSyncRequestHandler.cs:18) 玩家ID:490676460229754881 移动到新位置: 8.890469 , 0 , -5.9966464
2025-11-27 21:40:47.5076 (StateSyncRequestHandler.cs:18) 玩家ID:490676460229754881 移动方向: 0.3497973 , 0 , -0.9368254
2025-11-27 21:40:47.5076 (StateSyncRequestHandler.cs:18) 玩家ID:490676460229754881 移动到新位置: 8.960428 , 0 , -6.1840115
2025-11-27 21:40:47.6013 (StateSyncRequestHandler.cs:18) 玩家ID:490676460229754881 移动方向: -0.41509157 , 0 , -0.90977967
2025-11-27 21:40:47.6013 (StateSyncRequestHandler.cs:18) 玩家ID:490676460229754881 移动到新位置: 8.87741 , 0 , -6.3659673
2025-11-27 21:40:47.7249 (StateSyncRequestHandler.cs:18) 玩家ID:490676460229754881 移动方向: -0.41530588 , 0 , -0.90968186
2025-11-27 21:40:47.7249 (StateSyncRequestHandler.cs:18) 玩家ID:490676460229754881 移动到新位置: 8.794349 , 0 , -6.5479035
2025-11-27 21:40:47.8150 (StateSyncRequestHandler.cs:18) 玩家ID:490676460229754881 移动方向: -0.4109715 , 0 , -0.91164815
2025-11-27 21:40:47.8150 (StateSyncRequestHandler.cs:18) 玩家ID:490676460229754881 移动到新位置: 8.712154 , 0 , -6.730233
2025-11-27 21:40:47.9241 (StateSyncRequestHandler.cs:18) 玩家ID:490676460229754881 移动方向: -0.39715317 , 0 , -0.91775227
2025-11-27 21:40:47.9241 (StateSyncRequestHandler.cs:18) 玩家ID:490676460229754881 移动到新位置: 8.632724 , 0 , -6.9137836
2025-11-27 21:40:48.0019 (StateSyncRequestHandler.cs:18) 玩家ID:490676460229754881 移动方向: -0.9263863 , 0 , -0.37657446
2025-11-27 21:40:48.0019 (StateSyncRequestHandler.cs:18) 玩家ID:490676460229754881 移动到新位置: 8.447447 , 0 , -6.9890985
2025-11-27 21:40:48.1110 (StateSyncRequestHandler.cs:18) 玩家ID:490676460229754881 移动方向: -0.92466366 , 0 , -0.3807848
2025-11-27 21:40:48.1110 (StateSyncRequestHandler.cs:18) 玩家ID:490676460229754881 移动到新位置: 8.262514 , 0 , -7.0652556
2025-11-27 21:40:48.2174 (StateSyncRequestHandler.cs:18) 玩家ID:490676460229754881 移动方向: -0.92414975 , 0 , -0.38203034
2025-11-27 21:40:48.2174 (StateSyncRequestHandler.cs:18) 玩家ID:490676460229754881 移动到新位置: 8.077684 , 0 , -7.1416616
2025-11-27 21:40:48.3110 (StateSyncRequestHandler.cs:18) 玩家ID:490676460229754881 移动方向: -0.9237925 , 0 , 0.38289362
2025-11-27 21:40:48.3110 (StateSyncRequestHandler.cs:18) 玩家ID:490676460229754881 移动到新位置: 7.8929257 , 0 , -7.065083
2025-11-27 21:40:48.4196 (StateSyncRequestHandler.cs:18) 玩家ID:490676460229754881 移动方向: -0.9238514 , 0 , 0.38275135
2025-11-27 21:40:48.4196 (StateSyncRequestHandler.cs:18) 玩家ID:490676460229754881 移动到新位置: 7.7081556 , 0 , -6.9885325
2025-11-27 21:40:48.4957 (StateSyncRequestHandler.cs:18) 玩家ID:490676460229754881 移动方向: -0.3826569 , 0 , 0.92389053
2025-11-27 21:40:48.4957 (StateSyncRequestHandler.cs:18) 玩家ID:490676460229754881 移动到新位置: 7.631624 , 0 , -6.8037543
2025-11-27 21:40:48.6051 (StateSyncRequestHandler.cs:18) 玩家ID:490676460229754881 移动方向: -0.38267574 , 0 , 0.9238827
2025-11-27 21:40:48.6051 (StateSyncRequestHandler.cs:18) 玩家ID:490676460229754881 移动到新位置: 7.555089 , 0 , -6.6189775
2025-11-27 21:40:48.7134 (StateSyncRequestHandler.cs:18) 玩家ID:490676460229754881 移动方向: -0.38267973 , 0 , 0.92388105
2025-11-27 21:40:48.7134 (StateSyncRequestHandler.cs:18) 玩家ID:490676460229754881 移动到新位置: 7.478553 , 0 , -6.4342012
2025-11-27 21:40:48.8078 (StateSyncRequestHandler.cs:18) 玩家ID:490676460229754881 移动方向: 0.38268682 , 0 , 0.92387813
2025-11-27 21:40:48.8078 (StateSyncRequestHandler.cs:18) 玩家ID:490676460229754881 移动到新位置: 7.55509 , 0 , -6.2494254
2025-11-27 21:40:48.9007 (StateSyncRequestHandler.cs:18) 玩家ID:490676460229754881 移动方向: 0.3826868 , 0 , 0.92387813
2025-11-27 21:40:48.9007 (StateSyncRequestHandler.cs:18) 玩家ID:490676460229754881 移动到新位置: 7.631627 , 0 , -6.0646496
2025-11-27 21:40:49.0093 (StateSyncRequestHandler.cs:18) 玩家ID:490676460229754881 移动方向: 0.38268673 , 0 , 0.9238782
2025-11-27 21:40:49.0093 (StateSyncRequestHandler.cs:18) 玩家ID:490676460229754881 移动到新位置: 7.708164 , 0 , -5.8798738
2025-11-27 21:40:49.1017 (StateSyncRequestHandler.cs:18) 玩家ID:490676460229754881 移动方向: 0.38268676 , 0 , 0.9238782
2025-11-27 21:40:49.1017 (StateSyncRequestHandler.cs:18) 玩家ID:490676460229754881 移动到新位置: 7.7847013 , 0 , -5.695098
2025-11-27 21:40:49.2103 (StateSyncRequestHandler.cs:18) 玩家ID:490676460229754881 移动方向: 0.38268676 , 0 , 0.92387813
2025-11-27 21:40:49.2103 (StateSyncRequestHandler.cs:18) 玩家ID:490676460229754881 移动到新位置: 7.8612385 , 0 , -5.510322
2025-11-27 21:40:49.3197 (StateSyncRequestHandler.cs:18) 玩家ID:490676460229754881 移动方向: 0.38268676 , 0 , 0.92387813
2025-11-27 21:40:49.3197 (StateSyncRequestHandler.cs:18) 玩家ID:490676460229754881 移动到新位置: 7.9377756 , 0 , -5.3255463
2025-11-27 21:40:49.3990 (StateSyncRequestHandler.cs:18) 玩家ID:490676460229754881 移动方向: 0.38268676 , 0 , 0.92387813
2025-11-27 21:40:49.3990 (StateSyncRequestHandler.cs:18) 玩家ID:490676460229754881 移动到新位置: 8.014313 , 0 , -5.1407704
2025-11-27 21:40:49.5062 (StateSyncRequestHandler.cs:18) 玩家ID:490676460229754881 移动方向: 0.38268676 , 0 , 0.92387813
2025-11-27 21:40:49.5062 (StateSyncRequestHandler.cs:18) 玩家ID:490676460229754881 移动到新位置: 8.09085 , 0 , -4.9559946
2025-11-27 21:40:49.5984 (StateSyncRequestHandler.cs:18) 玩家ID:490676460229754881 移动方向: 0.38268676 , 0 , 0.92387813
2025-11-27 21:40:49.5984 (StateSyncRequestHandler.cs:18) 玩家ID:490676460229754881 移动到新位置: 8.167387 , 0 , -4.771219
2025-11-27 21:40:49.7226 (StateSyncRequestHandler.cs:18) 玩家ID:490676460229754881 移动方向: -0.352719 , 0 , 0.9357292
2025-11-27 21:40:49.7226 (StateSyncRequestHandler.cs:18) 玩家ID:490676460229754881 移动到新位置: 8.096843 , 0 , -4.584073
2025-11-27 21:40:49.8126 (StateSyncRequestHandler.cs:18) 玩家ID:490676460229754881 移动方向: -0.07229659 , 0 , 0.99738324
2025-11-27 21:40:49.8126 (StateSyncRequestHandler.cs:18) 玩家ID:490676460229754881 移动到新位置: 8.082383 , 0 , -4.3845963
2025-11-27 21:40:49.9049 (StateSyncRequestHandler.cs:18) 玩家ID:490676460229754881 移动方向: -0.49077234 , 0 , 0.8712878
2025-11-27 21:40:49.9049 (StateSyncRequestHandler.cs:18) 玩家ID:490676460229754881 移动到新位置: 7.9842286 , 0 , -4.2103386
2025-11-27 21:40:49.9984 (StateSyncRequestHandler.cs:18) 玩家ID:490676460229754881 移动方向: -0.27732158 , 0 , 0.96077716
2025-11-27 21:40:49.9984 (StateSyncRequestHandler.cs:18) 玩家ID:490676460229754881 移动到新位置: 7.9287643 , 0 , -4.018183
2025-11-27 21:40:50.1072 (StateSyncRequestHandler.cs:18) 玩家ID:490676460229754881 移动方向: -0.19179203 , 0 , 0.9814356
2025-11-27 21:40:50.1072 (StateSyncRequestHandler.cs:18) 玩家ID:490676460229754881 移动到新位置: 7.890406 , 0 , -3.821896
2025-11-27 21:40:50.1989 (StateSyncRequestHandler.cs:18) 玩家ID:490676460229754881 移动方向: -0.16916534 , 0 , 0.9855877
2025-11-27 21:40:50.1989 (StateSyncRequestHandler.cs:18) 玩家ID:490676460229754881 移动到新位置: 7.856573 , 0 , -3.6247785
2025-11-27 21:40:50.3075 (StateSyncRequestHandler.cs:18) 玩家ID:490676460229754881 移动方向: -0.15704614 , 0 , 0.98759127
2025-11-27 21:40:50.3075 (StateSyncRequestHandler.cs:18) 玩家ID:490676460229754881 移动到新位置: 7.825164 , 0 , -3.4272602
2025-11-27 21:40:50.4160 (StateSyncRequestHandler.cs:18) 玩家ID:490676460229754881 移动方向: 0.58992887 , 0 , 0.8074552
2025-11-27 21:40:50.4160 (StateSyncRequestHandler.cs:18) 玩家ID:490676460229754881 移动到新位置: 7.9431496 , 0 , -3.265769
2025-11-27 21:40:50.5090 (StateSyncRequestHandler.cs:18) 玩家ID:490676460229754881 移动方向: 0.9806372 , 0 , 0.19583331
2025-11-27 21:40:50.5090 (StateSyncRequestHandler.cs:18) 玩家ID:490676460229754881 移动到新位置: 8.139277 , 0 , -3.2266023
2025-11-27 21:40:50.6016 (StateSyncRequestHandler.cs:18) 玩家ID:490676460229754881 移动方向: 0.8236417 , 0 , 0.5671105
2025-11-27 21:40:50.6016 (StateSyncRequestHandler.cs:18) 玩家ID:490676460229754881 移动到新位置: 8.304006 , 0 , -3.1131802
2025-11-27 21:40:50.7092 (StateSyncRequestHandler.cs:18) 玩家ID:490676460229754881 移动方向: 0.9034551 , 0 , 0.42868286
2025-11-27 21:40:50.7092 (StateSyncRequestHandler.cs:18) 玩家ID:490676460229754881 移动到新位置: 8.484696 , 0 , -3.0274436
2025-11-27 21:40:50.8028 (StateSyncRequestHandler.cs:18) 玩家ID:490676460229754881 移动方向: 0.49830347 , 0 , 0.86700267
2025-11-27 21:40:50.8028 (StateSyncRequestHandler.cs:18) 玩家ID:490676460229754881 移动到新位置: 8.584357 , 0 , -2.854043
2025-11-27 21:40:50.9107 (StateSyncRequestHandler.cs:18) 玩家ID:490676460229754881 移动方向: 0.0307104 , 0 , 0.99952835
2025-11-27 21:40:50.9124 (StateSyncRequestHandler.cs:18) 玩家ID:490676460229754881 移动到新位置: 8.590499 , 0 , -2.6541374
2025-11-27 21:40:51.0022 (StateSyncRequestHandler.cs:18) 玩家ID:490676460229754881 移动方向: 0.50378156 , 0 , 0.8638311
2025-11-27 21:40:51.0022 (StateSyncRequestHandler.cs:18) 玩家ID:490676460229754881 移动到新位置: 8.691256 , 0 , -2.4813712
2025-11-27 21:40:51.0946 (StateSyncRequestHandler.cs:18) 玩家ID:490676460229754881 移动方向: 0.37956288 , 0 , 0.92516595
2025-11-27 21:40:51.0946 (StateSyncRequestHandler.cs:18) 玩家ID:490676460229754881 移动到新位置: 8.767168 , 0 , -2.296338
2025-11-27 21:40:51.2022 (StateSyncRequestHandler.cs:18) 玩家ID:490676460229754881 移动方向: -0.43423304 , 0 , 0.9008006
2025-11-27 21:40:51.2022 (StateSyncRequestHandler.cs:18) 玩家ID:490676460229754881 移动到新位置: 8.680322 , 0 , -2.116178
2025-11-27 21:40:51.2951 (StateSyncRequestHandler.cs:18) 玩家ID:490676460229754881 移动方向: -0.45014274 , 0 , 0.8929566
2025-11-27 21:40:51.2951 (StateSyncRequestHandler.cs:18) 玩家ID:490676460229754881 移动到新位置: 8.590293 , 0 , -1.9375868
2025-11-27 21:40:51.4171 (StateSyncRequestHandler.cs:18) 玩家ID:490676460229754881 移动方向: -0.45548093 , 0 , 0.8902455
2025-11-27 21:40:51.4171 (StateSyncRequestHandler.cs:18) 玩家ID:490676460229754881 移动到新位置: 8.499197 , 0 , -1.7595377
2025-11-27 21:40:51.5100 (StateSyncRequestHandler.cs:18) 玩家ID:490676460229754881 移动方向: -0.45687315 , 0 , 0.88953185
2025-11-27 21:40:51.5100 (StateSyncRequestHandler.cs:18) 玩家ID:490676460229754881 移动到新位置: 8.407823 , 0 , -1.5816313
2025-11-27 21:40:51.6180 (StateSyncRequestHandler.cs:18) 玩家ID:490676460229754881 移动方向: -0.43914545 , 0 , 0.8984159
2025-11-27 21:40:51.6180 (StateSyncRequestHandler.cs:18) 玩家ID:490676460229754881 移动到新位置: 8.319994 , 0 , -1.4019481
2025-11-27 21:40:51.7261 (StateSyncRequestHandler.cs:18) 玩家ID:490676460229754881 移动方向: -0.822302 , 0 , 0.5690514
2025-11-27 21:40:51.7261 (StateSyncRequestHandler.cs:18) 玩家ID:490676460229754881 移动到新位置: 8.155534 , 0 , -1.2881378
2025-11-27 21:40:51.8488 (StateSyncRequestHandler.cs:18) 玩家ID:490676460229754881 移动方向: -0.2301947 , 0 , 0.97314465
2025-11-27 21:40:51.8499 (StateSyncRequestHandler.cs:18) 玩家ID:490676460229754881 移动到新位置: 8.109495 , 0 , -1.0935088
2025-11-27 21:40:51.9100 (StateSyncRequestHandler.cs:18) 玩家ID:490676460229754881 移动方向: 0.24203075 , 0 , 0.9702686
2025-11-27 21:40:51.9100 (StateSyncRequestHandler.cs:18) 玩家ID:490676460229754881 移动到新位置: 8.157902 , 0 , -0.89945513
2025-11-27 21:40:52.0077 (StateSyncRequestHandler.cs:18) 玩家ID:490676460229754881 移动方向: -0.2904987 , 0 , 0.9568753
2025-11-27 21:40:52.0077 (StateSyncRequestHandler.cs:18) 玩家ID:490676460229754881 移动到新位置: 8.099802 , 0 , -0.70808005
2025-11-27 21:40:52.1174 (StateSyncRequestHandler.cs:18) 玩家ID:490676460229754881 移动方向: -0.1835571 , 0 , 0.983009
2025-11-27 21:40:52.1174 (StateSyncRequestHandler.cs:18) 玩家ID:490676460229754881 移动到新位置: 8.06309 , 0 , -0.5114783
2025-11-27 21:40:52.2187 (StateSyncRequestHandler.cs:18) 玩家ID:490676460229754881 移动方向: -0.14560652 , 0 , 0.9893426
2025-11-27 21:40:52.2187 (StateSyncRequestHandler.cs:18) 玩家ID:490676460229754881 移动到新位置: 8.033969 , 0 , -0.31360978
2025-11-27 21:40:52.3184 (StateSyncRequestHandler.cs:18) 玩家ID:490676460229754881 移动方向: -0.13104084 , 0 , 0.991377
2025-11-27 21:40:52.3184 (StateSyncRequestHandler.cs:18) 玩家ID:490676460229754881 移动到新位置: 8.007761 , 0 , -0.11533439
2025-11-27 21:40:52.4097 (StateSyncRequestHandler.cs:18) 玩家ID:490676460229754881 移动方向: -0.1276285 , 0 , 0.991822
2025-11-27 21:40:52.4097 (StateSyncRequestHandler.cs:18) 玩家ID:490676460229754881 移动到新位置: 7.9822354 , 0 , 0.08303
2025-11-27 21:40:52.5028 (StateSyncRequestHandler.cs:18) 玩家ID:490676460229754881 移动方向: -0.12590498 , 0 , 0.9920423
2025-11-27 21:40:52.5028 (StateSyncRequestHandler.cs:18) 玩家ID:490676460229754881 移动到新位置: 7.9570546 , 0 , 0.28143847
2025-11-27 21:40:52.5961 (StateSyncRequestHandler.cs:18) 玩家ID:490676460229754881 移动方向: -0.12552649 , 0 , 0.9920903
2025-11-27 21:40:52.6018 (StateSyncRequestHandler.cs:18) 玩家ID:490676460229754881 移动到新位置: 7.931949 , 0 , 0.47985652
2025-11-27 21:40:52.7026 (StateSyncRequestHandler.cs:18) 玩家ID:490676460229754881 移动方向: -0.12537652 , 0 , 0.99210924
2025-11-27 21:40:52.7026 (StateSyncRequestHandler.cs:18) 玩家ID:490676460229754881 移动到新位置: 7.9068737 , 0 , 0.6782784
2025-11-27 21:40:52.8057 (StateSyncRequestHandler.cs:18) 玩家ID:490676460229754881 移动方向: -0.12534717 , 0 , 0.992113
2025-11-27 21:40:52.8057 (StateSyncRequestHandler.cs:18) 玩家ID:490676460229754881 移动到新位置: 7.8818045 , 0 , 0.876701
2025-11-27 21:40:52.9200 (StateSyncRequestHandler.cs:18) 玩家ID:490676460229754881 移动方向: -0.12533581 , 0 , 0.99211437
2025-11-27 21:40:52.9200 (StateSyncRequestHandler.cs:18) 玩家ID:490676460229754881 移动到新位置: 7.856737 , 0 , 1.0751239
2025-11-27 21:40:53.0375 (StateSyncRequestHandler.cs:18) 玩家ID:490676460229754881 移动方向: -0.12533194 , 0 , 0.99211484
2025-11-27 21:40:53.0375 (StateSyncRequestHandler.cs:18) 玩家ID:490676460229754881 移动到新位置: 7.8316708 , 0 , 1.2735469
2025-11-27 21:40:53.1295 (StateSyncRequestHandler.cs:18) 玩家ID:490676460229754881 移动方向: -0.12533113 , 0 , 0.9921149
2025-11-27 21:40:53.1295 (StateSyncRequestHandler.cs:18) 玩家ID:490676460229754881 移动到新位置: 7.8066044 , 0 , 1.4719698
2025-11-27 21:40:53.2218 (StateSyncRequestHandler.cs:18) 玩家ID:490676460229754881 移动方向: 0.6129087 , 0 , 0.79015374
2025-11-27 21:40:53.2218 (StateSyncRequestHandler.cs:18) 玩家ID:490676460229754881 移动到新位置: 7.9291863 , 0 , 1.6300006
2025-11-27 21:40:53.3155 (StateSyncRequestHandler.cs:18) 玩家ID:490676460229754881 移动方向: 0.6129087 , 0 , 0.79015374
2025-11-27 21:40:53.3155 (StateSyncRequestHandler.cs:18) 玩家ID:490676460229754881 移动到新位置: 8.051768 , 0 , 1.7880313
2025-11-27 21:40:53.4091 (StateSyncRequestHandler.cs:18) 玩家ID:490676460229754881 移动方向: 0.6129087 , 0 , 0.79015374
2025-11-27 21:40:53.4091 (StateSyncRequestHandler.cs:18) 玩家ID:490676460229754881 移动到新位置: 8.17435 , 0 , 1.9460621
2025-11-27 21:40:53.5200 (StateSyncRequestHandler.cs:18) 玩家ID:490676460229754881 移动方向: 0.6129087 , 0 , 0.79015374
2025-11-27 21:40:53.5200 (StateSyncRequestHandler.cs:18) 玩家ID:490676460229754881 移动到新位置: 8.296931 , 0 , 2.1040928
2025-11-27 21:40:53.6109 (StateSyncRequestHandler.cs:18) 玩家ID:490676460229754881 移动方向: 0.6129087 , 0 , 0.79015374
2025-11-27 21:40:53.6109 (StateSyncRequestHandler.cs:18) 玩家ID:490676460229754881 移动到新位置: 8.419513 , 0 , 2.2621236
2025-11-27 21:40:53.7024 (StateSyncRequestHandler.cs:18) 玩家ID:490676460229754881 移动方向: 0.6129087 , 0 , 0.79015374
2025-11-27 21:40:53.7024 (StateSyncRequestHandler.cs:18) 玩家ID:490676460229754881 移动到新位置: 8.542094 , 0 , 2.4201543
2025-11-27 21:40:53.8099 (StateSyncRequestHandler.cs:18) 玩家ID:490676460229754881 移动方向: -0.12533113 , 0 , 0.9921149
2025-11-27 21:40:53.8099 (StateSyncRequestHandler.cs:18) 玩家ID:490676460229754881 移动到新位置: 8.517028 , 0 , 2.6185772
2025-11-27 21:40:53.9026 (StateSyncRequestHandler.cs:18) 玩家ID:490676460229754881 移动方向: -0.12533113 , 0 , 0.9921149
2025-11-27 21:40:53.9026 (StateSyncRequestHandler.cs:18) 玩家ID:490676460229754881 移动到新位置: 8.4919615 , 0 , 2.8170002
2025-11-27 21:40:54.0095 (StateSyncRequestHandler.cs:18) 玩家ID:490676460229754881 移动方向: -0.12533113 , 0 , 0.9921149
2025-11-27 21:40:54.0095 (StateSyncRequestHandler.cs:18) 玩家ID:490676460229754881 移动到新位置: 8.466895 , 0 , 3.015423
2025-11-27 21:40:54.1174 (StateSyncRequestHandler.cs:18) 玩家ID:490676460229754881 移动方向: -0.12533113 , 0 , 0.9921149
2025-11-27 21:40:54.1174 (StateSyncRequestHandler.cs:18) 玩家ID:490676460229754881 移动到新位置: 8.441829 , 0 , 3.213846
2025-11-27 21:40:54.2089 (StateSyncRequestHandler.cs:18) 玩家ID:490676460229754881 移动方向: -0.12533113 , 0 , 0.9921149
2025-11-27 21:40:54.2089 (StateSyncRequestHandler.cs:18) 玩家ID:490676460229754881 移动到新位置: 8.416762 , 0 , 3.4122689
2025-11-27 21:40:54.3170 (StateSyncRequestHandler.cs:18) 玩家ID:490676460229754881 移动方向: -0.12533113 , 0 , 0.9921149
2025-11-27 21:40:54.3177 (StateSyncRequestHandler.cs:18) 玩家ID:490676460229754881 移动到新位置: 8.391696 , 0 , 3.6106918
2025-11-27 21:40:54.3946 (StateSyncRequestHandler.cs:18) 玩家ID:490676460229754881 移动方向: -0.12533113 , 0 , 0.9921149
2025-11-27 21:40:54.3946 (StateSyncRequestHandler.cs:18) 玩家ID:490676460229754881 移动到新位置: 8.36663 , 0 , 3.8091147
2025-11-27 21:40:54.5168 (StateSyncRequestHandler.cs:18) 玩家ID:490676460229754881 移动方向: -0.12533113 , 0 , 0.9921149
2025-11-27 21:40:54.5168 (StateSyncRequestHandler.cs:18) 玩家ID:490676460229754881 移动到新位置: 8.341563 , 0 , 4.007538
2025-11-27 21:40:54.5940 (StateSyncRequestHandler.cs:18) 玩家ID:490676460229754881 移动方向: -0.12533113 , 0 , 0.9921149
2025-11-27 21:40:54.5940 (StateSyncRequestHandler.cs:18) 玩家ID:490676460229754881 移动到新位置: 8.316497 , 0 , 4.2059608
2025-11-27 21:40:54.7020 (StateSyncRequestHandler.cs:18) 玩家ID:490676460229754881 移动方向: 0.6129087 , 0 , 0.79015374
2025-11-27 21:40:54.7020 (StateSyncRequestHandler.cs:18) 玩家ID:490676460229754881 移动到新位置: 8.439078 , 0 , 4.3639917
2025-11-27 21:40:54.8101 (StateSyncRequestHandler.cs:18) 玩家ID:490676460229754881 移动方向: 0.6129087 , 0 , 0.79015374
2025-11-27 21:40:54.8101 (StateSyncRequestHandler.cs:18) 玩家ID:490676460229754881 移动到新位置: 8.56166 , 0 , 4.5220222
2025-11-27 21:40:54.9013 (StateSyncRequestHandler.cs:18) 玩家ID:490676460229754881 移动方向: 0.6129087 , 0 , 0.79015374
2025-11-27 21:40:54.9013 (StateSyncRequestHandler.cs:18) 玩家ID:490676460229754881 移动到新位置: 8.684241 , 0 , 4.6800528
2025-11-27 21:40:55.0079 (StateSyncRequestHandler.cs:18) 玩家ID:490676460229754881 移动方向: 0.6129087 , 0 , 0.79015374
2025-11-27 21:40:55.0079 (StateSyncRequestHandler.cs:18) 玩家ID:490676460229754881 移动到新位置: 8.806823 , 0 , 4.8380833
2025-11-27 21:40:55.1011 (StateSyncRequestHandler.cs:18) 玩家ID:490676460229754881 移动方向: -0.12533113 , 0 , 0.9921149
2025-11-27 21:40:55.1011 (StateSyncRequestHandler.cs:18) 玩家ID:490676460229754881 移动到新位置: 8.781756 , 0 , 5.036506
2025-11-27 21:40:55.1937 (StateSyncRequestHandler.cs:18) 玩家ID:490676460229754881 移动方向: -0.12533113 , 0 , 0.9921149
2025-11-27 21:40:55.1937 (StateSyncRequestHandler.cs:18) 玩家ID:490676460229754881 移动到新位置: 8.75669 , 0 , 5.234929
2025-11-27 21:40:55.3002 (StateSyncRequestHandler.cs:18) 玩家ID:490676460229754881 移动方向: -0.12533113 , 0 , 0.9921149
2025-11-27 21:40:55.3002 (StateSyncRequestHandler.cs:18) 玩家ID:490676460229754881 移动到新位置: 8.731624 , 0 , 5.433352
2025-11-27 21:40:55.4075 (StateSyncRequestHandler.cs:18) 玩家ID:490676460229754881 移动方向: -0.12533113 , 0 , 0.9921149
2025-11-27 21:40:55.4075 (StateSyncRequestHandler.cs:18) 玩家ID:490676460229754881 移动到新位置: 8.706557 , 0 , 5.631775
2025-11-27 21:40:55.4979 (StateSyncRequestHandler.cs:18) 玩家ID:490676460229754881 移动方向: -0.12533113 , 0 , 0.9921149
2025-11-27 21:40:55.4979 (StateSyncRequestHandler.cs:18) 玩家ID:490676460229754881 移动到新位置: 8.681491 , 0 , 5.830198
2025-11-27 21:40:55.6064 (StateSyncRequestHandler.cs:18) 玩家ID:490676460229754881 移动方向: -0.12533113 , 0 , 0.9921149
2025-11-27 21:40:55.6064 (StateSyncRequestHandler.cs:18) 玩家ID:490676460229754881 移动到新位置: 8.6564245 , 0 , 6.0286207
2025-11-27 21:40:55.7136 (StateSyncRequestHandler.cs:18) 玩家ID:490676460229754881 移动方向: -0.12533113 , 0 , 0.9921149
2025-11-27 21:40:55.7136 (StateSyncRequestHandler.cs:18) 玩家ID:490676460229754881 移动到新位置: 8.631358 , 0 , 6.2270436
2025-11-27 21:40:55.8076 (StateSyncRequestHandler.cs:18) 玩家ID:490676460229754881 移动方向: -0.12533113 , 0 , 0.9921149
2025-11-27 21:40:55.8076 (StateSyncRequestHandler.cs:18) 玩家ID:490676460229754881 移动到新位置: 8.606292 , 0 , 6.4254665
2025-11-27 21:40:55.9177 (StateSyncRequestHandler.cs:18) 玩家ID:490676460229754881 移动方向: -0.12533113 , 0 , 0.9921149
2025-11-27 21:40:55.9177 (StateSyncRequestHandler.cs:18) 玩家ID:490676460229754881 移动到新位置: 8.581225 , 0 , 6.6238894
2025-11-27 21:40:56.0104 (StateSyncRequestHandler.cs:18) 玩家ID:490676460229754881 移动方向: -0.12533113 , 0 , 0.9921149
2025-11-27 21:40:56.0104 (StateSyncRequestHandler.cs:18) 玩家ID:490676460229754881 移动到新位置: 8.556159 , 0 , 6.8223124
2025-11-27 21:40:56.1195 (StateSyncRequestHandler.cs:18) 玩家ID:490676460229754881 移动方向: -0.79015374 , 0 , 0.6129087
2025-11-27 21:40:56.1195 (StateSyncRequestHandler.cs:18) 玩家ID:490676460229754881 移动到新位置: 8.3981285 , 0 , 6.9448943
2025-11-27 21:40:56.2116 (StateSyncRequestHandler.cs:18) 玩家ID:490676460229754881 移动到新位置: 8.3981285 , 0 , 6.9448943
2025-11-27 21:40:57.0131 (StateSyncRequestHandler.cs:18) 玩家ID:490676460229754881 移动方向: 0.51335007 , 0 , -0.8581793
2025-11-27 21:40:57.0131 (StateSyncRequestHandler.cs:18) 玩家ID:490676460229754881 移动到新位置: 8.500798 , 0 , 6.773258
2025-11-27 21:40:57.1083 (StateSyncRequestHandler.cs:18) 玩家ID:490676460229754881 移动方向: 0.7355594 , 0 , -0.6774602
2025-11-27 21:40:57.1083 (StateSyncRequestHandler.cs:18) 玩家ID:490676460229754881 移动到新位置: 8.64791 , 0 , 6.6377664
2025-11-27 21:40:57.2171 (StateSyncRequestHandler.cs:18) 玩家ID:490676460229754881 移动方向: 0.84437925 , 0 , -0.53574586
2025-11-27 21:40:57.2171 (StateSyncRequestHandler.cs:18) 玩家ID:490676460229754881 移动到新位置: 8.816786 , 0 , 6.530617
2025-11-27 21:40:57.3102 (StateSyncRequestHandler.cs:18) 玩家ID:490676460229754881 移动方向: 0.33409277 , 0 , -0.94254017
2025-11-27 21:40:57.3102 (StateSyncRequestHandler.cs:18) 玩家ID:490676460229754881 移动到新位置: 8.883604 , 0 , 6.342109
2025-11-27 21:40:57.4184 (StateSyncRequestHandler.cs:18) 玩家ID:490676460229754881 移动方向: 0.4048675 , 0 , -0.9143753
2025-11-27 21:40:57.4184 (StateSyncRequestHandler.cs:18) 玩家ID:490676460229754881 移动到新位置: 8.964578 , 0 , 6.159234
2025-11-27 21:40:57.5106 (StateSyncRequestHandler.cs:18) 玩家ID:490676460229754881 移动方向: -0.30672634 , 0 , -0.9517977
2025-11-27 21:40:57.5106 (StateSyncRequestHandler.cs:18) 玩家ID:490676460229754881 移动到新位置: 8.903233 , 0 , 5.9688745
2025-11-27 21:40:57.6029 (StateSyncRequestHandler.cs:18) 玩家ID:490676460229754881 移动方向: -0.2782709 , 0 , -0.9605026
2025-11-27 21:40:57.6029 (StateSyncRequestHandler.cs:18) 玩家ID:490676460229754881 移动到新位置: 8.847578 , 0 , 5.776774
2025-11-27 21:40:57.6955 (StateSyncRequestHandler.cs:18) 玩家ID:490676460229754881 移动方向: -0.2664371 , 0 , -0.9638523
2025-11-27 21:40:57.6955 (StateSyncRequestHandler.cs:18) 玩家ID:490676460229754881 移动到新位置: 8.794291 , 0 , 5.5840034
2025-11-27 21:40:57.8051 (StateSyncRequestHandler.cs:18) 玩家ID:490676460229754881 移动方向: -0.26201946 , 0 , -0.9650626
2025-11-27 21:40:57.8051 (StateSyncRequestHandler.cs:18) 玩家ID:490676460229754881 移动到新位置: 8.741887 , 0 , 5.3909907
2025-11-27 21:40:57.9143 (StateSyncRequestHandler.cs:18) 玩家ID:490676460229754881 移动方向: -0.2606656 , 0 , -0.9654292
2025-11-27 21:40:57.9143 (StateSyncRequestHandler.cs:18) 玩家ID:490676460229754881 移动到新位置: 8.689754 , 0 , 5.197905
2025-11-27 21:40:58.0076 (StateSyncRequestHandler.cs:18) 玩家ID:490676460229754881 移动方向: 0.49868 , 0 , -0.8667861
2025-11-27 21:40:58.0076 (StateSyncRequestHandler.cs:18) 玩家ID:490676460229754881 移动到新位置: 8.78949 , 0 , 5.024548
2025-11-27 21:40:58.1010 (StateSyncRequestHandler.cs:18) 玩家ID:490676460229754881 移动方向: 0.4988119 , 0 , -0.8667103
2025-11-27 21:40:58.1010 (StateSyncRequestHandler.cs:18) 玩家ID:490676460229754881 移动到新位置: 8.889252 , 0 , 4.851206
2025-11-27 21:40:58.2099 (StateSyncRequestHandler.cs:18) 玩家ID:490676460229754881 移动方向: 0.49876344 , 0 , -0.8667381
2025-11-27 21:40:58.2099 (StateSyncRequestHandler.cs:18) 玩家ID:490676460229754881 移动到新位置: 8.989004 , 0 , 4.6778584
2025-11-27 21:40:58.3030 (StateSyncRequestHandler.cs:18) 玩家ID:490676460229754881 移动方向: 0.47999877 , 0 , -0.87726915
2025-11-27 21:40:58.3030 (StateSyncRequestHandler.cs:18) 玩家ID:490676460229754881 移动到新位置: 9.085004 , 0 , 4.5024047
2025-11-27 21:40:58.4098 (StateSyncRequestHandler.cs:18) 玩家ID:490676460229754881 移动方向: 0.293569 , 0 , -0.95593786
2025-11-27 21:40:58.4098 (StateSyncRequestHandler.cs:18) 玩家ID:490676460229754881 移动到新位置: 9.143718 , 0 , 4.3112173
2025-11-27 21:40:58.5026 (StateSyncRequestHandler.cs:18) 玩家ID:490676460229754881 移动方向: 0.631181 , 0 , -0.7756356
2025-11-27 21:40:58.5026 (StateSyncRequestHandler.cs:18) 玩家ID:490676460229754881 移动到新位置: 9.269954 , 0 , 4.1560903
2025-11-27 21:40:58.5946 (StateSyncRequestHandler.cs:18) 玩家ID:490676460229754881 移动方向: 0.16009282 , 0 , -0.9871019
2025-11-27 21:40:58.5946 (StateSyncRequestHandler.cs:18) 玩家ID:490676460229754881 移动到新位置: 9.301972 , 0 , 3.95867
2025-11-27 21:40:58.7037 (StateSyncRequestHandler.cs:18) 玩家ID:490676460229754881 移动方向: -0.14822495 , 0 , -0.98895365
2025-11-27 21:40:58.7037 (StateSyncRequestHandler.cs:18) 玩家ID:490676460229754881 移动到新位置: 9.272327 , 0 , 3.7608793
2025-11-27 21:40:58.8114 (StateSyncRequestHandler.cs:18) 玩家ID:490676460229754881 移动方向: -0.2914986 , 0 , -0.9565713
2025-11-27 21:40:58.8114 (StateSyncRequestHandler.cs:18) 玩家ID:490676460229754881 移动到新位置: 9.214027 , 0 , 3.569565
2025-11-27 21:40:58.9022 (StateSyncRequestHandler.cs:18) 玩家ID:490676460229754881 移动方向: -0.32989478 , 0 , -0.9440177
2025-11-27 21:40:58.9022 (StateSyncRequestHandler.cs:18) 玩家ID:490676460229754881 移动到新位置: 9.148048 , 0 , 3.3807616
2025-11-27 21:40:59.0095 (StateSyncRequestHandler.cs:18) 玩家ID:490676460229754881 移动方向: -0.3467896 , 0 , -0.9379429
2025-11-27 21:40:59.0095 (StateSyncRequestHandler.cs:18) 玩家ID:490676460229754881 移动到新位置: 9.078691 , 0 , 3.193173
2025-11-27 21:40:59.1019 (StateSyncRequestHandler.cs:18) 玩家ID:490676460229754881 移动方向: -0.3514063 , 0 , -0.93622303
2025-11-27 21:40:59.1019 (StateSyncRequestHandler.cs:18) 玩家ID:490676460229754881 移动到新位置: 9.0084095 , 0 , 3.0059283
2025-11-27 21:40:59.2090 (StateSyncRequestHandler.cs:18) 玩家ID:490676460229754881 移动方向: -0.35191247 , 0 , -0.93603295
2025-11-27 21:40:59.2090 (StateSyncRequestHandler.cs:18) 玩家ID:490676460229754881 移动到新位置: 8.938027 , 0 , 2.8187218
2025-11-27 21:40:59.3175 (StateSyncRequestHandler.cs:18) 玩家ID:490676460229754881 移动方向: -0.30520597 , 0 , -0.95228636
2025-11-27 21:40:59.3175 (StateSyncRequestHandler.cs:18) 玩家ID:490676460229754881 移动到新位置: 8.8769865 , 0 , 2.6282644
2025-11-27 21:40:59.3961 (StateSyncRequestHandler.cs:18) 玩家ID:490676460229754881 移动方向: -0.21065208 , 0 , -0.9775611
2025-11-27 21:40:59.3961 (StateSyncRequestHandler.cs:18) 玩家ID:490676460229754881 移动到新位置: 8.834856 , 0 , 2.4327521
2025-11-27 21:40:59.5028 (StateSyncRequestHandler.cs:18) 玩家ID:490676460229754881 移动方向: -0.15193452 , 0 , -0.98839056
2025-11-27 21:40:59.5028 (StateSyncRequestHandler.cs:18) 玩家ID:490676460229754881 移动到新位置: 8.804469 , 0 , 2.235074
2025-11-27 21:40:59.6118 (StateSyncRequestHandler.cs:18) 玩家ID:490676460229754881 移动方向: -0.1288795 , 0 , -0.99166024
2025-11-27 21:40:59.6118 (StateSyncRequestHandler.cs:18) 玩家ID:490676460229754881 移动到新位置: 8.778693 , 0 , 2.036742
2025-11-27 21:40:59.7039 (StateSyncRequestHandler.cs:18) 玩家ID:490676460229754881 移动方向: -0.121370226 , 0 , -0.99260736
2025-11-27 21:40:59.7039 (StateSyncRequestHandler.cs:18) 玩家ID:490676460229754881 移动到新位置: 8.754419 , 0 , 1.8382205
2025-11-27 21:40:59.8106 (StateSyncRequestHandler.cs:18) 玩家ID:490676460229754881 移动方向: -0.1187354 , 0 , -0.9929259
2025-11-27 21:40:59.8106 (StateSyncRequestHandler.cs:18) 玩家ID:490676460229754881 移动到新位置: 8.730672 , 0 , 1.6396353
2025-11-27 21:40:59.9048 (StateSyncRequestHandler.cs:18) 玩家ID:490676460229754881 移动方向: -0.107904814 , 0 , -0.99416125
2025-11-27 21:40:59.9048 (StateSyncRequestHandler.cs:18) 玩家ID:490676460229754881 移动到新位置: 8.709091 , 0 , 1.440803
2025-11-27 21:41:00.0119 (StateSyncRequestHandler.cs:18) 玩家ID:490676460229754881 移动方向: -0.03813964 , 0 , -0.99927247
2025-11-27 21:41:00.0119 (StateSyncRequestHandler.cs:18) 玩家ID:490676460229754881 移动到新位置: 8.701464 , 0 , 1.2409486
2025-11-27 21:41:00.1037 (StateSyncRequestHandler.cs:18) 玩家ID:490676460229754881 移动方向: 0.011947376 , 0 , -0.99992865
2025-11-27 21:41:00.1037 (StateSyncRequestHandler.cs:18) 玩家ID:490676460229754881 移动到新位置: 8.703854 , 0 , 1.0409628
2025-11-27 21:41:00.2097 (StateSyncRequestHandler.cs:18) 玩家ID:490676460229754881 移动方向: 0.031925417 , 0 , -0.99949026
2025-11-27 21:41:00.2097 (StateSyncRequestHandler.cs:18) 玩家ID:490676460229754881 移动到新位置: 8.710238 , 0 , 0.84106475
2025-11-27 21:41:00.3023 (StateSyncRequestHandler.cs:18) 玩家ID:490676460229754881 移动方向: 0.039161332 , 0 , -0.99923295
2025-11-27 21:41:00.3032 (StateSyncRequestHandler.cs:18) 玩家ID:490676460229754881 移动到新位置: 8.718071 , 0 , 0.6412182
2025-11-27 21:41:00.4108 (StateSyncRequestHandler.cs:18) 玩家ID:490676460229754881 移动方向: 0.042019464 , 0 , -0.99911684
2025-11-27 21:41:00.4108 (StateSyncRequestHandler.cs:18) 玩家ID:490676460229754881 移动到新位置: 8.726475 , 0 , 0.4413948
2025-11-27 21:41:00.5045 (StateSyncRequestHandler.cs:18) 玩家ID:490676460229754881 移动方向: 0.042280022 , 0 , -0.99910575
2025-11-27 21:41:00.5045 (StateSyncRequestHandler.cs:18) 玩家ID:490676460229754881 移动到新位置: 8.734931 , 0 , 0.24157366
2025-11-27 21:41:00.5983 (StateSyncRequestHandler.cs:18) 玩家ID:490676460229754881 移动方向: -0.711093 , 0 , -0.7030979
2025-11-27 21:41:00.5993 (StateSyncRequestHandler.cs:18) 玩家ID:490676460229754881 移动到新位置: 8.592712 , 0 , 0.100954086
2025-11-27 21:41:00.7072 (StateSyncRequestHandler.cs:18) 玩家ID:490676460229754881 移动方向: -0.7555581 , 0 , -0.6550817
2025-11-27 21:41:00.7072 (StateSyncRequestHandler.cs:18) 玩家ID:490676460229754881 移动到新位置: 8.441601 , 0 , -0.030062258
2025-11-27 21:41:00.7986 (StateSyncRequestHandler.cs:18) 玩家ID:490676460229754881 移动方向: -0.10843359 , 0 , -0.99410367
2025-11-27 21:41:00.7986 (StateSyncRequestHandler.cs:18) 玩家ID:490676460229754881 移动到新位置: 8.419914 , 0 , -0.228883
2025-11-27 21:41:00.8917 (StateSyncRequestHandler.cs:18) 玩家ID:490676460229754881 移动方向: -0.12163147 , 0 , -0.99257535
2025-11-27 21:41:00.8917 (StateSyncRequestHandler.cs:18) 玩家ID:490676460229754881 移动到新位置: 8.395588 , 0 , -0.42739806
2025-11-27 21:41:01.0157 (StateSyncRequestHandler.cs:18) 玩家ID:490676460229754881 移动方向: -0.12709856 , 0 , -0.99189013
2025-11-27 21:41:01.0157 (StateSyncRequestHandler.cs:18) 玩家ID:490676460229754881 移动到新位置: 8.370169 , 0 , -0.62577605
2025-11-27 21:41:01.1079 (StateSyncRequestHandler.cs:18) 玩家ID:490676460229754881 移动方向: -0.12855789 , 0 , -0.991702
2025-11-27 21:41:01.1079 (StateSyncRequestHandler.cs:18) 玩家ID:490676460229754881 移动到新位置: 8.344457 , 0 , -0.82411647
2025-11-27 21:41:01.2013 (StateSyncRequestHandler.cs:18) 玩家ID:490676460229754881 移动方向: -0.12901044 , 0 , -0.9916432
2025-11-27 21:41:01.2013 (StateSyncRequestHandler.cs:18) 玩家ID:490676460229754881 移动到新位置: 8.318655 , 0 , -1.0224451
2025-11-27 21:41:01.3107 (StateSyncRequestHandler.cs:18) 玩家ID:490676460229754881 移动方向: -0.1291709 , 0 , -0.9916224
2025-11-27 21:41:01.3107 (StateSyncRequestHandler.cs:18) 玩家ID:490676460229754881 移动到新位置: 8.292821 , 0 , -1.2207695
2025-11-27 21:41:01.4031 (StateSyncRequestHandler.cs:18) 玩家ID:490676460229754881 移动方向: -0.12921113 , 0 , -0.9916171
2025-11-27 21:41:01.4031 (StateSyncRequestHandler.cs:18) 玩家ID:490676460229754881 移动到新位置: 8.266978 , 0 , -1.4190929
2025-11-27 21:41:01.5096 (StateSyncRequestHandler.cs:18) 玩家ID:490676460229754881 移动方向: -0.1292248 , 0 , -0.99161536
2025-11-27 21:41:01.5096 (StateSyncRequestHandler.cs:18) 玩家ID:490676460229754881 移动到新位置: 8.241134 , 0 , -1.6174159
2025-11-27 21:41:01.6017 (StateSyncRequestHandler.cs:18) 玩家ID:490676460229754881 移动方向: -0.1292286 , 0 , -0.9916148
2025-11-27 21:41:01.6017 (StateSyncRequestHandler.cs:18) 玩家ID:490676460229754881 移动到新位置: 8.215288 , 0 , -1.8157389
2025-11-27 21:41:01.6931 (StateSyncRequestHandler.cs:18) 玩家ID:490676460229754881 移动方向: -0.12922896 , 0 , -0.9916148
2025-11-27 21:41:01.6934 (StateSyncRequestHandler.cs:18) 玩家ID:490676460229754881 移动到新位置: 8.189443 , 0 , -2.014062
2025-11-27 21:41:01.8003 (StateSyncRequestHandler.cs:18) 玩家ID:490676460229754881 移动方向: -0.12922896 , 0 , -0.9916148
2025-11-27 21:41:01.8003 (StateSyncRequestHandler.cs:18) 玩家ID:490676460229754881 移动到新位置: 8.163597 , 0 , -2.212385
2025-11-27 21:41:01.9078 (StateSyncRequestHandler.cs:18) 玩家ID:490676460229754881 移动方向: -0.12922896 , 0 , -0.9916148
2025-11-27 21:41:01.9078 (StateSyncRequestHandler.cs:18) 玩家ID:490676460229754881 移动到新位置: 8.137752 , 0 , -2.410708
2025-11-27 21:41:01.9996 (StateSyncRequestHandler.cs:18) 玩家ID:490676460229754881 移动到新位置: 8.137752 , 0 , -2.410708
2025-11-27 21:41:02.9096 (StateSyncRequestHandler.cs:18) 玩家ID:490676460229754881 移动方向: 0.9916148 , 0 , -0.12922896
2025-11-27 21:41:02.9096 (StateSyncRequestHandler.cs:18) 玩家ID:490676460229754881 移动到新位置: 8.336075 , 0 , -2.4365537
2025-11-27 21:41:03.0033 (StateSyncRequestHandler.cs:18) 玩家ID:490676460229754881 移动方向: 0.9916148 , 0 , -0.12922896
2025-11-27 21:41:03.0033 (StateSyncRequestHandler.cs:18) 玩家ID:490676460229754881 移动到新位置: 8.534398 , 0 , -2.4623995
2025-11-27 21:41:03.0961 (StateSyncRequestHandler.cs:18) 玩家ID:490676460229754881 移动方向: 0.60979885 , 0 , -0.7925562
2025-11-27 21:41:03.0961 (StateSyncRequestHandler.cs:18) 玩家ID:490676460229754881 移动到新位置: 8.656358 , 0 , -2.6209106
2025-11-27 21:41:03.2039 (StateSyncRequestHandler.cs:18) 玩家ID:490676460229754881 移动方向: 0.60979885 , 0 , -0.7925562
2025-11-27 21:41:03.2039 (StateSyncRequestHandler.cs:18) 玩家ID:490676460229754881 移动到新位置: 8.778317 , 0 , -2.7794218
2025-11-27 21:41:03.3118 (StateSyncRequestHandler.cs:18) 玩家ID:490676460229754881 移动方向: -0.12922896 , 0 , -0.9916148
2025-11-27 21:41:03.3118 (StateSyncRequestHandler.cs:18) 玩家ID:490676460229754881 移动到新位置: 8.752472 , 0 , -2.9777448
2025-11-27 21:41:03.4031 (StateSyncRequestHandler.cs:18) 玩家ID:490676460229754881 移动方向: -0.12922896 , 0 , -0.9916148
2025-11-27 21:41:03.4031 (StateSyncRequestHandler.cs:18) 玩家ID:490676460229754881 移动到新位置: 8.726626 , 0 , -3.1760678
2025-11-27 21:41:03.5103 (StateSyncRequestHandler.cs:18) 玩家ID:490676460229754881 移动方向: -0.12922896 , 0 , -0.9916148
2025-11-27 21:41:03.5103 (StateSyncRequestHandler.cs:18) 玩家ID:490676460229754881 移动到新位置: 8.700781 , 0 , -3.3743908
2025-11-27 21:41:03.6031 (StateSyncRequestHandler.cs:18) 玩家ID:490676460229754881 移动方向: -0.12922896 , 0 , -0.9916148
2025-11-27 21:41:03.6031 (StateSyncRequestHandler.cs:18) 玩家ID:490676460229754881 移动到新位置: 8.674935 , 0 , -3.5727139
2025-11-27 21:41:03.7092 (StateSyncRequestHandler.cs:18) 玩家ID:490676460229754881 移动方向: -0.12922896 , 0 , -0.9916148
2025-11-27 21:41:03.7092 (StateSyncRequestHandler.cs:18) 玩家ID:490676460229754881 移动到新位置: 8.64909 , 0 , -3.7710369
2025-11-27 21:41:03.8168 (StateSyncRequestHandler.cs:18) 玩家ID:490676460229754881 移动方向: -0.9916148 , 0 , 0.12922896
2025-11-27 21:41:03.8168 (StateSyncRequestHandler.cs:18) 玩家ID:490676460229754881 移动到新位置: 8.450767 , 0 , -3.745191
2025-11-27 21:41:03.8938 (StateSyncRequestHandler.cs:18) 玩家ID:490676460229754881 移动方向: -0.9916148 , 0 , 0.12922896
2025-11-27 21:41:03.8938 (StateSyncRequestHandler.cs:18) 玩家ID:490676460229754881 移动到新位置: 8.252443 , 0 , -3.7193453
2025-11-27 21:41:04.0009 (StateSyncRequestHandler.cs:18) 玩家ID:490676460229754881 移动方向: -0.60979885 , 0 , 0.7925562
2025-11-27 21:41:04.0009 (StateSyncRequestHandler.cs:18) 玩家ID:490676460229754881 移动到新位置: 8.130484 , 0 , -3.5608342
2025-11-27 21:41:04.1086 (StateSyncRequestHandler.cs:18) 玩家ID:490676460229754881 移动方向: -0.60979885 , 0 , 0.7925562
2025-11-27 21:41:04.1086 (StateSyncRequestHandler.cs:18) 玩家ID:490676460229754881 移动到新位置: 8.008524 , 0 , -3.402323
2025-11-27 21:41:04.2019 (StateSyncRequestHandler.cs:18) 玩家ID:490676460229754881 移动方向: 0.12922896 , 0 , 0.9916148
2025-11-27 21:41:04.2019 (StateSyncRequestHandler.cs:18) 玩家ID:490676460229754881 移动到新位置: 8.034369 , 0 , -3.204
2025-11-27 21:41:04.3085 (StateSyncRequestHandler.cs:18) 玩家ID:490676460229754881 移动方向: -0.12922896 , 0 , -0.9916148
2025-11-27 21:41:04.3085 (StateSyncRequestHandler.cs:18) 玩家ID:490676460229754881 移动到新位置: 8.008524 , 0 , -3.402323
2025-11-27 21:41:04.4025 (StateSyncRequestHandler.cs:18) 玩家ID:490676460229754881 移动方向: -0.12922896 , 0 , -0.9916148
2025-11-27 21:41:04.4025 (StateSyncRequestHandler.cs:18) 玩家ID:490676460229754881 移动到新位置: 7.982678 , 0 , -3.600646
2025-11-27 21:41:04.5102 (StateSyncRequestHandler.cs:18) 玩家ID:490676460229754881 移动方向: -0.12922896 , 0 , -0.9916148
2025-11-27 21:41:04.5102 (StateSyncRequestHandler.cs:18) 玩家ID:490676460229754881 移动到新位置: 7.956832 , 0 , -3.798969
2025-11-27 21:41:04.6026 (StateSyncRequestHandler.cs:18) 玩家ID:490676460229754881 移动方向: 0.60979885 , 0 , -0.7925562
2025-11-27 21:41:04.6026 (StateSyncRequestHandler.cs:18) 玩家ID:490676460229754881 移动到新位置: 8.078792 , 0 , -3.9574802
2025-11-27 21:41:04.7111 (StateSyncRequestHandler.cs:18) 玩家ID:490676460229754881 移动方向: 0.60979885 , 0 , -0.7925562
2025-11-27 21:41:04.7111 (StateSyncRequestHandler.cs:18) 玩家ID:490676460229754881 移动到新位置: 8.200751 , 0 , -4.1159916
2025-11-27 21:41:04.8039 (StateSyncRequestHandler.cs:18) 玩家ID:490676460229754881 移动方向: 0.60979885 , 0 , -0.7925562
2025-11-27 21:41:04.8039 (StateSyncRequestHandler.cs:18) 玩家ID:490676460229754881 移动到新位置: 8.322711 , 0 , -4.2745028
2025-11-27 21:41:04.8976 (StateSyncRequestHandler.cs:18) 玩家ID:490676460229754881 移动方向: 0.60979885 , 0 , -0.7925562
2025-11-27 21:41:04.8976 (StateSyncRequestHandler.cs:18) 玩家ID:490676460229754881 移动到新位置: 8.444671 , 0 , -4.433014
2025-11-27 21:41:05.0052 (StateSyncRequestHandler.cs:18) 玩家ID:490676460229754881 移动方向: -0.12922896 , 0 , -0.9916148
2025-11-27 21:41:05.0060 (StateSyncRequestHandler.cs:18) 玩家ID:490676460229754881 移动到新位置: 8.418825 , 0 , -4.6313367
2025-11-27 21:41:05.1147 (StateSyncRequestHandler.cs:18) 玩家ID:490676460229754881 移动方向: -0.7925562 , 0 , -0.60979885
2025-11-27 21:41:05.1147 (StateSyncRequestHandler.cs:18) 玩家ID:490676460229754881 移动到新位置: 8.260314 , 0 , -4.7532964
2025-11-27 21:41:05.2093 (StateSyncRequestHandler.cs:18) 玩家ID:490676460229754881 移动方向: -0.60979885 , 0 , 0.7925562
2025-11-27 21:41:05.2093 (StateSyncRequestHandler.cs:18) 玩家ID:490676460229754881 移动到新位置: 8.138354 , 0 , -4.594785
2025-11-27 21:41:05.3020 (StateSyncRequestHandler.cs:18) 玩家ID:490676460229754881 移动方向: 0.12922896 , 0 , 0.9916148
2025-11-27 21:41:05.3240 (StateSyncRequestHandler.cs:18) 玩家ID:490676460229754881 移动到新位置: 8.1642 , 0 , -4.3964624
2025-11-27 21:41:05.3952 (StateSyncRequestHandler.cs:18) 玩家ID:490676460229754881 移动方向: 0.12922896 , 0 , 0.9916148
2025-11-27 21:41:05.3952 (StateSyncRequestHandler.cs:18) 玩家ID:490676460229754881 移动到新位置: 8.190045 , 0 , -4.1981397
2025-11-27 21:41:05.5151 (StateSyncRequestHandler.cs:18) 玩家ID:490676460229754881 移动方向: -0.12922896 , 0 , -0.9916148
2025-11-27 21:41:05.5151 (StateSyncRequestHandler.cs:18) 玩家ID:490676460229754881 移动到新位置: 8.1642 , 0 , -4.3964624
2025-11-27 21:41:05.6073 (StateSyncRequestHandler.cs:18) 玩家ID:490676460229754881 移动方向: -0.12922896 , 0 , -0.9916148
2025-11-27 21:41:05.6073 (StateSyncRequestHandler.cs:18) 玩家ID:490676460229754881 移动到新位置: 8.138354 , 0 , -4.594785
2025-11-27 21:41:05.7160 (StateSyncRequestHandler.cs:18) 玩家ID:490676460229754881 移动方向: -0.12922896 , 0 , -0.9916148
2025-11-27 21:41:05.7160 (StateSyncRequestHandler.cs:18) 玩家ID:490676460229754881 移动到新位置: 8.112509 , 0 , -4.793108
2025-11-27 21:41:05.8083 (StateSyncRequestHandler.cs:18) 玩家ID:490676460229754881 移动方向: -0.12922896 , 0 , -0.9916148
2025-11-27 21:41:05.8083 (StateSyncRequestHandler.cs:18) 玩家ID:490676460229754881 移动到新位置: 8.086663 , 0 , -4.9914308
2025-11-27 21:41:05.9008 (StateSyncRequestHandler.cs:18) 玩家ID:490676460229754881 移动方向: -0.12922896 , 0 , -0.9916148
2025-11-27 21:41:05.9008 (StateSyncRequestHandler.cs:18) 玩家ID:490676460229754881 移动到新位置: 8.060818 , 0 , -5.1897535
2025-11-27 21:41:05.9945 (StateSyncRequestHandler.cs:18) 玩家ID:490676460229754881 移动方向: -0.12922896 , 0 , -0.9916148
2025-11-27 21:41:05.9945 (StateSyncRequestHandler.cs:18) 玩家ID:490676460229754881 移动到新位置: 8.034972 , 0 , -5.3880763
2025-11-27 21:41:06.1017 (StateSyncRequestHandler.cs:18) 玩家ID:490676460229754881 移动方向: -0.12922896 , 0 , -0.9916148
2025-11-27 21:41:06.1017 (StateSyncRequestHandler.cs:18) 玩家ID:490676460229754881 移动到新位置: 8.009127 , 0 , -5.586399
2025-11-27 21:41:06.2090 (StateSyncRequestHandler.cs:18) 玩家ID:490676460229754881 移动方向: -0.12922896 , 0 , -0.9916148
2025-11-27 21:41:06.2090 (StateSyncRequestHandler.cs:18) 玩家ID:490676460229754881 移动到新位置: 7.9832807 , 0 , -5.784722
2025-11-27 21:41:06.3019 (StateSyncRequestHandler.cs:18) 玩家ID:490676460229754881 移动方向: -0.12922896 , 0 , -0.9916148
2025-11-27 21:41:06.3025 (StateSyncRequestHandler.cs:18) 玩家ID:490676460229754881 移动到新位置: 7.9574347 , 0 , -5.9830446
2025-11-27 21:41:06.4096 (StateSyncRequestHandler.cs:18) 玩家ID:490676460229754881 移动方向: -0.12922896 , 0 , -0.9916148
2025-11-27 21:41:06.4096 (StateSyncRequestHandler.cs:18) 玩家ID:490676460229754881 移动到新位置: 7.9315886 , 0 , -6.1813674
2025-11-27 21:41:06.5186 (StateSyncRequestHandler.cs:18) 玩家ID:490676460229754881 移动到新位置: 7.9315886 , 0 , -6.1813674
2025-11-27 21:41:06.6107 (StateSyncRequestHandler.cs:18) 玩家ID:490676460229754881 移动方向: 0.12922896 , 0 , 0.9916148
2025-11-27 21:41:06.6107 (StateSyncRequestHandler.cs:18) 玩家ID:490676460229754881 移动到新位置: 7.9574347 , 0 , -5.9830446
2025-11-27 21:41:06.7175 (StateSyncRequestHandler.cs:18) 玩家ID:490676460229754881 移动方向: 0.12922896 , 0 , 0.9916148
2025-11-27 21:41:06.7175 (StateSyncRequestHandler.cs:18) 玩家ID:490676460229754881 移动到新位置: 7.9832807 , 0 , -5.784722
2025-11-27 21:41:06.8091 (StateSyncRequestHandler.cs:18) 玩家ID:490676460229754881 移动方向: 0.12922896 , 0 , 0.9916148
2025-11-27 21:41:06.8091 (StateSyncRequestHandler.cs:18) 玩家ID:490676460229754881 移动到新位置: 8.009127 , 0 , -5.586399
2025-11-27 21:41:06.9018 (StateSyncRequestHandler.cs:18) 玩家ID:490676460229754881 移动方向: 0.12922896 , 0 , 0.9916148
2025-11-27 21:41:06.9018 (StateSyncRequestHandler.cs:18) 玩家ID:490676460229754881 移动到新位置: 8.034972 , 0 , -5.3880763
2025-11-27 21:41:07.0096 (StateSyncRequestHandler.cs:18) 玩家ID:490676460229754881 移动到新位置: 8.034972 , 0 , -5.3880763
2025-11-27 21:41:07.1013 (StateSyncRequestHandler.cs:18) 玩家ID:490676460229754881 移动方向: -0.12922896 , 0 , -0.9916148
2025-11-27 21:41:07.1013 (StateSyncRequestHandler.cs:18) 玩家ID:490676460229754881 移动到新位置: 8.009127 , 0 , -5.586399
2025-11-27 21:41:07.2083 (StateSyncRequestHandler.cs:18) 玩家ID:490676460229754881 移动方向: -0.12922896 , 0 , -0.9916148
2025-11-27 21:41:07.2091 (StateSyncRequestHandler.cs:18) 玩家ID:490676460229754881 移动到新位置: 7.9832807 , 0 , -5.784722
2025-11-27 21:41:07.3008 (StateSyncRequestHandler.cs:18) 玩家ID:490676460229754881 移动方向: -0.12922896 , 0 , -0.9916148
2025-11-27 21:41:07.3008 (StateSyncRequestHandler.cs:18) 玩家ID:490676460229754881 移动到新位置: 7.9574347 , 0 , -5.9830446
2025-11-27 21:41:07.4077 (StateSyncRequestHandler.cs:18) 玩家ID:490676460229754881 移动方向: -0.12922896 , 0 , -0.9916148
2025-11-27 21:41:07.4077 (StateSyncRequestHandler.cs:18) 玩家ID:490676460229754881 移动到新位置: 7.9315886 , 0 , -6.1813674
2025-11-27 21:41:07.5003 (StateSyncRequestHandler.cs:18) 玩家ID:490676460229754881 移动方向: -0.12922896 , 0 , -0.9916148
2025-11-27 21:41:07.5003 (StateSyncRequestHandler.cs:18) 玩家ID:490676460229754881 移动到新位置: 7.9057426 , 0 , -6.37969
2025-11-27 21:41:07.6087 (StateSyncRequestHandler.cs:18) 玩家ID:490676460229754881 移动方向: -0.12922896 , 0 , -0.9916148
2025-11-27 21:41:07.6087 (StateSyncRequestHandler.cs:18) 玩家ID:490676460229754881 移动到新位置: 7.8798966 , 0 , -6.578013
2025-11-27 21:41:07.7002 (StateSyncRequestHandler.cs:18) 玩家ID:490676460229754881 移动方向: 0.12922896 , 0 , 0.9916148
2025-11-27 21:41:07.7002 (StateSyncRequestHandler.cs:18) 玩家ID:490676460229754881 移动到新位置: 7.9057426 , 0 , -6.37969
2025-11-27 21:41:07.8086 (StateSyncRequestHandler.cs:18) 玩家ID:490676460229754881 移动方向: 0.12922896 , 0 , 0.9916148
2025-11-27 21:41:07.8086 (StateSyncRequestHandler.cs:18) 玩家ID:490676460229754881 移动到新位置: 7.9315886 , 0 , -6.1813674
2025-11-27 21:41:07.9005 (StateSyncRequestHandler.cs:18) 玩家ID:490676460229754881 移动方向: 0.12922896 , 0 , 0.9916148
2025-11-27 21:41:07.9005 (StateSyncRequestHandler.cs:18) 玩家ID:490676460229754881 移动到新位置: 7.9574347 , 0 , -5.9830446
2025-11-27 21:41:07.9927 (StateSyncRequestHandler.cs:18) 玩家ID:490676460229754881 移动方向: 0.12922896 , 0 , 0.9916148
2025-11-27 21:41:07.9927 (StateSyncRequestHandler.cs:18) 玩家ID:490676460229754881 移动到新位置: 7.9832807 , 0 , -5.784722
2025-11-27 21:41:08.1006 (StateSyncRequestHandler.cs:18) 玩家ID:490676460229754881 移动方向: 0.12922896 , 0 , 0.9916148
2025-11-27 21:41:08.1006 (StateSyncRequestHandler.cs:18) 玩家ID:490676460229754881 移动到新位置: 8.009127 , 0 , -5.586399
2025-11-27 21:41:08.1929 (StateSyncRequestHandler.cs:18) 玩家ID:490676460229754881 移动方向: 0.12922896 , 0 , 0.9916148
2025-11-27 21:41:08.1929 (StateSyncRequestHandler.cs:18) 玩家ID:490676460229754881 移动到新位置: 8.034972 , 0 , -5.3880763
2025-11-27 21:41:08.3154 (StateSyncRequestHandler.cs:18) 玩家ID:490676460229754881 移动方向: 0.12922896 , 0 , 0.9916148
2025-11-27 21:41:08.3154 (StateSyncRequestHandler.cs:18) 玩家ID:490676460229754881 移动到新位置: 8.060818 , 0 , -5.1897535
2025-11-27 21:41:08.4077 (StateSyncRequestHandler.cs:18) 玩家ID:490676460229754881 移动方向: 0.12922896 , 0 , 0.9916148
2025-11-27 21:41:08.4077 (StateSyncRequestHandler.cs:18) 玩家ID:490676460229754881 移动到新位置: 8.086663 , 0 , -4.9914308
2025-11-27 21:41:08.4997 (StateSyncRequestHandler.cs:18) 玩家ID:490676460229754881 移动方向: 0.12922896 , 0 , 0.9916148
2025-11-27 21:41:08.4997 (StateSyncRequestHandler.cs:18) 玩家ID:490676460229754881 移动到新位置: 8.112509 , 0 , -4.793108
2025-11-27 21:41:08.6072 (StateSyncRequestHandler.cs:18) 玩家ID:490676460229754881 移动方向: 0.12922896 , 0 , 0.9916148
2025-11-27 21:41:08.6072 (StateSyncRequestHandler.cs:18) 玩家ID:490676460229754881 移动到新位置: 8.138354 , 0 , -4.594785
2025-11-27 21:41:08.7145 (StateSyncRequestHandler.cs:18) 玩家ID:490676460229754881 移动方向: 0.12922896 , 0 , 0.9916148
2025-11-27 21:41:08.7145 (StateSyncRequestHandler.cs:18) 玩家ID:490676460229754881 移动到新位置: 8.1642 , 0 , -4.3964624
2025-11-27 21:41:08.8058 (StateSyncRequestHandler.cs:18) 玩家ID:490676460229754881 移动到新位置: 8.1642 , 0 , -4.3964624
2025-11-27 21:41:09.2100 (StateSyncRequestHandler.cs:18) 玩家ID:490676460229754881 移动方向: -0.12922896 , 0 , -0.9916148
2025-11-27 21:41:09.2100 (StateSyncRequestHandler.cs:18) 玩家ID:490676460229754881 移动到新位置: 8.138354 , 0 , -4.594785
2025-11-27 21:41:09.3024 (StateSyncRequestHandler.cs:18) 玩家ID:490676460229754881 移动方向: -0.12922896 , 0 , -0.9916148
2025-11-27 21:41:09.3024 (StateSyncRequestHandler.cs:18) 玩家ID:490676460229754881 移动到新位置: 8.112509 , 0 , -4.793108
2025-11-27 21:41:09.3955 (StateSyncRequestHandler.cs:18) 玩家ID:490676460229754881 移动方向: -0.12922896 , 0 , -0.9916148
2025-11-27 21:41:09.3955 (StateSyncRequestHandler.cs:18) 玩家ID:490676460229754881 移动到新位置: 8.086663 , 0 , -4.9914308
2025-11-27 21:41:09.5021 (StateSyncRequestHandler.cs:18) 玩家ID:490676460229754881 移动方向: -0.12922896 , 0 , -0.9916148
2025-11-27 21:41:09.5021 (StateSyncRequestHandler.cs:18) 玩家ID:490676460229754881 移动到新位置: 8.060818 , 0 , -5.1897535
2025-11-27 21:41:09.5934 (StateSyncRequestHandler.cs:18) 玩家ID:490676460229754881 移动方向: -0.12922896 , 0 , -0.9916148
2025-11-27 21:41:09.5934 (StateSyncRequestHandler.cs:18) 玩家ID:490676460229754881 移动到新位置: 8.034972 , 0 , -5.3880763
2025-11-27 21:41:09.7013 (StateSyncRequestHandler.cs:18) 玩家ID:490676460229754881 移动方向: -0.12922896 , 0 , -0.9916148
2025-11-27 21:41:09.7013 (StateSyncRequestHandler.cs:18) 玩家ID:490676460229754881 移动到新位置: 8.009127 , 0 , -5.586399
2025-11-27 21:41:09.8104 (StateSyncRequestHandler.cs:18) 玩家ID:490676460229754881 移动方向: -0.12922896 , 0 , -0.9916148
2025-11-27 21:41:09.8104 (StateSyncRequestHandler.cs:18) 玩家ID:490676460229754881 移动到新位置: 7.9832807 , 0 , -5.784722
2025-11-27 21:41:09.9028 (StateSyncRequestHandler.cs:18) 玩家ID:490676460229754881 移动到新位置: 7.9832807 , 0 , -5.784722
2025-11-27 21:41:09.9964 (StateSyncRequestHandler.cs:18) 玩家ID:490676460229754881 移动方向: 0.12922896 , 0 , 0.9916148
2025-11-27 21:41:09.9964 (StateSyncRequestHandler.cs:18) 玩家ID:490676460229754881 移动到新位置: 8.009127 , 0 , -5.586399
2025-11-27 21:41:10.1064 (StateSyncRequestHandler.cs:18) 玩家ID:490676460229754881 移动方向: 0.12922896 , 0 , 0.9916148
2025-11-27 21:41:10.1064 (StateSyncRequestHandler.cs:18) 玩家ID:490676460229754881 移动到新位置: 8.034972 , 0 , -5.3880763
2025-11-27 21:41:10.2153 (StateSyncRequestHandler.cs:18) 玩家ID:490676460229754881 移动方向: 0.12922896 , 0 , 0.9916148
2025-11-27 21:41:10.2153 (StateSyncRequestHandler.cs:18) 玩家ID:490676460229754881 移动到新位置: 8.060818 , 0 , -5.1897535
2025-11-27 21:41:10.3223 (StateSyncRequestHandler.cs:18) 玩家ID:490676460229754881 移动方向: 0.12922896 , 0 , 0.9916148
2025-11-27 21:41:10.3223 (StateSyncRequestHandler.cs:18) 玩家ID:490676460229754881 移动到新位置: 8.086663 , 0 , -4.9914308
2025-11-27 21:41:10.4147 (StateSyncRequestHandler.cs:18) 玩家ID:490676460229754881 移动方向: 0.7925562 , 0 , 0.60979885
2025-11-27 21:41:10.4147 (StateSyncRequestHandler.cs:18) 玩家ID:490676460229754881 移动到新位置: 8.245174 , 0 , -4.869471
2025-11-27 21:41:10.5055 (StateSyncRequestHandler.cs:18) 玩家ID:490676460229754881 移动方向: 0.9916148 , 0 , -0.12922896
2025-11-27 21:41:10.5055 (StateSyncRequestHandler.cs:18) 玩家ID:490676460229754881 移动到新位置: 8.443498 , 0 , -4.895317
2025-11-27 21:41:10.6143 (StateSyncRequestHandler.cs:18) 玩家ID:490676460229754881 移动方向: 0.60979885 , 0 , -0.7925562
2025-11-27 21:41:10.6153 (StateSyncRequestHandler.cs:18) 玩家ID:490676460229754881 移动到新位置: 8.565457 , 0 , -5.0538282
2025-11-27 21:41:10.7049 (StateSyncRequestHandler.cs:18) 玩家ID:490676460229754881 移动方向: 0.60979885 , 0 , -0.7925562
2025-11-27 21:41:10.7049 (StateSyncRequestHandler.cs:18) 玩家ID:490676460229754881 移动到新位置: 8.687417 , 0 , -5.2123394
2025-11-27 21:41:10.7970 (StateSyncRequestHandler.cs:18) 玩家ID:490676460229754881 移动方向: -0.12922896 , 0 , -0.9916148
2025-11-27 21:41:10.7970 (StateSyncRequestHandler.cs:18) 玩家ID:490676460229754881 移动到新位置: 8.6615715 , 0 , -5.410662
2025-11-27 21:41:10.9066 (StateSyncRequestHandler.cs:18) 玩家ID:490676460229754881 移动方向: -0.13039921 , 0 , -0.9914615
2025-11-27 21:41:10.9066 (StateSyncRequestHandler.cs:18) 玩家ID:490676460229754881 移动到新位置: 8.635491 , 0 , -5.6089544
2025-11-27 21:41:11.0151 (StateSyncRequestHandler.cs:18) 玩家ID:490676460229754881 移动方向: -0.24756241 , 0 , -0.96887195
2025-11-27 21:41:11.0151 (StateSyncRequestHandler.cs:18) 玩家ID:490676460229754881 移动到新位置: 8.5859785 , 0 , -5.8027287
2025-11-27 21:41:11.1242 (StateSyncRequestHandler.cs:18) 玩家ID:490676460229754881 移动方向: -0.5858584 , 0 , -0.8104134
2025-11-27 21:41:11.1242 (StateSyncRequestHandler.cs:18) 玩家ID:490676460229754881 移动到新位置: 8.468807 , 0 , -5.9648113
2025-11-27 21:41:11.2169 (StateSyncRequestHandler.cs:18) 玩家ID:490676460229754881 移动方向: -0.2747945 , 0 , -0.961503
2025-11-27 21:41:11.2169 (StateSyncRequestHandler.cs:18) 玩家ID:490676460229754881 移动到新位置: 8.413848 , 0 , -6.157112
2025-11-27 21:41:11.3092 (StateSyncRequestHandler.cs:18) 玩家ID:490676460229754881 移动方向: 0.15476552 , 0 , -0.9879512
2025-11-27 21:41:11.3092 (StateSyncRequestHandler.cs:18) 玩家ID:490676460229754881 移动到新位置: 8.444801 , 0 , -6.3547025
2025-11-27 21:41:11.4017 (StateSyncRequestHandler.cs:18) 玩家ID:490676460229754881 移动方向: 0.016093817 , 0 , -0.99987054
2025-11-27 21:41:11.4017 (StateSyncRequestHandler.cs:18) 玩家ID:490676460229754881 移动到新位置: 8.44802 , 0 , -6.5546765
2025-11-27 21:41:11.5112 (StateSyncRequestHandler.cs:18) 玩家ID:490676460229754881 移动方向: -0.9981031 , 0 , 0.061565235
2025-11-27 21:41:11.5112 (StateSyncRequestHandler.cs:18) 玩家ID:490676460229754881 移动到新位置: 8.2484 , 0 , -6.5423636
2025-11-27 21:41:11.6070 (StateSyncRequestHandler.cs:18) 玩家ID:490676460229754881 移动方向: 0.083767064 , 0 , 0.99648535
2025-11-27 21:41:11.6070 (StateSyncRequestHandler.cs:18) 玩家ID:490676460229754881 移动到新位置: 8.265153 , 0 , -6.3430667
2025-11-27 21:41:11.6996 (StateSyncRequestHandler.cs:18) 玩家ID:490676460229754881 移动方向: 0.76839304 , 0 , 0.6399782
2025-11-27 21:41:11.6996 (StateSyncRequestHandler.cs:18) 玩家ID:490676460229754881 移动到新位置: 8.418832 , 0 , -6.215071
2025-11-27 21:41:11.8066 (StateSyncRequestHandler.cs:18) 玩家ID:490676460229754881 移动方向: 0.99566036 , 0 , -0.09306172
2025-11-27 21:41:11.8066 (StateSyncRequestHandler.cs:18) 玩家ID:490676460229754881 移动到新位置: 8.617964 , 0 , -6.2336836
2025-11-27 21:41:11.8999 (StateSyncRequestHandler.cs:18) 玩家ID:490676460229754881 移动到新位置: 8.617964 , 0 , -6.2336836
2025-11-27 21:41:12.0079 (StateSyncRequestHandler.cs:18) 玩家ID:490676460229754881 移动方向: -0.99557084 , 0 , 0.09401454
2025-11-27 21:41:12.0079 (StateSyncRequestHandler.cs:18) 玩家ID:490676460229754881 移动到新位置: 8.41885 , 0 , -6.2148805
2025-11-27 21:41:12.1024 (StateSyncRequestHandler.cs:18) 玩家ID:490676460229754881 移动方向: -0.7704951 , 0 , -0.63744587
2025-11-27 21:41:12.1024 (StateSyncRequestHandler.cs:18) 玩家ID:490676460229754881 移动到新位置: 8.2647505 , 0 , -6.3423696
2025-11-27 21:41:12.2100 (StateSyncRequestHandler.cs:18) 玩家ID:490676460229754881 移动方向: -0.0908562 , 0 , -0.995864
2025-11-27 21:41:12.2100 (StateSyncRequestHandler.cs:18) 玩家ID:490676460229754881 移动到新位置: 8.246579 , 0 , -6.5415425
2025-11-27 21:41:12.3039 (StateSyncRequestHandler.cs:18) 玩家ID:490676460229754881 移动方向: -0.064837426 , 0 , -0.99789584
2025-11-27 21:41:12.3039 (StateSyncRequestHandler.cs:18) 玩家ID:490676460229754881 移动到新位置: 8.233612 , 0 , -6.741122
2025-11-27 21:41:12.3963 (StateSyncRequestHandler.cs:18) 玩家ID:490676460229754881 移动方向: 0.69378656 , 0 , -0.7201807
2025-11-27 21:41:12.3969 (StateSyncRequestHandler.cs:18) 玩家ID:490676460229754881 移动到新位置: 8.37237 , 0 , -6.885158
2025-11-27 21:41:12.5205 (StateSyncRequestHandler.cs:18) 玩家ID:490676460229754881 移动方向: 0.7427692 , 0 , -0.6695476
2025-11-27 21:41:12.5219 (StateSyncRequestHandler.cs:18) 玩家ID:490676460229754881 移动到新位置: 8.520924 , 0 , -7.019068
2025-11-27 21:41:12.5981 (StateSyncRequestHandler.cs:18) 玩家ID:490676460229754881 移动方向: 0.15118843 , 0 , -0.98850495
2025-11-27 21:41:12.5981 (StateSyncRequestHandler.cs:18) 玩家ID:490676460229754881 移动到新位置: 8.551162 , 0 , -7.2167687
2025-11-27 21:41:12.7051 (StateSyncRequestHandler.cs:18) 玩家ID:490676460229754881 移动方向: -0.52603817 , 0 , -0.85046095
2025-11-27 21:41:12.7051 (StateSyncRequestHandler.cs:18) 玩家ID:490676460229754881 移动到新位置: 8.445954 , 0 , -7.386861
2025-11-27 21:41:12.7975 (StateSyncRequestHandler.cs:18) 玩家ID:490676460229754881 移动方向: -0.49813414 , 0 , -0.86709994
2025-11-27 21:41:12.7975 (StateSyncRequestHandler.cs:18) 玩家ID:490676460229754881 移动到新位置: 8.346328 , 0 , -7.560281
2025-11-27 21:41:12.9204 (StateSyncRequestHandler.cs:18) 玩家ID:490676460229754881 移动方向: -0.47465324 , 0 , -0.8801728
2025-11-27 21:41:12.9204 (StateSyncRequestHandler.cs:18) 玩家ID:490676460229754881 移动到新位置: 8.251397 , 0 , -7.7363153
2025-11-27 21:41:13.0129 (StateSyncRequestHandler.cs:18) 玩家ID:490676460229754881 移动方向: -0.34048387 , 0 , -0.9402503
2025-11-27 21:41:13.0129 (StateSyncRequestHandler.cs:18) 玩家ID:490676460229754881 移动到新位置: 8.1833 , 0 , -7.9243655
2025-11-27 21:41:13.1218 (StateSyncRequestHandler.cs:18) 玩家ID:490676460229754881 移动方向: -0.069859564 , 0 , -0.9975568
2025-11-27 21:41:13.1218 (StateSyncRequestHandler.cs:18) 玩家ID:490676460229754881 移动到新位置: 8.169328 , 0 , -8.123877
2025-11-27 21:41:13.1980 (StateSyncRequestHandler.cs:18) 玩家ID:490676460229754881 移动方向: -0.6661647 , 0 , -0.74580467
2025-11-27 21:41:13.1980 (StateSyncRequestHandler.cs:18) 玩家ID:490676460229754881 移动到新位置: 8.036095 , 0 , -8.273038
2025-11-27 21:41:13.3063 (StateSyncRequestHandler.cs:18) 玩家ID:490676460229754881 移动方向: -0.619908 , 0 , -0.7846746
2025-11-27 21:41:13.3063 (StateSyncRequestHandler.cs:18) 玩家ID:490676460229754881 移动到新位置: 7.912113 , 0 , -8.429973
2025-11-27 21:41:13.3997 (StateSyncRequestHandler.cs:18) 玩家ID:490676460229754881 移动方向: -0.6002279 , 0 , -0.79982907
2025-11-27 21:41:13.3997 (StateSyncRequestHandler.cs:18) 玩家ID:490676460229754881 移动到新位置: 7.7920675 , 0 , -8.589938
2025-11-27 21:41:13.5228 (StateSyncRequestHandler.cs:18) 玩家ID:490676460229754881 移动方向: -0.5938539 , 0 , -0.80457294
2025-11-27 21:41:13.5228 (StateSyncRequestHandler.cs:18) 玩家ID:490676460229754881 移动到新位置: 7.673297 , 0 , -8.750853
2025-11-27 21:41:13.6157 (StateSyncRequestHandler.cs:18) 玩家ID:490676460229754881 移动方向: -0.9884834 , 0 , -0.15132928
2025-11-27 21:41:13.6157 (StateSyncRequestHandler.cs:18) 玩家ID:490676460229754881 移动到新位置: 7.4756002 , 0 , -8.781118
2025-11-27 21:41:13.7063 (StateSyncRequestHandler.cs:18) 玩家ID:490676460229754881 移动方向: -0.80651826 , 0 , 0.59120923
2025-11-27 21:41:13.7063 (StateSyncRequestHandler.cs:18) 玩家ID:490676460229754881 移动到新位置: 7.3142967 , 0 , -8.662876
2025-11-27 21:41:13.7988 (StateSyncRequestHandler.cs:18) 玩家ID:490676460229754881 移动方向: -0.8066377 , 0 , 0.5910462
2025-11-27 21:41:13.7988 (StateSyncRequestHandler.cs:18) 玩家ID:490676460229754881 移动到新位置: 7.1529694 , 0 , -8.544667
2025-11-27 21:41:13.9082 (StateSyncRequestHandler.cs:18) 玩家ID:490676460229754881 移动方向: -0.15252692 , 0 , 0.9882993
2025-11-27 21:41:13.9082 (StateSyncRequestHandler.cs:18) 玩家ID:490676460229754881 移动到新位置: 7.122464 , 0 , -8.347008
2025-11-27 21:41:14.0006 (StateSyncRequestHandler.cs:18) 玩家ID:490676460229754881 移动方向: -0.15254524 , 0 , 0.9882965
2025-11-27 21:41:14.0006 (StateSyncRequestHandler.cs:18) 玩家ID:490676460229754881 移动到新位置: 7.091955 , 0 , -8.149348
2025-11-27 21:41:14.0935 (StateSyncRequestHandler.cs:18) 玩家ID:490676460229754881 移动方向: -0.1525504 , 0 , 0.9882957
2025-11-27 21:41:14.0935 (StateSyncRequestHandler.cs:18) 玩家ID:490676460229754881 移动到新位置: 7.061445 , 0 , -7.9516892
2025-11-27 21:41:14.2023 (StateSyncRequestHandler.cs:18) 玩家ID:490676460229754881 移动方向: 0.59096 , 0 , 0.8067009
2025-11-27 21:41:14.2023 (StateSyncRequestHandler.cs:18) 玩家ID:490676460229754881 移动到新位置: 7.1796374 , 0 , -7.790349
2025-11-27 21:41:14.3082 (StateSyncRequestHandler.cs:18) 玩家ID:490676460229754881 移动方向: 0.9882955 , 0 , 0.15255183
2025-11-27 21:41:14.3082 (StateSyncRequestHandler.cs:18) 玩家ID:490676460229754881 移动到新位置: 7.3772964 , 0 , -7.7598386
2025-11-27 21:41:14.4178 (StateSyncRequestHandler.cs:18) 玩家ID:490676460229754881 移动方向: 0.8067009 , 0 , -0.59096
2025-11-27 21:41:14.4178 (StateSyncRequestHandler.cs:18) 玩家ID:490676460229754881 移动到新位置: 7.5386367 , 0 , -7.878031
2025-11-27 21:41:14.4949 (StateSyncRequestHandler.cs:18) 玩家ID:490676460229754881 移动方向: 0.8067009 , 0 , -0.59096
2025-11-27 21:41:14.4949 (StateSyncRequestHandler.cs:18) 玩家ID:490676460229754881 移动到新位置: 7.699977 , 0 , -7.996223
2025-11-27 21:41:14.6018 (StateSyncRequestHandler.cs:18) 玩家ID:490676460229754881 移动方向: 0.15255183 , 0 , -0.9882955
2025-11-27 21:41:14.6018 (StateSyncRequestHandler.cs:18) 玩家ID:490676460229754881 移动到新位置: 7.7304873 , 0 , -8.193882
2025-11-27 21:41:14.7089 (StateSyncRequestHandler.cs:18) 玩家ID:490676460229754881 移动方向: -0.59096 , 0 , -0.8067009
2025-11-27 21:41:14.7089 (StateSyncRequestHandler.cs:18) 玩家ID:490676460229754881 移动到新位置: 7.612295 , 0 , -8.355222
2025-11-27 21:41:14.8162 (StateSyncRequestHandler.cs:18) 玩家ID:490676460229754881 移动方向: -0.59096 , 0 , -0.8067009
2025-11-27 21:41:14.8162 (StateSyncRequestHandler.cs:18) 玩家ID:490676460229754881 移动到新位置: 7.494103 , 0 , -8.5165615
2025-11-27 21:41:14.8931 (StateSyncRequestHandler.cs:18) 玩家ID:490676460229754881 移动方向: -0.59096 , 0 , -0.8067009
2025-11-27 21:41:14.8931 (StateSyncRequestHandler.cs:18) 玩家ID:490676460229754881 移动到新位置: 7.3759108 , 0 , -8.677901
2025-11-27 21:41:15.0023 (StateSyncRequestHandler.cs:18) 玩家ID:490676460229754881 移动方向: -0.8067009 , 0 , 0.59096
2025-11-27 21:41:15.0023 (StateSyncRequestHandler.cs:18) 玩家ID:490676460229754881 移动到新位置: 7.2145705 , 0 , -8.55971
2025-11-27 21:41:15.1119 (StateSyncRequestHandler.cs:18) 玩家ID:490676460229754881 移动方向: -0.15255183 , 0 , 0.9882955
2025-11-27 21:41:15.1119 (StateSyncRequestHandler.cs:18) 玩家ID:490676460229754881 移动到新位置: 7.18406 , 0 , -8.36205
2025-11-27 21:41:15.2046 (StateSyncRequestHandler.cs:18) 玩家ID:490676460229754881 移动方向: -0.15255183 , 0 , 0.9882955
2025-11-27 21:41:15.2046 (StateSyncRequestHandler.cs:18) 玩家ID:490676460229754881 移动到新位置: 7.1535497 , 0 , -8.164391
2025-11-27 21:41:15.2980 (StateSyncRequestHandler.cs:18) 玩家ID:490676460229754881 移动方向: -0.9882955 , 0 , -0.15255183
2025-11-27 21:41:15.2980 (StateSyncRequestHandler.cs:18) 玩家ID:490676460229754881 移动到新位置: 6.9558907 , 0 , -8.1949005
2025-11-27 21:41:15.4073 (StateSyncRequestHandler.cs:18) 玩家ID:490676460229754881 移动方向: -0.59096 , 0 , -0.8067009
2025-11-27 21:41:15.4073 (StateSyncRequestHandler.cs:18) 玩家ID:490676460229754881 移动到新位置: 6.8376985 , 0 , -8.35624
2025-11-27 21:41:15.5152 (StateSyncRequestHandler.cs:18) 玩家ID:490676460229754881 移动方向: 0.15255183 , 0 , -0.9882955
2025-11-27 21:41:15.5152 (StateSyncRequestHandler.cs:18) 玩家ID:490676460229754881 移动到新位置: 6.868209 , 0 , -8.5539
2025-11-27 21:41:15.6066 (StateSyncRequestHandler.cs:18) 玩家ID:490676460229754881 移动方向: 0.8067009 , 0 , -0.59096
2025-11-27 21:41:15.6066 (StateSyncRequestHandler.cs:18) 玩家ID:490676460229754881 移动到新位置: 7.029549 , 0 , -8.6720915
2025-11-27 21:41:15.7016 (StateSyncRequestHandler.cs:18) 玩家ID:490676460229754881 移动方向: 0.9882955 , 0 , 0.15255183
2025-11-27 21:41:15.7016 (StateSyncRequestHandler.cs:18) 玩家ID:490676460229754881 移动到新位置: 7.227208 , 0 , -8.641582
2025-11-27 21:41:15.8117 (StateSyncRequestHandler.cs:18) 玩家ID:490676460229754881 移动方向: 0.59096 , 0 , 0.8067009
2025-11-27 21:41:15.8117 (StateSyncRequestHandler.cs:18) 玩家ID:490676460229754881 移动到新位置: 7.3454003 , 0 , -8.480242
2025-11-27 21:41:15.9062 (StateSyncRequestHandler.cs:18) 玩家ID:490676460229754881 移动方向: -0.15255183 , 0 , 0.9882955
2025-11-27 21:41:15.9062 (StateSyncRequestHandler.cs:18) 玩家ID:490676460229754881 移动到新位置: 7.31489 , 0 , -8.282582
2025-11-27 21:41:16.0009 (StateSyncRequestHandler.cs:18) 玩家ID:490676460229754881 移动方向: -0.9882955 , 0 , -0.15255183
2025-11-27 21:41:16.0009 (StateSyncRequestHandler.cs:18) 玩家ID:490676460229754881 移动到新位置: 7.117231 , 0 , -8.313092
2025-11-27 21:41:16.1103 (StateSyncRequestHandler.cs:18) 玩家ID:490676460229754881 移动方向: -0.9882955 , 0 , -0.15255183
2025-11-27 21:41:16.1103 (StateSyncRequestHandler.cs:18) 玩家ID:490676460229754881 移动到新位置: 6.919572 , 0 , -8.343602
2025-11-27 21:41:16.2028 (StateSyncRequestHandler.cs:18) 玩家ID:490676460229754881 移动到新位置: 6.919572 , 0 , -8.343602
2025-11-27 21:42:33.4215  收到登录请求
2025-11-27 21:42:33.4844  进入大厅成功，玩家ID:489242989124911105
2025-11-27 21:42:35.3744 (StateSyncRequestHandler.cs:18) 玩家ID:489242989124911105 移动方向: 0.8282684 , 0 , 0.5603316
2025-11-27 21:42:35.3744 (StateSyncRequestHandler.cs:18) 玩家ID:489242989124911105 移动到新位置: -7.205941 , 0 , 0.83510613
2025-11-27 21:42:35.4674 (StateSyncRequestHandler.cs:18) 玩家ID:489242989124911105 移动方向: 0.8205746 , 0 , 0.5715395
2025-11-27 21:42:35.4674 (StateSyncRequestHandler.cs:18) 玩家ID:489242989124911105 移动到新位置: -7.0418262 , 0 , 0.949414
2025-11-27 21:42:35.5623 (StateSyncRequestHandler.cs:18) 玩家ID:489242989124911105 移动方向: 0.81492597 , 0 , 0.57956505
2025-11-27 21:42:35.5623 (StateSyncRequestHandler.cs:18) 玩家ID:489242989124911105 移动到新位置: -6.878841 , 0 , 1.065327
2025-11-27 21:42:35.6560 (StateSyncRequestHandler.cs:18) 玩家ID:489242989124911105 移动方向: 0.8126122 , 0 , 0.58280486
2025-11-27 21:42:35.6560 (StateSyncRequestHandler.cs:18) 玩家ID:489242989124911105 移动到新位置: -6.7163186 , 0 , 1.181888
2025-11-27 21:42:35.7654 (StateSyncRequestHandler.cs:18) 玩家ID:489242989124911105 移动方向: 0.8117144 , 0 , 0.5840546
2025-11-27 21:42:35.7654 (StateSyncRequestHandler.cs:18) 玩家ID:489242989124911105 移动到新位置: -6.5539756 , 0 , 1.2986989
2025-11-27 21:42:35.8747 (StateSyncRequestHandler.cs:18) 玩家ID:489242989124911105 移动方向: 0.16052559 , 0 , 0.9870317
2025-11-27 21:42:35.8747 (StateSyncRequestHandler.cs:18) 玩家ID:489242989124911105 移动到新位置: -6.5218706 , 0 , 1.4961052
2025-11-27 21:42:35.9537 (StateSyncRequestHandler.cs:18) 玩家ID:489242989124911105 移动方向: -0.58454317 , 0 , 0.8113626
2025-11-27 21:42:35.9537 (StateSyncRequestHandler.cs:18) 玩家ID:489242989124911105 移动到新位置: -6.638779 , 0 , 1.6583778
2025-11-27 21:42:36.0630 (StateSyncRequestHandler.cs:18) 玩家ID:489242989124911105 移动方向: -0.5845873 , 0 , 0.81133085
2025-11-27 21:42:36.0630 (StateSyncRequestHandler.cs:18) 玩家ID:489242989124911105 移动到新位置: -6.755697 , 0 , 1.8206439
2025-11-27 21:42:36.1570 (StateSyncRequestHandler.cs:18) 玩家ID:489242989124911105 移动方向: -0.58459806 , 0 , 0.81132305
2025-11-27 21:42:36.1570 (StateSyncRequestHandler.cs:18) 玩家ID:489242989124911105 移动到新位置: -6.8726163 , 0 , 1.9829085
2025-11-27 21:42:36.2624 (StateSyncRequestHandler.cs:18) 玩家ID:489242989124911105 移动方向: -0.58502954 , 0 , 0.81101197
2025-11-27 21:42:36.2624 (StateSyncRequestHandler.cs:18) 玩家ID:489242989124911105 移动到新位置: -6.989622 , 0 , 2.1451108
2025-11-27 21:42:36.3735 (StateSyncRequestHandler.cs:18) 玩家ID:489242989124911105 移动方向: -0.58648306 , 0 , 0.8099615
2025-11-27 21:42:36.3735 (StateSyncRequestHandler.cs:18) 玩家ID:489242989124911105 移动到新位置: -7.106919 , 0 , 2.3071032
2025-11-27 21:42:36.4648 (StateSyncRequestHandler.cs:18) 玩家ID:489242989124911105 移动方向: -0.58726174 , 0 , 0.8093971
2025-11-27 21:42:36.4648 (StateSyncRequestHandler.cs:18) 玩家ID:489242989124911105 移动到新位置: -7.224371 , 0 , 2.4689827
2025-11-27 21:42:36.5729 (StateSyncRequestHandler.cs:18) 玩家ID:489242989124911105 移动方向: -0.5875882 , 0 , 0.8091601
2025-11-27 21:42:36.5729 (StateSyncRequestHandler.cs:18) 玩家ID:489242989124911105 移动到新位置: -7.3418884 , 0 , 2.6308148
2025-11-27 21:42:36.6668 (StateSyncRequestHandler.cs:18) 玩家ID:489242989124911105 移动方向: -0.5877279 , 0 , 0.8090586
2025-11-27 21:42:36.6668 (StateSyncRequestHandler.cs:18) 玩家ID:489242989124911105 移动到新位置: -7.459434 , 0 , 2.7926264
2025-11-27 21:42:36.7733 (StateSyncRequestHandler.cs:18) 玩家ID:489242989124911105 移动方向: -0.5877668 , 0 , 0.8090304
2025-11-27 21:42:36.7733 (StateSyncRequestHandler.cs:18) 玩家ID:489242989124911105 移动到新位置: -7.5769873 , 0 , 2.9544325
2025-11-27 21:42:36.8686 (StateSyncRequestHandler.cs:18) 玩家ID:489242989124911105 移动方向: 0.15644139 , 0 , 0.98768723
2025-11-27 21:42:36.8686 (StateSyncRequestHandler.cs:18) 玩家ID:489242989124911105 移动到新位置: -7.545699 , 0 , 3.15197
2025-11-27 21:42:36.9610 (StateSyncRequestHandler.cs:18) 玩家ID:489242989124911105 移动方向: 0.15643618 , 0 , 0.98768806
2025-11-27 21:42:36.9610 (StateSyncRequestHandler.cs:18) 玩家ID:489242989124911105 移动到新位置: -7.514412 , 0 , 3.3495076
2025-11-27 21:42:37.0683 (StateSyncRequestHandler.cs:18) 玩家ID:489242989124911105 移动方向: 0.15643477 , 0 , 0.9876883
2025-11-27 21:42:37.0683 (StateSyncRequestHandler.cs:18) 玩家ID:489242989124911105 移动到新位置: -7.4831247 , 0 , 3.5470452
2025-11-27 21:42:37.1629 (StateSyncRequestHandler.cs:18) 玩家ID:489242989124911105 移动方向: 0.15643477 , 0 , 0.9876883
2025-11-27 21:42:37.1629 (StateSyncRequestHandler.cs:18) 玩家ID:489242989124911105 移动到新位置: -7.4518375 , 0 , 3.744583
2025-11-27 21:42:37.2722 (StateSyncRequestHandler.cs:18) 玩家ID:489242989124911105 移动方向: 0.15643477 , 0 , 0.9876883
2025-11-27 21:42:37.2722 (StateSyncRequestHandler.cs:18) 玩家ID:489242989124911105 移动到新位置: -7.4205503 , 0 , 3.9421206
2025-11-27 21:42:37.3790 (StateSyncRequestHandler.cs:18) 玩家ID:489242989124911105 移动方向: 0.15643477 , 0 , 0.9876883
2025-11-27 21:42:37.3790 (StateSyncRequestHandler.cs:18) 玩家ID:489242989124911105 移动到新位置: -7.389263 , 0 , 4.139658
2025-11-27 21:42:37.4567 (StateSyncRequestHandler.cs:18) 玩家ID:489242989124911105 移动方向: 0.15643477 , 0 , 0.9876883
2025-11-27 21:42:37.4567 (StateSyncRequestHandler.cs:18) 玩家ID:489242989124911105 移动到新位置: -7.357976 , 0 , 4.3371954
2025-11-27 21:42:37.5640 (StateSyncRequestHandler.cs:18) 玩家ID:489242989124911105 移动方向: 0.8090171 , 0 , 0.587785
2025-11-27 21:42:37.5640 (StateSyncRequestHandler.cs:18) 玩家ID:489242989124911105 移动到新位置: -7.1961727 , 0 , 4.4547524
2025-11-27 21:42:37.6719 (StateSyncRequestHandler.cs:18) 玩家ID:489242989124911105 移动方向: 0.8090172 , 0 , 0.58778507
2025-11-27 21:42:37.6719 (StateSyncRequestHandler.cs:18) 玩家ID:489242989124911105 移动到新位置: -7.0343695 , 0 , 4.5723095
2025-11-27 21:42:37.7819 (StateSyncRequestHandler.cs:18) 玩家ID:489242989124911105 移动方向: 0.8068109 , 0 , 0.59080976
2025-11-27 21:42:37.7819 (StateSyncRequestHandler.cs:18) 玩家ID:489242989124911105 移动到新位置: -6.8730073 , 0 , 4.6904716
2025-11-27 21:42:37.8586 (StateSyncRequestHandler.cs:18) 玩家ID:489242989124911105 移动方向: 0.7231982 , 0 , 0.6906406
2025-11-27 21:42:37.8586 (StateSyncRequestHandler.cs:18) 玩家ID:489242989124911105 移动到新位置: -6.728368 , 0 , 4.8286
2025-11-27 21:42:37.9651 (StateSyncRequestHandler.cs:18) 玩家ID:489242989124911105 移动方向: 0.94496435 , 0 , 0.32717332
2025-11-27 21:42:37.9651 (StateSyncRequestHandler.cs:18) 玩家ID:489242989124911105 移动到新位置: -6.539375 , 0 , 4.8940344
2025-11-27 21:42:38.0732 (StateSyncRequestHandler.cs:18) 玩家ID:489242989124911105 移动方向: 0.847409 , 0 , 0.53094053
2025-11-27 21:42:38.0732 (StateSyncRequestHandler.cs:18) 玩家ID:489242989124911105 移动到新位置: -6.369893 , 0 , 5.0002227
2025-11-27 21:42:38.1660 (StateSyncRequestHandler.cs:18) 玩家ID:489242989124911105 移动方向: 0.79147637 , 0 , 0.61119986
2025-11-27 21:42:38.1660 (StateSyncRequestHandler.cs:18) 玩家ID:489242989124911105 移动到新位置: -6.211598 , 0 , 5.1224627
2025-11-27 21:42:38.2597 (StateSyncRequestHandler.cs:18) 玩家ID:489242989124911105 移动方向: 0.76808655 , 0 , 0.64034605
2025-11-27 21:42:38.2597 (StateSyncRequestHandler.cs:18) 玩家ID:489242989124911105 移动到新位置: -6.0579805 , 0 , 5.250532
2025-11-27 21:42:38.3688 (StateSyncRequestHandler.cs:18) 玩家ID:489242989124911105 移动方向: 0.7589283 , 0 , 0.6511742
2025-11-27 21:42:38.3688 (StateSyncRequestHandler.cs:18) 玩家ID:489242989124911105 移动到新位置: -5.9061947 , 0 , 5.380767
2025-11-27 21:42:38.4632 (StateSyncRequestHandler.cs:18) 玩家ID:489242989124911105 移动方向: 0.756656 , 0 , 0.6538132
2025-11-27 21:42:38.4632 (StateSyncRequestHandler.cs:18) 玩家ID:489242989124911105 移动到新位置: -5.7548637 , 0 , 5.5115294
2025-11-27 21:42:38.5721 (StateSyncRequestHandler.cs:18) 玩家ID:489242989124911105 移动方向: 0.7556353 , 0 , 0.6549926
2025-11-27 21:42:38.5721 (StateSyncRequestHandler.cs:18) 玩家ID:489242989124911105 移动到新位置: -5.603737 , 0 , 5.642528
2025-11-27 21:42:38.6639 (StateSyncRequestHandler.cs:18) 玩家ID:489242989124911105 移动方向: 0.7757071 , 0 , 0.631093
2025-11-27 21:42:38.6639 (StateSyncRequestHandler.cs:18) 玩家ID:489242989124911105 移动到新位置: -5.4485955 , 0 , 5.768747
2025-11-27 21:42:38.7960 (StateSyncRequestHandler.cs:18) 玩家ID:489242989124911105 移动方向: 0.2866856 , 0 , 0.95802474
2025-11-27 21:42:38.8068 (StateSyncRequestHandler.cs:18) 玩家ID:489242989124911105 移动到新位置: -5.3912582 , 0 , 5.960352
2025-11-27 21:42:38.8642 (StateSyncRequestHandler.cs:18) 玩家ID:489242989124911105 移动方向: 0.5698337 , 0 , 0.82176006
2025-11-27 21:42:38.8653 (StateSyncRequestHandler.cs:18) 玩家ID:489242989124911105 移动到新位置: -5.2772913 , 0 , 6.124704
2025-11-27 21:42:38.9699 (StateSyncRequestHandler.cs:18) 玩家ID:489242989124911105 移动方向: 0.6888618 , 0 , 0.72489274
2025-11-27 21:42:38.9699 (StateSyncRequestHandler.cs:18) 玩家ID:489242989124911105 移动到新位置: -5.1395187 , 0 , 6.2696824
2025-11-27 21:42:39.0763 (StateSyncRequestHandler.cs:18) 玩家ID:489242989124911105 移动方向: 0.72249687 , 0 , 0.6913742
2025-11-27 21:42:39.0763 (StateSyncRequestHandler.cs:18) 玩家ID:489242989124911105 移动到新位置: -4.9950194 , 0 , 6.407957
2025-11-27 21:42:39.1665 (StateSyncRequestHandler.cs:18) 玩家ID:489242989124911105 移动方向: 0.73622435 , 0 , 0.67673755
2025-11-27 21:42:39.1665 (StateSyncRequestHandler.cs:18) 玩家ID:489242989124911105 移动到新位置: -4.8477745 , 0 , 6.5433044
2025-11-27 21:42:39.2601 (StateSyncRequestHandler.cs:18) 玩家ID:489242989124911105 移动方向: -0.6720115 , 0 , 0.74054074
2025-11-27 21:42:39.2601 (StateSyncRequestHandler.cs:18) 玩家ID:489242989124911105 移动到新位置: -4.982177 , 0 , 6.6914124
2025-11-27 21:42:39.3835 (StateSyncRequestHandler.cs:18) 玩家ID:489242989124911105 移动方向: -0.67085886 , 0 , 0.741585
2025-11-27 21:42:39.3835 (StateSyncRequestHandler.cs:18) 玩家ID:489242989124911105 移动到新位置: -5.1163487 , 0 , 6.8397293
2025-11-27 21:42:39.4761 (StateSyncRequestHandler.cs:18) 玩家ID:489242989124911105 移动方向: -0.6702707 , 0 , 0.7421167
2025-11-27 21:42:39.4761 (StateSyncRequestHandler.cs:18) 玩家ID:489242989124911105 移动到新位置: -5.250403 , 0 , 6.9881525
2025-11-27 21:42:39.5673 (StateSyncRequestHandler.cs:18) 玩家ID:489242989124911105 移动方向: -0.6701514 , 0 , 0.74222445
2025-11-27 21:42:39.5673 (StateSyncRequestHandler.cs:18) 玩家ID:489242989124911105 移动到新位置: -5.3844333 , 0 , 7.1365976
2025-11-27 21:42:39.6597 (StateSyncRequestHandler.cs:18) 玩家ID:489242989124911105 移动方向: 0.051003933 , 0 , 0.9986984
2025-11-27 21:42:39.6616 (StateSyncRequestHandler.cs:18) 玩家ID:489242989124911105 移动到新位置: -5.3742323 , 0 , 7.336337
2025-11-27 21:42:39.7665 (StateSyncRequestHandler.cs:18) 玩家ID:489242989124911105 移动方向: 0.7422637 , 0 , 0.6701079
2025-11-27 21:42:39.7665 (StateSyncRequestHandler.cs:18) 玩家ID:489242989124911105 移动到新位置: -5.2257795 , 0 , 7.470359
2025-11-27 21:42:39.8730 (StateSyncRequestHandler.cs:18) 玩家ID:489242989124911105 移动方向: 0.74226725 , 0 , 0.67010397
2025-11-27 21:42:39.8730 (StateSyncRequestHandler.cs:18) 玩家ID:489242989124911105 移动到新位置: -5.0773263 , 0 , 7.6043797
2025-11-27 21:42:39.9663 (StateSyncRequestHandler.cs:18) 玩家ID:489242989124911105 移动方向: 0.9986972 , 0 , -0.051028192
2025-11-27 21:42:39.9663 (StateSyncRequestHandler.cs:18) 玩家ID:489242989124911105 移动到新位置: -4.877587 , 0 , 7.594174
2025-11-27 21:42:40.0743 (StateSyncRequestHandler.cs:18) 玩家ID:489242989124911105 移动方向: 0.9986972 , 0 , -0.051028192
2025-11-27 21:42:40.0743 (StateSyncRequestHandler.cs:18) 玩家ID:489242989124911105 移动到新位置: -4.6778474 , 0 , 7.583968
2025-11-27 21:42:40.1684 (StateSyncRequestHandler.cs:18) 玩家ID:489242989124911105 移动方向: 0.9986972 , 0 , -0.051028192
2025-11-27 21:42:40.1684 (StateSyncRequestHandler.cs:18) 玩家ID:489242989124911105 移动到新位置: -4.478108 , 0 , 7.5737624
2025-11-27 21:42:40.2619 (StateSyncRequestHandler.cs:18) 玩家ID:489242989124911105 移动方向: 0.9986972 , 0 , -0.051028192
2025-11-27 21:42:40.2619 (StateSyncRequestHandler.cs:18) 玩家ID:489242989124911105 移动到新位置: -4.2783685 , 0 , 7.5635567
2025-11-27 21:42:40.3694 (StateSyncRequestHandler.cs:18) 玩家ID:489242989124911105 移动方向: 0.9986972 , 0 , -0.051028192
2025-11-27 21:42:40.3694 (StateSyncRequestHandler.cs:18) 玩家ID:489242989124911105 移动到新位置: -4.078629 , 0 , 7.553351
2025-11-27 21:42:40.4602 (StateSyncRequestHandler.cs:18) 玩家ID:489242989124911105 移动方向: 0.6701032 , 0 , -0.74226797
2025-11-27 21:42:40.4602 (StateSyncRequestHandler.cs:18) 玩家ID:489242989124911105 移动到新位置: -3.9446084 , 0 , 7.404897
2025-11-27 21:42:40.5532 (StateSyncRequestHandler.cs:18) 玩家ID:489242989124911105 移动方向: -0.78503925 , 0 , -0.619446
2025-11-27 21:42:40.5532 (StateSyncRequestHandler.cs:18) 玩家ID:489242989124911105 移动到新位置: -4.1016164 , 0 , 7.2810082
2025-11-27 21:42:40.6617 (StateSyncRequestHandler.cs:18) 玩家ID:489242989124911105 移动方向: -0.91312844 , 0 , -0.407672
2025-11-27 21:42:40.6617 (StateSyncRequestHandler.cs:18) 玩家ID:489242989124911105 移动到新位置: -4.284242 , 0 , 7.199474
2025-11-27 21:42:40.7700 (StateSyncRequestHandler.cs:18) 玩家ID:489242989124911105 移动方向: -0.8532622 , 0 , 0.5214822
2025-11-27 21:42:40.7700 (StateSyncRequestHandler.cs:18) 玩家ID:489242989124911105 移动到新位置: -4.4548945 , 0 , 7.30377
2025-11-27 21:42:40.8628 (StateSyncRequestHandler.cs:18) 玩家ID:489242989124911105 移动方向: -0.16655676 , 0 , 0.9860319
2025-11-27 21:42:40.8628 (StateSyncRequestHandler.cs:18) 玩家ID:489242989124911105 移动到新位置: -4.488206 , 0 , 7.5009766
2025-11-27 21:42:40.9730 (StateSyncRequestHandler.cs:18) 玩家ID:489242989124911105 移动方向: 0.60267735 , 0 , 0.79798496
2025-11-27 21:42:40.9730 (StateSyncRequestHandler.cs:18) 玩家ID:489242989124911105 移动到新位置: -4.3676705 , 0 , 7.6605735
2025-11-27 21:42:41.0659 (StateSyncRequestHandler.cs:18) 玩家ID:489242989124911105 移动方向: 0.60943055 , 0 , 0.79283947
2025-11-27 21:42:41.0659 (StateSyncRequestHandler.cs:18) 玩家ID:489242989124911105 移动到新位置: -4.2457843 , 0 , 7.8191414
2025-11-27 21:42:41.1608 (StateSyncRequestHandler.cs:18) 玩家ID:489242989124911105 移动方向: 0.611884 , 0 , 0.79094756
2025-11-27 21:42:41.1608 (StateSyncRequestHandler.cs:18) 玩家ID:489242989124911105 移动到新位置: -4.1234074 , 0 , 7.9773307
2025-11-27 21:42:41.2678 (StateSyncRequestHandler.cs:18) 玩家ID:489242989124911105 移动方向: 0.6126049 , 0 , 0.7903893
2025-11-27 21:42:41.2678 (StateSyncRequestHandler.cs:18) 玩家ID:489242989124911105 移动到新位置: -4.0008864 , 0 , 8.135408
2025-11-27 21:42:41.3600 (StateSyncRequestHandler.cs:18) 玩家ID:489242989124911105 移动方向: 0.99239945 , 0 , 0.12305829
2025-11-27 21:42:41.3600 (StateSyncRequestHandler.cs:18) 玩家ID:489242989124911105 移动到新位置: -3.8024065 , 0 , 8.16002
2025-11-27 21:42:41.4694 (StateSyncRequestHandler.cs:18) 玩家ID:489242989124911105 移动方向: 0.9960753 , 0 , 0.088509835
2025-11-27 21:42:41.4694 (StateSyncRequestHandler.cs:18) 玩家ID:489242989124911105 移动到新位置: -3.6031914 , 0 , 8.177722
2025-11-27 21:42:41.5614 (StateSyncRequestHandler.cs:18) 玩家ID:489242989124911105 移动方向: 0.9996773 , 0 , 0.025403779
2025-11-27 21:42:41.5614 (StateSyncRequestHandler.cs:18) 玩家ID:489242989124911105 移动到新位置: -3.403256 , 0 , 8.182803
2025-11-27 21:42:41.6537 (StateSyncRequestHandler.cs:18) 玩家ID:489242989124911105 移动方向: 0.9999294 , 0 , -0.011883544
2025-11-27 21:42:41.6537 (StateSyncRequestHandler.cs:18) 玩家ID:489242989124911105 移动到新位置: -3.20327 , 0 , 8.180427
2025-11-27 21:42:41.7782 (StateSyncRequestHandler.cs:18) 玩家ID:489242989124911105 移动方向: 0.999625 , 0 , -0.027384523
2025-11-27 21:42:41.7782 (StateSyncRequestHandler.cs:18) 玩家ID:489242989124911105 移动到新位置: -3.003345 , 0 , 8.17495
2025-11-27 21:42:41.8568 (StateSyncRequestHandler.cs:18) 玩家ID:489242989124911105 移动方向: 0.99946797 , 0 , -0.03261616
2025-11-27 21:42:41.8568 (StateSyncRequestHandler.cs:18) 玩家ID:489242989124911105 移动到新位置: -2.8034515 , 0 , 8.1684265
2025-11-27 21:42:41.9669 (StateSyncRequestHandler.cs:18) 玩家ID:489242989124911105 移动方向: 0.9994046 , 0 , -0.034501463
2025-11-27 21:42:41.9669 (StateSyncRequestHandler.cs:18) 玩家ID:489242989124911105 移动到新位置: -2.6035707 , 0 , 8.161527
2025-11-27 21:42:42.0610 (StateSyncRequestHandler.cs:18) 玩家ID:489242989124911105 移动方向: 0.9996089 , 0 , -0.02796437
2025-11-27 21:42:42.0610 (StateSyncRequestHandler.cs:18) 玩家ID:489242989124911105 移动到新位置: -2.4036489 , 0 , 8.155933
2025-11-27 21:42:42.1686 (StateSyncRequestHandler.cs:18) 玩家ID:489242989124911105 移动方向: 0.8523515 , 0 , -0.52296925
2025-11-27 21:42:42.1686 (StateSyncRequestHandler.cs:18) 玩家ID:489242989124911105 移动到新位置: -2.2331786 , 0 , 8.051339
2025-11-27 21:42:42.2615 (StateSyncRequestHandler.cs:18) 玩家ID:489242989124911105 移动方向: 0.9991244 , 0 , 0.04183808
2025-11-27 21:42:42.2615 (StateSyncRequestHandler.cs:18) 玩家ID:489242989124911105 移动到新位置: -2.0333538 , 0 , 8.059707
2025-11-27 21:42:42.3706 (StateSyncRequestHandler.cs:18) 玩家ID:489242989124911105 移动方向: 0.97009695 , 0 , -0.24271762
2025-11-27 21:42:42.3706 (StateSyncRequestHandler.cs:18) 玩家ID:489242989124911105 移动到新位置: -1.8393345 , 0 , 8.011163
2025-11-27 21:42:42.4652 (StateSyncRequestHandler.cs:18) 玩家ID:489242989124911105 移动方向: 0.99859947 , 0 , -0.052907262
2025-11-27 21:42:42.4652 (StateSyncRequestHandler.cs:18) 玩家ID:489242989124911105 移动到新位置: -1.6396146 , 0 , 8.000582
2025-11-27 21:42:42.5582 (StateSyncRequestHandler.cs:18) 玩家ID:489242989124911105 移动方向: 0.9993431 , 0 , 0.036241766
2025-11-27 21:42:42.5582 (StateSyncRequestHandler.cs:18) 玩家ID:489242989124911105 移动到新位置: -1.4397459 , 0 , 8.00783
2025-11-27 21:42:42.6648 (StateSyncRequestHandler.cs:18) 玩家ID:489242989124911105 移动方向: 0.9865924 , 0 , 0.16320392
2025-11-27 21:42:42.6648 (StateSyncRequestHandler.cs:18) 玩家ID:489242989124911105 移动到新位置: -1.2424275 , 0 , 8.04047
2025-11-27 21:42:42.7588 (StateSyncRequestHandler.cs:18) 玩家ID:489242989124911105 移动方向: 0.96177775 , 0 , 0.2738311
2025-11-27 21:42:42.7588 (StateSyncRequestHandler.cs:18) 玩家ID:489242989124911105 移动到新位置: -1.050072 , 0 , 8.095237
2025-11-27 21:42:42.8691 (StateSyncRequestHandler.cs:18) 玩家ID:489242989124911105 移动方向: 0.9469123 , 0 , 0.32149202
2025-11-27 21:42:42.8691 (StateSyncRequestHandler.cs:18) 玩家ID:489242989124911105 移动到新位置: -0.8606895 , 0 , 8.159535
2025-11-27 21:42:42.9782 (StateSyncRequestHandler.cs:18) 玩家ID:489242989124911105 移动方向: 0.9662555 , 0 , 0.2575857
2025-11-27 21:42:42.9782 (StateSyncRequestHandler.cs:18) 玩家ID:489242989124911105 移动到新位置: -0.66743845 , 0 , 8.211053
2025-11-27 21:42:43.0563 (StateSyncRequestHandler.cs:18) 玩家ID:489242989124911105 移动方向: 0.9892633 , 0 , 0.14614421
2025-11-27 21:42:43.0563 (StateSyncRequestHandler.cs:18) 玩家ID:489242989124911105 移动到新位置: -0.46958578 , 0 , 8.240282
2025-11-27 21:42:43.1642 (StateSyncRequestHandler.cs:18) 玩家ID:489242989124911105 移动方向: 0.9966751 , 0 , 0.08147894
2025-11-27 21:42:43.1642 (StateSyncRequestHandler.cs:18) 玩家ID:489242989124911105 移动到新位置: -0.27025077 , 0 , 8.2565775
2025-11-27 21:42:43.2576 (StateSyncRequestHandler.cs:18) 玩家ID:489242989124911105 移动方向: 0.99920475 , 0 , 0.039874315
2025-11-27 21:42:43.2576 (StateSyncRequestHandler.cs:18) 玩家ID:489242989124911105 移动到新位置: -0.07040982 , 0 , 8.264552
2025-11-27 21:42:43.3662 (StateSyncRequestHandler.cs:18) 玩家ID:489242989124911105 移动方向: 0.99993235 , 0 , 0.011634016
2025-11-27 21:42:43.3662 (StateSyncRequestHandler.cs:18) 玩家ID:489242989124911105 移动到新位置: 0.12957665 , 0 , 8.266879
2025-11-27 21:42:43.4594 (StateSyncRequestHandler.cs:18) 玩家ID:489242989124911105 移动方向: 0.9999997 , 0 , -0.000733616
2025-11-27 21:42:43.4594 (StateSyncRequestHandler.cs:18) 玩家ID:489242989124911105 移动到新位置: 0.3295766 , 0 , 8.266732
2025-11-27 21:42:43.5546 (StateSyncRequestHandler.cs:18) 玩家ID:489242989124911105 移动方向: 0.9999847 , 0 , -0.0055315453
2025-11-27 21:42:43.5546 (StateSyncRequestHandler.cs:18) 玩家ID:489242989124911105 移动到新位置: 0.52957356 , 0 , 8.265626
2025-11-27 21:42:43.6641 (StateSyncRequestHandler.cs:18) 玩家ID:489242989124911105 移动方向: 0.99997467 , 0 , -0.007117324
2025-11-27 21:42:43.6641 (StateSyncRequestHandler.cs:18) 玩家ID:489242989124911105 移动到新位置: 0.7295685 , 0 , 8.264202
2025-11-27 21:42:43.7724 (StateSyncRequestHandler.cs:18) 玩家ID:489242989124911105 移动方向: 0.999971 , 0 , -0.007622744
2025-11-27 21:42:43.7724 (StateSyncRequestHandler.cs:18) 玩家ID:489242989124911105 移动到新位置: 0.9295627 , 0 , 8.262677
2025-11-27 21:42:43.8648 (StateSyncRequestHandler.cs:18) 玩家ID:489242989124911105 移动方向: 0.9999697 , 0 , -0.007779076
2025-11-27 21:42:43.8648 (StateSyncRequestHandler.cs:18) 玩家ID:489242989124911105 移动到新位置: 1.1295567 , 0 , 8.261122
2025-11-27 21:42:43.9582 (StateSyncRequestHandler.cs:18) 玩家ID:489242989124911105 移动方向: 0.7450775 , 0 , 0.66697794
2025-11-27 21:42:43.9589 (StateSyncRequestHandler.cs:18) 玩家ID:489242989124911105 移动到新位置: 1.2785722 , 0 , 8.394517
2025-11-27 21:42:44.0673 (StateSyncRequestHandler.cs:18) 玩家ID:489242989124911105 移动方向: 0.45355326 , 0 , 0.8912291
2025-11-27 21:42:44.0673 (StateSyncRequestHandler.cs:18) 玩家ID:489242989124911105 移动到新位置: 1.3692828 , 0 , 8.5727625
2025-11-27 21:42:44.1606 (StateSyncRequestHandler.cs:18) 玩家ID:489242989124911105 移动方向: 0.9480344 , 0 , 0.31816772
2025-11-27 21:42:44.1606 (StateSyncRequestHandler.cs:18) 玩家ID:489242989124911105 移动到新位置: 1.5588897 , 0 , 8.636396
2025-11-27 21:42:44.2692 (StateSyncRequestHandler.cs:18) 玩家ID:489242989124911105 移动方向: 0.97017515 , 0 , -0.24240474
2025-11-27 21:42:44.2692 (StateSyncRequestHandler.cs:18) 玩家ID:489242989124911105 移动到新位置: 1.7529248 , 0 , 8.587915
2025-11-27 21:42:44.3632 (StateSyncRequestHandler.cs:18) 玩家ID:489242989124911105 移动方向: 0.9555682 , 0 , 0.2947703
2025-11-27 21:42:44.3632 (StateSyncRequestHandler.cs:18) 玩家ID:489242989124911105 移动到新位置: 1.9440384 , 0 , 8.64687
2025-11-27 21:42:44.4709 (StateSyncRequestHandler.cs:18) 玩家ID:489242989124911105 移动方向: 0.9809904 , 0 , 0.19405627
2025-11-27 21:42:44.4709 (StateSyncRequestHandler.cs:18) 玩家ID:489242989124911105 移动到新位置: 2.1402364 , 0 , 8.685681
2025-11-27 21:42:44.5672 (StateSyncRequestHandler.cs:18) 玩家ID:489242989124911105 移动方向: 0.9863744 , 0 , 0.1645157
2025-11-27 21:42:44.5672 (StateSyncRequestHandler.cs:18) 玩家ID:489242989124911105 移动到新位置: 2.3375113 , 0 , 8.718584
2025-11-27 21:42:44.6610 (StateSyncRequestHandler.cs:18) 玩家ID:489242989124911105 移动方向: 0.9881983 , 0 , 0.15317982
2025-11-27 21:42:44.6615 (StateSyncRequestHandler.cs:18) 玩家ID:489242989124911105 移动到新位置: 2.535151 , 0 , 8.74922
2025-11-27 21:42:44.7677 (StateSyncRequestHandler.cs:18) 玩家ID:489242989124911105 移动方向: 0.9934203 , 0 , 0.114525795
2025-11-27 21:42:44.7677 (StateSyncRequestHandler.cs:18) 玩家ID:489242989124911105 移动到新位置: 2.733835 , 0 , 8.772125
2025-11-27 21:42:44.8621 (StateSyncRequestHandler.cs:18) 玩家ID:489242989124911105 移动方向: 0.9864819 , 0 , -0.16387054
2025-11-27 21:42:44.8621 (StateSyncRequestHandler.cs:18) 玩家ID:489242989124911105 移动到新位置: 2.9311314 , 0 , 8.739351
2025-11-27 21:42:44.9773 (StateSyncRequestHandler.cs:18) 玩家ID:489242989124911105 移动方向: 0.85230047 , 0 , -0.52305245
2025-11-27 21:42:44.9773 (StateSyncRequestHandler.cs:18) 玩家ID:489242989124911105 移动到新位置: 3.1015913 , 0 , 8.634741
2025-11-27 21:42:45.0787 (StateSyncRequestHandler.cs:18) 玩家ID:489242989124911105 移动方向: 0.67753536 , 0 , -0.73549026
2025-11-27 21:42:45.0787 (StateSyncRequestHandler.cs:18) 玩家ID:489242989124911105 移动到新位置: 3.2370985 , 0 , 8.487643
2025-11-27 21:42:45.1705 (StateSyncRequestHandler.cs:18) 玩家ID:489242989124911105 移动方向: 0.585629 , 0 , -0.81057924
2025-11-27 21:42:45.1705 (StateSyncRequestHandler.cs:18) 玩家ID:489242989124911105 移动到新位置: 3.3542242 , 0 , 8.325527
2025-11-27 21:42:45.2619 (StateSyncRequestHandler.cs:18) 玩家ID:489242989124911105 移动方向: 0.55556655 , 0 , -0.83147204
2025-11-27 21:42:45.2619 (StateSyncRequestHandler.cs:18) 玩家ID:489242989124911105 移动到新位置: 3.4653375 , 0 , 8.159233
2025-11-27 21:42:45.3696 (StateSyncRequestHandler.cs:18) 玩家ID:489242989124911105 移动方向: 0.97815657 , 0 , -0.20786949
2025-11-27 21:42:45.3696 (StateSyncRequestHandler.cs:18) 玩家ID:489242989124911105 移动到新位置: 3.6609688 , 0 , 8.11766
2025-11-27 21:42:45.4625 (StateSyncRequestHandler.cs:18) 玩家ID:489242989124911105 移动方向: 0.977367 , 0 , -0.21155079
2025-11-27 21:42:45.4625 (StateSyncRequestHandler.cs:18) 玩家ID:489242989124911105 移动到新位置: 3.8564422 , 0 , 8.07535
2025-11-27 21:42:45.5723 (StateSyncRequestHandler.cs:18) 玩家ID:489242989124911105 移动方向: 0.9790838 , 0 , -0.20345779
2025-11-27 21:42:45.5723 (StateSyncRequestHandler.cs:18) 玩家ID:489242989124911105 移动到新位置: 4.052259 , 0 , 8.034658
2025-11-27 21:42:45.6808 (StateSyncRequestHandler.cs:18) 玩家ID:489242989124911105 移动方向: 0.9788166 , 0 , -0.20473908
2025-11-27 21:42:45.6808 (StateSyncRequestHandler.cs:18) 玩家ID:489242989124911105 移动到新位置: 4.248022 , 0 , 7.9937105
2025-11-27 21:42:45.7847 (StateSyncRequestHandler.cs:18) 玩家ID:489242989124911105 移动方向: 0.9762348 , 0 , -0.2167154
2025-11-27 21:42:45.7847 (StateSyncRequestHandler.cs:18) 玩家ID:489242989124911105 移动到新位置: 4.4432693 , 0 , 7.9503675
2025-11-27 21:42:45.8643 (StateSyncRequestHandler.cs:18) 玩家ID:489242989124911105 移动方向: 0.97203845 , 0 , -0.2348218
2025-11-27 21:42:45.8703 (StateSyncRequestHandler.cs:18) 玩家ID:489242989124911105 移动到新位置: 4.6376767 , 0 , 7.9034033
2025-11-27 21:42:45.9869 (StateSyncRequestHandler.cs:18) 玩家ID:489242989124911105 移动到新位置: 4.6376767 , 0 , 7.9034033
2025-11-27 21:42:49.9599 (StateSyncRequestHandler.cs:18) 玩家ID:489242989124911105 移动方向: -0.47039703 , 0 , 0.8824548
2025-11-27 21:42:49.9599 (StateSyncRequestHandler.cs:18) 玩家ID:489242989124911105 移动到新位置: 4.543597 , 0 , 8.079894
2025-11-27 21:42:50.0678 (StateSyncRequestHandler.cs:18) 玩家ID:489242989124911105 移动方向: 0.35501 , 0 , 0.93486243
2025-11-27 21:42:50.0678 (StateSyncRequestHandler.cs:18) 玩家ID:489242989124911105 移动到新位置: 4.614599 , 0 , 8.266867
2025-11-27 21:42:50.1614 (StateSyncRequestHandler.cs:18) 玩家ID:489242989124911105 移动方向: 0.5772506 , 0 , 0.81656694
2025-11-27 21:42:50.1614 (StateSyncRequestHandler.cs:18) 玩家ID:489242989124911105 移动到新位置: 4.730049 , 0 , 8.43018
2025-11-27 21:42:50.2681 (StateSyncRequestHandler.cs:18) 玩家ID:489242989124911105 移动方向: 0.83727944 , 0 , 0.5467752
2025-11-27 21:42:50.2681 (StateSyncRequestHandler.cs:18) 玩家ID:489242989124911105 移动到新位置: 4.897505 , 0 , 8.539535
2025-11-27 21:42:50.3614 (StateSyncRequestHandler.cs:18) 玩家ID:489242989124911105 移动方向: 0.9719831 , 0 , 0.2350513
2025-11-27 21:42:50.3614 (StateSyncRequestHandler.cs:18) 玩家ID:489242989124911105 移动到新位置: 5.0919013 , 0 , 8.586545
2025-11-27 21:42:50.4706 (StateSyncRequestHandler.cs:18) 玩家ID:489242989124911105 移动方向: 0.99787015 , 0 , -0.06523085
2025-11-27 21:42:50.4706 (StateSyncRequestHandler.cs:18) 玩家ID:489242989124911105 移动到新位置: 5.2914753 , 0 , 8.573499
2025-11-27 21:42:50.5786 (StateSyncRequestHandler.cs:18) 玩家ID:489242989124911105 移动方向: 0.95394504 , 0 , -0.2999813
2025-11-27 21:42:50.5786 (StateSyncRequestHandler.cs:18) 玩家ID:489242989124911105 移动到新位置: 5.4822645 , 0 , 8.513502
2025-11-27 21:42:50.6706 (StateSyncRequestHandler.cs:18) 玩家ID:489242989124911105 移动方向: 0.9070113 , 0 , -0.42110634
2025-11-27 21:42:50.6706 (StateSyncRequestHandler.cs:18) 玩家ID:489242989124911105 移动到新位置: 5.6636667 , 0 , 8.429281
2025-11-27 21:42:50.7640 (StateSyncRequestHandler.cs:18) 玩家ID:489242989124911105 移动方向: 0.960508 , 0 , 0.27825242
2025-11-27 21:42:50.7640 (StateSyncRequestHandler.cs:18) 玩家ID:489242989124911105 移动到新位置: 5.855768 , 0 , 8.484932
2025-11-27 21:42:50.8725 (StateSyncRequestHandler.cs:18) 玩家ID:489242989124911105 移动方向: 0.9854688 , 0 , 0.16985622
2025-11-27 21:42:50.8725 (StateSyncRequestHandler.cs:18) 玩家ID:489242989124911105 移动到新位置: 6.052862 , 0 , 8.518903
2025-11-27 21:42:50.9644 (StateSyncRequestHandler.cs:18) 玩家ID:489242989124911105 移动方向: 0.9997214 , 0 , 0.023602586
2025-11-27 21:42:50.9644 (StateSyncRequestHandler.cs:18) 玩家ID:489242989124911105 移动到新位置: 6.2528067 , 0 , 8.523623
2025-11-27 21:42:51.0746 (StateSyncRequestHandler.cs:18) 玩家ID:489242989124911105 移动方向: 0.9871059 , 0 , -0.16006842
2025-11-27 21:42:51.0746 (StateSyncRequestHandler.cs:18) 玩家ID:489242989124911105 移动到新位置: 6.4502277 , 0 , 8.49161
2025-11-27 21:42:51.1683 (StateSyncRequestHandler.cs:18) 玩家ID:489242989124911105 移动方向: 0.97135717 , 0 , -0.23762423
2025-11-27 21:42:51.1683 (StateSyncRequestHandler.cs:18) 玩家ID:489242989124911105 移动到新位置: 6.6444993 , 0 , 8.444085
2025-11-27 21:42:51.2756 (StateSyncRequestHandler.cs:18) 玩家ID:489242989124911105 移动方向: 0.9602779 , 0 , -0.27904534
2025-11-27 21:42:51.2756 (StateSyncRequestHandler.cs:18) 玩家ID:489242989124911105 移动到新位置: 6.836555 , 0 , 8.388276
2025-11-27 21:42:51.3678 (StateSyncRequestHandler.cs:18) 玩家ID:489242989124911105 移动方向: 0.95479006 , 0 , -0.29728112
2025-11-27 21:42:51.3678 (StateSyncRequestHandler.cs:18) 玩家ID:489242989124911105 移动到新位置: 7.027513 , 0 , 8.32882
2025-11-27 21:42:51.4607 (StateSyncRequestHandler.cs:18) 玩家ID:489242989124911105 移动方向: 0.9428808 , 0 , -0.33313036
2025-11-27 21:42:51.4607 (StateSyncRequestHandler.cs:18) 玩家ID:489242989124911105 移动到新位置: 7.2160892 , 0 , 8.262194
2025-11-27 21:42:51.5690 (StateSyncRequestHandler.cs:18) 玩家ID:489242989124911105 移动到新位置: 7.2160892 , 0 , 8.262194
2025-11-27 21:42:56.1724 (StateSyncRequestHandler.cs:18) 玩家ID:489242989124911105 移动方向: 0.7860296 , 0 , 0.618189
2025-11-27 21:42:56.1724 (StateSyncRequestHandler.cs:18) 玩家ID:489242989124911105 移动到新位置: 7.3732953 , 0 , 8.385832
2025-11-27 21:42:56.2668 (StateSyncRequestHandler.cs:18) 玩家ID:489242989124911105 移动方向: 0.9305427 , 0 , 0.3661835
2025-11-27 21:42:56.2668 (StateSyncRequestHandler.cs:18) 玩家ID:489242989124911105 移动到新位置: 7.559404 , 0 , 8.459068
2025-11-27 21:42:56.3601 (StateSyncRequestHandler.cs:18) 玩家ID:489242989124911105 移动方向: 0.98977363 , 0 , 0.1426472
2025-11-27 21:42:56.3601 (StateSyncRequestHandler.cs:18) 玩家ID:489242989124911105 移动到新位置: 7.7573586 , 0 , 8.487597
2025-11-27 21:42:56.4683 (StateSyncRequestHandler.cs:18) 玩家ID:489242989124911105 移动方向: 0.68303037 , 0 , -0.73039
2025-11-27 21:42:56.4683 (StateSyncRequestHandler.cs:18) 玩家ID:489242989124911105 移动到新位置: 7.893965 , 0 , 8.341519
2025-11-27 21:42:56.5635 (StateSyncRequestHandler.cs:18) 玩家ID:489242989124911105 移动方向: 0.62529296 , 0 , -0.7803901
2025-11-27 21:42:56.5635 (StateSyncRequestHandler.cs:18) 玩家ID:489242989124911105 移动到新位置: 8.019023 , 0 , 8.185441
2025-11-27 21:42:56.6576 (StateSyncRequestHandler.cs:18) 玩家ID:489242989124911105 移动方向: 0.599894 , 0 , -0.8000795
2025-11-27 21:42:56.6576 (StateSyncRequestHandler.cs:18) 玩家ID:489242989124911105 移动到新位置: 8.139002 , 0 , 8.025425
2025-11-27 21:42:56.7638 (StateSyncRequestHandler.cs:18) 玩家ID:489242989124911105 移动方向: -0.1751146 , 0 , -0.9845481
2025-11-27 21:42:56.7638 (StateSyncRequestHandler.cs:18) 玩家ID:489242989124911105 移动到新位置: 8.103979 , 0 , 7.8285155
2025-11-27 21:42:56.8720 (StateSyncRequestHandler.cs:18) 玩家ID:489242989124911105 移动方向: -0.20327885 , 0 , -0.9791209
2025-11-27 21:42:56.8720 (StateSyncRequestHandler.cs:18) 玩家ID:489242989124911105 移动到新位置: 8.063323 , 0 , 7.6326914
2025-11-27 21:42:56.9672 (StateSyncRequestHandler.cs:18) 玩家ID:489242989124911105 移动方向: -0.20372984 , 0 , -0.97902715
2025-11-27 21:42:56.9672 (StateSyncRequestHandler.cs:18) 玩家ID:489242989124911105 移动到新位置: 8.022577 , 0 , 7.436886
2025-11-27 21:42:57.0760 (StateSyncRequestHandler.cs:18) 玩家ID:489242989124911105 移动方向: -0.16497622 , 0 , -0.98629755
2025-11-27 21:42:57.0760 (StateSyncRequestHandler.cs:18) 玩家ID:489242989124911105 移动到新位置: 7.989582 , 0 , 7.2396264
2025-11-27 21:42:57.1696 (StateSyncRequestHandler.cs:18) 玩家ID:489242989124911105 移动方向: 0.61322355 , 0 , -0.78990936
2025-11-27 21:42:57.1696 (StateSyncRequestHandler.cs:18) 玩家ID:489242989124911105 移动到新位置: 8.1122265 , 0 , 7.0816445
2025-11-27 21:42:57.2643 (StateSyncRequestHandler.cs:18) 玩家ID:489242989124911105 移动方向: 0.6787342 , 0 , -0.7343841
2025-11-27 21:42:57.2643 (StateSyncRequestHandler.cs:18) 玩家ID:489242989124911105 移动到新位置: 8.247973 , 0 , 6.9347677
2025-11-27 21:42:57.3568 (StateSyncRequestHandler.cs:18) 玩家ID:489242989124911105 移动方向: 0.7320481 , 0 , -0.681253
2025-11-27 21:42:57.3568 (StateSyncRequestHandler.cs:18) 玩家ID:489242989124911105 移动到新位置: 8.394383 , 0 , 6.798517
2025-11-27 21:42:57.4649 (StateSyncRequestHandler.cs:18) 玩家ID:489242989124911105 移动方向: 0.7736868 , 0 , -0.6335682
2025-11-27 21:42:57.4649 (StateSyncRequestHandler.cs:18) 玩家ID:489242989124911105 移动到新位置: 8.549121 , 0 , 6.6718035
2025-11-27 21:42:57.5586 (StateSyncRequestHandler.cs:18) 玩家ID:489242989124911105 移动方向: 0.13723125 , 0 , -0.9905391
2025-11-27 21:42:57.5586 (StateSyncRequestHandler.cs:18) 玩家ID:489242989124911105 移动到新位置: 8.576567 , 0 , 6.4736958
2025-11-27 21:42:57.6686 (StateSyncRequestHandler.cs:18) 玩家ID:489242989124911105 移动方向: 0.11669821 , 0 , -0.9931674
2025-11-27 21:42:57.6686 (StateSyncRequestHandler.cs:18) 玩家ID:489242989124911105 移动到新位置: 8.599906 , 0 , 6.275062
2025-11-27 21:42:57.7614 (StateSyncRequestHandler.cs:18) 玩家ID:489242989124911105 移动方向: 0.09275949 , 0 , -0.99568856
2025-11-27 21:42:57.7614 (StateSyncRequestHandler.cs:18) 玩家ID:489242989124911105 移动到新位置: 8.618458 , 0 , 6.0759244
2025-11-27 21:42:57.8560 (StateSyncRequestHandler.cs:18) 玩家ID:489242989124911105 移动方向: -0.6495387 , 0 , -0.7603285
2025-11-27 21:42:57.8560 (StateSyncRequestHandler.cs:18) 玩家ID:489242989124911105 移动到新位置: 8.48855 , 0 , 5.9238586
2025-11-27 21:42:57.9630 (StateSyncRequestHandler.cs:18) 玩家ID:489242989124911105 移动方向: -0.68132055 , 0 , -0.73198515
2025-11-27 21:42:57.9630 (StateSyncRequestHandler.cs:18) 玩家ID:489242989124911105 移动到新位置: 8.352286 , 0 , 5.7774615
2025-11-27 21:42:58.0716 (StateSyncRequestHandler.cs:18) 玩家ID:489242989124911105 移动方向: 0.7069268 , 0 , -0.70728666
2025-11-27 21:42:58.0716 (StateSyncRequestHandler.cs:18) 玩家ID:489242989124911105 移动到新位置: 8.493671 , 0 , 5.636004
2025-11-27 21:42:58.1652 (StateSyncRequestHandler.cs:18) 玩家ID:489242989124911105 移动方向: 0.6945064 , 0 , -0.71948653
2025-11-27 21:42:58.1652 (StateSyncRequestHandler.cs:18) 玩家ID:489242989124911105 移动到新位置: 8.632573 , 0 , 5.4921064
2025-11-27 21:42:58.2738 (StateSyncRequestHandler.cs:18) 玩家ID:489242989124911105 移动方向: -0.031254295 , 0 , -0.9995115
2025-11-27 21:42:58.2738 (StateSyncRequestHandler.cs:18) 玩家ID:489242989124911105 移动到新位置: 8.626322 , 0 , 5.292204
2025-11-27 21:42:58.3668 (StateSyncRequestHandler.cs:18) 玩家ID:489242989124911105 移动方向: -0.02473945 , 0 , -0.99969393
2025-11-27 21:42:58.3668 (StateSyncRequestHandler.cs:18) 玩家ID:489242989124911105 移动到新位置: 8.621374 , 0 , 5.092265
2025-11-27 21:42:58.4599 (StateSyncRequestHandler.cs:18) 玩家ID:489242989124911105 移动方向: -0.6914052 , 0 , -0.7224672
2025-11-27 21:42:58.4599 (StateSyncRequestHandler.cs:18) 玩家ID:489242989124911105 移动到新位置: 8.483093 , 0 , 4.9477715
2025-11-27 21:42:58.5687 (StateSyncRequestHandler.cs:18) 玩家ID:489242989124911105 移动方向: -0.9988343 , 0 , -0.048269972
2025-11-27 21:42:58.5687 (StateSyncRequestHandler.cs:18) 玩家ID:489242989124911105 移动到新位置: 8.283326 , 0 , 4.9381175
2025-11-27 21:42:58.6788 (StateSyncRequestHandler.cs:18) 玩家ID:489242989124911105 移动方向: -0.99826777 , 0 , -0.058834564
2025-11-27 21:42:58.6788 (StateSyncRequestHandler.cs:18) 玩家ID:489242989124911105 移动到新位置: 8.083673 , 0 , 4.9263506
2025-11-27 21:42:58.7714 (StateSyncRequestHandler.cs:18) 玩家ID:489242989124911105 移动方向: -0.7467057 , 0 , 0.6651545
2025-11-27 21:42:58.7714 (StateSyncRequestHandler.cs:18) 玩家ID:489242989124911105 移动到新位置: 7.9343314 , 0 , 5.0593815
2025-11-27 21:42:58.8651 (StateSyncRequestHandler.cs:18) 玩家ID:489242989124911105 移动方向: -0.041477136 , 0 , 0.9991394
2025-11-27 21:42:58.8651 (StateSyncRequestHandler.cs:18) 玩家ID:489242989124911105 移动到新位置: 7.926036 , 0 , 5.259209
2025-11-27 21:42:58.9735 (StateSyncRequestHandler.cs:18) 玩家ID:489242989124911105 移动方向: 0.691728 , 0 , 0.72215813
2025-11-27 21:42:58.9742 (StateSyncRequestHandler.cs:18) 玩家ID:489242989124911105 移动到新位置: 8.064382 , 0 , 5.4036407
2025-11-27 21:42:59.0661 (StateSyncRequestHandler.cs:18) 玩家ID:489242989124911105 移动方向: 0.6994352 , 0 , 0.714696
2025-11-27 21:42:59.0661 (StateSyncRequestHandler.cs:18) 玩家ID:489242989124911105 移动到新位置: 8.204268 , 0 , 5.54658
2025-11-27 21:42:59.1592 (StateSyncRequestHandler.cs:18) 玩家ID:489242989124911105 移动方向: 0.70285076 , 0 , 0.71133727
2025-11-27 21:42:59.1592 (StateSyncRequestHandler.cs:18) 玩家ID:489242989124911105 移动到新位置: 8.344838 , 0 , 5.688847
2025-11-27 21:42:59.2681 (StateSyncRequestHandler.cs:18) 玩家ID:489242989124911105 移动方向: 0.0014470492 , 0 , 0.999999
2025-11-27 21:42:59.2681 (StateSyncRequestHandler.cs:18) 玩家ID:489242989124911105 移动到新位置: 8.345127 , 0 , 5.888847
2025-11-27 21:42:59.3759 (StateSyncRequestHandler.cs:18) 玩家ID:489242989124911105 移动方向: 0.0073726373 , 0 , 0.9999728
2025-11-27 21:42:59.3759 (StateSyncRequestHandler.cs:18) 玩家ID:489242989124911105 移动到新位置: 8.3466015 , 0 , 6.0888414
2025-11-27 21:42:59.4679 (StateSyncRequestHandler.cs:18) 玩家ID:489242989124911105 移动方向: 0.0036478837 , 0 , 0.9999933
2025-11-27 21:42:59.4679 (StateSyncRequestHandler.cs:18) 玩家ID:489242989124911105 移动到新位置: 8.347331 , 0 , 6.2888403
2025-11-27 21:42:59.5639 (StateSyncRequestHandler.cs:18) 玩家ID:489242989124911105 移动方向: 0.0051940135 , 0 , 0.9999865
2025-11-27 21:42:59.5639 (StateSyncRequestHandler.cs:18) 玩家ID:489242989124911105 移动到新位置: 8.34837 , 0 , 6.4888377
2025-11-27 21:42:59.6560 (StateSyncRequestHandler.cs:18) 玩家ID:489242989124911105 移动方向: 0.0067272545 , 0 , 0.9999774
2025-11-27 21:42:59.6560 (StateSyncRequestHandler.cs:18) 玩家ID:489242989124911105 移动到新位置: 8.349715 , 0 , 6.688833
2025-11-27 21:42:59.7656 (StateSyncRequestHandler.cs:18) 玩家ID:489242989124911105 移动方向: 0.007484216 , 0 , 0.999972
2025-11-27 21:42:59.7656 (StateSyncRequestHandler.cs:18) 玩家ID:489242989124911105 移动到新位置: 8.3512125 , 0 , 6.888828
2025-11-27 21:42:59.8736 (StateSyncRequestHandler.cs:18) 玩家ID:489242989124911105 移动方向: -0.70162123 , 0 , 0.7125501
2025-11-27 21:42:59.8736 (StateSyncRequestHandler.cs:18) 玩家ID:489242989124911105 移动到新位置: 8.210888 , 0 , 7.0313377
2025-11-27 21:42:59.9659 (StateSyncRequestHandler.cs:18) 玩家ID:489242989124911105 移动方向: -0.7015601 , 0 , 0.7126103
2025-11-27 21:42:59.9659 (StateSyncRequestHandler.cs:18) 玩家ID:489242989124911105 移动到新位置: 8.070576 , 0 , 7.1738596
2025-11-27 21:43:00.0744 (StateSyncRequestHandler.cs:18) 玩家ID:489242989124911105 移动方向: -0.7015402 , 0 , 0.71262985
2025-11-27 21:43:00.0744 (StateSyncRequestHandler.cs:18) 玩家ID:489242989124911105 移动到新位置: 7.930268 , 0 , 7.3163857
2025-11-27 21:43:00.1691 (StateSyncRequestHandler.cs:18) 玩家ID:489242989124911105 移动方向: 0.007850415 , 0 , 0.9999692
2025-11-27 21:43:00.1691 (StateSyncRequestHandler.cs:18) 玩家ID:489242989124911105 移动到新位置: 7.931838 , 0 , 7.5163794
2025-11-27 21:43:00.2776 (StateSyncRequestHandler.cs:18) 玩家ID:489242989124911105 移动方向: 0.7126379 , 0 , 0.701532
2025-11-27 21:43:00.2776 (StateSyncRequestHandler.cs:18) 玩家ID:489242989124911105 移动到新位置: 8.074366 , 0 , 7.656686
2025-11-27 21:43:00.3693 (StateSyncRequestHandler.cs:18) 玩家ID:489242989124911105 移动方向: 0.7126382 , 0 , 0.7015317
2025-11-27 21:43:00.3693 (StateSyncRequestHandler.cs:18) 玩家ID:489242989124911105 移动到新位置: 8.216893 , 0 , 7.7969923
2025-11-27 21:43:00.4620 (StateSyncRequestHandler.cs:18) 玩家ID:489242989124911105 移动方向: 0.9999691 , 0 , -0.007853514
2025-11-27 21:43:00.4620 (StateSyncRequestHandler.cs:18) 玩家ID:489242989124911105 移动到新位置: 8.416887 , 0 , 7.7954216
2025-11-27 21:43:00.5730 (StateSyncRequestHandler.cs:18) 玩家ID:489242989124911105 移动方向: 0.9999692 , 0 , -0.0078535145
2025-11-27 21:43:00.5730 (StateSyncRequestHandler.cs:18) 玩家ID:489242989124911105 移动到新位置: 8.616881 , 0 , 7.793851
2025-11-27 21:43:00.6681 (StateSyncRequestHandler.cs:18) 玩家ID:489242989124911105 移动方向: 0.9999692 , 0 , -0.0078535145
2025-11-27 21:43:00.6681 (StateSyncRequestHandler.cs:18) 玩家ID:489242989124911105 移动到新位置: 8.816875 , 0 , 7.79228
2025-11-27 21:43:00.7622 (StateSyncRequestHandler.cs:18) 玩家ID:489242989124911105 移动方向: -0.007853514 , 0 , -0.9999691
2025-11-27 21:43:00.7622 (StateSyncRequestHandler.cs:18) 玩家ID:489242989124911105 移动到新位置: 8.815305 , 0 , 7.5922866
2025-11-27 21:43:00.8559 (StateSyncRequestHandler.cs:18) 玩家ID:489242989124911105 移动方向: -0.7126382 , 0 , -0.7015317
2025-11-27 21:43:00.8559 (StateSyncRequestHandler.cs:18) 玩家ID:489242989124911105 移动到新位置: 8.672777 , 0 , 7.45198
2025-11-27 21:43:00.9649 (StateSyncRequestHandler.cs:18) 玩家ID:489242989124911105 移动方向: -0.7126382 , 0 , -0.7015317
2025-11-27 21:43:00.9649 (StateSyncRequestHandler.cs:18) 玩家ID:489242989124911105 移动到新位置: 8.53025 , 0 , 7.3116736
2025-11-27 21:43:01.0730 (StateSyncRequestHandler.cs:18) 玩家ID:489242989124911105 移动方向: -0.7126382 , 0 , -0.7015317
2025-11-27 21:43:01.0730 (StateSyncRequestHandler.cs:18) 玩家ID:489242989124911105 移动到新位置: 8.387722 , 0 , 7.171367
2025-11-27 21:43:01.1650 (StateSyncRequestHandler.cs:18) 玩家ID:489242989124911105 移动方向: -0.7126382 , 0 , -0.7015317
2025-11-27 21:43:01.1650 (StateSyncRequestHandler.cs:18) 玩家ID:489242989124911105 移动到新位置: 8.245194 , 0 , 7.0310607
2025-11-27 21:43:01.2726 (StateSyncRequestHandler.cs:18) 玩家ID:489242989124911105 移动方向: -0.007853514 , 0 , -0.9999691
2025-11-27 21:43:01.2726 (StateSyncRequestHandler.cs:18) 玩家ID:489242989124911105 移动到新位置: 8.243624 , 0 , 6.831067
2025-11-27 21:43:01.3669 (StateSyncRequestHandler.cs:18) 玩家ID:489242989124911105 移动方向: 0.7015317 , 0 , -0.7126382
2025-11-27 21:43:01.3669 (StateSyncRequestHandler.cs:18) 玩家ID:489242989124911105 移动到新位置: 8.38393 , 0 , 6.6885395
2025-11-27 21:43:01.4601 (StateSyncRequestHandler.cs:18) 玩家ID:489242989124911105 移动方向: 0.9999692 , 0 , -0.0078535145
2025-11-27 21:43:01.4601 (StateSyncRequestHandler.cs:18) 玩家ID:489242989124911105 移动到新位置: 8.583924 , 0 , 6.686969
2025-11-27 21:43:01.5689 (StateSyncRequestHandler.cs:18) 玩家ID:489242989124911105 移动方向: 0.7126382 , 0 , 0.7015317
2025-11-27 21:43:01.5689 (StateSyncRequestHandler.cs:18) 玩家ID:489242989124911105 移动到新位置: 8.726452 , 0 , 6.8272753
2025-11-27 21:43:01.6608 (StateSyncRequestHandler.cs:18) 玩家ID:489242989124911105 移动方向: 0.007853514 , 0 , 0.9999691
2025-11-27 21:43:01.6618 (StateSyncRequestHandler.cs:18) 玩家ID:489242989124911105 移动到新位置: 8.728023 , 0 , 7.027269
2025-11-27 21:43:01.7541 (StateSyncRequestHandler.cs:18) 玩家ID:489242989124911105 移动方向: 0.007853514 , 0 , 0.9999691
2025-11-27 21:43:01.7541 (StateSyncRequestHandler.cs:18) 玩家ID:489242989124911105 移动到新位置: 8.729593 , 0 , 7.2272625
2025-11-27 21:43:01.8633 (StateSyncRequestHandler.cs:18) 玩家ID:489242989124911105 移动方向: -0.7015317 , 0 , 0.7126382
2025-11-27 21:43:01.8633 (StateSyncRequestHandler.cs:18) 玩家ID:489242989124911105 移动到新位置: 8.589287 , 0 , 7.36979
2025-11-27 21:43:01.9570 (StateSyncRequestHandler.cs:18) 玩家ID:489242989124911105 移动方向: -0.7015317 , 0 , 0.7126382
2025-11-27 21:43:01.9570 (StateSyncRequestHandler.cs:18) 玩家ID:489242989124911105 移动到新位置: 8.44898 , 0 , 7.5123177
2025-11-27 21:43:02.0661 (StateSyncRequestHandler.cs:18) 玩家ID:489242989124911105 移动方向: -0.7015317 , 0 , 0.7126382
2025-11-27 21:43:02.0661 (StateSyncRequestHandler.cs:18) 玩家ID:489242989124911105 移动到新位置: 8.308674 , 0 , 7.654845
2025-11-27 21:43:02.1723 (StateSyncRequestHandler.cs:18) 玩家ID:489242989124911105 移动方向: 0.007853514 , 0 , 0.9999691
2025-11-27 21:43:02.1723 (StateSyncRequestHandler.cs:18) 玩家ID:489242989124911105 移动到新位置: 8.310245 , 0 , 7.854839
2025-11-27 21:43:02.2657 (StateSyncRequestHandler.cs:18) 玩家ID:489242989124911105 移动方向: 0.7126382 , 0 , 0.7015317
2025-11-27 21:43:02.2657 (StateSyncRequestHandler.cs:18) 玩家ID:489242989124911105 移动到新位置: 8.452772 , 0 , 7.9951453
2025-11-27 21:43:02.3745 (StateSyncRequestHandler.cs:18) 玩家ID:489242989124911105 移动方向: 0.9999692 , 0 , -0.0078535145
2025-11-27 21:43:02.3745 (StateSyncRequestHandler.cs:18) 玩家ID:489242989124911105 移动到新位置: 8.652766 , 0 , 7.9935746
2025-11-27 21:43:02.4695 (StateSyncRequestHandler.cs:18) 玩家ID:489242989124911105 移动方向: 0.9999692 , 0 , -0.0078535145
2025-11-27 21:43:02.4695 (StateSyncRequestHandler.cs:18) 玩家ID:489242989124911105 移动到新位置: 8.85276 , 0 , 7.992004
2025-11-27 21:43:02.5659 (StateSyncRequestHandler.cs:18) 玩家ID:489242989124911105 移动方向: -0.007853514 , 0 , -0.9999691
2025-11-27 21:43:02.5659 (StateSyncRequestHandler.cs:18) 玩家ID:489242989124911105 移动到新位置: 8.85119 , 0 , 7.7920103
2025-11-27 21:43:02.6569 (StateSyncRequestHandler.cs:18) 玩家ID:489242989124911105 移动方向: -0.7126382 , 0 , -0.7015317
2025-11-27 21:43:02.6569 (StateSyncRequestHandler.cs:18) 玩家ID:489242989124911105 移动到新位置: 8.708662 , 0 , 7.651704
2025-11-27 21:43:02.7653 (StateSyncRequestHandler.cs:18) 玩家ID:489242989124911105 移动方向: -0.7126382 , 0 , -0.7015317
2025-11-27 21:43:02.7653 (StateSyncRequestHandler.cs:18) 玩家ID:489242989124911105 移动到新位置: 8.566134 , 0 , 7.5113974
2025-11-27 21:43:02.8585 (StateSyncRequestHandler.cs:18) 玩家ID:489242989124911105 移动方向: -0.7126382 , 0 , -0.7015317
2025-11-27 21:43:02.8585 (StateSyncRequestHandler.cs:18) 玩家ID:489242989124911105 移动到新位置: 8.423607 , 0 , 7.371091
2025-11-27 21:43:02.9703 (StateSyncRequestHandler.cs:18) 玩家ID:489242989124911105 移动方向: -0.9999692 , 0 , 0.0078535145
2025-11-27 21:43:02.9703 (StateSyncRequestHandler.cs:18) 玩家ID:489242989124911105 移动到新位置: 8.223613 , 0 , 7.3726616
2025-11-27 21:43:03.0780 (StateSyncRequestHandler.cs:18) 玩家ID:489242989124911105 移动方向: -0.7015317 , 0 , 0.7126382
2025-11-27 21:43:03.0780 (StateSyncRequestHandler.cs:18) 玩家ID:489242989124911105 移动到新位置: 8.083306 , 0 , 7.515189
2025-11-27 21:43:03.1714 (StateSyncRequestHandler.cs:18) 玩家ID:489242989124911105 移动方向: 0.007853514 , 0 , 0.9999691
2025-11-27 21:43:03.1714 (StateSyncRequestHandler.cs:18) 玩家ID:489242989124911105 移动到新位置: 8.084877 , 0 , 7.715183
2025-11-27 21:43:03.2648 (StateSyncRequestHandler.cs:18) 玩家ID:489242989124911105 移动方向: 0.7126382 , 0 , 0.7015317
2025-11-27 21:43:03.2648 (StateSyncRequestHandler.cs:18) 玩家ID:489242989124911105 移动到新位置: 8.227405 , 0 , 7.8554893
2025-11-27 21:43:03.3581 (StateSyncRequestHandler.cs:18) 玩家ID:489242989124911105 移动方向: 0.9999692 , 0 , -0.0078535145
2025-11-27 21:43:03.3581 (StateSyncRequestHandler.cs:18) 玩家ID:489242989124911105 移动到新位置: 8.427399 , 0 , 7.8539186
2025-11-27 21:43:03.4664 (StateSyncRequestHandler.cs:18) 玩家ID:489242989124911105 移动方向: 0.7015317 , 0 , -0.7126382
2025-11-27 21:43:03.4664 (StateSyncRequestHandler.cs:18) 玩家ID:489242989124911105 移动到新位置: 8.567705 , 0 , 7.711391
2025-11-27 21:43:03.5609 (StateSyncRequestHandler.cs:18) 玩家ID:489242989124911105 移动方向: -0.007853514 , 0 , -0.9999691
2025-11-27 21:43:03.5609 (StateSyncRequestHandler.cs:18) 玩家ID:489242989124911105 移动到新位置: 8.566134 , 0 , 7.5113974
2025-11-27 21:43:03.6704 (StateSyncRequestHandler.cs:18) 玩家ID:489242989124911105 移动方向: -0.9999692 , 0 , 0.0078535145
2025-11-27 21:43:03.6704 (StateSyncRequestHandler.cs:18) 玩家ID:489242989124911105 移动到新位置: 8.36614 , 0 , 7.512968
2025-11-27 21:43:03.7654 (StateSyncRequestHandler.cs:18) 玩家ID:489242989124911105 移动方向: -0.9999692 , 0 , 0.0078535145
2025-11-27 21:43:03.7654 (StateSyncRequestHandler.cs:18) 玩家ID:489242989124911105 移动到新位置: 8.166146 , 0 , 7.514539
2025-11-27 21:43:03.8763 (StateSyncRequestHandler.cs:18) 玩家ID:489242989124911105 移动方向: -0.7015317 , 0 , 0.7126382
2025-11-27 21:43:03.8763 (StateSyncRequestHandler.cs:18) 玩家ID:489242989124911105 移动到新位置: 8.02584 , 0 , 7.6570663
2025-11-27 21:43:03.9679 (StateSyncRequestHandler.cs:18) 玩家ID:489242989124911105 移动方向: 0.7126382 , 0 , 0.7015317
2025-11-27 21:43:03.9679 (StateSyncRequestHandler.cs:18) 玩家ID:489242989124911105 移动到新位置: 8.168367 , 0 , 7.797373
2025-11-27 21:43:04.0756 (StateSyncRequestHandler.cs:18) 玩家ID:489242989124911105 移动方向: 0.7015317 , 0 , -0.7126382
2025-11-27 21:43:04.0756 (StateSyncRequestHandler.cs:18) 玩家ID:489242989124911105 移动到新位置: 8.308674 , 0 , 7.654845
2025-11-27 21:43:04.1665 (StateSyncRequestHandler.cs:18) 玩家ID:489242989124911105 移动方向: -0.007853514 , 0 , -0.9999691
2025-11-27 21:43:04.1665 (StateSyncRequestHandler.cs:18) 玩家ID:489242989124911105 移动到新位置: 8.307103 , 0 , 7.4548516
2025-11-27 21:43:04.2775 (StateSyncRequestHandler.cs:18) 玩家ID:489242989124911105 移动方向: -0.9999692 , 0 , 0.0078535145
2025-11-27 21:43:04.2775 (StateSyncRequestHandler.cs:18) 玩家ID:489242989124911105 移动到新位置: 8.107109 , 0 , 7.4564223
2025-11-27 21:43:04.3548 (StateSyncRequestHandler.cs:18) 玩家ID:489242989124911105 移动方向: -0.7015317 , 0 , 0.7126382
2025-11-27 21:43:04.3548 (StateSyncRequestHandler.cs:18) 玩家ID:489242989124911105 移动到新位置: 7.9668026 , 0 , 7.59895
2025-11-27 21:43:04.4788 (StateSyncRequestHandler.cs:18) 玩家ID:489242989124911105 移动方向: 0.007853514 , 0 , 0.9999691
2025-11-27 21:43:04.4788 (StateSyncRequestHandler.cs:18) 玩家ID:489242989124911105 移动到新位置: 7.9683733 , 0 , 7.7989435
2025-11-27 21:43:04.5744 (StateSyncRequestHandler.cs:18) 玩家ID:489242989124911105 移动方向: 0.9999692 , 0 , -0.0078535145
2025-11-27 21:43:04.5744 (StateSyncRequestHandler.cs:18) 玩家ID:489242989124911105 移动到新位置: 8.168367 , 0 , 7.797373
2025-11-27 21:43:04.6679 (StateSyncRequestHandler.cs:18) 玩家ID:489242989124911105 移动方向: -0.007853514 , 0 , -0.9999691
2025-11-27 21:43:04.6679 (StateSyncRequestHandler.cs:18) 玩家ID:489242989124911105 移动到新位置: 8.166797 , 0 , 7.597379
2025-11-27 21:43:04.7613 (StateSyncRequestHandler.cs:18) 玩家ID:489242989124911105 移动方向: -0.7126382 , 0 , -0.7015317
2025-11-27 21:43:04.7613 (StateSyncRequestHandler.cs:18) 玩家ID:489242989124911105 移动到新位置: 8.024269 , 0 , 7.4570727
2025-11-27 21:43:04.8701 (StateSyncRequestHandler.cs:18) 玩家ID:489242989124911105 移动方向: -0.9999692 , 0 , 0.0078535145
2025-11-27 21:43:04.8701 (StateSyncRequestHandler.cs:18) 玩家ID:489242989124911105 移动到新位置: 7.8242755 , 0 , 7.4586434
2025-11-27 21:43:04.9628 (StateSyncRequestHandler.cs:18) 玩家ID:489242989124911105 移动到新位置: 7.8242755 , 0 , 7.4586434
2025-11-27 21:43:05.0708 (StateSyncRequestHandler.cs:18) 玩家ID:489242989124911105 移动方向: 0.7126382 , 0 , 0.7015317
2025-11-27 21:43:05.0708 (StateSyncRequestHandler.cs:18) 玩家ID:489242989124911105 移动到新位置: 7.966803 , 0 , 7.59895
2025-11-27 21:43:05.1793 (StateSyncRequestHandler.cs:18) 玩家ID:489242989124911105 移动方向: 0.007853514 , 0 , 0.9999691
2025-11-27 21:43:05.1793 (StateSyncRequestHandler.cs:18) 玩家ID:489242989124911105 移动到新位置: 7.968374 , 0 , 7.7989435
2025-11-27 21:43:05.2703 (StateSyncRequestHandler.cs:18) 玩家ID:489242989124911105 移动方向: -0.7015317 , 0 , 0.7126382
2025-11-27 21:43:05.2703 (StateSyncRequestHandler.cs:18) 玩家ID:489242989124911105 移动到新位置: 7.8280673 , 0 , 7.941471
2025-11-27 21:43:05.3631 (StateSyncRequestHandler.cs:18) 玩家ID:489242989124911105 移动方向: 0.007853514 , 0 , 0.9999691
2025-11-27 21:43:05.3631 (StateSyncRequestHandler.cs:18) 玩家ID:489242989124911105 移动到新位置: 7.829638 , 0 , 8.141465
2025-11-27 21:43:05.4728 (StateSyncRequestHandler.cs:18) 玩家ID:489242989124911105 移动方向: 0.7126382 , 0 , 0.7015317
2025-11-27 21:43:05.4728 (StateSyncRequestHandler.cs:18) 玩家ID:489242989124911105 移动到新位置: 7.9721656 , 0 , 8.281772
2025-11-27 21:43:05.5666 (StateSyncRequestHandler.cs:18) 玩家ID:489242989124911105 移动方向: 0.9999692 , 0 , -0.0078535145
2025-11-27 21:43:05.5666 (StateSyncRequestHandler.cs:18) 玩家ID:489242989124911105 移动到新位置: 8.172159 , 0 , 8.280201
2025-11-27 21:43:05.6747 (StateSyncRequestHandler.cs:18) 玩家ID:489242989124911105 移动方向: -0.007853514 , 0 , -0.9999691
2025-11-27 21:43:05.6747 (StateSyncRequestHandler.cs:18) 玩家ID:489242989124911105 移动到新位置: 8.1705885 , 0 , 8.080207
2025-11-27 21:43:05.7675 (StateSyncRequestHandler.cs:18) 玩家ID:489242989124911105 移动方向: -0.7126382 , 0 , -0.7015317
2025-11-27 21:43:05.7675 (StateSyncRequestHandler.cs:18) 玩家ID:489242989124911105 移动到新位置: 8.028061 , 0 , 7.9399004
2025-11-27 21:43:05.8614 (StateSyncRequestHandler.cs:18) 玩家ID:489242989124911105 移动方向: 0.9999692 , 0 , -0.0078535145
2025-11-27 21:43:05.8614 (StateSyncRequestHandler.cs:18) 玩家ID:489242989124911105 移动到新位置: 8.228055 , 0 , 7.9383297
2025-11-27 21:43:05.9712 (StateSyncRequestHandler.cs:18) 玩家ID:489242989124911105 移动方向: 0.7126382 , 0 , 0.7015317
2025-11-27 21:43:05.9712 (StateSyncRequestHandler.cs:18) 玩家ID:489242989124911105 移动到新位置: 8.370583 , 0 , 8.078636
2025-11-27 21:43:06.0655 (StateSyncRequestHandler.cs:18) 玩家ID:489242989124911105 移动方向: 0.007853514 , 0 , 0.9999691
2025-11-27 21:43:06.0655 (StateSyncRequestHandler.cs:18) 玩家ID:489242989124911105 移动到新位置: 8.372153 , 0 , 8.27863
2025-11-27 21:43:06.1743 (StateSyncRequestHandler.cs:18) 玩家ID:489242989124911105 移动方向: -0.9999692 , 0 , 0.0078535145
2025-11-27 21:43:06.1743 (StateSyncRequestHandler.cs:18) 玩家ID:489242989124911105 移动到新位置: 8.172159 , 0 , 8.280201
2025-11-27 21:43:06.2676 (StateSyncRequestHandler.cs:18) 玩家ID:489242989124911105 移动方向: -0.9999692 , 0 , 0.0078535145
2025-11-27 21:43:06.2676 (StateSyncRequestHandler.cs:18) 玩家ID:489242989124911105 移动到新位置: 7.9721656 , 0 , 8.281772
2025-11-27 21:43:06.3775 (StateSyncRequestHandler.cs:18) 玩家ID:489242989124911105 移动方向: 0.9999692 , 0 , -0.0078535145
2025-11-27 21:43:06.3775 (StateSyncRequestHandler.cs:18) 玩家ID:489242989124911105 移动到新位置: 8.172159 , 0 , 8.280201
2025-11-27 21:43:06.4685 (StateSyncRequestHandler.cs:18) 玩家ID:489242989124911105 移动方向: 0.7126382 , 0 , 0.7015317
2025-11-27 21:43:06.4685 (StateSyncRequestHandler.cs:18) 玩家ID:489242989124911105 移动到新位置: 8.314687 , 0 , 8.420507
2025-11-27 21:43:06.5621 (StateSyncRequestHandler.cs:18) 玩家ID:489242989124911105 移动方向: 0.007853514 , 0 , 0.9999691
2025-11-27 21:43:06.5621 (StateSyncRequestHandler.cs:18) 玩家ID:489242989124911105 移动到新位置: 8.316257 , 0 , 8.6205015
2025-11-27 21:43:06.6717 (StateSyncRequestHandler.cs:18) 玩家ID:489242989124911105 移动方向: -0.9999692 , 0 , 0.0078535145
2025-11-27 21:43:06.6717 (StateSyncRequestHandler.cs:18) 玩家ID:489242989124911105 移动到新位置: 8.116263 , 0 , 8.622072
2025-11-27 21:43:06.7637 (StateSyncRequestHandler.cs:18) 玩家ID:489242989124911105 移动方向: -0.7126382 , 0 , -0.7015317
2025-11-27 21:43:06.7637 (StateSyncRequestHandler.cs:18) 玩家ID:489242989124911105 移动到新位置: 7.973736 , 0 , 8.481766
2025-11-27 21:43:06.8733 (StateSyncRequestHandler.cs:18) 玩家ID:489242989124911105 移动方向: 0.7015317 , 0 , -0.7126382
2025-11-27 21:43:06.8733 (StateSyncRequestHandler.cs:18) 玩家ID:489242989124911105 移动到新位置: 8.114042 , 0 , 8.339238
2025-11-27 21:43:06.9656 (StateSyncRequestHandler.cs:18) 玩家ID:489242989124911105 移动方向: 0.7015317 , 0 , -0.7126382
2025-11-27 21:43:06.9656 (StateSyncRequestHandler.cs:18) 玩家ID:489242989124911105 移动到新位置: 8.254349 , 0 , 8.196711
2025-11-27 21:43:07.0770 (StateSyncRequestHandler.cs:18) 玩家ID:489242989124911105 移动方向: 0.7015317 , 0 , -0.7126382
2025-11-27 21:43:07.0770 (StateSyncRequestHandler.cs:18) 玩家ID:489242989124911105 移动到新位置: 8.394655 , 0 , 8.054183
2025-11-27 21:43:07.1712 (StateSyncRequestHandler.cs:18) 玩家ID:489242989124911105 移动方向: -0.007853514 , 0 , -0.9999691
2025-11-27 21:43:07.1712 (StateSyncRequestHandler.cs:18) 玩家ID:489242989124911105 移动到新位置: 8.393085 , 0 , 7.8541894
2025-11-27 21:43:07.2631 (StateSyncRequestHandler.cs:18) 玩家ID:489242989124911105 移动方向: -0.7126382 , 0 , -0.7015317
2025-11-27 21:43:07.2631 (StateSyncRequestHandler.cs:18) 玩家ID:489242989124911105 移动到新位置: 8.250557 , 0 , 7.713883
2025-11-27 21:43:07.3732 (StateSyncRequestHandler.cs:18) 玩家ID:489242989124911105 移动方向: -0.7126382 , 0 , -0.7015317
2025-11-27 21:43:07.3732 (StateSyncRequestHandler.cs:18) 玩家ID:489242989124911105 移动到新位置: 8.108029 , 0 , 7.5735765
2025-11-27 21:43:07.4683 (StateSyncRequestHandler.cs:18) 玩家ID:489242989124911105 移动到新位置: 8.108029 , 0 , 7.5735765
2025-11-27 21:43:07.9677 (StateSyncRequestHandler.cs:18) 玩家ID:489242989124911105 移动方向: 0.9999563 , 0 , -0.009346435
2025-11-27 21:43:07.9677 (StateSyncRequestHandler.cs:18) 玩家ID:489242989124911105 移动到新位置: 8.308021 , 0 , 7.5717072
2025-11-27 21:43:08.0608 (StateSyncRequestHandler.cs:18) 玩家ID:489242989124911105 移动方向: 0.7191418 , 0 , 0.69486326
2025-11-27 21:43:08.0608 (StateSyncRequestHandler.cs:18) 玩家ID:489242989124911105 移动到新位置: 8.451849 , 0 , 7.71068
2025-11-27 21:43:08.1697 (StateSyncRequestHandler.cs:18) 玩家ID:489242989124911105 移动方向: -0.9997213 , 0 , 0.02361063
2025-11-27 21:43:08.1697 (StateSyncRequestHandler.cs:18) 玩家ID:489242989124911105 移动到新位置: 8.2519045 , 0 , 7.715402
2025-11-27 21:43:08.2654 (StateSyncRequestHandler.cs:18) 玩家ID:489242989124911105 移动方向: -0.9996604 , 0 , 0.026059624
2025-11-27 21:43:08.2654 (StateSyncRequestHandler.cs:18) 玩家ID:489242989124911105 移动到新位置: 8.051972 , 0 , 7.720614
2025-11-27 21:43:08.3727 (StateSyncRequestHandler.cs:18) 玩家ID:489242989124911105 移动方向: 0.6877158 , 0 , -0.72598
2025-11-27 21:43:08.3727 (StateSyncRequestHandler.cs:18) 玩家ID:489242989124911105 移动到新位置: 8.189515 , 0 , 7.575418
2025-11-27 21:43:08.4647 (StateSyncRequestHandler.cs:18) 玩家ID:489242989124911105 移动方向: 0.9996258 , 0 , -0.027355207
2025-11-27 21:43:08.4647 (StateSyncRequestHandler.cs:18) 玩家ID:489242989124911105 移动到新位置: 8.389441 , 0 , 7.569947
2025-11-27 21:43:08.5729 (StateSyncRequestHandler.cs:18) 玩家ID:489242989124911105 移动方向: 0.7262481 , 0 , 0.6874326
2025-11-27 21:43:08.5729 (StateSyncRequestHandler.cs:18) 玩家ID:489242989124911105 移动到新位置: 8.53469 , 0 , 7.707433
2025-11-27 21:43:08.6669 (StateSyncRequestHandler.cs:18) 玩家ID:489242989124911105 移动方向: -0.9996226 , 0 , 0.0274727
2025-11-27 21:43:08.6669 (StateSyncRequestHandler.cs:18) 玩家ID:489242989124911105 移动到新位置: 8.334765 , 0 , 7.712928
2025-11-27 21:43:08.7580 (StateSyncRequestHandler.cs:18) 玩家ID:489242989124911105 移动方向: -0.7262724 , 0 , -0.687407
2025-11-27 21:43:08.7580 (StateSyncRequestHandler.cs:18) 玩家ID:489242989124911105 移动到新位置: 8.189511 , 0 , 7.5754466
2025-11-27 21:43:08.8665 (StateSyncRequestHandler.cs:18) 玩家ID:489242989124911105 移动方向: 0.68740475 , 0 , -0.7262745
2025-11-27 21:43:08.8665 (StateSyncRequestHandler.cs:18) 玩家ID:489242989124911105 移动到新位置: 8.326992 , 0 , 7.4301915
2025-11-27 21:43:08.9608 (StateSyncRequestHandler.cs:18) 玩家ID:489242989124911105 移动方向: 0.6874046 , 0 , -0.72627467
2025-11-27 21:43:08.9608 (StateSyncRequestHandler.cs:18) 玩家ID:489242989124911105 移动到新位置: 8.464473 , 0 , 7.2849364
2025-11-27 21:43:09.0691 (StateSyncRequestHandler.cs:18) 玩家ID:489242989124911105 移动到新位置: 8.464473 , 0 , 7.2849364
2025-11-27 21:45:22.5746  收到登录请求
2025-11-27 21:45:22.6363  进入大厅成功，玩家ID:490676460229754881
2025-11-27 21:45:22.6363  获取其他玩家数据，玩家ID:489242989124911105
2025-11-27 21:45:25.8931 (StateSyncRequestHandler.cs:18) 玩家ID:490676460229754881 移动方向: -0.7755798 , 0 , 0.63124955
2025-11-27 21:45:25.8931 (StateSyncRequestHandler.cs:18) 玩家ID:490676460229754881 移动到新位置: 6.764456 , 0 , -8.217352
2025-11-27 21:45:25.9856 (StateSyncRequestHandler.cs:18) 玩家ID:490676460229754881 移动方向: -0.8121667 , 0 , 0.5834255
2025-11-27 21:45:25.9856 (StateSyncRequestHandler.cs:18) 玩家ID:490676460229754881 移动到新位置: 6.6020226 , 0 , -8.100667
2025-11-27 21:45:26.0782 (StateSyncRequestHandler.cs:18) 玩家ID:490676460229754881 移动方向: -0.82122475 , 0 , 0.5706048
2025-11-27 21:45:26.0782 (StateSyncRequestHandler.cs:18) 玩家ID:490676460229754881 移动到新位置: 6.4377775 , 0 , -7.986546
2025-11-27 21:45:26.1863 (StateSyncRequestHandler.cs:18) 玩家ID:490676460229754881 移动方向: -0.7923493 , 0 , 0.61006767
2025-11-27 21:45:26.1863 (StateSyncRequestHandler.cs:18) 玩家ID:490676460229754881 移动到新位置: 6.279308 , 0 , -7.8645325
2025-11-27 21:45:26.2966 (StateSyncRequestHandler.cs:18) 玩家ID:490676460229754881 移动方向: -0.6110394 , 0 , 0.79160017
2025-11-27 21:45:26.2966 (StateSyncRequestHandler.cs:18) 玩家ID:490676460229754881 移动到新位置: 6.1570997 , 0 , -7.7062125
2025-11-27 21:45:26.3744 (StateSyncRequestHandler.cs:18) 玩家ID:490676460229754881 移动方向: -0.45475343 , 0 , 0.8906174
2025-11-27 21:45:26.3744 (StateSyncRequestHandler.cs:18) 玩家ID:490676460229754881 移动到新位置: 6.066149 , 0 , -7.528089
2025-11-27 21:45:26.4830 (StateSyncRequestHandler.cs:18) 玩家ID:490676460229754881 移动方向: -0.88300526 , 0 , 0.46936297
2025-11-27 21:45:26.4830 (StateSyncRequestHandler.cs:18) 玩家ID:490676460229754881 移动到新位置: 5.8895483 , 0 , -7.4342165
2025-11-27 21:45:26.5931 (StateSyncRequestHandler.cs:18) 玩家ID:490676460229754881 移动方向: -0.8451765 , 0 , 0.5344872
2025-11-27 21:45:26.5931 (StateSyncRequestHandler.cs:18) 玩家ID:490676460229754881 移动到新位置: 5.720513 , 0 , -7.327319
2025-11-27 21:45:26.6835 (StateSyncRequestHandler.cs:18) 玩家ID:490676460229754881 移动方向: -0.8155295 , 0 , 0.57871544
2025-11-27 21:45:26.6835 (StateSyncRequestHandler.cs:18) 玩家ID:490676460229754881 移动到新位置: 5.557407 , 0 , -7.211576
2025-11-27 21:45:26.7774 (StateSyncRequestHandler.cs:18) 玩家ID:490676460229754881 移动方向: -0.79241544 , 0 , 0.6099817
2025-11-27 21:45:26.7774 (StateSyncRequestHandler.cs:18) 玩家ID:490676460229754881 移动到新位置: 5.398924 , 0 , -7.0895796
2025-11-27 21:45:26.9000 (StateSyncRequestHandler.cs:18) 玩家ID:490676460229754881 移动方向: -0.7809542 , 0 , 0.62458813
2025-11-27 21:45:26.9000 (StateSyncRequestHandler.cs:18) 玩家ID:490676460229754881 移动到新位置: 5.242733 , 0 , -6.964662
2025-11-27 21:45:26.9789 (StateSyncRequestHandler.cs:18) 玩家ID:490676460229754881 移动方向: -0.105123065 , 0 , 0.9944593
2025-11-27 21:45:26.9789 (StateSyncRequestHandler.cs:18) 玩家ID:490676460229754881 移动到新位置: 5.2217083 , 0 , -6.7657704
2025-11-27 21:45:27.0872 (StateSyncRequestHandler.cs:18) 玩家ID:490676460229754881 移动方向: -0.10290964 , 0 , 0.9946907
2025-11-27 21:45:27.0872 (StateSyncRequestHandler.cs:18) 玩家ID:490676460229754881 移动到新位置: 5.2011266 , 0 , -6.5668325
2025-11-27 21:45:27.1966 (StateSyncRequestHandler.cs:18) 玩家ID:490676460229754881 移动方向: -0.10221912 , 0 , 0.99476194
2025-11-27 21:45:27.1966 (StateSyncRequestHandler.cs:18) 玩家ID:490676460229754881 移动到新位置: 5.1806827 , 0 , -6.3678803
2025-11-27 21:45:27.2876 (StateSyncRequestHandler.cs:18) 玩家ID:490676460229754881 移动方向: -0.10201839 , 0 , 0.9947825
2025-11-27 21:45:27.2876 (StateSyncRequestHandler.cs:18) 玩家ID:490676460229754881 移动到新位置: 5.160279 , 0 , -6.168924
2025-11-27 21:45:27.3967 (StateSyncRequestHandler.cs:18) 玩家ID:490676460229754881 移动方向: -0.7755131 , 0 , 0.6313315
2025-11-27 21:45:27.3967 (StateSyncRequestHandler.cs:18) 玩家ID:490676460229754881 移动到新位置: 5.005176 , 0 , -6.0426574
2025-11-27 21:45:27.4896 (StateSyncRequestHandler.cs:18) 玩家ID:490676460229754881 移动方向: -0.7755004 , 0 , 0.63134706
2025-11-27 21:45:27.4902 (StateSyncRequestHandler.cs:18) 玩家ID:490676460229754881 移动到新位置: 4.850076 , 0 , -5.916388
2025-11-27 21:45:27.5828 (StateSyncRequestHandler.cs:18) 玩家ID:490676460229754881 移动方向: -0.7754971 , 0 , 0.63135105
2025-11-27 21:45:27.5828 (StateSyncRequestHandler.cs:18) 玩家ID:490676460229754881 移动到新位置: 4.694977 , 0 , -5.7901177
2025-11-27 21:45:27.6761 (StateSyncRequestHandler.cs:18) 玩家ID:490676460229754881 移动方向: -0.7754961 , 0 , 0.6313523
2025-11-27 21:45:27.6761 (StateSyncRequestHandler.cs:18) 玩家ID:490676460229754881 移动到新位置: 4.5398774 , 0 , -5.6638474
2025-11-27 21:45:27.7842 (StateSyncRequestHandler.cs:18) 玩家ID:490676460229754881 移动方向: -0.10192455 , 0 , 0.9947921
2025-11-27 21:45:27.7842 (StateSyncRequestHandler.cs:18) 玩家ID:490676460229754881 移动到新位置: 4.5194926 , 0 , -5.464889
2025-11-27 21:45:27.8935 (StateSyncRequestHandler.cs:18) 玩家ID:490676460229754881 移动方向: -0.101924405 , 0 , 0.99479216
2025-11-27 21:45:27.8935 (StateSyncRequestHandler.cs:18) 玩家ID:490676460229754881 移动到新位置: 4.499108 , 0 , -5.2659307
2025-11-27 21:45:27.9856 (StateSyncRequestHandler.cs:18) 玩家ID:490676460229754881 移动方向: -0.10192437 , 0 , 0.99479216
2025-11-27 21:45:27.9856 (StateSyncRequestHandler.cs:18) 玩家ID:490676460229754881 移动到新位置: 4.478723 , 0 , -5.0669723
2025-11-27 21:45:28.0949 (StateSyncRequestHandler.cs:18) 玩家ID:490676460229754881 移动方向: -0.10192437 , 0 , 0.99479216
2025-11-27 21:45:28.0949 (StateSyncRequestHandler.cs:18) 玩家ID:490676460229754881 移动到新位置: 4.4583383 , 0 , -4.868014
2025-11-27 21:45:28.1900 (StateSyncRequestHandler.cs:18) 玩家ID:490676460229754881 移动方向: -0.10192437 , 0 , 0.99479216
2025-11-27 21:45:28.1900 (StateSyncRequestHandler.cs:18) 玩家ID:490676460229754881 移动到新位置: 4.4379535 , 0 , -4.6690555
2025-11-27 21:45:28.2827 (StateSyncRequestHandler.cs:18) 玩家ID:490676460229754881 移动方向: -0.10192437 , 0 , 0.99479216
2025-11-27 21:45:28.2827 (StateSyncRequestHandler.cs:18) 玩家ID:490676460229754881 移动到新位置: 4.4175687 , 0 , -4.470097
2025-11-27 21:45:28.3917 (StateSyncRequestHandler.cs:18) 玩家ID:490676460229754881 移动方向: -0.10192437 , 0 , 0.99479216
2025-11-27 21:45:28.3917 (StateSyncRequestHandler.cs:18) 玩家ID:490676460229754881 移动到新位置: 4.397184 , 0 , -4.2711387
2025-11-27 21:45:28.4852 (StateSyncRequestHandler.cs:18) 玩家ID:490676460229754881 移动方向: -0.10192437 , 0 , 0.99479216
2025-11-27 21:45:28.4852 (StateSyncRequestHandler.cs:18) 玩家ID:490676460229754881 移动到新位置: 4.376799 , 0 , -4.0721803
2025-11-27 21:45:28.5777 (StateSyncRequestHandler.cs:18) 玩家ID:490676460229754881 移动方向: -0.10192437 , 0 , 0.99479216
2025-11-27 21:45:28.5777 (StateSyncRequestHandler.cs:18) 玩家ID:490676460229754881 移动到新位置: 4.3564143 , 0 , -3.8732219
2025-11-27 21:45:28.6868 (StateSyncRequestHandler.cs:18) 玩家ID:490676460229754881 移动方向: -0.10192437 , 0 , 0.99479216
2025-11-27 21:45:28.6868 (StateSyncRequestHandler.cs:18) 玩家ID:490676460229754881 移动到新位置: 4.3360295 , 0 , -3.6742635
2025-11-27 21:45:28.7792 (StateSyncRequestHandler.cs:18) 玩家ID:490676460229754881 移动方向: -0.10192437 , 0 , 0.99479216
2025-11-27 21:45:28.7792 (StateSyncRequestHandler.cs:18) 玩家ID:490676460229754881 移动到新位置: 4.3156447 , 0 , -3.475305
2025-11-27 21:45:28.8887 (StateSyncRequestHandler.cs:18) 玩家ID:490676460229754881 移动方向: -0.10043017 , 0 , 0.9949441
2025-11-27 21:45:28.8887 (StateSyncRequestHandler.cs:18) 玩家ID:490676460229754881 移动到新位置: 4.295559 , 0 , -3.2763162
2025-11-27 21:45:28.9822 (StateSyncRequestHandler.cs:18) 玩家ID:490676460229754881 移动方向: -0.73325324 , 0 , 0.6799556
2025-11-27 21:45:28.9822 (StateSyncRequestHandler.cs:18) 玩家ID:490676460229754881 移动到新位置: 4.148908 , 0 , -3.140325
2025-11-27 21:45:29.0904 (StateSyncRequestHandler.cs:18) 玩家ID:490676460229754881 移动方向: -0.60823095 , 0 , 0.79376006
2025-11-27 21:45:29.0904 (StateSyncRequestHandler.cs:18) 玩家ID:490676460229754881 移动到新位置: 4.0272617 , 0 , -2.981573
2025-11-27 21:45:29.1837 (StateSyncRequestHandler.cs:18) 玩家ID:490676460229754881 移动方向: 0.23459874 , 0 , 0.97209233
2025-11-27 21:45:29.1837 (StateSyncRequestHandler.cs:18) 玩家ID:490676460229754881 移动到新位置: 4.0741816 , 0 , -2.7871547
2025-11-27 21:45:29.2753 (StateSyncRequestHandler.cs:18) 玩家ID:490676460229754881 移动方向: 0.2748786 , 0 , 0.9614789
2025-11-27 21:45:29.2753 (StateSyncRequestHandler.cs:18) 玩家ID:490676460229754881 移动到新位置: 4.129157 , 0 , -2.594859
2025-11-27 21:45:29.3828 (StateSyncRequestHandler.cs:18) 玩家ID:490676460229754881 移动方向: 0.88454205 , 0 , 0.46646047
2025-11-27 21:45:29.3828 (StateSyncRequestHandler.cs:18) 玩家ID:490676460229754881 移动到新位置: 4.3060656 , 0 , -2.501567
2025-11-27 21:45:29.4930 (StateSyncRequestHandler.cs:18) 玩家ID:490676460229754881 移动方向: 0.88778126 , 0 , 0.46026558
2025-11-27 21:45:29.4930 (StateSyncRequestHandler.cs:18) 玩家ID:490676460229754881 移动到新位置: 4.4836216 , 0 , -2.4095137
2025-11-27 21:45:29.5861 (StateSyncRequestHandler.cs:18) 玩家ID:490676460229754881 移动方向: 0.8887428 , 0 , 0.45840612
2025-11-27 21:45:29.5861 (StateSyncRequestHandler.cs:18) 玩家ID:490676460229754881 移动到新位置: 4.6613703 , 0 , -2.3178325
2025-11-27 21:45:29.6807 (StateSyncRequestHandler.cs:18) 玩家ID:490676460229754881 移动方向: 0.30498457 , 0 , 0.9523573
2025-11-27 21:45:29.6807 (StateSyncRequestHandler.cs:18) 玩家ID:490676460229754881 移动到新位置: 4.7223673 , 0 , -2.127361
2025-11-27 21:45:29.7888 (StateSyncRequestHandler.cs:18) 玩家ID:490676460229754881 移动方向: 0.30518553 , 0 , 0.9522929
2025-11-27 21:45:29.7888 (StateSyncRequestHandler.cs:18) 玩家ID:490676460229754881 移动到新位置: 4.7834044 , 0 , -1.9369025
2025-11-27 21:45:29.8804 (StateSyncRequestHandler.cs:18) 玩家ID:490676460229754881 移动方向: 0.30525193 , 0 , 0.95227164
2025-11-27 21:45:29.8804 (StateSyncRequestHandler.cs:18) 玩家ID:490676460229754881 移动到新位置: 4.844455 , 0 , -1.7464482
2025-11-27 21:45:29.9886 (StateSyncRequestHandler.cs:18) 玩家ID:490676460229754881 移动方向: 0.30580124 , 0 , 0.9520953
2025-11-27 21:45:29.9886 (StateSyncRequestHandler.cs:18) 玩家ID:490676460229754881 移动到新位置: 4.905615 , 0 , -1.5560291
2025-11-27 21:45:30.0823 (StateSyncRequestHandler.cs:18) 玩家ID:490676460229754881 移动方向: 0.8902319 , 0 , 0.45550752
2025-11-27 21:45:30.0823 (StateSyncRequestHandler.cs:18) 玩家ID:490676460229754881 移动到新位置: 5.083661 , 0 , -1.4649276
2025-11-27 21:45:30.1909 (StateSyncRequestHandler.cs:18) 玩家ID:490676460229754881 移动方向: 0.89074033 , 0 , 0.45451242
2025-11-27 21:45:30.1909 (StateSyncRequestHandler.cs:18) 玩家ID:490676460229754881 移动到新位置: 5.2618093 , 0 , -1.3740251
2025-11-27 21:45:30.2981 (StateSyncRequestHandler.cs:18) 玩家ID:490676460229754881 移动方向: 0.89091456 , 0 , 0.45417094
2025-11-27 21:45:30.2981 (StateSyncRequestHandler.cs:18) 玩家ID:490676460229754881 移动到新位置: 5.4399924 , 0 , -1.283191
2025-11-27 21:45:30.3750 (StateSyncRequestHandler.cs:18) 玩家ID:490676460229754881 移动方向: 0.89097077 , 0 , 0.4540606
2025-11-27 21:45:30.3750 (StateSyncRequestHandler.cs:18) 玩家ID:490676460229754881 移动到新位置: 5.6181865 , 0 , -1.1923789
2025-11-27 21:45:30.4823 (StateSyncRequestHandler.cs:18) 玩家ID:490676460229754881 移动方向: 0.89099705 , 0 , 0.45400906
2025-11-27 21:45:30.4823 (StateSyncRequestHandler.cs:18) 玩家ID:490676460229754881 移动到新位置: 5.796386 , 0 , -1.101577
2025-11-27 21:45:30.5770 (StateSyncRequestHandler.cs:18) 玩家ID:490676460229754881 移动方向: 0.89100313 , 0 , 0.4539972
2025-11-27 21:45:30.5770 (StateSyncRequestHandler.cs:18) 玩家ID:490676460229754881 移动到新位置: 5.9745865 , 0 , -1.0107776
2025-11-27 21:45:30.6867 (StateSyncRequestHandler.cs:18) 玩家ID:490676460229754881 移动到新位置: 5.9745865 , 0 , -1.0107776
2025-11-27 21:45:30.9812 (StateSyncRequestHandler.cs:18) 玩家ID:490676460229754881 移动方向: -0.9510565 , 0 , 0.30901712
2025-11-27 21:45:30.9812 (StateSyncRequestHandler.cs:18) 玩家ID:490676460229754881 移动到新位置: 5.784375 , 0 , -0.9489742
2025-11-27 21:45:31.0906 (StateSyncRequestHandler.cs:18) 玩家ID:490676460229754881 移动方向: -0.9510565 , 0 , 0.30901712
2025-11-27 21:45:31.0906 (StateSyncRequestHandler.cs:18) 玩家ID:490676460229754881 移动到新位置: 5.594164 , 0 , -0.8871708
2025-11-27 21:45:31.1988 (StateSyncRequestHandler.cs:18) 玩家ID:490676460229754881 移动方向: -0.9534398 , 0 , 0.30158356
2025-11-27 21:45:31.1988 (StateSyncRequestHandler.cs:18) 玩家ID:490676460229754881 移动到新位置: 5.4034758 , 0 , -0.8268541
2025-11-27 21:45:31.2907 (StateSyncRequestHandler.cs:18) 玩家ID:490676460229754881 移动方向: -0.4865688 , 0 , 0.8736422
2025-11-27 21:45:31.2907 (StateSyncRequestHandler.cs:18) 玩家ID:490676460229754881 移动到新位置: 5.306162 , 0 , -0.65212566
2025-11-27 21:45:31.3851 (StateSyncRequestHandler.cs:18) 玩家ID:490676460229754881 移动方向: -0.504633 , 0 , 0.86333394
2025-11-27 21:45:31.3851 (StateSyncRequestHandler.cs:18) 玩家ID:490676460229754881 移动到新位置: 5.2052355 , 0 , -0.47945887
2025-11-27 21:45:31.4935 (StateSyncRequestHandler.cs:18) 玩家ID:490676460229754881 移动方向: 0.24520136 , 0 , 0.96947217
2025-11-27 21:45:31.4935 (StateSyncRequestHandler.cs:18) 玩家ID:490676460229754881 移动到新位置: 5.254276 , 0 , -0.28556442
2025-11-27 21:45:31.5868 (StateSyncRequestHandler.cs:18) 玩家ID:490676460229754881 移动方向: 0.24250178 , 0 , 0.97015095
2025-11-27 21:45:31.5868 (StateSyncRequestHandler.cs:18) 玩家ID:490676460229754881 移动到新位置: 5.3027763 , 0 , -0.09153424
2025-11-27 21:45:31.6788 (StateSyncRequestHandler.cs:18) 玩家ID:490676460229754881 移动方向: 0.24154216 , 0 , 0.9703903
2025-11-27 21:45:31.6788 (StateSyncRequestHandler.cs:18) 玩家ID:490676460229754881 移动到新位置: 5.3510847 , 0 , 0.102543816
2025-11-27 21:45:31.7877 (StateSyncRequestHandler.cs:18) 玩家ID:490676460229754881 移动方向: -0.51566106 , 0 , 0.8567926
2025-11-27 21:45:31.7877 (StateSyncRequestHandler.cs:18) 玩家ID:490676460229754881 移动到新位置: 5.2479525 , 0 , 0.27390236
2025-11-27 21:45:31.8958 (StateSyncRequestHandler.cs:18) 玩家ID:490676460229754881 移动方向: -0.5157478 , 0 , 0.8567405
2025-11-27 21:45:31.8967 (StateSyncRequestHandler.cs:18) 玩家ID:490676460229754881 移动到新位置: 5.144803 , 0 , 0.44525045
2025-11-27 21:45:31.9902 (StateSyncRequestHandler.cs:18) 玩家ID:490676460229754881 移动方向: -0.51577497 , 0 , 0.8567241
2025-11-27 21:45:31.9907 (StateSyncRequestHandler.cs:18) 玩家ID:490676460229754881 移动到新位置: 5.041648 , 0 , 0.61659527
2025-11-27 21:45:32.0836 (StateSyncRequestHandler.cs:18) 玩家ID:490676460229754881 移动方向: 0.24107938 , 0 , 0.9705054
2025-11-27 21:45:32.0836 (StateSyncRequestHandler.cs:18) 玩家ID:490676460229754881 移动到新位置: 5.089864 , 0 , 0.81069636
2025-11-27 21:45:32.1916 (StateSyncRequestHandler.cs:18) 玩家ID:490676460229754881 移动到新位置: 5.089864 , 0 , 0.81069636
2025-11-27 21:45:33.7863 (StateSyncRequestHandler.cs:18) 玩家ID:490676460229754881 移动方向: -0.75888145 , 0 , 0.6512288
2025-11-27 21:45:33.7871 (StateSyncRequestHandler.cs:18) 玩家ID:490676460229754881 移动到新位置: 4.9380875 , 0 , 0.9409421
2025-11-27 21:45:33.8928 (StateSyncRequestHandler.cs:18) 玩家ID:490676460229754881 移动方向: -0.6586798 , 0 , 0.75242335
2025-11-27 21:45:33.8928 (StateSyncRequestHandler.cs:18) 玩家ID:490676460229754881 移动到新位置: 4.8063517 , 0 , 1.0914267
2025-11-27 21:45:33.9852 (StateSyncRequestHandler.cs:18) 玩家ID:490676460229754881 移动方向: -0.6072213 , 0 , 0.7945328
2025-11-27 21:45:33.9852 (StateSyncRequestHandler.cs:18) 玩家ID:490676460229754881 移动到新位置: 4.6849074 , 0 , 1.2503333
2025-11-27 21:45:34.0772 (StateSyncRequestHandler.cs:18) 玩家ID:490676460229754881 移动方向: -0.41774303 , 0 , 0.90856516
2025-11-27 21:45:34.0772 (StateSyncRequestHandler.cs:18) 玩家ID:490676460229754881 移动到新位置: 4.601359 , 0 , 1.4320463
2025-11-27 21:45:34.1861 (StateSyncRequestHandler.cs:18) 玩家ID:490676460229754881 移动方向: -0.0783807 , 0 , 0.9969235
2025-11-27 21:45:34.1861 (StateSyncRequestHandler.cs:18) 玩家ID:490676460229754881 移动到新位置: 4.585683 , 0 , 1.631431
2025-11-27 21:45:34.2786 (StateSyncRequestHandler.cs:18) 玩家ID:490676460229754881 移动方向: 0.10915848 , 0 , 0.9940244
2025-11-27 21:45:34.2786 (StateSyncRequestHandler.cs:18) 玩家ID:490676460229754881 移动到新位置: 4.6075144 , 0 , 1.8302358
2025-11-27 21:45:34.3867 (StateSyncRequestHandler.cs:18) 玩家ID:490676460229754881 移动方向: 0.83491015 , 0 , 0.5503863
2025-11-27 21:45:34.3867 (StateSyncRequestHandler.cs:18) 玩家ID:490676460229754881 移动到新位置: 4.7744966 , 0 , 1.9403131
2025-11-27 21:45:34.4802 (StateSyncRequestHandler.cs:18) 玩家ID:490676460229754881 移动方向: 0.8530364 , 0 , 0.5218514
2025-11-27 21:45:34.4802 (StateSyncRequestHandler.cs:18) 玩家ID:490676460229754881 移动到新位置: 4.9451036 , 0 , 2.0446835
2025-11-27 21:45:34.5870 (StateSyncRequestHandler.cs:18) 玩家ID:490676460229754881 移动方向: 0.8583924 , 0 , 0.51299363
2025-11-27 21:45:34.5870 (StateSyncRequestHandler.cs:18) 玩家ID:490676460229754881 移动到新位置: 5.116782 , 0 , 2.1472821
2025-11-27 21:45:34.6814 (StateSyncRequestHandler.cs:18) 玩家ID:490676460229754881 移动方向: 0.24709375 , 0 , 0.9689916
2025-11-27 21:45:34.6814 (StateSyncRequestHandler.cs:18) 玩家ID:490676460229754881 移动到新位置: 5.166201 , 0 , 2.3410804
2025-11-27 21:45:34.7890 (StateSyncRequestHandler.cs:18) 玩家ID:490676460229754881 移动方向: -0.5093899 , 0 , 0.8605358
2025-11-27 21:45:34.7890 (StateSyncRequestHandler.cs:18) 玩家ID:490676460229754881 移动到新位置: 5.064323 , 0 , 2.5131876
2025-11-27 21:45:34.8952 (StateSyncRequestHandler.cs:18) 玩家ID:490676460229754881 移动方向: -0.50913906 , 0 , 0.8606843
2025-11-27 21:45:34.8960 (StateSyncRequestHandler.cs:18) 玩家ID:490676460229754881 移动到新位置: 4.9624953 , 0 , 2.6853244
2025-11-27 21:45:34.9738 (StateSyncRequestHandler.cs:18) 玩家ID:490676460229754881 移动方向: -0.9685926 , 0 , 0.24865326
2025-11-27 21:45:34.9738 (StateSyncRequestHandler.cs:18) 玩家ID:490676460229754881 移动到新位置: 4.768777 , 0 , 2.735055
2025-11-27 21:45:35.0982 (StateSyncRequestHandler.cs:18) 玩家ID:490676460229754881 移动方向: -0.96858543 , 0 , 0.24868096
2025-11-27 21:45:35.0989 (StateSyncRequestHandler.cs:18) 玩家ID:490676460229754881 移动到新位置: 4.57506 , 0 , 2.7847912
2025-11-27 21:45:35.1904 (StateSyncRequestHandler.cs:18) 玩家ID:490676460229754881 移动方向: -0.5090437 , 0 , 0.86074066
2025-11-27 21:45:35.1904 (StateSyncRequestHandler.cs:18) 玩家ID:490676460229754881 移动到新位置: 4.4732513 , 0 , 2.9569395
2025-11-27 21:45:35.2827 (StateSyncRequestHandler.cs:18) 玩家ID:490676460229754881 移动方向: 0.24868917 , 0 , 0.96858335
2025-11-27 21:45:35.2827 (StateSyncRequestHandler.cs:18) 玩家ID:490676460229754881 移动到新位置: 4.5229893 , 0 , 3.1506562
2025-11-27 21:45:35.3914 (StateSyncRequestHandler.cs:18) 玩家ID:490676460229754881 移动方向: 0.24868983 , 0 , 0.96858317
2025-11-27 21:45:35.3914 (StateSyncRequestHandler.cs:18) 玩家ID:490676460229754881 移动到新位置: 4.572727 , 0 , 3.3443727
2025-11-27 21:45:35.4841 (StateSyncRequestHandler.cs:18) 玩家ID:490676460229754881 移动方向: 0.86155415 , 0 , 0.50766563
2025-11-27 21:45:35.4841 (StateSyncRequestHandler.cs:18) 玩家ID:490676460229754881 移动到新位置: 4.745038 , 0 , 3.445906
2025-11-27 21:45:35.5777 (StateSyncRequestHandler.cs:18) 玩家ID:490676460229754881 移动方向: 0.8892454 , 0 , 0.45743036
2025-11-27 21:45:35.5777 (StateSyncRequestHandler.cs:18) 玩家ID:490676460229754881 移动到新位置: 4.9228873 , 0 , 3.537392
2025-11-27 21:45:35.6852 (StateSyncRequestHandler.cs:18) 玩家ID:490676460229754881 移动方向: 0.9574921 , 0 , 0.28845957
2025-11-27 21:45:35.6852 (StateSyncRequestHandler.cs:18) 玩家ID:490676460229754881 移动到新位置: 5.1143856 , 0 , 3.5950837
2025-11-27 21:45:35.7940 (StateSyncRequestHandler.cs:18) 玩家ID:490676460229754881 移动方向: 0.996313 , 0 , 0.08579323
2025-11-27 21:45:35.7940 (StateSyncRequestHandler.cs:18) 玩家ID:490676460229754881 移动到新位置: 5.313648 , 0 , 3.6122425
2025-11-27 21:45:35.8868 (StateSyncRequestHandler.cs:18) 玩家ID:490676460229754881 移动到新位置: 5.313648 , 0 , 3.6122425
2025-11-27 21:45:36.4921 (StateSyncRequestHandler.cs:18) 玩家ID:490676460229754881 移动方向: -0.7448612 , 0 , -0.6672194
2025-11-27 21:45:36.4921 (StateSyncRequestHandler.cs:18) 玩家ID:490676460229754881 移动到新位置: 5.164676 , 0 , 3.4787986
2025-11-27 21:45:36.5860 (StateSyncRequestHandler.cs:18) 玩家ID:490676460229754881 移动方向: -0.7448854 , 0 , -0.66719246
2025-11-27 21:45:36.5860 (StateSyncRequestHandler.cs:18) 玩家ID:490676460229754881 移动到新位置: 5.015699 , 0 , 3.34536
2025-11-27 21:45:36.6955 (StateSyncRequestHandler.cs:18) 玩家ID:490676460229754881 移动方向: -0.7448916 , 0 , -0.66718554
2025-11-27 21:45:36.6955 (StateSyncRequestHandler.cs:18) 玩家ID:490676460229754881 移动到新位置: 4.8667207 , 0 , 3.211923
2025-11-27 21:45:36.7875 (StateSyncRequestHandler.cs:18) 玩家ID:490676460229754881 移动方向: -0.7448935 , 0 , -0.6671834
2025-11-27 21:45:36.7875 (StateSyncRequestHandler.cs:18) 玩家ID:490676460229754881 移动到新位置: 4.717742 , 0 , 3.0784862
2025-11-27 21:45:36.8794 (StateSyncRequestHandler.cs:18) 玩家ID:490676460229754881 移动方向: -0.7448939 , 0 , -0.667183
2025-11-27 21:45:36.8804 (StateSyncRequestHandler.cs:18) 玩家ID:490676460229754881 移动到新位置: 4.5687633 , 0 , 2.9450495
2025-11-27 21:45:36.9873 (StateSyncRequestHandler.cs:18) 玩家ID:490676460229754881 移动方向: -0.744894 , 0 , -0.66718274
2025-11-27 21:45:36.9873 (StateSyncRequestHandler.cs:18) 玩家ID:490676460229754881 移动到新位置: 4.4197845 , 0 , 2.811613
2025-11-27 21:45:37.0951 (StateSyncRequestHandler.cs:18) 玩家ID:490676460229754881 移动方向: -0.744894 , 0 , -0.66718274
2025-11-27 21:45:37.0951 (StateSyncRequestHandler.cs:18) 玩家ID:490676460229754881 移动到新位置: 4.270806 , 0 , 2.6781766
2025-11-27 21:45:37.1882 (StateSyncRequestHandler.cs:18) 玩家ID:490676460229754881 移动方向: -0.99848914 , 0 , 0.054950207
2025-11-27 21:45:37.1882 (StateSyncRequestHandler.cs:18) 玩家ID:490676460229754881 移动到新位置: 4.071108 , 0 , 2.6891668
2025-11-27 21:45:37.2834 (StateSyncRequestHandler.cs:18) 玩家ID:490676460229754881 移动方向: -0.6671828 , 0 , 0.7448941
2025-11-27 21:45:37.2834 (StateSyncRequestHandler.cs:18) 玩家ID:490676460229754881 移动到新位置: 3.9376712 , 0 , 2.8381455
2025-11-27 21:45:37.3897 (StateSyncRequestHandler.cs:18) 玩家ID:490676460229754881 移动方向: 0.744894 , 0 , 0.66718274
2025-11-27 21:45:37.3897 (StateSyncRequestHandler.cs:18) 玩家ID:490676460229754881 移动到新位置: 4.08665 , 0 , 2.971582
2025-11-27 21:45:37.4813 (StateSyncRequestHandler.cs:18) 玩家ID:490676460229754881 移动方向: 0.99848914 , 0 , -0.054950207
2025-11-27 21:45:37.4813 (StateSyncRequestHandler.cs:18) 玩家ID:490676460229754881 移动到新位置: 4.286348 , 0 , 2.9605918
2025-11-27 21:45:37.5906 (StateSyncRequestHandler.cs:18) 玩家ID:490676460229754881 移动方向: 0.99848914 , 0 , -0.054950207
2025-11-27 21:45:37.5906 (StateSyncRequestHandler.cs:18) 玩家ID:490676460229754881 移动到新位置: 4.486046 , 0 , 2.9496017
2025-11-27 21:45:37.6994 (StateSyncRequestHandler.cs:18) 玩家ID:490676460229754881 移动方向: 0.054950148 , 0 , 0.998489
2025-11-27 21:45:37.6994 (StateSyncRequestHandler.cs:18) 玩家ID:490676460229754881 移动到新位置: 4.497036 , 0 , 3.1492994
2025-11-27 21:45:37.7918 (StateSyncRequestHandler.cs:18) 玩家ID:490676460229754881 移动方向: 0.054950148 , 0 , 0.998489
2025-11-27 21:45:37.7918 (StateSyncRequestHandler.cs:18) 玩家ID:490676460229754881 移动到新位置: 4.508026 , 0 , 3.348997
2025-11-27 21:45:37.8843 (StateSyncRequestHandler.cs:18) 玩家ID:490676460229754881 移动方向: 0.054950148 , 0 , 0.998489
2025-11-27 21:45:37.8843 (StateSyncRequestHandler.cs:18) 玩家ID:490676460229754881 移动到新位置: 4.5190163 , 0 , 3.5486948
2025-11-27 21:45:37.9762 (StateSyncRequestHandler.cs:18) 玩家ID:490676460229754881 移动方向: 0.05344388 , 0 , 0.9985708
2025-11-27 21:45:37.9762 (StateSyncRequestHandler.cs:18) 玩家ID:490676460229754881 移动到新位置: 4.529705 , 0 , 3.748409
2025-11-27 21:45:38.0847 (StateSyncRequestHandler.cs:18) 玩家ID:490676460229754881 移动到新位置: 4.529705 , 0 , 3.748409
2025-11-27 21:45:38.4909 (StateSyncRequestHandler.cs:18) 玩家ID:490676460229754881 移动方向: 0.44976828 , 0 , 0.89314526
2025-11-27 21:45:38.4909 (StateSyncRequestHandler.cs:18) 玩家ID:490676460229754881 移动到新位置: 4.6196585 , 0 , 3.9270382
2025-11-27 21:45:38.5981 (StateSyncRequestHandler.cs:18) 玩家ID:490676460229754881 移动方向: 0.37494507 , 0 , 0.927047
2025-11-27 21:45:38.5981 (StateSyncRequestHandler.cs:18) 玩家ID:490676460229754881 移动到新位置: 4.6946473 , 0 , 4.1124477
2025-11-27 21:45:38.6912 (StateSyncRequestHandler.cs:18) 玩家ID:490676460229754881 移动方向: 0.34813932 , 0 , 0.93744284
2025-11-27 21:45:38.6912 (StateSyncRequestHandler.cs:18) 玩家ID:490676460229754881 移动到新位置: 4.764275 , 0 , 4.2999363
2025-11-27 21:45:38.7847 (StateSyncRequestHandler.cs:18) 玩家ID:490676460229754881 移动到新位置: 4.764275 , 0 , 4.2999363
2025-11-27 21:45:40.2619 (StateSyncRequestHandler.cs:18) 玩家ID:489242989124911105 移动方向: -0.38042635 , 0 , -0.92481124
2025-11-27 21:45:40.2619 (StateSyncRequestHandler.cs:18) 玩家ID:489242989124911105 移动到新位置: 8.388388 , 0 , 7.099974
2025-11-27 21:45:40.3854 (StateSyncRequestHandler.cs:18) 玩家ID:489242989124911105 移动方向: -0.21801801 , 0 , -0.97594476
2025-11-27 21:45:40.3854 (StateSyncRequestHandler.cs:18) 玩家ID:489242989124911105 移动到新位置: 8.344784 , 0 , 6.904785
2025-11-27 21:45:40.4642 (StateSyncRequestHandler.cs:18) 玩家ID:489242989124911105 移动方向: -0.17414479 , 0 , -0.98472005
2025-11-27 21:45:40.4642 (StateSyncRequestHandler.cs:18) 玩家ID:489242989124911105 移动到新位置: 8.309955 , 0 , 6.707841
2025-11-27 21:45:40.5737 (StateSyncRequestHandler.cs:18) 玩家ID:489242989124911105 移动方向: -0.20691799 , 0 , -0.97835827
2025-11-27 21:45:40.5737 (StateSyncRequestHandler.cs:18) 玩家ID:489242989124911105 移动到新位置: 8.268571 , 0 , 6.5121694
2025-11-27 21:45:40.6681 (StateSyncRequestHandler.cs:18) 玩家ID:489242989124911105 移动方向: -0.2878783 , 0 , -0.95766705
2025-11-27 21:45:40.6681 (StateSyncRequestHandler.cs:18) 玩家ID:489242989124911105 移动到新位置: 8.210996 , 0 , 6.320636
2025-11-27 21:45:40.7761 (StateSyncRequestHandler.cs:18) 玩家ID:489242989124911105 移动方向: -0.4439856 , 0 , -0.89603394
2025-11-27 21:45:40.7761 (StateSyncRequestHandler.cs:18) 玩家ID:489242989124911105 移动到新位置: 8.122198 , 0 , 6.141429
2025-11-27 21:45:40.8846 (StateSyncRequestHandler.cs:18) 玩家ID:489242989124911105 移动方向: -0.5638609 , 0 , -0.82586986
2025-11-27 21:45:40.8846 (StateSyncRequestHandler.cs:18) 玩家ID:489242989124911105 移动到新位置: 8.009426 , 0 , 5.976255
2025-11-27 21:45:40.9769 (StateSyncRequestHandler.cs:18) 玩家ID:489242989124911105 移动方向: -0.64921063 , 0 , -0.7606087
2025-11-27 21:45:40.9769 (StateSyncRequestHandler.cs:18) 玩家ID:489242989124911105 移动到新位置: 7.879584 , 0 , 5.8241334
2025-11-27 21:45:41.0699 (StateSyncRequestHandler.cs:18) 玩家ID:489242989124911105 移动到新位置: 7.879584 , 0 , 5.8241334
2025-11-27 21:45:41.3802 (StateSyncRequestHandler.cs:18) 玩家ID:489242989124911105 移动方向: -0.93155193 , 0 , -0.3636083
2025-11-27 21:45:41.3802 (StateSyncRequestHandler.cs:18) 玩家ID:489242989124911105 移动到新位置: 7.6932735 , 0 , 5.751412
2025-11-27 21:45:41.4729 (StateSyncRequestHandler.cs:18) 玩家ID:489242989124911105 移动方向: -0.9432721 , 0 , -0.33202058
2025-11-27 21:45:41.4729 (StateSyncRequestHandler.cs:18) 玩家ID:489242989124911105 移动到新位置: 7.504619 , 0 , 5.6850076
2025-11-27 21:45:41.5820 (StateSyncRequestHandler.cs:18) 玩家ID:489242989124911105 移动方向: -0.9477342 , 0 , -0.319061
2025-11-27 21:45:41.5820 (StateSyncRequestHandler.cs:18) 玩家ID:489242989124911105 移动到新位置: 7.315072 , 0 , 5.6211953
2025-11-27 21:45:41.6766 (StateSyncRequestHandler.cs:18) 玩家ID:489242989124911105 移动到新位置: 7.315072 , 0 , 5.6211953
2025-11-27 21:48:14.4213 (StateSyncRequestHandler.cs:18) 玩家ID:489242989124911105 移动方向: 0.9248417 , 0 , -0.38035217
2025-11-27 21:48:14.4213 (StateSyncRequestHandler.cs:18) 玩家ID:489242989124911105 移动到新位置: 7.5000405 , 0 , 5.545125
2025-11-27 21:48:14.5091 (StateSyncRequestHandler.cs:18) 玩家ID:489242989124911105 移动方向: 0.91789675 , 0 , -0.39681944
2025-11-27 21:48:14.5091 (StateSyncRequestHandler.cs:18) 玩家ID:489242989124911105 移动到新位置: 7.68362 , 0 , 5.465761
2025-11-27 21:48:14.6283 (StateSyncRequestHandler.cs:18) 玩家ID:489242989124911105 移动方向: 0.35931093 , 0 , -0.9332179
2025-11-27 21:48:14.6283 (StateSyncRequestHandler.cs:18) 玩家ID:489242989124911105 移动到新位置: 7.755482 , 0 , 5.2791176
2025-11-27 21:48:14.7118 (StateSyncRequestHandler.cs:18) 玩家ID:489242989124911105 移动方向: -0.41155523 , 0 , -0.9113848
2025-11-27 21:48:14.7118 (StateSyncRequestHandler.cs:18) 玩家ID:489242989124911105 移动到新位置: 7.673171 , 0 , 5.096841
2025-11-27 21:48:14.8076 (StateSyncRequestHandler.cs:18) 玩家ID:489242989124911105 移动方向: -0.41725418 , 0 , -0.9087898
2025-11-27 21:48:14.8076 (StateSyncRequestHandler.cs:18) 玩家ID:489242989124911105 移动到新位置: 7.5897202 , 0 , 4.915083
2025-11-27 21:48:14.9263 (StateSyncRequestHandler.cs:18) 玩家ID:489242989124911105 移动方向: -0.4203576 , 0 , -0.9073585
2025-11-27 21:48:14.9263 (StateSyncRequestHandler.cs:18) 玩家ID:489242989124911105 移动到新位置: 7.5056486 , 0 , 4.733611
2025-11-27 21:48:15.0132 (StateSyncRequestHandler.cs:18) 玩家ID:489242989124911105 移动方向: -0.42156997 , 0 , -0.9067959
2025-11-27 21:48:15.0132 (StateSyncRequestHandler.cs:18) 玩家ID:489242989124911105 移动到新位置: 7.4213347 , 0 , 4.552252
2025-11-27 21:48:15.1119 (StateSyncRequestHandler.cs:18) 玩家ID:489242989124911105 移动方向: -0.4219766 , 0 , -0.9066067
2025-11-27 21:48:15.1119 (StateSyncRequestHandler.cs:18) 玩家ID:489242989124911105 移动到新位置: 7.3369393 , 0 , 4.3709307
2025-11-27 21:48:15.2046 (StateSyncRequestHandler.cs:18) 玩家ID:489242989124911105 移动方向: -0.42250478 , 0 , -0.9063607
2025-11-27 21:48:15.2046 (StateSyncRequestHandler.cs:18) 玩家ID:489242989124911105 移动到新位置: 7.2524385 , 0 , 4.1896586
2025-11-27 21:48:15.3071 (StateSyncRequestHandler.cs:18) 玩家ID:489242989124911105 移动方向: -0.46241078 , 0 , -0.8866658
2025-11-27 21:48:15.3071 (StateSyncRequestHandler.cs:18) 玩家ID:489242989124911105 移动到新位置: 7.1599565 , 0 , 4.0123253
2025-11-27 21:48:15.4242 (StateSyncRequestHandler.cs:18) 玩家ID:489242989124911105 移动方向: 0.15895957 , 0 , -0.9872851
2025-11-27 21:48:15.4242 (StateSyncRequestHandler.cs:18) 玩家ID:489242989124911105 移动到新位置: 7.191748 , 0 , 3.8148682
2025-11-27 21:48:15.5100 (StateSyncRequestHandler.cs:18) 玩家ID:489242989124911105 移动方向: 0.6226315 , 0 , -0.78251517
2025-11-27 21:48:15.5100 (StateSyncRequestHandler.cs:18) 玩家ID:489242989124911105 移动到新位置: 7.3162746 , 0 , 3.6583652
2025-11-27 21:48:15.6165 (StateSyncRequestHandler.cs:18) 玩家ID:489242989124911105 移动方向: 0.4240542 , 0 , -0.90563685
2025-11-27 21:48:15.6165 (StateSyncRequestHandler.cs:18) 玩家ID:489242989124911105 移动到新位置: 7.4010854 , 0 , 3.477238
2025-11-27 21:48:15.7059 (StateSyncRequestHandler.cs:18) 玩家ID:489242989124911105 移动方向: 0.23984855 , 0 , -0.97081035
2025-11-27 21:48:15.7059 (StateSyncRequestHandler.cs:18) 玩家ID:489242989124911105 移动到新位置: 7.449055 , 0 , 3.2830758
2025-11-27 21:48:15.8033 (StateSyncRequestHandler.cs:18) 玩家ID:489242989124911105 移动方向: 0.14470664 , 0 , -0.98947465
2025-11-27 21:48:15.8033 (StateSyncRequestHandler.cs:18) 玩家ID:489242989124911105 移动到新位置: 7.4779963 , 0 , 3.0851808
2025-11-27 21:48:15.9082 (StateSyncRequestHandler.cs:18) 玩家ID:489242989124911105 移动方向: 0.11027746 , 0 , -0.99390084
2025-11-27 21:48:15.9082 (StateSyncRequestHandler.cs:18) 玩家ID:489242989124911105 移动到新位置: 7.500052 , 0 , 2.8864007
2025-11-27 21:48:16.0246 (StateSyncRequestHandler.cs:18) 玩家ID:489242989124911105 移动方向: 0.089008704 , 0 , -0.9960308
2025-11-27 21:48:16.0246 (StateSyncRequestHandler.cs:18) 玩家ID:489242989124911105 移动到新位置: 7.5178537 , 0 , 2.6871946
2025-11-27 21:48:16.1057 (StateSyncRequestHandler.cs:18) 玩家ID:489242989124911105 移动方向: 0.084844135 , 0 , -0.9963943
2025-11-27 21:48:16.1057 (StateSyncRequestHandler.cs:18) 玩家ID:489242989124911105 移动到新位置: 7.5348225 , 0 , 2.4879158
2025-11-27 21:48:16.2376 (StateSyncRequestHandler.cs:18) 玩家ID:489242989124911105 移动方向: 0.081651315 , 0 , -0.99666095
2025-11-27 21:48:16.2376 (StateSyncRequestHandler.cs:18) 玩家ID:489242989124911105 移动到新位置: 7.5511527 , 0 , 2.2885835
2025-11-27 21:48:16.3193 (StateSyncRequestHandler.cs:18) 玩家ID:489242989124911105 移动方向: 0.075701386 , 0 , -0.9971305
2025-11-27 21:48:16.3193 (StateSyncRequestHandler.cs:18) 玩家ID:489242989124911105 移动到新位置: 7.566293 , 0 , 2.0891573
2025-11-27 21:48:16.4041 (StateSyncRequestHandler.cs:18) 玩家ID:489242989124911105 移动到新位置: 7.566293 , 0 , 2.0891573
2025-11-27 21:48:42.4035  收到登录请求
2025-11-27 21:48:42.4646  进入大厅成功，玩家ID:490676460229754881
2025-11-27 21:48:42.4646  获取其他玩家数据，玩家ID:489242989124911105
2025-11-27 21:48:44.4187 (StateSyncRequestHandler.cs:18) 玩家ID:490676460229754881 移动方向: 0.5892454 , 0 , -0.80795413
2025-11-27 21:48:44.4187 (StateSyncRequestHandler.cs:18) 玩家ID:490676460229754881 移动到新位置: 4.882124 , 0 , 4.1383457
2025-11-27 21:52:09.8072  

==========================================================================
 
  ███████╗ █████╗ ███╗   ██╗████████╗ █████╗  ██████╗ ██╗   ██╗
  ██╔════╝██╔══██╗████╗  ██║╚══██╔══╝██╔══██╗██╔════╝ ╚██╗ ██╔╝
  █████╗  ███████║██╔██╗ ██║   ██║   ███████║╚█████╗   ╚████╔╝ 
  ██╔══╝  ██╔══██║██║╚██╗██║   ██║   ██╔══██║╚════██║   ╚██╔╝  
  ██║     ██║  ██║██║ ╚████║   ██║   ██║  ██║██████╔╝    ██║   
  ╚═╝     ╚═╝  ╚═╝╚═╝  ╚═══╝   ╚═╝   ╚═╝  ╚═╝╚═════╝     ╚═╝   
                                                            
 Version : Fantasy 2.0 Official version
==========================================================================

2025-11-27 21:52:09.8814  Current inner network protocol:TCP
2025-11-27 21:52:09.8814  Max Message Size(byte):1048560
2025-11-27 21:52:09.8814  Current session idle timeout:8000
2025-11-27 21:52:09.8814  Session-check interval:5000 
2025-11-27 21:52:10.2927  dbName:OnlineTest Initialize the db database and connect to the target.
2025-11-27 21:52:10.5738  dbName:OnlineTest Database connection successful.
2025-11-27 21:52:11.0718  SceneConfigId = 1001 networkTarget = Inner TCPServer Listen 127.0.0.1:11002
2025-11-27 21:52:11.5756  SceneConfigId = 1001 networkTarget = Outer KCPServer Listen 0.0.0.0:20000
2025-11-27 21:52:11.5756  Process:1 Startup Complete SceneCount:1
2025-11-27 21:52:19.0453 (LoginRequestHandler.cs:19) 收到登录请求
2025-11-27 21:52:19.3369 (EntryLobbyRequestHandler.cs:32) 进入大厅成功，玩家ID:489242989124911105
2025-11-27 21:52:20.3007 (LobbyPlayerManagerComponentSystem.cs:97) 玩家ID:489242989124911105 移动方向: -0.9999955 , 0 , -0.0029879361
2025-11-27 21:52:20.3007 (LobbyPlayerManagerComponentSystem.cs:102) 玩家ID:489242989124911105 移动到新位置: 7.366294 , 0 , 2.0885599
2025-11-27 21:52:20.3839 (LobbyPlayerManagerComponentSystem.cs:97) 玩家ID:489242989124911105 移动方向: -0.9899931 , 0 , -0.14111565
2025-11-27 21:52:20.3839 (LobbyPlayerManagerComponentSystem.cs:102) 玩家ID:489242989124911105 移动到新位置: 7.1682954 , 0 , 2.0603368
2025-11-27 21:52:20.4907 (LobbyPlayerManagerComponentSystem.cs:97) 玩家ID:489242989124911105 移动方向: -0.88393253 , 0 , -0.46761444
2025-11-27 21:52:20.4907 (LobbyPlayerManagerComponentSystem.cs:102) 玩家ID:489242989124911105 移动到新位置: 6.991509 , 0 , 1.9668139
2025-11-27 21:52:20.5844 (LobbyPlayerManagerComponentSystem.cs:97) 玩家ID:489242989124911105 移动方向: -0.70874715 , 0 , -0.70546263
2025-11-27 21:52:20.5844 (LobbyPlayerManagerComponentSystem.cs:102) 玩家ID:489242989124911105 移动到新位置: 6.8497596 , 0 , 1.8257214
2025-11-27 21:52:20.6775 (LobbyPlayerManagerComponentSystem.cs:97) 玩家ID:489242989124911105 移动方向: -0.9793447 , 0 , -0.20219806
2025-11-27 21:52:20.6775 (LobbyPlayerManagerComponentSystem.cs:102) 玩家ID:489242989124911105 移动到新位置: 6.6538906 , 0 , 1.7852818
2025-11-27 21:52:20.7870 (LobbyPlayerManagerComponentSystem.cs:97) 玩家ID:489242989124911105 移动方向: -0.96364367 , 0 , 0.26719075
2025-11-27 21:52:20.7877 (LobbyPlayerManagerComponentSystem.cs:102) 玩家ID:489242989124911105 移动到新位置: 6.461162 , 0 , 1.83872
2025-11-27 21:52:20.8789 (LobbyPlayerManagerComponentSystem.cs:97) 玩家ID:489242989124911105 移动方向: -0.7192678 , 0 , 0.69473296
2025-11-27 21:52:20.8789 (LobbyPlayerManagerComponentSystem.cs:102) 玩家ID:489242989124911105 移动到新位置: 6.3173084 , 0 , 1.9776666
2025-11-27 21:52:20.9873 (LobbyPlayerManagerComponentSystem.cs:97) 玩家ID:489242989124911105 移动方向: -0.82236934 , 0 , 0.56895393
2025-11-27 21:52:20.9873 (LobbyPlayerManagerComponentSystem.cs:102) 玩家ID:489242989124911105 移动到新位置: 6.1528344 , 0 , 2.0914574
2025-11-27 21:52:21.0949 (LobbyPlayerManagerComponentSystem.cs:97) 玩家ID:489242989124911105 移动方向: -0.81277484 , 0 , 0.58257794
2025-11-27 21:52:21.0949 (LobbyPlayerManagerComponentSystem.cs:102) 玩家ID:489242989124911105 移动到新位置: 5.9902797 , 0 , 2.207973
2025-11-27 21:52:21.1884 (LobbyPlayerManagerComponentSystem.cs:97) 玩家ID:489242989124911105 移动方向: -0.032999694 , 0 , 0.99945533
2025-11-27 21:52:21.1884 (LobbyPlayerManagerComponentSystem.cs:102) 玩家ID:489242989124911105 移动到新位置: 5.98368 , 0 , 2.407864
2025-11-27 21:52:21.2946 (LobbyPlayerManagerComponentSystem.cs:97) 玩家ID:489242989124911105 移动方向: 0.7718068 , 0 , 0.63585716
2025-11-27 21:52:21.2946 (LobbyPlayerManagerComponentSystem.cs:102) 玩家ID:489242989124911105 移动到新位置: 6.138041 , 0 , 2.5350356
2025-11-27 21:52:21.3890 (LobbyPlayerManagerComponentSystem.cs:97) 玩家ID:489242989124911105 移动方向: 0.85155475 , 0 , 0.52426565
2025-11-27 21:52:21.3890 (LobbyPlayerManagerComponentSystem.cs:102) 玩家ID:489242989124911105 移动到新位置: 6.308352 , 0 , 2.6398888
2025-11-27 21:52:21.4982 (LobbyPlayerManagerComponentSystem.cs:97) 玩家ID:489242989124911105 移动方向: 0.88833785 , 0 , 0.4591905
2025-11-27 21:52:21.4982 (LobbyPlayerManagerComponentSystem.cs:102) 玩家ID:489242989124911105 移动到新位置: 6.4860196 , 0 , 2.731727
2025-11-27 21:52:21.5908 (LobbyPlayerManagerComponentSystem.cs:97) 玩家ID:489242989124911105 移动方向: 0.3329848 , 0 , 0.9429322
2025-11-27 21:52:21.5908 (LobbyPlayerManagerComponentSystem.cs:102) 玩家ID:489242989124911105 移动到新位置: 6.5526166 , 0 , 2.9203134
2025-11-27 21:52:21.7008 (LobbyPlayerManagerComponentSystem.cs:97) 玩家ID:489242989124911105 移动方向: 0.34457085 , 0 , 0.93876034
2025-11-27 21:52:21.7008 (LobbyPlayerManagerComponentSystem.cs:102) 玩家ID:489242989124911105 移动到新位置: 6.6215305 , 0 , 3.1080654
2025-11-27 21:52:21.7782 (LobbyPlayerManagerComponentSystem.cs:97) 玩家ID:489242989124911105 移动方向: 0.34797165 , 0 , 0.93750507
2025-11-27 21:52:21.7782 (LobbyPlayerManagerComponentSystem.cs:102) 玩家ID:489242989124911105 移动到新位置: 6.691125 , 0 , 3.2955663
2025-11-27 21:52:21.9019 (LobbyPlayerManagerComponentSystem.cs:97) 玩家ID:489242989124911105 移动方向: 0.3493046 , 0 , 0.9370092
2025-11-27 21:52:21.9019 (LobbyPlayerManagerComponentSystem.cs:102) 玩家ID:489242989124911105 移动到新位置: 6.760986 , 0 , 3.482968
2025-11-27 21:52:21.9940 (LobbyPlayerManagerComponentSystem.cs:97) 玩家ID:489242989124911105 移动方向: 0.34964654 , 0 , 0.93688166
2025-11-27 21:52:21.9940 (LobbyPlayerManagerComponentSystem.cs:102) 玩家ID:489242989124911105 移动到新位置: 6.830915 , 0 , 3.6703444
2025-11-27 21:52:22.0882 (LobbyPlayerManagerComponentSystem.cs:97) 玩家ID:489242989124911105 移动方向: 0.34975398 , 0 , 0.93684155
2025-11-27 21:52:22.0882 (LobbyPlayerManagerComponentSystem.cs:102) 玩家ID:489242989124911105 移动到新位置: 6.9008656 , 0 , 3.8577127
2025-11-27 21:52:22.1811 (LobbyPlayerManagerComponentSystem.cs:97) 玩家ID:489242989124911105 移动方向: 0.34978446 , 0 , 0.9368302
2025-11-27 21:52:22.1811 (LobbyPlayerManagerComponentSystem.cs:102) 玩家ID:489242989124911105 移动到新位置: 6.9708223 , 0 , 4.0450788
2025-11-27 21:52:22.2920 (LobbyPlayerManagerComponentSystem.cs:102) 玩家ID:489242989124911105 移动到新位置: 6.9708223 , 0 , 4.0450788
2025-11-27 21:52:40.6298 (LoginRequestHandler.cs:19) 收到登录请求
2025-11-27 21:52:40.6912 (EntryLobbyRequestHandler.cs:32) 进入大厅成功，玩家ID:490676460229754881
2025-11-27 21:52:40.6912 (EntryLobbyRequestHandler.cs:48) 获取其他玩家数据，玩家ID:489242989124911105
2025-11-27 21:52:44.0685 (LobbyPlayerManagerComponentSystem.cs:97) 玩家ID:490676460229754881 移动方向: 0.6382091 , 0 , 0.76986307
2025-11-27 21:52:44.0685 (LobbyPlayerManagerComponentSystem.cs:102) 玩家ID:490676460229754881 移动到新位置: 5.642827 , 0 , 3.566067
2025-11-27 21:52:44.1605 (LobbyPlayerManagerComponentSystem.cs:97) 玩家ID:490676460229754881 移动方向: 0.68751925 , 0 , 0.7261661
2025-11-27 21:52:44.1605 (LobbyPlayerManagerComponentSystem.cs:102) 玩家ID:490676460229754881 移动到新位置: 5.7803307 , 0 , 3.7113001
2025-11-27 21:52:44.2546 (LobbyPlayerManagerComponentSystem.cs:97) 玩家ID:490676460229754881 移动方向: 0.00054103136 , 0 , 0.9999999
2025-11-27 21:52:44.2546 (LobbyPlayerManagerComponentSystem.cs:102) 玩家ID:490676460229754881 移动到新位置: 5.780439 , 0 , 3.9113002
2025-11-27 21:52:44.3484 (LobbyPlayerManagerComponentSystem.cs:97) 玩家ID:490676460229754881 移动方向: 0.010809183 , 0 , 0.9999416
2025-11-27 21:52:44.3484 (LobbyPlayerManagerComponentSystem.cs:102) 玩家ID:490676460229754881 移动到新位置: 5.782601 , 0 , 4.1112885
2025-11-27 21:52:44.4572 (LobbyPlayerManagerComponentSystem.cs:97) 玩家ID:490676460229754881 移动方向: 0.71695286 , 0 , 0.6971216
2025-11-27 21:52:44.4572 (LobbyPlayerManagerComponentSystem.cs:102) 玩家ID:490676460229754881 移动到新位置: 5.9259915 , 0 , 4.250713
2025-11-27 21:52:44.5673 (LobbyPlayerManagerComponentSystem.cs:102) 玩家ID:490676460229754881 移动到新位置: 5.9259915 , 0 , 4.250713
2025-11-27 21:52:44.8583 (LobbyPlayerManagerComponentSystem.cs:97) 玩家ID:490676460229754881 移动方向: 0.7181188 , 0 , 0.6959206
2025-11-27 21:52:44.8583 (LobbyPlayerManagerComponentSystem.cs:102) 玩家ID:490676460229754881 移动到新位置: 6.0696154 , 0 , 4.389897
2025-11-27 21:52:44.9668 (StateSyncRequestHandler.cs:18) 玩家ID:490676460229754881 移动方向: 0.71812403 , 0 , 0.69591504
2025-11-27 21:52:44.9668 (StateSyncRequestHandler.cs:18) 玩家ID:490676460229754881 移动到新位置: 6.21324 , 0 , 4.52908
2025-11-27 21:52:45.0597 (StateSyncRequestHandler.cs:18) 玩家ID:490676460229754881 移动到新位置: 6.21324 , 0 , 4.52908
2025-11-27 21:52:45.1535 (StateSyncRequestHandler.cs:18) 玩家ID:490676460229754881 移动方向: -0.7181262 , 0 , -0.69591296
2025-11-27 21:52:45.1535 (StateSyncRequestHandler.cs:18) 玩家ID:490676460229754881 移动到新位置: 6.069615 , 0 , 4.3898973
2025-11-27 21:52:45.2463 (StateSyncRequestHandler.cs:18) 玩家ID:490676460229754881 移动方向: -0.7181263 , 0 , -0.6959128
2025-11-27 21:52:45.2463 (StateSyncRequestHandler.cs:18) 玩家ID:490676460229754881 移动到新位置: 5.9259896 , 0 , 4.250715
2025-11-27 21:52:45.3545 (StateSyncRequestHandler.cs:18) 玩家ID:490676460229754881 移动方向: -0.7181263 , 0 , -0.6959128
2025-11-27 21:52:45.3545 (StateSyncRequestHandler.cs:18) 玩家ID:490676460229754881 移动到新位置: 5.7823644 , 0 , 4.111532
2025-11-27 21:52:45.4476 (StateSyncRequestHandler.cs:18) 玩家ID:490676460229754881 移动方向: -0.7181263 , 0 , -0.6959128
2025-11-27 21:52:45.4476 (StateSyncRequestHandler.cs:18) 玩家ID:490676460229754881 移动到新位置: 5.638739 , 0 , 3.9723496
2025-11-27 21:52:45.5551 (StateSyncRequestHandler.cs:18) 玩家ID:490676460229754881 移动方向: -0.7181263 , 0 , -0.6959128
2025-11-27 21:52:45.5551 (StateSyncRequestHandler.cs:18) 玩家ID:490676460229754881 移动到新位置: 5.495114 , 0 , 3.833167
2025-11-27 21:52:45.6463 (StateSyncRequestHandler.cs:18) 玩家ID:490676460229754881 移动方向: -0.7181263 , 0 , -0.6959128
2025-11-27 21:52:45.6463 (StateSyncRequestHandler.cs:18) 玩家ID:490676460229754881 移动到新位置: 5.3514886 , 0 , 3.6939845
2025-11-27 21:52:45.7540 (StateSyncRequestHandler.cs:18) 玩家ID:490676460229754881 移动方向: -0.7181263 , 0 , -0.6959128
2025-11-27 21:52:45.7540 (StateSyncRequestHandler.cs:18) 玩家ID:490676460229754881 移动到新位置: 5.2078633 , 0 , 3.554802
2025-11-27 21:52:45.8468 (StateSyncRequestHandler.cs:18) 玩家ID:490676460229754881 移动到新位置: 5.2078633 , 0 , 3.554802
2025-11-27 21:52:46.3564 (StateSyncRequestHandler.cs:18) 玩家ID:490676460229754881 移动方向: -0.69591284 , 0 , 0.7181263
2025-11-27 21:52:46.3564 (StateSyncRequestHandler.cs:18) 玩家ID:490676460229754881 移动到新位置: 5.068681 , 0 , 3.6984272
2025-11-27 21:52:46.4503 (StateSyncRequestHandler.cs:18) 玩家ID:490676460229754881 移动方向: 0.015707254 , 0 , 0.99987656
2025-11-27 21:52:46.4503 (StateSyncRequestHandler.cs:18) 玩家ID:490676460229754881 移动到新位置: 5.071822 , 0 , 3.8984025
2025-11-27 21:52:46.5582 (StateSyncRequestHandler.cs:18) 玩家ID:490676460229754881 移动方向: 0.7181263 , 0 , 0.6959128
2025-11-27 21:52:46.5582 (StateSyncRequestHandler.cs:18) 玩家ID:490676460229754881 移动到新位置: 5.2154474 , 0 , 4.037585
2025-11-27 21:52:46.6508 (StateSyncRequestHandler.cs:18) 玩家ID:490676460229754881 移动方向: 0.9998766 , 0 , -0.015707314
2025-11-27 21:52:46.6508 (StateSyncRequestHandler.cs:18) 玩家ID:490676460229754881 移动到新位置: 5.415423 , 0 , 4.0344434
2025-11-27 21:52:46.7428 (StateSyncRequestHandler.cs:18) 玩家ID:490676460229754881 移动方向: 0.9998766 , 0 , -0.015707314
2025-11-27 21:52:46.7428 (StateSyncRequestHandler.cs:18) 玩家ID:490676460229754881 移动到新位置: 5.6153984 , 0 , 4.031302
2025-11-27 21:52:46.8671 (StateSyncRequestHandler.cs:18) 玩家ID:490676460229754881 移动方向: 0.9998766 , 0 , -0.015707314
2025-11-27 21:52:46.8671 (StateSyncRequestHandler.cs:18) 玩家ID:490676460229754881 移动到新位置: 5.815374 , 0 , 4.0281606
2025-11-27 21:52:46.9594 (StateSyncRequestHandler.cs:18) 玩家ID:490676460229754881 移动方向: 0.9998766 , 0 , -0.015707314
2025-11-27 21:52:46.9594 (StateSyncRequestHandler.cs:18) 玩家ID:490676460229754881 移动到新位置: 6.0153494 , 0 , 4.025019
2025-11-27 21:52:47.0527 (StateSyncRequestHandler.cs:18) 玩家ID:490676460229754881 移动方向: 0.7181263 , 0 , 0.6959128
2025-11-27 21:52:47.0527 (StateSyncRequestHandler.cs:18) 玩家ID:490676460229754881 移动到新位置: 6.1589746 , 0 , 4.1642017
2025-11-27 21:52:47.1453 (StateSyncRequestHandler.cs:18) 玩家ID:490676460229754881 移动方向: 0.7181263 , 0 , 0.6959128
2025-11-27 21:52:47.1453 (StateSyncRequestHandler.cs:18) 玩家ID:490676460229754881 移动到新位置: 6.3026 , 0 , 4.3033843
2025-11-27 21:52:47.2552 (StateSyncRequestHandler.cs:18) 玩家ID:490676460229754881 移动方向: 0.7181263 , 0 , 0.6959128
2025-11-27 21:52:47.2552 (StateSyncRequestHandler.cs:18) 玩家ID:490676460229754881 移动到新位置: 6.446225 , 0 , 4.442567
2025-11-27 21:52:47.3623 (StateSyncRequestHandler.cs:18) 玩家ID:490676460229754881 移动方向: 0.7181263 , 0 , 0.6959128
2025-11-27 21:52:47.3623 (StateSyncRequestHandler.cs:18) 玩家ID:490676460229754881 移动到新位置: 6.5898504 , 0 , 4.5817494
2025-11-27 21:52:47.4545 (StateSyncRequestHandler.cs:18) 玩家ID:490676460229754881 移动方向: 0.9998766 , 0 , -0.015707314
2025-11-27 21:52:47.4545 (StateSyncRequestHandler.cs:18) 玩家ID:490676460229754881 移动到新位置: 6.789826 , 0 , 4.578608
2025-11-27 21:52:47.5615 (StateSyncRequestHandler.cs:18) 玩家ID:490676460229754881 移动方向: 0.9998766 , 0 , -0.015707314
2025-11-27 21:52:47.5615 (StateSyncRequestHandler.cs:18) 玩家ID:490676460229754881 移动到新位置: 6.9898014 , 0 , 4.5754666
2025-11-27 21:52:47.6542 (StateSyncRequestHandler.cs:18) 玩家ID:490676460229754881 移动方向: 0.69591284 , 0 , -0.7181263
2025-11-27 21:52:47.6542 (StateSyncRequestHandler.cs:18) 玩家ID:490676460229754881 移动到新位置: 7.128984 , 0 , 4.4318414
2025-11-27 21:52:47.7455 (StateSyncRequestHandler.cs:18) 玩家ID:490676460229754881 移动到新位置: 7.128984 , 0 , 4.4318414
2025-11-27 21:52:49.0425 (StateSyncRequestHandler.cs:18) 玩家ID:490676460229754881 移动方向: -0.69591284 , 0 , 0.7181263
2025-11-27 21:52:49.0425 (StateSyncRequestHandler.cs:18) 玩家ID:490676460229754881 移动到新位置: 6.9898014 , 0 , 4.5754666
2025-11-27 21:52:49.1514 (StateSyncRequestHandler.cs:18) 玩家ID:490676460229754881 移动方向: -0.69591284 , 0 , 0.7181263
2025-11-27 21:52:49.1514 (StateSyncRequestHandler.cs:18) 玩家ID:490676460229754881 移动到新位置: 6.850619 , 0 , 4.719092
2025-11-27 21:52:49.2603 (StateSyncRequestHandler.cs:18) 玩家ID:490676460229754881 移动到新位置: 6.850619 , 0 , 4.719092
2025-11-27 21:52:49.8596 (StateSyncRequestHandler.cs:18) 玩家ID:490676460229754881 移动方向: -0.41524285 , 0 , -0.9097106
2025-11-27 21:52:49.8596 (StateSyncRequestHandler.cs:18) 玩家ID:490676460229754881 移动到新位置: 6.7675705 , 0 , 4.53715
2025-11-27 21:52:49.9531 (StateSyncRequestHandler.cs:18) 玩家ID:490676460229754881 移动方向: -0.82282865 , 0 , -0.5682896
2025-11-27 21:52:49.9531 (StateSyncRequestHandler.cs:18) 玩家ID:490676460229754881 移动到新位置: 6.603005 , 0 , 4.423492
2025-11-27 21:52:50.0463 (StateSyncRequestHandler.cs:18) 玩家ID:490676460229754881 移动方向: -0.6409067 , 0 , -0.7676187
2025-11-27 21:52:50.0463 (StateSyncRequestHandler.cs:18) 玩家ID:490676460229754881 移动到新位置: 6.4748235 , 0 , 4.269968
2025-11-27 21:52:50.1545 (StateSyncRequestHandler.cs:18) 玩家ID:490676460229754881 移动方向: -0.8835348 , 0 , -0.46836552
2025-11-27 21:52:50.1545 (StateSyncRequestHandler.cs:18) 玩家ID:490676460229754881 移动到新位置: 6.2981167 , 0 , 4.176295
2025-11-27 21:52:50.2463 (StateSyncRequestHandler.cs:18) 玩家ID:490676460229754881 移动方向: -0.9822606 , 0 , -0.1875211
2025-11-27 21:52:50.2463 (StateSyncRequestHandler.cs:18) 玩家ID:490676460229754881 移动到新位置: 6.1016645 , 0 , 4.1387906
2025-11-27 21:52:50.3540 (StateSyncRequestHandler.cs:18) 玩家ID:490676460229754881 移动方向: -0.99838126 , 0 , -0.056875974
2025-11-27 21:52:50.3540 (StateSyncRequestHandler.cs:18) 玩家ID:490676460229754881 移动到新位置: 5.9019885 , 0 , 4.127415
2025-11-27 21:52:50.4622 (StateSyncRequestHandler.cs:18) 玩家ID:490676460229754881 移动方向: -0.99994916 , 0 , -0.01008454
2025-11-27 21:52:50.4622 (StateSyncRequestHandler.cs:18) 玩家ID:490676460229754881 移动到新位置: 5.7019987 , 0 , 4.125398
2025-11-27 21:52:50.5730 (StateSyncRequestHandler.cs:18) 玩家ID:490676460229754881 移动方向: -0.9999691 , 0 , 0.0078600645
2025-11-27 21:52:50.5730 (StateSyncRequestHandler.cs:18) 玩家ID:490676460229754881 移动到新位置: 5.502005 , 0 , 4.1269703
2025-11-27 21:52:50.6480 (StateSyncRequestHandler.cs:18) 玩家ID:490676460229754881 移动方向: -0.9999167 , 0 , 0.012909651
2025-11-27 21:52:50.6480 (StateSyncRequestHandler.cs:18) 玩家ID:490676460229754881 移动到新位置: 5.302022 , 0 , 4.1295524
2025-11-27 21:52:50.7565 (StateSyncRequestHandler.cs:18) 玩家ID:490676460229754881 移动方向: -0.69650686 , 0 , 0.7175501
2025-11-27 21:52:50.7565 (StateSyncRequestHandler.cs:18) 玩家ID:490676460229754881 移动到新位置: 5.1627207 , 0 , 4.273062
2025-11-27 21:52:50.8634 (StateSyncRequestHandler.cs:18) 玩家ID:490676460229754881 移动方向: -0.69607383 , 0 , 0.71797025
2025-11-27 21:52:50.8634 (StateSyncRequestHandler.cs:18) 玩家ID:490676460229754881 移动到新位置: 5.023506 , 0 , 4.4166565
2025-11-27 21:52:50.9565 (StateSyncRequestHandler.cs:18) 玩家ID:490676460229754881 移动方向: 0.7180763 , 0 , 0.6959644
2025-11-27 21:52:50.9565 (StateSyncRequestHandler.cs:18) 玩家ID:490676460229754881 移动到新位置: 5.1671214 , 0 , 4.5558496
2025-11-27 21:52:51.0487 (StateSyncRequestHandler.cs:18) 玩家ID:490676460229754881 移动方向: 0.71811044 , 0 , 0.6959291
2025-11-27 21:52:51.0487 (StateSyncRequestHandler.cs:18) 玩家ID:490676460229754881 移动到新位置: 5.3107433 , 0 , 4.6950355
2025-11-27 21:52:51.1582 (StateSyncRequestHandler.cs:18) 玩家ID:490676460229754881 移动方向: 0.7181221 , 0 , 0.6959171
2025-11-27 21:52:51.1582 (StateSyncRequestHandler.cs:18) 玩家ID:490676460229754881 移动到新位置: 5.4543676 , 0 , 4.834219
2025-11-27 21:52:51.2660 (StateSyncRequestHandler.cs:18) 玩家ID:490676460229754881 移动方向: 0.71812475 , 0 , 0.69591445
2025-11-27 21:52:51.2660 (StateSyncRequestHandler.cs:18) 玩家ID:490676460229754881 移动到新位置: 5.5979924 , 0 , 4.973402
2025-11-27 21:52:51.3599 (StateSyncRequestHandler.cs:18) 玩家ID:490676460229754881 移动方向: 0.71812546 , 0 , 0.6959137
2025-11-27 21:52:51.3599 (StateSyncRequestHandler.cs:18) 玩家ID:490676460229754881 移动到新位置: 5.7416177 , 0 , 5.1125846
2025-11-27 21:52:51.4525 (StateSyncRequestHandler.cs:18) 玩家ID:490676460229754881 移动方向: 0.71812546 , 0 , 0.6959137
2025-11-27 21:52:51.4525 (StateSyncRequestHandler.cs:18) 玩家ID:490676460229754881 移动到新位置: 5.885243 , 0 , 5.251767
2025-11-27 21:52:51.5610 (StateSyncRequestHandler.cs:18) 玩家ID:490676460229754881 移动方向: 0.99987674 , 0 , -0.015706122
2025-11-27 21:52:51.5610 (StateSyncRequestHandler.cs:18) 玩家ID:490676460229754881 移动到新位置: 6.0852184 , 0 , 5.2486258
2025-11-27 21:52:51.6547 (StateSyncRequestHandler.cs:18) 玩家ID:490676460229754881 移动方向: 0.99987674 , 0 , -0.015706122
2025-11-27 21:52:51.6547 (StateSyncRequestHandler.cs:18) 玩家ID:490676460229754881 移动到新位置: 6.285194 , 0 , 5.2454844
2025-11-27 21:52:51.7633 (StateSyncRequestHandler.cs:18) 玩家ID:490676460229754881 移动方向: 0.99987674 , 0 , -0.015706122
2025-11-27 21:52:51.7633 (StateSyncRequestHandler.cs:18) 玩家ID:490676460229754881 移动到新位置: 6.4851694 , 0 , 5.242343
2025-11-27 21:52:51.8550 (StateSyncRequestHandler.cs:18) 玩家ID:490676460229754881 移动方向: 0.99987674 , 0 , -0.015706122
2025-11-27 21:52:51.8550 (StateSyncRequestHandler.cs:18) 玩家ID:490676460229754881 移动到新位置: 6.685145 , 0 , 5.2392015
2025-11-27 21:52:51.9474 (StateSyncRequestHandler.cs:18) 玩家ID:490676460229754881 移动方向: 0.99987674 , 0 , -0.015706122
2025-11-27 21:52:51.9474 (StateSyncRequestHandler.cs:18) 玩家ID:490676460229754881 移动到新位置: 6.8851204 , 0 , 5.23606
2025-11-27 21:52:52.0568 (StateSyncRequestHandler.cs:18) 玩家ID:490676460229754881 移动方向: 0.71812546 , 0 , 0.6959137
2025-11-27 21:52:52.0568 (StateSyncRequestHandler.cs:18) 玩家ID:490676460229754881 移动到新位置: 7.0287457 , 0 , 5.3752427
2025-11-27 21:52:52.1508 (StateSyncRequestHandler.cs:18) 玩家ID:490676460229754881 移动方向: 0.015706092 , 0 , 0.9998767
2025-11-27 21:52:52.1508 (StateSyncRequestHandler.cs:18) 玩家ID:490676460229754881 移动到新位置: 7.031887 , 0 , 5.575218
2025-11-27 21:52:52.2434 (StateSyncRequestHandler.cs:18) 玩家ID:490676460229754881 移动方向: 0.015706092 , 0 , 0.9998767
2025-11-27 21:52:52.2434 (StateSyncRequestHandler.cs:18) 玩家ID:490676460229754881 移动到新位置: 7.0350285 , 0 , 5.7751937
2025-11-27 21:52:52.3521 (StateSyncRequestHandler.cs:18) 玩家ID:490676460229754881 移动方向: 0.015706092 , 0 , 0.9998767
2025-11-27 21:52:52.3521 (StateSyncRequestHandler.cs:18) 玩家ID:490676460229754881 移动到新位置: 7.03817 , 0 , 5.975169
2025-11-27 21:52:52.4471 (StateSyncRequestHandler.cs:18) 玩家ID:490676460229754881 移动方向: 0.015706092 , 0 , 0.9998767
2025-11-27 21:52:52.4471 (StateSyncRequestHandler.cs:18) 玩家ID:490676460229754881 移动到新位置: 7.0413113 , 0 , 6.1751447
2025-11-27 21:52:52.5418 (StateSyncRequestHandler.cs:18) 玩家ID:490676460229754881 移动方向: 0.71812546 , 0 , 0.6959137
2025-11-27 21:52:52.5418 (StateSyncRequestHandler.cs:18) 玩家ID:490676460229754881 移动到新位置: 7.1849365 , 0 , 6.3143272
2025-11-27 21:52:52.6652 (StateSyncRequestHandler.cs:18) 玩家ID:490676460229754881 移动方向: 0.99987674 , 0 , -0.015706122
2025-11-27 21:52:52.6652 (StateSyncRequestHandler.cs:18) 玩家ID:490676460229754881 移动到新位置: 7.384912 , 0 , 6.311186
2025-11-27 21:52:52.7589 (StateSyncRequestHandler.cs:18) 玩家ID:490676460229754881 移动方向: 0.99987674 , 0 , -0.015706122
2025-11-27 21:52:52.7589 (StateSyncRequestHandler.cs:18) 玩家ID:490676460229754881 移动到新位置: 7.5848875 , 0 , 6.3080444
2025-11-27 21:52:52.8518 (StateSyncRequestHandler.cs:18) 玩家ID:490676460229754881 移动方向: 0.69591373 , 0 , -0.71812546
2025-11-27 21:52:52.8518 (StateSyncRequestHandler.cs:18) 玩家ID:490676460229754881 移动到新位置: 7.72407 , 0 , 6.164419
2025-11-27 21:52:52.9622 (StateSyncRequestHandler.cs:18) 玩家ID:490676460229754881 移动方向: -0.71812546 , 0 , -0.6959137
2025-11-27 21:52:52.9622 (StateSyncRequestHandler.cs:18) 玩家ID:490676460229754881 移动到新位置: 7.580445 , 0 , 6.0252366
2025-11-27 21:52:53.0543 (StateSyncRequestHandler.cs:18) 玩家ID:490676460229754881 移动方向: -0.71812546 , 0 , -0.6959137
2025-11-27 21:52:53.0543 (StateSyncRequestHandler.cs:18) 玩家ID:490676460229754881 移动到新位置: 7.4368196 , 0 , 5.886054
2025-11-27 21:52:53.1479 (StateSyncRequestHandler.cs:18) 玩家ID:490676460229754881 移动方向: -0.99987674 , 0 , 0.015706122
2025-11-27 21:52:53.1479 (StateSyncRequestHandler.cs:18) 玩家ID:490676460229754881 移动到新位置: 7.236844 , 0 , 5.8891954
2025-11-27 21:52:53.2567 (StateSyncRequestHandler.cs:18) 玩家ID:490676460229754881 移动方向: -0.99987674 , 0 , 0.015706122
2025-11-27 21:52:53.2567 (StateSyncRequestHandler.cs:18) 玩家ID:490676460229754881 移动到新位置: 7.0368686 , 0 , 5.892337
2025-11-27 21:52:53.3640 (StateSyncRequestHandler.cs:18) 玩家ID:490676460229754881 移动方向: -0.71812546 , 0 , -0.6959137
2025-11-27 21:52:53.3640 (StateSyncRequestHandler.cs:18) 玩家ID:490676460229754881 移动到新位置: 6.8932433 , 0 , 5.7531543
2025-11-27 21:52:53.4564 (StateSyncRequestHandler.cs:18) 玩家ID:490676460229754881 移动方向: -0.71812546 , 0 , -0.6959137
2025-11-27 21:52:53.4564 (StateSyncRequestHandler.cs:18) 玩家ID:490676460229754881 移动到新位置: 6.749618 , 0 , 5.6139717
2025-11-27 21:52:53.5649 (StateSyncRequestHandler.cs:18) 玩家ID:490676460229754881 移动方向: -0.7066686 , 0 , -0.7075447
2025-11-27 21:52:53.5649 (StateSyncRequestHandler.cs:18) 玩家ID:490676460229754881 移动到新位置: 6.6082845 , 0 , 5.4724627
2025-11-27 21:52:53.6566 (StateSyncRequestHandler.cs:18) 玩家ID:490676460229754881 移动方向: 0.06946647 , 0 , -0.9975843
2025-11-27 21:52:53.6566 (StateSyncRequestHandler.cs:18) 玩家ID:490676460229754881 移动到新位置: 6.6221776 , 0 , 5.272946
2025-11-27 21:52:53.7652 (StateSyncRequestHandler.cs:18) 玩家ID:490676460229754881 移动方向: -0.603938 , 0 , -0.7970313
2025-11-27 21:52:53.7652 (StateSyncRequestHandler.cs:18) 玩家ID:490676460229754881 移动到新位置: 6.50139 , 0 , 5.1135397
2025-11-27 21:52:53.8425 (StateSyncRequestHandler.cs:18) 玩家ID:490676460229754881 移动方向: -0.5822982 , 0 , -0.8129752
2025-11-27 21:52:53.8425 (StateSyncRequestHandler.cs:18) 玩家ID:490676460229754881 移动到新位置: 6.38493 , 0 , 4.9509444
2025-11-27 21:52:53.9665 (StateSyncRequestHandler.cs:18) 玩家ID:490676460229754881 移动到新位置: 6.38493 , 0 , 4.9509444
2025-11-27 21:52:54.5534 (StateSyncRequestHandler.cs:18) 玩家ID:490676460229754881 移动方向: 0.5685647 , 0 , 0.8226386
2025-11-27 21:52:54.5534 (StateSyncRequestHandler.cs:18) 玩家ID:490676460229754881 移动到新位置: 6.498643 , 0 , 5.1154723
2025-11-27 21:52:54.6629 (StateSyncRequestHandler.cs:18) 玩家ID:490676460229754881 移动方向: 0.56856215 , 0 , 0.82264036
2025-11-27 21:52:54.6629 (StateSyncRequestHandler.cs:18) 玩家ID:490676460229754881 移动到新位置: 6.612355 , 0 , 5.28
2025-11-27 21:52:54.7556 (StateSyncRequestHandler.cs:18) 玩家ID:490676460229754881 移动方向: 0.5685615 , 0 , 0.8226407
2025-11-27 21:52:54.7556 (StateSyncRequestHandler.cs:18) 玩家ID:490676460229754881 移动到新位置: 6.7260675 , 0 , 5.4445286
2025-11-27 21:52:54.8485 (StateSyncRequestHandler.cs:18) 玩家ID:490676460229754881 移动到新位置: 6.7260675 , 0 , 5.4445286
2025-11-27 21:52:57.5063 (StateSyncRequestHandler.cs:18) 玩家ID:489242989124911105 移动方向: -0.98999685 , 0 , 0.1410894
2025-11-27 21:52:57.5063 (StateSyncRequestHandler.cs:18) 玩家ID:489242989124911105 移动到新位置: 6.772823 , 0 , 4.0732965
2025-11-27 21:52:57.5998 (StateSyncRequestHandler.cs:18) 玩家ID:489242989124911105 移动方向: -0.95368624 , 0 , -0.3008032
2025-11-27 21:52:57.5998 (StateSyncRequestHandler.cs:18) 玩家ID:489242989124911105 移动到新位置: 6.5820856 , 0 , 4.013136
2025-11-27 21:52:57.7077 (StateSyncRequestHandler.cs:18) 玩家ID:489242989124911105 移动方向: -0.7512261 , 0 , -0.66004485
2025-11-27 21:52:57.7077 (StateSyncRequestHandler.cs:18) 玩家ID:489242989124911105 移动到新位置: 6.4318404 , 0 , 3.8811269
2025-11-27 21:52:57.8010 (StateSyncRequestHandler.cs:18) 玩家ID:489242989124911105 移动方向: -0.7743026 , 0 , 0.63281554
2025-11-27 21:52:57.8010 (StateSyncRequestHandler.cs:18) 玩家ID:489242989124911105 移动到新位置: 6.27698 , 0 , 4.00769
2025-11-27 21:52:57.8949 (StateSyncRequestHandler.cs:18) 玩家ID:489242989124911105 移动方向: -0.8092694 , 0 , 0.5874377
2025-11-27 21:52:57.8949 (StateSyncRequestHandler.cs:18) 玩家ID:489242989124911105 移动到新位置: 6.115126 , 0 , 4.1251774
2025-11-27 21:52:58.0039 (StateSyncRequestHandler.cs:18) 玩家ID:489242989124911105 移动方向: -0.7944113 , 0 , 0.60738015
2025-11-27 21:52:58.0039 (StateSyncRequestHandler.cs:18) 玩家ID:489242989124911105 移动到新位置: 5.956244 , 0 , 4.2466536
2025-11-27 21:52:58.1126 (StateSyncRequestHandler.cs:18) 玩家ID:489242989124911105 移动方向: -0.778458 , 0 , 0.6276967
2025-11-27 21:52:58.1126 (StateSyncRequestHandler.cs:18) 玩家ID:489242989124911105 移动到新位置: 5.8005524 , 0 , 4.372193
2025-11-27 21:52:58.2050 (StateSyncRequestHandler.cs:18) 玩家ID:489242989124911105 移动方向: -0.75186354 , 0 , 0.6593188
2025-11-27 21:52:58.2050 (StateSyncRequestHandler.cs:18) 玩家ID:489242989124911105 移动到新位置: 5.65018 , 0 , 4.5040565
2025-11-27 21:52:58.2971 (StateSyncRequestHandler.cs:18) 玩家ID:489242989124911105 移动方向: -0.7288425 , 0 , 0.6846815
2025-11-27 21:52:58.2971 (StateSyncRequestHandler.cs:18) 玩家ID:489242989124911105 移动到新位置: 5.504411 , 0 , 4.6409926
2025-11-27 21:52:58.4220 (StateSyncRequestHandler.cs:18) 玩家ID:489242989124911105 移动方向: -0.0033246279 , 0 , 0.9999945
2025-11-27 21:52:58.4220 (StateSyncRequestHandler.cs:18) 玩家ID:489242989124911105 移动到新位置: 5.5037465 , 0 , 4.8409915
2025-11-27 21:52:58.4993 (StateSyncRequestHandler.cs:18) 玩家ID:489242989124911105 移动方向: 0.005876273 , 0 , 0.99998283
2025-11-27 21:52:58.4993 (StateSyncRequestHandler.cs:18) 玩家ID:489242989124911105 移动到新位置: 5.504922 , 0 , 5.040988
2025-11-27 21:52:58.6074 (StateSyncRequestHandler.cs:18) 玩家ID:489242989124911105 移动方向: 0.7139201 , 0 , 0.70022714
2025-11-27 21:52:58.6074 (StateSyncRequestHandler.cs:18) 玩家ID:489242989124911105 移动到新位置: 5.647706 , 0 , 5.1810336
2025-11-27 21:52:58.6996 (StateSyncRequestHandler.cs:18) 玩家ID:489242989124911105 移动到新位置: 5.647706 , 0 , 5.1810336
2025-11-27 21:53:03.3536 (StateSyncRequestHandler.cs:18) 玩家ID:490676460229754881 移动方向: 0.6441078 , 0 , 0.7649347
2025-11-27 21:53:03.3536 (StateSyncRequestHandler.cs:18) 玩家ID:490676460229754881 移动到新位置: 6.854889 , 0 , 5.5975156
2025-11-27 21:53:03.4456 (StateSyncRequestHandler.cs:18) 玩家ID:490676460229754881 移动方向: 0.58213025 , 0 , 0.8130955
2025-11-27 21:53:03.4456 (StateSyncRequestHandler.cs:18) 玩家ID:490676460229754881 移动到新位置: 6.971315 , 0 , 5.7601347
2025-11-27 21:53:03.5549 (StateSyncRequestHandler.cs:18) 玩家ID:490676460229754881 移动方向: 0.56865156 , 0 , 0.8225785
2025-11-27 21:53:03.5549 (StateSyncRequestHandler.cs:18) 玩家ID:490676460229754881 移动到新位置: 7.0850453 , 0 , 5.92465
2025-11-27 21:53:03.6628 (StateSyncRequestHandler.cs:18) 玩家ID:490676460229754881 移动方向: 0.98463356 , 0 , 0.17463288
2025-11-27 21:53:03.6628 (StateSyncRequestHandler.cs:18) 玩家ID:490676460229754881 移动到新位置: 7.281972 , 0 , 5.9595766
2025-11-27 21:53:03.7557 (StateSyncRequestHandler.cs:18) 玩家ID:490676460229754881 移动方向: 0.81752753 , 0 , -0.57588947
2025-11-27 21:53:03.7557 (StateSyncRequestHandler.cs:18) 玩家ID:490676460229754881 移动到新位置: 7.4454775 , 0 , 5.8443985
2025-11-27 21:53:03.8478 (StateSyncRequestHandler.cs:18) 玩家ID:490676460229754881 移动方向: 0.8165137 , 0 , -0.57732606
2025-11-27 21:53:03.8478 (StateSyncRequestHandler.cs:18) 玩家ID:490676460229754881 移动到新位置: 7.6087804 , 0 , 5.7289333
2025-11-27 21:53:03.9558 (StateSyncRequestHandler.cs:18) 玩家ID:490676460229754881 移动方向: -0.98572266 , 0 , -0.16837677
2025-11-27 21:53:03.9558 (StateSyncRequestHandler.cs:18) 玩家ID:490676460229754881 移动到新位置: 7.411636 , 0 , 5.695258
2025-11-27 21:53:04.0657 (StateSyncRequestHandler.cs:18) 玩家ID:490676460229754881 移动方向: -0.9857595 , 0 , -0.16816139
2025-11-27 21:53:04.0657 (StateSyncRequestHandler.cs:18) 玩家ID:490676460229754881 移动到新位置: 7.214484 , 0 , 5.661626
2025-11-27 21:53:04.1442 (StateSyncRequestHandler.cs:18) 玩家ID:490676460229754881 移动方向: -0.8159069 , 0 , 0.5781833
2025-11-27 21:53:04.1442 (StateSyncRequestHandler.cs:18) 玩家ID:490676460229754881 移动到新位置: 7.051303 , 0 , 5.7772627
2025-11-27 21:53:04.2552 (StateSyncRequestHandler.cs:18) 玩家ID:490676460229754881 移动方向: -0.8158912 , 0 , 0.57820547
2025-11-27 21:53:04.2559 (StateSyncRequestHandler.cs:18) 玩家ID:490676460229754881 移动到新位置: 6.8881245 , 0 , 5.892904
2025-11-27 21:53:04.3499 (StateSyncRequestHandler.cs:18) 玩家ID:490676460229754881 移动方向: 0.578211 , 0 , 0.8158873
2025-11-27 21:53:04.3499 (StateSyncRequestHandler.cs:18) 玩家ID:490676460229754881 移动到新位置: 7.0037665 , 0 , 6.0560813
2025-11-27 21:53:04.4581 (StateSyncRequestHandler.cs:18) 玩家ID:490676460229754881 移动方向: 0.578213 , 0 , 0.81588584
2025-11-27 21:53:04.4585 (StateSyncRequestHandler.cs:18) 玩家ID:490676460229754881 移动到新位置: 7.119409 , 0 , 6.2192583
2025-11-27 21:53:04.5636 (StateSyncRequestHandler.cs:18) 玩家ID:490676460229754881 移动方向: 0.8158858 , 0 , -0.57821304
2025-11-27 21:53:04.5636 (StateSyncRequestHandler.cs:18) 玩家ID:490676460229754881 移动到新位置: 7.282586 , 0 , 6.1036158
2025-11-27 21:53:04.6584 (StateSyncRequestHandler.cs:18) 玩家ID:490676460229754881 移动方向: 0.16806012 , 0 , -0.9857767
2025-11-27 21:53:04.6584 (StateSyncRequestHandler.cs:18) 玩家ID:490676460229754881 移动到新位置: 7.3161983 , 0 , 5.9064603
2025-11-27 21:53:04.7506 (StateSyncRequestHandler.cs:18) 玩家ID:490676460229754881 移动方向: -0.578213 , 0 , -0.81588584
2025-11-27 21:53:04.7506 (StateSyncRequestHandler.cs:18) 玩家ID:490676460229754881 移动到新位置: 7.200556 , 0 , 5.7432833
2025-11-27 21:53:04.8603 (StateSyncRequestHandler.cs:18) 玩家ID:490676460229754881 移动到新位置: 7.200556 , 0 , 5.7432833
2025-11-27 21:53:05.8527 (StateSyncRequestHandler.cs:18) 玩家ID:490676460229754881 移动方向: 0.5782129 , 0 , 0.8158859
2025-11-27 21:53:05.8527 (StateSyncRequestHandler.cs:18) 玩家ID:490676460229754881 移动到新位置: 7.3161983 , 0 , 5.9064603
2025-11-27 21:53:05.9608 (StateSyncRequestHandler.cs:18) 玩家ID:490676460229754881 移动方向: 0.5782129 , 0 , 0.8158859
2025-11-27 21:53:05.9608 (StateSyncRequestHandler.cs:18) 玩家ID:490676460229754881 移动到新位置: 7.431841 , 0 , 6.0696373
2025-11-27 21:53:06.0693 (StateSyncRequestHandler.cs:18) 玩家ID:490676460229754881 移动方向: 0.5782129 , 0 , 0.8158859
2025-11-27 21:53:06.0693 (StateSyncRequestHandler.cs:18) 玩家ID:490676460229754881 移动到新位置: 7.5474834 , 0 , 6.2328143
2025-11-27 21:53:06.1636 (StateSyncRequestHandler.cs:18) 玩家ID:490676460229754881 移动方向: 0.5782129 , 0 , 0.8158859
2025-11-27 21:53:06.1636 (StateSyncRequestHandler.cs:18) 玩家ID:490676460229754881 移动到新位置: 7.663126 , 0 , 6.3959913
2025-11-27 21:53:06.2564 (StateSyncRequestHandler.cs:18) 玩家ID:490676460229754881 移动方向: 0.5782129 , 0 , 0.8158859
2025-11-27 21:53:06.2564 (StateSyncRequestHandler.cs:18) 玩家ID:490676460229754881 移动到新位置: 7.7787685 , 0 , 6.5591683
2025-11-27 21:53:06.3628 (StateSyncRequestHandler.cs:18) 玩家ID:490676460229754881 移动方向: 0.5782129 , 0 , 0.8158859
2025-11-27 21:53:06.3628 (StateSyncRequestHandler.cs:18) 玩家ID:490676460229754881 移动到新位置: 7.894411 , 0 , 6.7223454
2025-11-27 21:53:06.4551 (StateSyncRequestHandler.cs:18) 玩家ID:490676460229754881 移动方向: -0.16806015 , 0 , 0.9857767
2025-11-27 21:53:06.4551 (StateSyncRequestHandler.cs:18) 玩家ID:490676460229754881 移动到新位置: 7.860799 , 0 , 6.919501
2025-11-27 21:53:06.5492 (StateSyncRequestHandler.cs:18) 玩家ID:490676460229754881 移动方向: -0.16806015 , 0 , 0.9857767
2025-11-27 21:53:06.5492 (StateSyncRequestHandler.cs:18) 玩家ID:490676460229754881 移动到新位置: 7.8271866 , 0 , 7.1166563
2025-11-27 21:53:06.6584 (StateSyncRequestHandler.cs:18) 玩家ID:490676460229754881 移动到新位置: 7.8271866 , 0 , 7.1166563
2025-11-27 21:53:07.1553 (StateSyncRequestHandler.cs:18) 玩家ID:490676460229754881 移动方向: -0.5782129 , 0 , -0.8158859
2025-11-27 21:53:07.1553 (StateSyncRequestHandler.cs:18) 玩家ID:490676460229754881 移动到新位置: 7.711544 , 0 , 6.9534793
2025-11-27 21:53:07.2474 (StateSyncRequestHandler.cs:18) 玩家ID:490676460229754881 移动方向: -0.5782129 , 0 , -0.8158859
2025-11-27 21:53:07.2474 (StateSyncRequestHandler.cs:18) 玩家ID:490676460229754881 移动到新位置: 7.5959015 , 0 , 6.7903023
2025-11-27 21:53:07.3550 (StateSyncRequestHandler.cs:18) 玩家ID:490676460229754881 移动方向: -0.5782129 , 0 , -0.8158859
2025-11-27 21:53:07.3550 (StateSyncRequestHandler.cs:18) 玩家ID:490676460229754881 移动到新位置: 7.480259 , 0 , 6.6271253
2025-11-27 21:53:07.4479 (StateSyncRequestHandler.cs:18) 玩家ID:490676460229754881 移动方向: -0.9861413 , 0 , -0.16590685
2025-11-27 21:53:07.4479 (StateSyncRequestHandler.cs:18) 玩家ID:490676460229754881 移动到新位置: 7.2830305 , 0 , 6.593944
2025-11-27 21:53:07.5566 (StateSyncRequestHandler.cs:18) 玩家ID:490676460229754881 移动方向: -0.98667157 , 0 , -0.16272423
2025-11-27 21:53:07.5566 (StateSyncRequestHandler.cs:18) 玩家ID:490676460229754881 移动到新位置: 7.085696 , 0 , 6.5613995
2025-11-27 21:53:07.6512 (StateSyncRequestHandler.cs:18) 玩家ID:490676460229754881 移动方向: -0.9869045 , 0 , -0.16130558
2025-11-27 21:53:07.6512 (StateSyncRequestHandler.cs:18) 玩家ID:490676460229754881 移动到新位置: 6.888315 , 0 , 6.5291386
2025-11-27 21:53:07.7444 (StateSyncRequestHandler.cs:18) 玩家ID:490676460229754881 移动方向: -0.9870138 , 0 , -0.16063485
2025-11-27 21:53:07.7444 (StateSyncRequestHandler.cs:18) 玩家ID:490676460229754881 移动到新位置: 6.6909122 , 0 , 6.4970117
2025-11-27 21:53:07.8668 (StateSyncRequestHandler.cs:18) 玩家ID:490676460229754881 移动方向: 0.16040424 , 0 , -0.98705137
2025-11-27 21:53:07.8668 (StateSyncRequestHandler.cs:18) 玩家ID:490676460229754881 移动到新位置: 6.722993 , 0 , 6.2996016
2025-11-27 21:53:07.9584 (StateSyncRequestHandler.cs:18) 玩家ID:490676460229754881 移动方向: 0.16034302 , 0 , -0.9870614
2025-11-27 21:53:07.9592 (StateSyncRequestHandler.cs:18) 玩家ID:490676460229754881 移动到新位置: 6.7550616 , 0 , 6.102189
2025-11-27 21:53:08.0506 (StateSyncRequestHandler.cs:18) 玩家ID:490676460229754881 移动方向: 0.8113246 , 0 , -0.58459586
2025-11-27 21:53:08.0506 (StateSyncRequestHandler.cs:18) 玩家ID:490676460229754881 移动到新位置: 6.9173265 , 0 , 5.98527
2025-11-27 21:53:08.1585 (StateSyncRequestHandler.cs:18) 玩家ID:490676460229754881 移动方向: 0.987066 , 0 , 0.1603145
2025-11-27 21:53:08.1585 (StateSyncRequestHandler.cs:18) 玩家ID:490676460229754881 移动到新位置: 7.1147394 , 0 , 6.017333
2025-11-27 21:53:08.2522 (StateSyncRequestHandler.cs:18) 玩家ID:490676460229754881 移动方向: 0.58460313 , 0 , 0.8113195
2025-11-27 21:53:08.2522 (StateSyncRequestHandler.cs:18) 玩家ID:490676460229754881 移动到新位置: 7.23166 , 0 , 6.179597
2025-11-27 21:53:08.3455 (StateSyncRequestHandler.cs:18) 玩家ID:490676460229754881 移动方向: -0.16031262 , 0 , 0.98706627
2025-11-27 21:53:08.3455 (StateSyncRequestHandler.cs:18) 玩家ID:490676460229754881 移动到新位置: 7.1995974 , 0 , 6.3770103
2025-11-27 21:53:08.4545 (StateSyncRequestHandler.cs:18) 玩家ID:490676460229754881 移动方向: -0.16031262 , 0 , 0.98706627
2025-11-27 21:53:08.4545 (StateSyncRequestHandler.cs:18) 玩家ID:490676460229754881 移动到新位置: 7.167535 , 0 , 6.574424
2025-11-27 21:53:08.5634 (StateSyncRequestHandler.cs:18) 玩家ID:490676460229754881 移动方向: -0.16031262 , 0 , 0.98706627
2025-11-27 21:53:08.5634 (StateSyncRequestHandler.cs:18) 玩家ID:490676460229754881 移动到新位置: 7.1354723 , 0 , 6.771837
2025-11-27 21:53:08.6571 (StateSyncRequestHandler.cs:18) 玩家ID:490676460229754881 移动方向: -0.16031262 , 0 , 0.98706627
2025-11-27 21:53:08.6571 (StateSyncRequestHandler.cs:18) 玩家ID:490676460229754881 移动到新位置: 7.10341 , 0 , 6.9692507
2025-11-27 21:53:08.7650 (StateSyncRequestHandler.cs:18) 玩家ID:490676460229754881 移动方向: -0.16031262 , 0 , 0.98706627
2025-11-27 21:53:08.7650 (StateSyncRequestHandler.cs:18) 玩家ID:490676460229754881 移动到新位置: 7.071347 , 0 , 7.166664
2025-11-27 21:53:08.8590 (StateSyncRequestHandler.cs:18) 玩家ID:490676460229754881 移动方向: 0.58460313 , 0 , 0.8113195
2025-11-27 21:53:08.8590 (StateSyncRequestHandler.cs:18) 玩家ID:490676460229754881 移动到新位置: 7.1882677 , 0 , 7.328928
2025-11-27 21:53:08.9528 (StateSyncRequestHandler.cs:18) 玩家ID:490676460229754881 移动方向: 0.98706627 , 0 , 0.16031262
2025-11-27 21:53:08.9528 (StateSyncRequestHandler.cs:18) 玩家ID:490676460229754881 移动到新位置: 7.385681 , 0 , 7.3609905
2025-11-27 21:53:09.0615 (StateSyncRequestHandler.cs:18) 玩家ID:490676460229754881 移动方向: 0.8113195 , 0 , -0.58460313
2025-11-27 21:53:09.0615 (StateSyncRequestHandler.cs:18) 玩家ID:490676460229754881 移动到新位置: 7.547945 , 0 , 7.24407
2025-11-27 21:53:09.1542 (StateSyncRequestHandler.cs:18) 玩家ID:490676460229754881 移动方向: 0.8113195 , 0 , -0.58460313
2025-11-27 21:53:09.1542 (StateSyncRequestHandler.cs:18) 玩家ID:490676460229754881 移动到新位置: 7.710209 , 0 , 7.1271496
2025-11-27 21:53:09.2464 (StateSyncRequestHandler.cs:18) 玩家ID:490676460229754881 移动方向: -0.58460313 , 0 , -0.8113195
2025-11-27 21:53:09.2464 (StateSyncRequestHandler.cs:18) 玩家ID:490676460229754881 移动到新位置: 7.5932884 , 0 , 6.9648857
2025-11-27 21:53:09.3549 (StateSyncRequestHandler.cs:18) 玩家ID:490676460229754881 移动方向: -0.58460313 , 0 , -0.8113195
2025-11-27 21:53:09.3549 (StateSyncRequestHandler.cs:18) 玩家ID:490676460229754881 移动到新位置: 7.476368 , 0 , 6.802622
2025-11-27 21:53:09.4476 (StateSyncRequestHandler.cs:18) 玩家ID:490676460229754881 移动方向: -0.98706627 , 0 , -0.16031262
2025-11-27 21:53:09.4476 (StateSyncRequestHandler.cs:18) 玩家ID:490676460229754881 移动到新位置: 7.2789545 , 0 , 6.7705593
2025-11-27 21:53:09.5579 (StateSyncRequestHandler.cs:18) 玩家ID:490676460229754881 移动方向: -0.98706627 , 0 , -0.16031262
2025-11-27 21:53:09.5579 (StateSyncRequestHandler.cs:18) 玩家ID:490676460229754881 移动到新位置: 7.081541 , 0 , 6.738497
2025-11-27 21:53:09.6515 (StateSyncRequestHandler.cs:18) 玩家ID:490676460229754881 移动方向: -0.98706627 , 0 , -0.16031262
2025-11-27 21:53:09.6515 (StateSyncRequestHandler.cs:18) 玩家ID:490676460229754881 移动到新位置: 6.8841276 , 0 , 6.7064342
2025-11-27 21:53:09.7598 (StateSyncRequestHandler.cs:18) 玩家ID:490676460229754881 移动方向: -0.98706627 , 0 , -0.16031262
2025-11-27 21:53:09.7598 (StateSyncRequestHandler.cs:18) 玩家ID:490676460229754881 移动到新位置: 6.686714 , 0 , 6.6743717
2025-11-27 21:53:09.8536 (StateSyncRequestHandler.cs:18) 玩家ID:490676460229754881 移动方向: -0.58460313 , 0 , -0.8113195
2025-11-27 21:53:09.8536 (StateSyncRequestHandler.cs:18) 玩家ID:490676460229754881 移动到新位置: 6.5697937 , 0 , 6.512108
2025-11-27 21:53:09.9627 (StateSyncRequestHandler.cs:18) 玩家ID:490676460229754881 移动方向: 0.16031262 , 0 , -0.98706627
2025-11-27 21:53:09.9627 (StateSyncRequestHandler.cs:18) 玩家ID:490676460229754881 移动到新位置: 6.601856 , 0 , 6.3146944
2025-11-27 21:53:10.0572 (StateSyncRequestHandler.cs:18) 玩家ID:490676460229754881 移动方向: 0.16031262 , 0 , -0.98706627
2025-11-27 21:53:10.0572 (StateSyncRequestHandler.cs:18) 玩家ID:490676460229754881 移动到新位置: 6.633919 , 0 , 6.117281
2025-11-27 21:53:10.1646 (StateSyncRequestHandler.cs:18) 玩家ID:490676460229754881 移动方向: 0.16031262 , 0 , -0.98706627
2025-11-27 21:53:10.1646 (StateSyncRequestHandler.cs:18) 玩家ID:490676460229754881 移动到新位置: 6.6659813 , 0 , 5.9198675
2025-11-27 21:53:10.2577 (StateSyncRequestHandler.cs:18) 玩家ID:490676460229754881 移动方向: 0.16031262 , 0 , -0.98706627
2025-11-27 21:53:10.2577 (StateSyncRequestHandler.cs:18) 玩家ID:490676460229754881 移动到新位置: 6.698044 , 0 , 5.722454
2025-11-27 21:53:10.3501 (StateSyncRequestHandler.cs:18) 玩家ID:490676460229754881 移动方向: 0.16031262 , 0 , -0.98706627
2025-11-27 21:53:10.3501 (StateSyncRequestHandler.cs:18) 玩家ID:490676460229754881 移动到新位置: 6.7301064 , 0 , 5.5250406
2025-11-27 21:53:10.4606 (StateSyncRequestHandler.cs:18) 玩家ID:490676460229754881 移动方向: 0.16031262 , 0 , -0.98706627
2025-11-27 21:53:10.4606 (StateSyncRequestHandler.cs:18) 玩家ID:490676460229754881 移动到新位置: 6.762169 , 0 , 5.327627
2025-11-27 21:53:10.5539 (StateSyncRequestHandler.cs:18) 玩家ID:490676460229754881 移动方向: -0.58460313 , 0 , -0.8113195
2025-11-27 21:53:10.5539 (StateSyncRequestHandler.cs:18) 玩家ID:490676460229754881 移动到新位置: 6.6452484 , 0 , 5.1653633
2025-11-27 21:53:10.6468 (StateSyncRequestHandler.cs:18) 玩家ID:490676460229754881 移动方向: -0.98706627 , 0 , -0.16031262
2025-11-27 21:53:10.6468 (StateSyncRequestHandler.cs:18) 玩家ID:490676460229754881 移动到新位置: 6.447835 , 0 , 5.133301
2025-11-27 21:53:10.7552 (StateSyncRequestHandler.cs:18) 玩家ID:490676460229754881 移动方向: -0.58460313 , 0 , -0.8113195
2025-11-27 21:53:10.7552 (StateSyncRequestHandler.cs:18) 玩家ID:490676460229754881 移动到新位置: 6.3309145 , 0 , 4.971037
2025-11-27 21:53:10.8633 (StateSyncRequestHandler.cs:18) 玩家ID:490676460229754881 移动方向: 0.16031262 , 0 , -0.98706627
2025-11-27 21:53:10.8633 (StateSyncRequestHandler.cs:18) 玩家ID:490676460229754881 移动到新位置: 6.362977 , 0 , 4.7736235
2025-11-27 21:53:10.9561 (StateSyncRequestHandler.cs:18) 玩家ID:490676460229754881 移动方向: 0.8113195 , 0 , -0.58460313
2025-11-27 21:53:10.9561 (StateSyncRequestHandler.cs:18) 玩家ID:490676460229754881 移动到新位置: 6.525241 , 0 , 4.656703
2025-11-27 21:53:11.0490 (StateSyncRequestHandler.cs:18) 玩家ID:490676460229754881 移动方向: 0.8113195 , 0 , -0.58460313
2025-11-27 21:53:11.0490 (StateSyncRequestHandler.cs:18) 玩家ID:490676460229754881 移动到新位置: 6.687505 , 0 , 4.5397825
2025-11-27 21:53:11.1570 (StateSyncRequestHandler.cs:18) 玩家ID:490676460229754881 移动方向: 0.58460313 , 0 , 0.8113195
2025-11-27 21:53:11.1570 (StateSyncRequestHandler.cs:18) 玩家ID:490676460229754881 移动到新位置: 6.8044252 , 0 , 4.7020464
2025-11-27 21:53:11.2506 (StateSyncRequestHandler.cs:18) 玩家ID:490676460229754881 移动方向: 0.58460313 , 0 , 0.8113195
2025-11-27 21:53:11.2506 (StateSyncRequestHandler.cs:18) 玩家ID:490676460229754881 移动到新位置: 6.9213457 , 0 , 4.8643103
2025-11-27 21:53:11.3583 (StateSyncRequestHandler.cs:18) 玩家ID:490676460229754881 移动方向: 0.58460313 , 0 , 0.8113195
2025-11-27 21:53:11.3583 (StateSyncRequestHandler.cs:18) 玩家ID:490676460229754881 移动到新位置: 7.038266 , 0 , 5.026574
2025-11-27 21:53:11.4678 (StateSyncRequestHandler.cs:18) 玩家ID:490676460229754881 移动方向: 0.58460313 , 0 , 0.8113195
2025-11-27 21:53:11.4678 (StateSyncRequestHandler.cs:18) 玩家ID:490676460229754881 移动到新位置: 7.1551867 , 0 , 5.188838
2025-11-27 21:53:11.5749 (StateSyncRequestHandler.cs:18) 玩家ID:490676460229754881 移动方向: 0.58460313 , 0 , 0.8113195
2025-11-27 21:53:11.5749 (StateSyncRequestHandler.cs:18) 玩家ID:490676460229754881 移动到新位置: 7.272107 , 0 , 5.351102
2025-11-27 21:53:11.6508 (StateSyncRequestHandler.cs:18) 玩家ID:490676460229754881 移动方向: 0.58460313 , 0 , 0.8113195
2025-11-27 21:53:11.6508 (StateSyncRequestHandler.cs:18) 玩家ID:490676460229754881 移动到新位置: 7.3890276 , 0 , 5.5133657
2025-11-27 21:53:11.7439 (StateSyncRequestHandler.cs:18) 玩家ID:490676460229754881 移动方向: 0.58460313 , 0 , 0.8113195
2025-11-27 21:53:11.7439 (StateSyncRequestHandler.cs:18) 玩家ID:490676460229754881 移动到新位置: 7.505948 , 0 , 5.6756296
2025-11-27 21:53:11.8522 (StateSyncRequestHandler.cs:18) 玩家ID:490676460229754881 移动方向: -0.16031262 , 0 , 0.98706627
2025-11-27 21:53:11.8522 (StateSyncRequestHandler.cs:18) 玩家ID:490676460229754881 移动到新位置: 7.4738855 , 0 , 5.873043
2025-11-27 21:53:11.9451 (StateSyncRequestHandler.cs:18) 玩家ID:490676460229754881 移动方向: -0.16031262 , 0 , 0.98706627
2025-11-27 21:53:11.9451 (StateSyncRequestHandler.cs:18) 玩家ID:490676460229754881 移动到新位置: 7.441823 , 0 , 6.0704565
2025-11-27 21:53:12.0543 (StateSyncRequestHandler.cs:18) 玩家ID:490676460229754881 移动方向: -0.16031262 , 0 , 0.98706627
2025-11-27 21:53:12.0543 (StateSyncRequestHandler.cs:18) 玩家ID:490676460229754881 移动到新位置: 7.4097605 , 0 , 6.26787
2025-11-27 21:53:12.1650 (StateSyncRequestHandler.cs:18) 玩家ID:490676460229754881 移动方向: -0.16031262 , 0 , 0.98706627
2025-11-27 21:53:12.1650 (StateSyncRequestHandler.cs:18) 玩家ID:490676460229754881 移动到新位置: 7.377698 , 0 , 6.4652834
2025-11-27 21:53:12.2572 (StateSyncRequestHandler.cs:18) 玩家ID:490676460229754881 移动方向: -0.16031262 , 0 , 0.98706627
2025-11-27 21:53:12.2572 (StateSyncRequestHandler.cs:18) 玩家ID:490676460229754881 移动到新位置: 7.3456354 , 0 , 6.662697
2025-11-27 21:53:12.3501 (StateSyncRequestHandler.cs:18) 玩家ID:490676460229754881 移动方向: 0.98706627 , 0 , 0.16031262
2025-11-27 21:53:12.3501 (StateSyncRequestHandler.cs:18) 玩家ID:490676460229754881 移动到新位置: 7.543049 , 0 , 6.6947594
2025-11-27 21:53:12.4576 (StateSyncRequestHandler.cs:18) 玩家ID:490676460229754881 移动方向: 0.8113195 , 0 , -0.58460313
2025-11-27 21:53:12.4583 (StateSyncRequestHandler.cs:18) 玩家ID:490676460229754881 移动到新位置: 7.7053127 , 0 , 6.577839
2025-11-27 21:53:12.5535 (StateSyncRequestHandler.cs:18) 玩家ID:490676460229754881 移动方向: 0.16031262 , 0 , -0.98706627
2025-11-27 21:53:12.5535 (StateSyncRequestHandler.cs:18) 玩家ID:490676460229754881 移动到新位置: 7.7373753 , 0 , 6.3804255
2025-11-27 21:53:12.6584 (StateSyncRequestHandler.cs:18) 玩家ID:490676460229754881 移动方向: -0.58460313 , 0 , -0.8113195
2025-11-27 21:53:12.6584 (StateSyncRequestHandler.cs:18) 玩家ID:490676460229754881 移动到新位置: 7.620455 , 0 , 6.2181616
2025-11-27 21:53:12.7511 (StateSyncRequestHandler.cs:18) 玩家ID:490676460229754881 移动方向: -0.98706627 , 0 , -0.16031262
2025-11-27 21:53:12.7511 (StateSyncRequestHandler.cs:18) 玩家ID:490676460229754881 移动到新位置: 7.4230413 , 0 , 6.186099
2025-11-27 21:53:12.8590 (StateSyncRequestHandler.cs:18) 玩家ID:490676460229754881 移动方向: -0.98706627 , 0 , -0.16031262
2025-11-27 21:53:12.8590 (StateSyncRequestHandler.cs:18) 玩家ID:490676460229754881 移动到新位置: 7.225628 , 0 , 6.1540365
2025-11-27 21:53:12.9543 (StateSyncRequestHandler.cs:18) 玩家ID:490676460229754881 移动到新位置: 7.225628 , 0 , 6.1540365
2025-11-27 21:53:16.1041 (StateSyncRequestHandler.cs:18) 玩家ID:489242989124911105 移动方向: 0.005944602 , 0 , -0.99998236
2025-11-27 21:53:16.1041 (StateSyncRequestHandler.cs:18) 玩家ID:489242989124911105 移动到新位置: 5.648895 , 0 , 4.981037
2025-11-27 21:53:16.1982 (StateSyncRequestHandler.cs:18) 玩家ID:489242989124911105 移动方向: 0.17826554 , 0 , -0.98398244
2025-11-27 21:53:16.1982 (StateSyncRequestHandler.cs:18) 玩家ID:489242989124911105 移动到新位置: 5.684548 , 0 , 4.7842407
2025-11-27 21:53:16.3073 (StateSyncRequestHandler.cs:18) 玩家ID:489242989124911105 移动方向: 0.26402396 , 0 , -0.9645161
2025-11-27 21:53:16.3073 (StateSyncRequestHandler.cs:18) 玩家ID:489242989124911105 移动到新位置: 5.737353 , 0 , 4.5913377
2025-11-27 21:53:16.4165 (StateSyncRequestHandler.cs:18) 玩家ID:489242989124911105 移动方向: -0.47013235 , 0 , -0.8825959
2025-11-27 21:53:16.4165 (StateSyncRequestHandler.cs:18) 玩家ID:489242989124911105 移动到新位置: 5.6433263 , 0 , 4.4148183
2025-11-27 21:53:16.4961 (StateSyncRequestHandler.cs:18) 玩家ID:489242989124911105 移动方向: -0.46963555 , 0 , -0.8828604
2025-11-27 21:53:16.4961 (StateSyncRequestHandler.cs:18) 玩家ID:489242989124911105 移动到新位置: 5.5493994 , 0 , 4.2382464
2025-11-27 21:53:16.6038 (StateSyncRequestHandler.cs:18) 玩家ID:489242989124911105 移动方向: -0.9688534 , 0 , -0.2476348
2025-11-27 21:53:16.6038 (StateSyncRequestHandler.cs:18) 玩家ID:489242989124911105 移动到新位置: 5.3556285 , 0 , 4.1887193
2025-11-27 21:53:16.7131 (StateSyncRequestHandler.cs:18) 玩家ID:489242989124911105 移动方向: -0.9901771 , 0 , -0.1398191
2025-11-27 21:53:16.7131 (StateSyncRequestHandler.cs:18) 玩家ID:489242989124911105 移动到新位置: 5.1575933 , 0 , 4.1607556
2025-11-27 21:53:16.8083 (StateSyncRequestHandler.cs:18) 玩家ID:489242989124911105 移动方向: -0.99794203 , 0 , -0.06412243
2025-11-27 21:53:16.8083 (StateSyncRequestHandler.cs:18) 玩家ID:489242989124911105 移动到新位置: 4.958005 , 0 , 4.147931
2025-11-27 21:53:16.9312 (StateSyncRequestHandler.cs:18) 玩家ID:489242989124911105 移动方向: -0.99943256 , 0 , 0.033682883
2025-11-27 21:53:16.9312 (StateSyncRequestHandler.cs:18) 玩家ID:489242989124911105 移动到新位置: 4.7581186 , 0 , 4.154668
2025-11-27 21:53:17.0104 (StateSyncRequestHandler.cs:18) 玩家ID:489242989124911105 移动方向: -0.43849933 , 0 , 0.8987315
2025-11-27 21:53:17.0104 (StateSyncRequestHandler.cs:18) 玩家ID:489242989124911105 移动到新位置: 4.6704187 , 0 , 4.334414
2025-11-27 21:53:17.1219 (StateSyncRequestHandler.cs:18) 玩家ID:489242989124911105 移动方向: -0.7695319 , 0 , 0.63860834
2025-11-27 21:53:17.1219 (StateSyncRequestHandler.cs:18) 玩家ID:489242989124911105 移动到新位置: 4.5165124 , 0 , 4.462136
2025-11-27 21:53:17.2145 (StateSyncRequestHandler.cs:18) 玩家ID:489242989124911105 移动方向: -0.42739654 , 0 , 0.9040643
2025-11-27 21:53:17.2145 (StateSyncRequestHandler.cs:18) 玩家ID:489242989124911105 移动到新位置: 4.431033 , 0 , 4.6429486
2025-11-27 21:53:17.3230 (StateSyncRequestHandler.cs:18) 玩家ID:489242989124911105 移动方向: -0.11392896 , 0 , 0.99348885
2025-11-27 21:53:17.3230 (StateSyncRequestHandler.cs:18) 玩家ID:489242989124911105 移动到新位置: 4.4082475 , 0 , 4.841646
2025-11-27 21:53:17.4009 (StateSyncRequestHandler.cs:18) 玩家ID:489242989124911105 移动方向: -0.6628795 , 0 , 0.74872607
2025-11-27 21:53:17.4009 (StateSyncRequestHandler.cs:18) 玩家ID:489242989124911105 移动到新位置: 4.2756715 , 0 , 4.991391
2025-11-27 21:53:17.5090 (StateSyncRequestHandler.cs:18) 玩家ID:489242989124911105 移动方向: -0.4643379 , 0 , 0.8856581
2025-11-27 21:53:17.5090 (StateSyncRequestHandler.cs:18) 玩家ID:489242989124911105 移动到新位置: 4.182804 , 0 , 5.168523
2025-11-27 21:53:17.6015 (StateSyncRequestHandler.cs:18) 玩家ID:489242989124911105 移动方向: -0.35238522 , 0 , 0.93585503
2025-11-27 21:53:17.6015 (StateSyncRequestHandler.cs:18) 玩家ID:489242989124911105 移动到新位置: 4.112327 , 0 , 5.355694
2025-11-27 21:53:17.7250 (StateSyncRequestHandler.cs:18) 玩家ID:489242989124911105 移动方向: 0.5639182 , 0 , 0.82583064
2025-11-27 21:53:17.7250 (StateSyncRequestHandler.cs:18) 玩家ID:489242989124911105 移动到新位置: 4.2251105 , 0 , 5.5208597
2025-11-27 21:53:17.8172 (StateSyncRequestHandler.cs:18) 玩家ID:489242989124911105 移动方向: 0.6557788 , 0 , 0.754953
2025-11-27 21:53:17.8172 (StateSyncRequestHandler.cs:18) 玩家ID:489242989124911105 移动到新位置: 4.3562665 , 0 , 5.67185
2025-11-27 21:53:17.9116 (StateSyncRequestHandler.cs:18) 玩家ID:489242989124911105 移动方向: 0.9998754 , 0 , 0.015783787
2025-11-27 21:53:17.9116 (StateSyncRequestHandler.cs:18) 玩家ID:489242989124911105 移动到新位置: 4.5562415 , 0 , 5.675007
2025-11-27 21:53:18.0022 (StateSyncRequestHandler.cs:18) 玩家ID:489242989124911105 移动方向: 0.9998553 , 0 , -0.017014325
2025-11-27 21:53:18.0022 (StateSyncRequestHandler.cs:18) 玩家ID:489242989124911105 移动到新位置: 4.7562127 , 0 , 5.671604
2025-11-27 21:53:18.1089 (StateSyncRequestHandler.cs:18) 玩家ID:489242989124911105 移动方向: 0.68806016 , 0 , -0.7256537
2025-11-27 21:53:18.1089 (StateSyncRequestHandler.cs:18) 玩家ID:489242989124911105 移动到新位置: 4.8938246 , 0 , 5.5264735
2025-11-27 21:53:18.2028 (StateSyncRequestHandler.cs:18) 玩家ID:489242989124911105 移动方向: 0.68591106 , 0 , -0.72768545
2025-11-27 21:53:18.2028 (StateSyncRequestHandler.cs:18) 玩家ID:489242989124911105 移动到新位置: 5.031007 , 0 , 5.3809366
2025-11-27 21:53:18.2953 (StateSyncRequestHandler.cs:18) 玩家ID:489242989124911105 移动方向: -0.030932069 , 0 , -0.9995215
2025-11-27 21:53:18.2953 (StateSyncRequestHandler.cs:18) 玩家ID:489242989124911105 移动到新位置: 5.0248203 , 0 , 5.181032
2025-11-27 21:53:18.4047 (StateSyncRequestHandler.cs:18) 玩家ID:489242989124911105 移动方向: -0.7288779 , 0 , -0.6846437
2025-11-27 21:53:18.4047 (StateSyncRequestHandler.cs:18) 玩家ID:489242989124911105 移动到新位置: 4.8790445 , 0 , 5.0441036
2025-11-27 21:53:18.4979 (StateSyncRequestHandler.cs:18) 玩家ID:489242989124911105 移动方向: -0.9995079 , 0 , 0.03136888
2025-11-27 21:53:18.4979 (StateSyncRequestHandler.cs:18) 玩家ID:489242989124911105 移动到新位置: 4.679143 , 0 , 5.0503774
2025-11-27 21:53:18.6058 (StateSyncRequestHandler.cs:18) 玩家ID:489242989124911105 移动方向: -0.99950695 , 0 , 0.03139949
2025-11-27 21:53:18.6058 (StateSyncRequestHandler.cs:18) 玩家ID:489242989124911105 移动到新位置: 4.4792414 , 0 , 5.0566573
2025-11-27 21:53:18.7146 (StateSyncRequestHandler.cs:18) 玩家ID:489242989124911105 移动方向: -0.9995067 , 0 , 0.031407535
2025-11-27 21:53:18.7146 (StateSyncRequestHandler.cs:18) 玩家ID:489242989124911105 移动到新位置: 4.2793403 , 0 , 5.0629387
2025-11-27 21:53:18.8066 (StateSyncRequestHandler.cs:18) 玩家ID:489242989124911105 移动方向: -0.7289681 , 0 , -0.6845476
2025-11-27 21:53:18.8066 (StateSyncRequestHandler.cs:18) 玩家ID:489242989124911105 移动到新位置: 4.133547 , 0 , 4.926029
2025-11-27 21:53:18.9153 (StateSyncRequestHandler.cs:18) 玩家ID:489242989124911105 移动方向: -0.7289687 , 0 , -0.68454707
2025-11-27 21:53:18.9153 (StateSyncRequestHandler.cs:18) 玩家ID:489242989124911105 移动到新位置: 3.9877532 , 0 , 4.7891197
2025-11-27 21:53:19.0234 (StateSyncRequestHandler.cs:18) 玩家ID:489242989124911105 移动方向: -0.72896886 , 0 , -0.6845469
2025-11-27 21:53:19.0234 (StateSyncRequestHandler.cs:18) 玩家ID:489242989124911105 移动到新位置: 3.8419595 , 0 , 4.65221
2025-11-27 21:53:19.1006 (StateSyncRequestHandler.cs:18) 玩家ID:489242989124911105 移动方向: -0.72896886 , 0 , -0.6845469
2025-11-27 21:53:19.1006 (StateSyncRequestHandler.cs:18) 玩家ID:489242989124911105 移动到新位置: 3.6961658 , 0 , 4.5153008
2025-11-27 21:53:19.2094 (StateSyncRequestHandler.cs:18) 玩家ID:489242989124911105 移动方向: -0.72896886 , 0 , -0.6845469
2025-11-27 21:53:19.2094 (StateSyncRequestHandler.cs:18) 玩家ID:489242989124911105 移动到新位置: 3.5503721 , 0 , 4.3783913
2025-11-27 21:53:19.3328 (StateSyncRequestHandler.cs:18) 玩家ID:489242989124911105 移动方向: -0.72896886 , 0 , -0.6845469
2025-11-27 21:53:19.3328 (StateSyncRequestHandler.cs:18) 玩家ID:489242989124911105 移动到新位置: 3.4045784 , 0 , 4.241482
2025-11-27 21:53:19.3956 (StateSyncRequestHandler.cs:18) 玩家ID:489242989124911105 移动方向: -0.72896886 , 0 , -0.6845469
2025-11-27 21:53:19.3956 (StateSyncRequestHandler.cs:18) 玩家ID:489242989124911105 移动到新位置: 3.2587848 , 0 , 4.1045723
2025-11-27 21:53:19.5197 (StateSyncRequestHandler.cs:18) 玩家ID:489242989124911105 移动方向: -0.72896886 , 0 , -0.6845469
2025-11-27 21:53:19.5197 (StateSyncRequestHandler.cs:18) 玩家ID:489242989124911105 移动到新位置: 3.112991 , 0 , 3.9676628
2025-11-27 21:53:19.6121 (StateSyncRequestHandler.cs:18) 玩家ID:489242989124911105 移动方向: -0.72896886 , 0 , -0.6845469
2025-11-27 21:53:19.6121 (StateSyncRequestHandler.cs:18) 玩家ID:489242989124911105 移动到新位置: 2.9671974 , 0 , 3.8307533
2025-11-27 21:53:19.7047 (StateSyncRequestHandler.cs:18) 玩家ID:489242989124911105 移动到新位置: 2.9671974 , 0 , 3.8307533
2025-11-27 21:53:20.2005 (StateSyncRequestHandler.cs:18) 玩家ID:489242989124911105 移动方向: 0.7309697 , 0 , 0.68240994
2025-11-27 21:53:20.2005 (StateSyncRequestHandler.cs:18) 玩家ID:489242989124911105 移动到新位置: 3.1133914 , 0 , 3.9672353
2025-11-27 21:53:20.3099 (StateSyncRequestHandler.cs:18) 玩家ID:489242989124911105 移动方向: 0.73144335 , 0 , 0.6819022
2025-11-27 21:53:20.3099 (StateSyncRequestHandler.cs:18) 玩家ID:489242989124911105 移动到新位置: 3.25968 , 0 , 4.1036158
2025-11-27 21:53:20.4036 (StateSyncRequestHandler.cs:18) 玩家ID:489242989124911105 移动方向: 0.7315786 , 0 , 0.68175715
2025-11-27 21:53:20.4036 (StateSyncRequestHandler.cs:18) 玩家ID:489242989124911105 移动到新位置: 3.4059958 , 0 , 4.2399673
2025-11-27 21:53:20.5131 (StateSyncRequestHandler.cs:18) 玩家ID:489242989124911105 移动方向: 0.73162985 , 0 , 0.68170214
2025-11-27 21:53:20.5131 (StateSyncRequestHandler.cs:18) 玩家ID:489242989124911105 移动到新位置: 3.552322 , 0 , 4.376308
2025-11-27 21:53:20.6219 (StateSyncRequestHandler.cs:18) 玩家ID:489242989124911105 移动方向: 0.73164386 , 0 , 0.681687
2025-11-27 21:53:20.6219 (StateSyncRequestHandler.cs:18) 玩家ID:489242989124911105 移动到新位置: 3.6986506 , 0 , 4.5126452
2025-11-27 21:53:20.7144 (StateSyncRequestHandler.cs:18) 玩家ID:489242989124911105 移动方向: 0.7316494 , 0 , 0.6816811
2025-11-27 21:53:20.7144 (StateSyncRequestHandler.cs:18) 玩家ID:489242989124911105 移动到新位置: 3.8449805 , 0 , 4.6489816
2025-11-27 21:53:20.8068 (StateSyncRequestHandler.cs:18) 玩家ID:489242989124911105 移动到新位置: 3.8449805 , 0 , 4.6489816
2025-11-27 21:53:20.9146 (StateSyncRequestHandler.cs:18) 玩家ID:489242989124911105 移动方向: -0.7316512 , 0 , -0.6816791
2025-11-27 21:53:20.9146 (StateSyncRequestHandler.cs:18) 玩家ID:489242989124911105 移动到新位置: 3.6986504 , 0 , 4.5126457
2025-11-27 21:53:21.0090 (StateSyncRequestHandler.cs:18) 玩家ID:489242989124911105 移动方向: -0.73165137 , 0 , -0.681679
2025-11-27 21:53:21.0090 (StateSyncRequestHandler.cs:18) 玩家ID:489242989124911105 移动到新位置: 3.55232 , 0 , 4.37631
2025-11-27 21:53:21.1023 (StateSyncRequestHandler.cs:18) 玩家ID:489242989124911105 移动方向: -0.73165137 , 0 , -0.681679
2025-11-27 21:53:21.1023 (StateSyncRequestHandler.cs:18) 玩家ID:489242989124911105 移动到新位置: 3.4059896 , 0 , 4.239974
2025-11-27 21:53:21.2125 (StateSyncRequestHandler.cs:18) 玩家ID:489242989124911105 移动方向: -0.73165137 , 0 , -0.681679
2025-11-27 21:53:21.2125 (StateSyncRequestHandler.cs:18) 玩家ID:489242989124911105 移动到新位置: 3.2596593 , 0 , 4.103638
2025-11-27 21:53:21.3055 (StateSyncRequestHandler.cs:18) 玩家ID:489242989124911105 移动方向: -0.73165137 , 0 , -0.681679
2025-11-27 21:53:21.3055 (StateSyncRequestHandler.cs:18) 玩家ID:489242989124911105 移动到新位置: 3.113329 , 0 , 3.9673023
2025-11-27 21:53:21.3972 (StateSyncRequestHandler.cs:18) 玩家ID:489242989124911105 移动方向: -0.73165137 , 0 , -0.681679
2025-11-27 21:53:21.3972 (StateSyncRequestHandler.cs:18) 玩家ID:489242989124911105 移动到新位置: 2.9669986 , 0 , 3.8309665
2025-11-27 21:53:21.5066 (StateSyncRequestHandler.cs:18) 玩家ID:489242989124911105 移动方向: -0.73165137 , 0 , -0.681679
2025-11-27 21:53:21.5066 (StateSyncRequestHandler.cs:18) 玩家ID:489242989124911105 移动到新位置: 2.8206682 , 0 , 3.6946306
2025-11-27 21:53:21.6005 (StateSyncRequestHandler.cs:18) 玩家ID:489242989124911105 移动方向: -0.73165137 , 0 , -0.681679
2025-11-27 21:53:21.6005 (StateSyncRequestHandler.cs:18) 玩家ID:489242989124911105 移动到新位置: 2.6743379 , 0 , 3.5582948
2025-11-27 21:53:21.7088 (StateSyncRequestHandler.cs:18) 玩家ID:489242989124911105 移动方向: -0.7504678 , 0 , -0.6609071
2025-11-27 21:53:21.7088 (StateSyncRequestHandler.cs:18) 玩家ID:489242989124911105 移动到新位置: 2.5242443 , 0 , 3.4261134
2025-11-27 21:53:21.8019 (StateSyncRequestHandler.cs:18) 玩家ID:489242989124911105 移动方向: -0.9465325 , 0 , -0.32260844
2025-11-27 21:53:21.8024 (StateSyncRequestHandler.cs:18) 玩家ID:489242989124911105 移动到新位置: 2.3349378 , 0 , 3.3615916
2025-11-27 21:53:21.9107 (StateSyncRequestHandler.cs:18) 玩家ID:489242989124911105 移动方向: -0.31745452 , 0 , -0.9482735
2025-11-27 21:53:21.9124 (StateSyncRequestHandler.cs:18) 玩家ID:489242989124911105 移动到新位置: 2.271447 , 0 , 3.171937
2025-11-27 21:53:22.0042 (StateSyncRequestHandler.cs:18) 玩家ID:489242989124911105 移动方向: -0.71793485 , 0 , -0.69611037
2025-11-27 21:53:22.0053 (StateSyncRequestHandler.cs:18) 玩家ID:489242989124911105 移动到新位置: 2.12786 , 0 , 3.0327148
2025-11-27 21:53:22.0955 (StateSyncRequestHandler.cs:18) 玩家ID:489242989124911105 移动方向: -0.31603628 , 0 , -0.9487471
2025-11-27 21:53:22.0955 (StateSyncRequestHandler.cs:18) 玩家ID:489242989124911105 移动到新位置: 2.064653 , 0 , 2.8429654
2025-11-27 21:53:22.2041 (StateSyncRequestHandler.cs:18) 玩家ID:489242989124911105 移动方向: 0.3455865 , 0 , -0.9383869
2025-11-27 21:53:22.2041 (StateSyncRequestHandler.cs:18) 玩家ID:489242989124911105 移动到新位置: 2.1337702 , 0 , 2.655288
2025-11-27 21:53:22.3127 (StateSyncRequestHandler.cs:18) 玩家ID:489242989124911105 移动方向: 0.2542467 , 0 , -0.9671394
2025-11-27 21:53:22.3127 (StateSyncRequestHandler.cs:18) 玩家ID:489242989124911105 移动到新位置: 2.1846197 , 0 , 2.4618602
2025-11-27 21:53:22.3889 (StateSyncRequestHandler.cs:18) 玩家ID:489242989124911105 移动方向: 0.20922878 , 0 , -0.9778667
2025-11-27 21:53:22.3889 (StateSyncRequestHandler.cs:18) 玩家ID:489242989124911105 移动到新位置: 2.2264655 , 0 , 2.2662868
2025-11-27 21:53:22.5108 (StateSyncRequestHandler.cs:18) 玩家ID:489242989124911105 移动方向: 0.17102689 , 0 , -0.9852663
2025-11-27 21:53:22.5108 (StateSyncRequestHandler.cs:18) 玩家ID:489242989124911105 移动到新位置: 2.260671 , 0 , 2.0692337
2025-11-27 21:53:22.6190 (StateSyncRequestHandler.cs:18) 玩家ID:489242989124911105 移动方向: 0.16464537 , 0 , -0.98635286
2025-11-27 21:53:22.6190 (StateSyncRequestHandler.cs:18) 玩家ID:489242989124911105 移动到新位置: 2.2936 , 0 , 1.871963
2025-11-27 21:53:22.7126 (StateSyncRequestHandler.cs:18) 玩家ID:489242989124911105 移动方向: 0.1753888 , 0 , -0.9844993
2025-11-27 21:53:22.7126 (StateSyncRequestHandler.cs:18) 玩家ID:489242989124911105 移动到新位置: 2.328678 , 0 , 1.6750631
2025-11-27 21:53:22.8056 (StateSyncRequestHandler.cs:18) 玩家ID:489242989124911105 移动方向: 0.18688056 , 0 , -0.9823826
2025-11-27 21:53:22.8056 (StateSyncRequestHandler.cs:18) 玩家ID:489242989124911105 移动到新位置: 2.366054 , 0 , 1.4785867
2025-11-27 21:53:22.8980 (StateSyncRequestHandler.cs:18) 玩家ID:489242989124911105 移动方向: -0.5494233 , 0 , -0.83554417
2025-11-27 21:53:22.8980 (StateSyncRequestHandler.cs:18) 玩家ID:489242989124911105 移动到新位置: 2.2561693 , 0 , 1.3114779
2025-11-27 21:53:22.9929 (StateSyncRequestHandler.cs:18) 玩家ID:489242989124911105 移动方向: -0.49153903 , 0 , -0.8708555
2025-11-27 21:53:22.9929 (StateSyncRequestHandler.cs:18) 玩家ID:489242989124911105 移动到新位置: 2.1578615 , 0 , 1.1373068
2025-11-27 21:53:23.1175 (StateSyncRequestHandler.cs:18) 玩家ID:489242989124911105 移动方向: -0.30507067 , 0 , -0.95232964
2025-11-27 21:53:23.1175 (StateSyncRequestHandler.cs:18) 玩家ID:489242989124911105 移动到新位置: 2.0968473 , 0 , 0.9468409
2025-11-27 21:53:23.2103 (StateSyncRequestHandler.cs:18) 玩家ID:489242989124911105 移动方向: -0.14763913 , 0 , -0.9890413
2025-11-27 21:53:23.2103 (StateSyncRequestHandler.cs:18) 玩家ID:489242989124911105 移动到新位置: 2.0673194 , 0 , 0.7490326
2025-11-27 21:53:23.3036 (StateSyncRequestHandler.cs:18) 玩家ID:489242989124911105 移动方向: 0.64617366 , 0 , -0.7631904
2025-11-27 21:53:23.3036 (StateSyncRequestHandler.cs:18) 玩家ID:489242989124911105 移动到新位置: 2.1965542 , 0 , 0.59639454
2025-11-27 21:53:23.4104 (StateSyncRequestHandler.cs:18) 玩家ID:489242989124911105 移动方向: 0.6916266 , 0 , -0.7222553
2025-11-27 21:53:23.4104 (StateSyncRequestHandler.cs:18) 玩家ID:489242989124911105 移动到新位置: 2.3348794 , 0 , 0.4519435
2025-11-27 21:53:23.5021 (StateSyncRequestHandler.cs:18) 玩家ID:489242989124911105 移动方向: 0.7095052 , 0 , -0.70470023
2025-11-27 21:53:23.5021 (StateSyncRequestHandler.cs:18) 玩家ID:489242989124911105 移动到新位置: 2.4767804 , 0 , 0.31100345
2025-11-27 21:53:23.6109 (StateSyncRequestHandler.cs:18) 玩家ID:489242989124911105 移动方向: 0.7167306 , 0 , -0.69735014
2025-11-27 21:53:23.6109 (StateSyncRequestHandler.cs:18) 玩家ID:489242989124911105 移动到新位置: 2.6201265 , 0 , 0.17153342
2025-11-27 21:53:23.7042 (StateSyncRequestHandler.cs:18) 玩家ID:489242989124911105 移动到新位置: 2.6201265 , 0 , 0.17153342
2025-11-27 21:53:24.0951 (StateSyncRequestHandler.cs:18) 玩家ID:489242989124911105 移动方向: -0.7497313 , 0 , 0.6617424
2025-11-27 21:53:24.0951 (StateSyncRequestHandler.cs:18) 玩家ID:489242989124911105 移动到新位置: 2.4701803 , 0 , 0.30388188
2025-11-27 21:53:24.2186 (StateSyncRequestHandler.cs:18) 玩家ID:489242989124911105 移动方向: -0.7500237 , 0 , 0.6614109
2025-11-27 21:53:24.2186 (StateSyncRequestHandler.cs:18) 玩家ID:489242989124911105 移动到新位置: 2.3201756 , 0 , 0.43616408
2025-11-27 21:53:24.3127 (StateSyncRequestHandler.cs:18) 玩家ID:489242989124911105 移动方向: -0.7500851 , 0 , 0.6613413
2025-11-27 21:53:24.3127 (StateSyncRequestHandler.cs:18) 玩家ID:489242989124911105 移动到新位置: 2.1701586 , 0 , 0.56843233
2025-11-27 21:53:24.4065 (StateSyncRequestHandler.cs:18) 玩家ID:489242989124911105 移动方向: -0.75010186 , 0 , 0.6613223
2025-11-27 21:53:24.4065 (StateSyncRequestHandler.cs:18) 玩家ID:489242989124911105 移动到新位置: 2.0201383 , 0 , 0.7006968
2025-11-27 21:53:24.5146 (StateSyncRequestHandler.cs:18) 玩家ID:489242989124911105 移动方向: -0.7501087 , 0 , 0.66131455
2025-11-27 21:53:24.5146 (StateSyncRequestHandler.cs:18) 玩家ID:489242989124911105 移动到新位置: 1.8701165 , 0 , 0.8329597
2025-11-27 21:53:24.6068 (StateSyncRequestHandler.cs:18) 玩家ID:489242989124911105 移动方向: -0.75011003 , 0 , 0.66131306
2025-11-27 21:53:24.6068 (StateSyncRequestHandler.cs:18) 玩家ID:489242989124911105 移动到新位置: 1.7200944 , 0 , 0.9652223
2025-11-27 21:53:24.7153 (StateSyncRequestHandler.cs:18) 玩家ID:489242989124911105 移动方向: -0.75579804 , 0 , 0.65480477
2025-11-27 21:53:24.7153 (StateSyncRequestHandler.cs:18) 玩家ID:489242989124911105 移动到新位置: 1.5689348 , 0 , 1.0961833
2025-11-27 21:53:24.8074 (StateSyncRequestHandler.cs:18) 玩家ID:489242989124911105 移动方向: -0.8494211 , 0 , 0.5277156
2025-11-27 21:53:24.8074 (StateSyncRequestHandler.cs:18) 玩家ID:489242989124911105 移动到新位置: 1.3990506 , 0 , 1.2017264
2025-11-27 21:53:24.8998 (StateSyncRequestHandler.cs:18) 玩家ID:489242989124911105 移动方向: -0.97580415 , 0 , 0.21864638
2025-11-27 21:53:24.8998 (StateSyncRequestHandler.cs:18) 玩家ID:489242989124911105 移动到新位置: 1.2038897 , 0 , 1.2454557
2025-11-27 21:53:25.0076 (StateSyncRequestHandler.cs:18) 玩家ID:489242989124911105 移动方向: -0.9539228 , 0 , -0.30005214
2025-11-27 21:53:25.0076 (StateSyncRequestHandler.cs:18) 玩家ID:489242989124911105 移动到新位置: 1.0131052 , 0 , 1.1854453
2025-11-27 21:53:25.1007 (StateSyncRequestHandler.cs:18) 玩家ID:489242989124911105 移动方向: -0.968608 , 0 , 0.24859282
2025-11-27 21:53:25.1007 (StateSyncRequestHandler.cs:18) 玩家ID:489242989124911105 移动到新位置: 0.81938356 , 0 , 1.2351639
2025-11-27 21:53:25.2095 (StateSyncRequestHandler.cs:18) 玩家ID:489242989124911105 移动方向: -0.98492026 , 0 , 0.17300853
2025-11-27 21:53:25.2095 (StateSyncRequestHandler.cs:18) 玩家ID:489242989124911105 移动到新位置: 0.6223995 , 0 , 1.2697656
2025-11-27 21:53:25.3174 (StateSyncRequestHandler.cs:18) 玩家ID:489242989124911105 移动方向: -0.60699666 , 0 , 0.7947044
2025-11-27 21:53:25.3179 (StateSyncRequestHandler.cs:18) 玩家ID:489242989124911105 移动到新位置: 0.50100017 , 0 , 1.4287065
2025-11-27 21:53:25.3942 (StateSyncRequestHandler.cs:18) 玩家ID:489242989124911105 移动方向: -0.616301 , 0 , 0.78751075
2025-11-27 21:53:25.3942 (StateSyncRequestHandler.cs:18) 玩家ID:489242989124911105 移动到新位置: 0.37773997 , 0 , 1.5862087
2025-11-27 21:53:25.5019 (StateSyncRequestHandler.cs:18) 玩家ID:489242989124911105 移动方向: -0.62018496 , 0 , 0.78445566
2025-11-27 21:53:25.5019 (StateSyncRequestHandler.cs:18) 玩家ID:489242989124911105 移动到新位置: 0.253703 , 0 , 1.7430998
2025-11-27 21:53:25.6248 (StateSyncRequestHandler.cs:18) 玩家ID:489242989124911105 移动方向: -0.62163955 , 0 , 0.78330344
2025-11-27 21:53:25.6248 (StateSyncRequestHandler.cs:18) 玩家ID:489242989124911105 移动到新位置: 0.1293751 , 0 , 1.8997605
2025-11-27 21:53:25.7189 (StateSyncRequestHandler.cs:18) 玩家ID:489242989124911105 移动方向: -0.6220131 , 0 , 0.78300685
2025-11-27 21:53:25.7189 (StateSyncRequestHandler.cs:18) 玩家ID:489242989124911105 移动到新位置: 0.0049724877 , 0 , 2.056362
2025-11-27 21:53:25.7972 (StateSyncRequestHandler.cs:18) 玩家ID:489242989124911105 移动方向: -0.6236176 , 0 , 0.7817296
2025-11-27 21:53:25.7972 (StateSyncRequestHandler.cs:18) 玩家ID:489242989124911105 移动到新位置: -0.11975102 , 0 , 2.2127078
2025-11-27 21:53:25.9054 (StateSyncRequestHandler.cs:18) 玩家ID:489242989124911105 移动方向: 0.73502356 , 0 , 0.6780416
2025-11-27 21:53:25.9054 (StateSyncRequestHandler.cs:18) 玩家ID:489242989124911105 移动到新位置: 0.027253687 , 0 , 2.3483162
2025-11-27 21:53:25.9977 (StateSyncRequestHandler.cs:18) 玩家ID:489242989124911105 移动方向: 0.6711318 , 0 , 0.7413381
2025-11-27 21:53:25.9977 (StateSyncRequestHandler.cs:18) 玩家ID:489242989124911105 移动到新位置: 0.16148004 , 0 , 2.4965837
2025-11-27 21:53:26.1086 (StateSyncRequestHandler.cs:18) 玩家ID:489242989124911105 移动方向: 0.6207298 , 0 , 0.7840246
2025-11-27 21:53:26.1086 (StateSyncRequestHandler.cs:18) 玩家ID:489242989124911105 移动到新位置: 0.285626 , 0 , 2.6533885
2025-11-27 21:53:26.2036 (StateSyncRequestHandler.cs:18) 玩家ID:489242989124911105 移动方向: 0.60836524 , 0 , 0.7936572
2025-11-27 21:53:26.2036 (StateSyncRequestHandler.cs:18) 玩家ID:489242989124911105 移动到新位置: 0.40729904 , 0 , 2.81212
2025-11-27 21:53:26.2977 (StateSyncRequestHandler.cs:18) 玩家ID:489242989124911105 移动方向: 0.60321534 , 0 , 0.79757833
2025-11-27 21:53:26.2977 (StateSyncRequestHandler.cs:18) 玩家ID:489242989124911105 移动到新位置: 0.5279421 , 0 , 2.9716356
2025-11-27 21:53:26.4222 (StateSyncRequestHandler.cs:18) 玩家ID:489242989124911105 移动方向: 0.6011618 , 0 , 0.79912734
2025-11-27 21:53:26.4222 (StateSyncRequestHandler.cs:18) 玩家ID:489242989124911105 移动到新位置: 0.64817446 , 0 , 3.1314611
2025-11-27 21:53:26.5162 (StateSyncRequestHandler.cs:18) 玩家ID:489242989124911105 移动方向: 0.6007265 , 0 , 0.79945457
2025-11-27 21:53:26.5162 (StateSyncRequestHandler.cs:18) 玩家ID:489242989124911105 移动到新位置: 0.7683198 , 0 , 3.291352
2025-11-27 21:53:26.6097 (StateSyncRequestHandler.cs:18) 玩家ID:489242989124911105 移动方向: 0.60049856 , 0 , 0.7996258
2025-11-27 21:53:26.6097 (StateSyncRequestHandler.cs:18) 玩家ID:489242989124911105 移动到新位置: 0.8884195 , 0 , 3.4512773
2025-11-27 21:53:26.7157 (StateSyncRequestHandler.cs:18) 玩家ID:489242989124911105 移动方向: 0.6004413 , 0 , 0.79966885
2025-11-27 21:53:26.7157 (StateSyncRequestHandler.cs:18) 玩家ID:489242989124911105 移动到新位置: 1.0085077 , 0 , 3.611211
2025-11-27 21:53:26.8237 (StateSyncRequestHandler.cs:18) 玩家ID:489242989124911105 移动方向: 0.60042715 , 0 , 0.7996794
2025-11-27 21:53:26.8237 (StateSyncRequestHandler.cs:18) 玩家ID:489242989124911105 移动到新位置: 1.1285932 , 0 , 3.771147
2025-11-27 21:53:26.9154 (StateSyncRequestHandler.cs:18) 玩家ID:489242989124911105 移动方向: -0.1408988 , 0 , 0.990024
2025-11-27 21:53:26.9154 (StateSyncRequestHandler.cs:18) 玩家ID:489242989124911105 移动到新位置: 1.1004134 , 0 , 3.9691517
2025-11-27 21:53:27.0082 (StateSyncRequestHandler.cs:18) 玩家ID:489242989124911105 移动方向: -0.7996841 , 0 , 0.600421
2025-11-27 21:53:27.0082 (StateSyncRequestHandler.cs:18) 玩家ID:489242989124911105 移动到新位置: 0.9404766 , 0 , 4.089236
2025-11-27 21:53:27.1167 (StateSyncRequestHandler.cs:18) 玩家ID:489242989124911105 移动方向: -0.79968435 , 0 , 0.60042065
2025-11-27 21:53:27.1167 (StateSyncRequestHandler.cs:18) 玩家ID:489242989124911105 移动到新位置: 0.78053975 , 0 , 4.20932
2025-11-27 21:53:27.1954 (StateSyncRequestHandler.cs:18) 玩家ID:489242989124911105 移动方向: -0.79968435 , 0 , 0.60042065
2025-11-27 21:53:27.1954 (StateSyncRequestHandler.cs:18) 玩家ID:489242989124911105 移动到新位置: 0.6206029 , 0 , 4.3294044
2025-11-27 21:53:27.3042 (StateSyncRequestHandler.cs:18) 玩家ID:489242989124911105 移动方向: -0.79968435 , 0 , 0.60042065
2025-11-27 21:53:27.3042 (StateSyncRequestHandler.cs:18) 玩家ID:489242989124911105 移动到新位置: 0.46066606 , 0 , 4.4494886
2025-11-27 21:53:27.4135 (StateSyncRequestHandler.cs:18) 玩家ID:489242989124911105 移动方向: -0.79968435 , 0 , 0.60042065
2025-11-27 21:53:27.4135 (StateSyncRequestHandler.cs:18) 玩家ID:489242989124911105 移动到新位置: 0.30072922 , 0 , 4.569573
2025-11-27 21:53:27.5063 (StateSyncRequestHandler.cs:18) 玩家ID:489242989124911105 移动方向: -0.79968435 , 0 , 0.60042065
2025-11-27 21:53:27.5063 (StateSyncRequestHandler.cs:18) 玩家ID:489242989124911105 移动到新位置: 0.14079235 , 0 , 4.689657
2025-11-27 21:53:27.6139 (StateSyncRequestHandler.cs:18) 玩家ID:489242989124911105 移动方向: -0.79968435 , 0 , 0.60042065
2025-11-27 21:53:27.6145 (StateSyncRequestHandler.cs:18) 玩家ID:489242989124911105 移动到新位置: -0.019144505 , 0 , 4.8097415
2025-11-27 21:53:27.6902 (StateSyncRequestHandler.cs:18) 玩家ID:489242989124911105 移动方向: -0.79968435 , 0 , 0.60042065
2025-11-27 21:53:27.6902 (StateSyncRequestHandler.cs:18) 玩家ID:489242989124911105 移动到新位置: -0.17908137 , 0 , 4.929826
2025-11-27 21:53:27.8134 (StateSyncRequestHandler.cs:18) 玩家ID:489242989124911105 移动方向: -0.79968435 , 0 , 0.60042065
2025-11-27 21:53:27.8134 (StateSyncRequestHandler.cs:18) 玩家ID:489242989124911105 移动到新位置: -0.33901823 , 0 , 5.04991
2025-11-27 21:53:27.9221 (StateSyncRequestHandler.cs:18) 玩家ID:489242989124911105 移动方向: -0.79968435 , 0 , 0.60042065
2025-11-27 21:53:27.9221 (StateSyncRequestHandler.cs:18) 玩家ID:489242989124911105 移动到新位置: -0.49895507 , 0 , 5.1699944
2025-11-27 21:53:28.0003 (StateSyncRequestHandler.cs:18) 玩家ID:489242989124911105 移动方向: -0.79968435 , 0 , 0.60042065
2025-11-27 21:53:28.0003 (StateSyncRequestHandler.cs:18) 玩家ID:489242989124911105 移动到新位置: -0.6588919 , 0 , 5.2900786
2025-11-27 21:53:28.0932 (StateSyncRequestHandler.cs:18) 玩家ID:489242989124911105 移动方向: -0.79968435 , 0 , 0.60042065
2025-11-27 21:53:28.0932 (StateSyncRequestHandler.cs:18) 玩家ID:489242989124911105 移动到新位置: -0.81882876 , 0 , 5.410163
2025-11-27 21:53:28.2169 (StateSyncRequestHandler.cs:18) 玩家ID:489242989124911105 移动方向: -0.79968435 , 0 , 0.60042065
2025-11-27 21:53:28.2169 (StateSyncRequestHandler.cs:18) 玩家ID:489242989124911105 移动到新位置: -0.9787656 , 0 , 5.530247
2025-11-27 21:53:28.2964 (StateSyncRequestHandler.cs:18) 玩家ID:489242989124911105 移动方向: -0.77192646 , 0 , 0.63571185
2025-11-27 21:53:28.2964 (StateSyncRequestHandler.cs:18) 玩家ID:489242989124911105 移动到新位置: -1.1331509 , 0 , 5.6573896
2025-11-27 21:53:28.4200 (StateSyncRequestHandler.cs:18) 玩家ID:489242989124911105 移动方向: -0.6448875 , 0 , 0.7642775
2025-11-27 21:53:28.4200 (StateSyncRequestHandler.cs:18) 玩家ID:489242989124911105 移动到新位置: -1.2621285 , 0 , 5.810245
2025-11-27 21:53:28.4986 (StateSyncRequestHandler.cs:18) 玩家ID:489242989124911105 移动方向: -0.51565206 , 0 , 0.85679805
2025-11-27 21:53:28.4986 (StateSyncRequestHandler.cs:18) 玩家ID:489242989124911105 移动到新位置: -1.3652589 , 0 , 5.9816046
2025-11-27 21:53:28.6064 (StateSyncRequestHandler.cs:18) 玩家ID:489242989124911105 移动方向: -0.45978945 , 0 , 0.88802797
2025-11-27 21:53:28.6064 (StateSyncRequestHandler.cs:18) 玩家ID:489242989124911105 移动到新位置: -1.4572169 , 0 , 6.15921
2025-11-27 21:53:28.6991 (StateSyncRequestHandler.cs:18) 玩家ID:489242989124911105 移动方向: -0.43410754 , 0 , 0.9008611
2025-11-27 21:53:28.6991 (StateSyncRequestHandler.cs:18) 玩家ID:489242989124911105 移动到新位置: -1.5440384 , 0 , 6.339382
2025-11-27 21:53:28.8057 (StateSyncRequestHandler.cs:18) 玩家ID:489242989124911105 移动方向: -0.4257923 , 0 , 0.904821
2025-11-27 21:53:28.8057 (StateSyncRequestHandler.cs:18) 玩家ID:489242989124911105 移动到新位置: -1.6291969 , 0 , 6.520346
2025-11-27 21:53:28.9135 (StateSyncRequestHandler.cs:18) 玩家ID:489242989124911105 移动方向: 0.3412865 , 0 , 0.9399593
2025-11-27 21:53:28.9135 (StateSyncRequestHandler.cs:18) 玩家ID:489242989124911105 移动到新位置: -1.5609396 , 0 , 6.708338
2025-11-27 21:53:29.0064 (StateSyncRequestHandler.cs:18) 玩家ID:489242989124911105 移动方向: 0.3420946 , 0 , 0.93966544
2025-11-27 21:53:29.0064 (StateSyncRequestHandler.cs:18) 玩家ID:489242989124911105 移动到新位置: -1.4925206 , 0 , 6.8962708
2025-11-27 21:53:29.1158 (StateSyncRequestHandler.cs:18) 玩家ID:489242989124911105 移动方向: 0.3423228 , 0 , 0.93958235
2025-11-27 21:53:29.1158 (StateSyncRequestHandler.cs:18) 玩家ID:489242989124911105 移动到新位置: -1.424056 , 0 , 7.084187
2025-11-27 21:53:29.2084 (StateSyncRequestHandler.cs:18) 玩家ID:489242989124911105 移动方向: 0.34239906 , 0 , 0.93955463
2025-11-27 21:53:29.2087 (StateSyncRequestHandler.cs:18) 玩家ID:489242989124911105 移动到新位置: -1.3555763 , 0 , 7.272098
2025-11-27 21:53:29.3035 (StateSyncRequestHandler.cs:18) 玩家ID:489242989124911105 移动方向: 0.36261207 , 0 , 0.9319401
2025-11-27 21:53:29.3035 (StateSyncRequestHandler.cs:18) 玩家ID:489242989124911105 移动到新位置: -1.2830539 , 0 , 7.458486
2025-11-27 21:53:29.4125 (StateSyncRequestHandler.cs:18) 玩家ID:489242989124911105 移动方向: 0.45041543 , 0 , 0.8928191
2025-11-27 21:53:29.4125 (StateSyncRequestHandler.cs:18) 玩家ID:489242989124911105 移动到新位置: -1.1929708 , 0 , 7.6370497
2025-11-27 21:53:29.5061 (StateSyncRequestHandler.cs:18) 玩家ID:489242989124911105 移动方向: -0.07293819 , 0 , 0.99733645
2025-11-27 21:53:29.5061 (StateSyncRequestHandler.cs:18) 玩家ID:489242989124911105 移动到新位置: -1.2075584 , 0 , 7.836517
2025-11-27 21:53:29.5992 (StateSyncRequestHandler.cs:18) 玩家ID:489242989124911105 移动方向: 0.21069336 , 0 , 0.9775522
2025-11-27 21:53:29.5992 (StateSyncRequestHandler.cs:18) 玩家ID:489242989124911105 移动到新位置: -1.1654197 , 0 , 8.032027
2025-11-27 21:53:29.6919 (StateSyncRequestHandler.cs:18) 玩家ID:489242989124911105 移动方向: 0.5298008 , 0 , 0.8481222
2025-11-27 21:53:29.6919 (StateSyncRequestHandler.cs:18) 玩家ID:489242989124911105 移动到新位置: -1.0594596 , 0 , 8.201652
2025-11-27 21:53:29.8006 (StateSyncRequestHandler.cs:18) 玩家ID:489242989124911105 移动方向: 0.74447876 , 0 , 0.6676461
2025-11-27 21:53:29.8006 (StateSyncRequestHandler.cs:18) 玩家ID:489242989124911105 移动到新位置: -0.9105638 , 0 , 8.335181
2025-11-27 21:53:29.9090 (StateSyncRequestHandler.cs:18) 玩家ID:489242989124911105 移动方向: 0.8875891 , 0 , 0.46063614
2025-11-27 21:53:29.9090 (StateSyncRequestHandler.cs:18) 玩家ID:489242989124911105 移动到新位置: -0.733046 , 0 , 8.427308
2025-11-27 21:53:30.0032 (StateSyncRequestHandler.cs:18) 玩家ID:489242989124911105 移动方向: 0.9722035 , 0 , 0.23413755
2025-11-27 21:53:30.0032 (StateSyncRequestHandler.cs:18) 玩家ID:489242989124911105 移动到新位置: -0.53860533 , 0 , 8.474135
2025-11-27 21:53:30.1106 (StateSyncRequestHandler.cs:18) 玩家ID:489242989124911105 移动方向: 0.99959415 , 0 , -0.028486772
2025-11-27 21:53:30.1106 (StateSyncRequestHandler.cs:18) 玩家ID:489242989124911105 移动到新位置: -0.33868653 , 0 , 8.468438
2025-11-27 21:53:30.2035 (StateSyncRequestHandler.cs:18) 玩家ID:489242989124911105 移动方向: 0.99251556 , 0 , -0.12211864
2025-11-27 21:53:30.2035 (StateSyncRequestHandler.cs:18) 玩家ID:489242989124911105 移动到新位置: -0.14018342 , 0 , 8.444015
2025-11-27 21:53:30.2962 (StateSyncRequestHandler.cs:18) 玩家ID:489242989124911105 移动方向: 0.9877634 , 0 , -0.15595987
2025-11-27 21:53:30.2962 (StateSyncRequestHandler.cs:18) 玩家ID:489242989124911105 移动到新位置: 0.057369262 , 0 , 8.412823
2025-11-27 21:53:30.4067 (StateSyncRequestHandler.cs:18) 玩家ID:489242989124911105 移动方向: 0.985999 , 0 , -0.16675158
2025-11-27 21:53:30.4067 (StateSyncRequestHandler.cs:18) 玩家ID:489242989124911105 移动到新位置: 0.25456905 , 0 , 8.379473
2025-11-27 21:53:30.5146 (StateSyncRequestHandler.cs:18) 玩家ID:489242989124911105 移动方向: 0.99680054 , 0 , -0.07992969
2025-11-27 21:53:30.5146 (StateSyncRequestHandler.cs:18) 玩家ID:489242989124911105 移动到新位置: 0.45392916 , 0 , 8.363487
2025-11-27 21:53:30.6093 (StateSyncRequestHandler.cs:18) 玩家ID:489242989124911105 移动方向: 0.9973781 , 0 , 0.07236721
2025-11-27 21:53:30.6093 (StateSyncRequestHandler.cs:18) 玩家ID:489242989124911105 移动到新位置: 0.6534048 , 0 , 8.377961
2025-11-27 21:53:30.7176 (StateSyncRequestHandler.cs:18) 玩家ID:489242989124911105 移动方向: 0.9822992 , 0 , 0.18731877
2025-11-27 21:53:30.7176 (StateSyncRequestHandler.cs:18) 玩家ID:489242989124911105 移动到新位置: 0.8498646 , 0 , 8.415425
2025-11-27 21:53:30.8101 (StateSyncRequestHandler.cs:18) 玩家ID:489242989124911105 移动方向: 0.9718208 , 0 , 0.23572107
2025-11-27 21:53:30.8101 (StateSyncRequestHandler.cs:18) 玩家ID:489242989124911105 移动到新位置: 1.0442288 , 0 , 8.462569
2025-11-27 21:53:30.9046 (StateSyncRequestHandler.cs:18) 玩家ID:489242989124911105 移动方向: 0.9675704 , 0 , 0.25260136
2025-11-27 21:53:30.9046 (StateSyncRequestHandler.cs:18) 玩家ID:489242989124911105 移动到新位置: 1.2377429 , 0 , 8.513089
2025-11-27 21:53:30.9962 (StateSyncRequestHandler.cs:18) 玩家ID:489242989124911105 移动方向: 0.9667541 , 0 , 0.25570816
2025-11-27 21:53:30.9962 (StateSyncRequestHandler.cs:18) 玩家ID:489242989124911105 移动到新位置: 1.4310937 , 0 , 8.564231
2025-11-27 21:53:31.1042 (StateSyncRequestHandler.cs:18) 玩家ID:489242989124911105 移动方向: 0.97661567 , 0 , 0.21499285
2025-11-27 21:53:31.1042 (StateSyncRequestHandler.cs:18) 玩家ID:489242989124911105 移动到新位置: 1.6264168 , 0 , 8.607229
2025-11-27 21:53:31.2119 (StateSyncRequestHandler.cs:18) 玩家ID:489242989124911105 移动方向: 0.9923919 , 0 , 0.1231196
2025-11-27 21:53:31.2119 (StateSyncRequestHandler.cs:18) 玩家ID:489242989124911105 移动到新位置: 1.8248951 , 0 , 8.631853
2025-11-27 21:53:31.3057 (StateSyncRequestHandler.cs:18) 玩家ID:489242989124911105 移动方向: 0.99813896 , 0 , 0.060980525
2025-11-27 21:53:31.3057 (StateSyncRequestHandler.cs:18) 玩家ID:489242989124911105 移动到新位置: 2.024523 , 0 , 8.64405
2025-11-27 21:53:31.3978 (StateSyncRequestHandler.cs:18) 玩家ID:489242989124911105 移动方向: 0.9991786 , 0 , 0.040522594
2025-11-27 21:53:31.3978 (StateSyncRequestHandler.cs:18) 玩家ID:489242989124911105 移动到新位置: 2.2243588 , 0 , 8.652154
2025-11-27 21:53:31.5065 (StateSyncRequestHandler.cs:18) 玩家ID:489242989124911105 移动方向: 0.99945575 , 0 , 0.032986768
2025-11-27 21:53:31.5065 (StateSyncRequestHandler.cs:18) 玩家ID:489242989124911105 移动到新位置: 2.42425 , 0 , 8.6587515
2025-11-27 21:53:31.5985 (StateSyncRequestHandler.cs:18) 玩家ID:489242989124911105 移动方向: 0.9995841 , 0 , 0.028840508
2025-11-27 21:53:31.5996 (StateSyncRequestHandler.cs:18) 玩家ID:489242989124911105 移动到新位置: 2.6241667 , 0 , 8.664519
2025-11-27 21:53:31.7055 (StateSyncRequestHandler.cs:18) 玩家ID:489242989124911105 移动方向: 0.9996106 , 0 , 0.027904376
2025-11-27 21:53:31.7055 (StateSyncRequestHandler.cs:18) 玩家ID:489242989124911105 移动到新位置: 2.8240888 , 0 , 8.6701
2025-11-27 21:53:31.8141 (StateSyncRequestHandler.cs:18) 玩家ID:489242989124911105 移动方向: 0.99961895 , 0 , 0.027602892
2025-11-27 21:53:31.8141 (StateSyncRequestHandler.cs:18) 玩家ID:489242989124911105 移动到新位置: 3.0240126 , 0 , 8.675621
2025-11-27 21:53:31.9077 (StateSyncRequestHandler.cs:18) 玩家ID:489242989124911105 移动到新位置: 3.0240126 , 0 , 8.675621
2025-11-27 21:53:32.2989 (StateSyncRequestHandler.cs:18) 玩家ID:489242989124911105 移动方向: 0.99962217 , 0 , 0.027485155
2025-11-27 21:53:32.2989 (StateSyncRequestHandler.cs:18) 玩家ID:489242989124911105 移动到新位置: 3.223937 , 0 , 8.681118
2025-11-27 21:53:32.4074 (StateSyncRequestHandler.cs:18) 玩家ID:489242989124911105 移动到新位置: 3.223937 , 0 , 8.681118
2025-11-27 21:53:33.3074 (StateSyncRequestHandler.cs:18) 玩家ID:489242989124911105 移动方向: 0.97731304 , 0 , 0.21179982
2025-11-27 21:53:33.3074 (StateSyncRequestHandler.cs:18) 玩家ID:489242989124911105 移动到新位置: 3.4193997 , 0 , 8.723478
2025-11-27 21:53:33.4017 (StateSyncRequestHandler.cs:18) 玩家ID:489242989124911105 移动方向: 0.9759657 , 0 , 0.21792403
2025-11-27 21:53:33.4017 (StateSyncRequestHandler.cs:18) 玩家ID:489242989124911105 移动到新位置: 3.6145928 , 0 , 8.767063
2025-11-27 21:53:33.5125 (StateSyncRequestHandler.cs:18) 玩家ID:489242989124911105 移动方向: 0.9752978 , 0 , 0.22089401
2025-11-27 21:53:33.5125 (StateSyncRequestHandler.cs:18) 玩家ID:489242989124911105 移动到新位置: 3.8096523 , 0 , 8.811242
2025-11-27 21:53:33.6061 (StateSyncRequestHandler.cs:18) 玩家ID:489242989124911105 移动方向: 0.97513855 , 0 , 0.22159599
2025-11-27 21:53:33.6061 (StateSyncRequestHandler.cs:18) 玩家ID:489242989124911105 移动到新位置: 4.00468 , 0 , 8.855561
2025-11-27 21:53:33.6990 (StateSyncRequestHandler.cs:18) 玩家ID:489242989124911105 移动方向: 0.9750842 , 0 , 0.22183512
2025-11-27 21:53:33.6990 (StateSyncRequestHandler.cs:18) 玩家ID:489242989124911105 移动到新位置: 4.199697 , 0 , 8.899928
2025-11-27 21:53:33.8071 (StateSyncRequestHandler.cs:18) 玩家ID:489242989124911105 移动方向: 0.9750605 , 0 , 0.22193897
2025-11-27 21:53:33.8071 (StateSyncRequestHandler.cs:18) 玩家ID:489242989124911105 移动到新位置: 4.394709 , 0 , 8.944316
2025-11-27 21:53:33.9016 (StateSyncRequestHandler.cs:18) 玩家ID:489242989124911105 移动方向: 0.975055 , 0 , 0.22196339
2025-11-27 21:53:33.9016 (StateSyncRequestHandler.cs:18) 玩家ID:489242989124911105 移动到新位置: 4.5897202 , 0 , 8.9887085
2025-11-27 21:53:34.0263 (StateSyncRequestHandler.cs:18) 玩家ID:489242989124911105 移动方向: 0.9750533 , 0 , 0.221971
2025-11-27 21:53:34.0263 (StateSyncRequestHandler.cs:18) 玩家ID:489242989124911105 移动到新位置: 4.784731 , 0 , 9.033103
2025-11-27 21:53:34.1051 (StateSyncRequestHandler.cs:18) 玩家ID:489242989124911105 移动方向: 0.9750529 , 0 , 0.2219726
2025-11-27 21:53:34.1051 (StateSyncRequestHandler.cs:18) 玩家ID:489242989124911105 移动到新位置: 4.9797416 , 0 , 9.0774975
2025-11-27 21:53:34.1991 (StateSyncRequestHandler.cs:18) 玩家ID:489242989124911105 移动方向: 0.9750527 , 0 , 0.22197337
2025-11-27 21:53:34.1991 (StateSyncRequestHandler.cs:18) 玩家ID:489242989124911105 移动到新位置: 5.174752 , 0 , 9.121892
2025-11-27 21:53:34.3078 (StateSyncRequestHandler.cs:18) 玩家ID:489242989124911105 移动到新位置: 5.174752 , 0 , 9.121892
2025-11-27 21:53:34.6051 (StateSyncRequestHandler.cs:18) 玩家ID:489242989124911105 移动方向: -0.9750527 , 0 , -0.22197337
2025-11-27 21:53:34.6051 (StateSyncRequestHandler.cs:18) 玩家ID:489242989124911105 移动到新位置: 4.9797416 , 0 , 9.0774975
2025-11-27 21:53:34.7118 (StateSyncRequestHandler.cs:18) 玩家ID:489242989124911105 移动方向: -0.9750527 , 0 , -0.22197337
2025-11-27 21:53:34.7118 (StateSyncRequestHandler.cs:18) 玩家ID:489242989124911105 移动到新位置: 4.784731 , 0 , 9.033103
2025-11-27 21:53:34.8205 (StateSyncRequestHandler.cs:18) 玩家ID:489242989124911105 移动方向: -0.9750527 , 0 , -0.22197337
2025-11-27 21:53:34.8205 (StateSyncRequestHandler.cs:18) 玩家ID:489242989124911105 移动到新位置: 4.5897202 , 0 , 8.9887085
2025-11-27 21:53:34.8982 (StateSyncRequestHandler.cs:18) 玩家ID:489242989124911105 移动方向: -0.9750527 , 0 , -0.22197337
2025-11-27 21:53:34.8982 (StateSyncRequestHandler.cs:18) 玩家ID:489242989124911105 移动到新位置: 4.3947096 , 0 , 8.944314
2025-11-27 21:53:35.0062 (StateSyncRequestHandler.cs:18) 玩家ID:489242989124911105 移动方向: -0.9750527 , 0 , -0.22197337
2025-11-27 21:53:35.0062 (StateSyncRequestHandler.cs:18) 玩家ID:489242989124911105 移动到新位置: 4.199699 , 0 , 8.8999195
2025-11-27 21:53:35.1003 (StateSyncRequestHandler.cs:18) 玩家ID:489242989124911105 移动方向: -0.9750527 , 0 , -0.22197337
2025-11-27 21:53:35.1003 (StateSyncRequestHandler.cs:18) 玩家ID:489242989124911105 移动到新位置: 4.0046883 , 0 , 8.855525
2025-11-27 21:53:35.1946 (StateSyncRequestHandler.cs:18) 玩家ID:489242989124911105 移动方向: -0.9750527 , 0 , -0.22197337
2025-11-27 21:53:35.1946 (StateSyncRequestHandler.cs:18) 玩家ID:489242989124911105 移动到新位置: 3.8096776 , 0 , 8.811131
2025-11-27 21:53:35.3192 (StateSyncRequestHandler.cs:18) 玩家ID:489242989124911105 移动到新位置: 3.8096776 , 0 , 8.811131
2025-11-27 21:53:35.4124 (StateSyncRequestHandler.cs:18) 玩家ID:489242989124911105 移动方向: 0.9750527 , 0 , 0.22197337
2025-11-27 21:53:35.4124 (StateSyncRequestHandler.cs:18) 玩家ID:489242989124911105 移动到新位置: 4.0046883 , 0 , 8.855525
2025-11-27 21:53:35.5053 (StateSyncRequestHandler.cs:18) 玩家ID:489242989124911105 移动方向: 0.9750527 , 0 , 0.22197337
2025-11-27 21:53:35.5057 (StateSyncRequestHandler.cs:18) 玩家ID:489242989124911105 移动到新位置: 4.199699 , 0 , 8.8999195
2025-11-27 21:53:35.6135 (StateSyncRequestHandler.cs:18) 玩家ID:489242989124911105 移动方向: 0.9750527 , 0 , 0.22197337
2025-11-27 21:53:35.6135 (StateSyncRequestHandler.cs:18) 玩家ID:489242989124911105 移动到新位置: 4.3947096 , 0 , 8.944314
2025-11-27 21:53:35.7072 (StateSyncRequestHandler.cs:18) 玩家ID:489242989124911105 移动方向: 0.84642524 , 0 , -0.53250754
2025-11-27 21:53:35.7072 (StateSyncRequestHandler.cs:18) 玩家ID:489242989124911105 移动到新位置: 4.5639944 , 0 , 8.837812
2025-11-27 21:53:35.7987 (StateSyncRequestHandler.cs:18) 玩家ID:489242989124911105 移动方向: 0.2219734 , 0 , -0.9750528
2025-11-27 21:53:35.7987 (StateSyncRequestHandler.cs:18) 玩家ID:489242989124911105 移动到新位置: 4.608389 , 0 , 8.642802
2025-11-27 21:53:35.9067 (StateSyncRequestHandler.cs:18) 玩家ID:489242989124911105 移动方向: 0.2219734 , 0 , -0.9750528
2025-11-27 21:53:35.9067 (StateSyncRequestHandler.cs:18) 玩家ID:489242989124911105 移动到新位置: 4.6527834 , 0 , 8.447792
2025-11-27 21:53:35.9986 (StateSyncRequestHandler.cs:18) 玩家ID:489242989124911105 移动方向: 0.2219734 , 0 , -0.9750528
2025-11-27 21:53:35.9986 (StateSyncRequestHandler.cs:18) 玩家ID:489242989124911105 移动到新位置: 4.697178 , 0 , 8.252782
2025-11-27 21:53:36.1065 (StateSyncRequestHandler.cs:18) 玩家ID:489242989124911105 移动方向: 0.2219734 , 0 , -0.9750528
2025-11-27 21:53:36.1065 (StateSyncRequestHandler.cs:18) 玩家ID:489242989124911105 移动到新位置: 4.7415724 , 0 , 8.057772
2025-11-27 21:53:36.2008 (StateSyncRequestHandler.cs:18) 玩家ID:489242989124911105 移动方向: 0.2219734 , 0 , -0.9750528
2025-11-27 21:53:36.2008 (StateSyncRequestHandler.cs:18) 玩家ID:489242989124911105 移动到新位置: 4.785967 , 0 , 7.862761
2025-11-27 21:53:36.2959 (StateSyncRequestHandler.cs:18) 玩家ID:489242989124911105 移动方向: 0.2219734 , 0 , -0.9750528
2025-11-27 21:53:36.2959 (StateSyncRequestHandler.cs:18) 玩家ID:489242989124911105 移动到新位置: 4.8303614 , 0 , 7.6677504
2025-11-27 21:53:36.4046 (StateSyncRequestHandler.cs:18) 玩家ID:489242989124911105 移动方向: 0.84642524 , 0 , -0.53250754
2025-11-27 21:53:36.4046 (StateSyncRequestHandler.cs:18) 玩家ID:489242989124911105 移动到新位置: 4.999646 , 0 , 7.561249
2025-11-27 21:53:36.5107 (StateSyncRequestHandler.cs:18) 玩家ID:489242989124911105 移动方向: 0.9750527 , 0 , 0.22197337
2025-11-27 21:53:36.5107 (StateSyncRequestHandler.cs:18) 玩家ID:489242989124911105 移动到新位置: 5.194657 , 0 , 7.6056433
2025-11-27 21:53:36.6040 (StateSyncRequestHandler.cs:18) 玩家ID:489242989124911105 移动方向: 0.9750527 , 0 , 0.22197337
2025-11-27 21:53:36.6040 (StateSyncRequestHandler.cs:18) 玩家ID:489242989124911105 移动到新位置: 5.3896675 , 0 , 7.650038
2025-11-27 21:53:36.6965 (StateSyncRequestHandler.cs:18) 玩家ID:489242989124911105 移动方向: 0.9750527 , 0 , 0.22197337
2025-11-27 21:53:36.6965 (StateSyncRequestHandler.cs:18) 玩家ID:489242989124911105 移动到新位置: 5.584678 , 0 , 7.6944323
2025-11-27 21:53:36.8069 (StateSyncRequestHandler.cs:18) 玩家ID:489242989124911105 移动方向: 0.9750527 , 0 , 0.22197337
2025-11-27 21:53:36.8069 (StateSyncRequestHandler.cs:18) 玩家ID:489242989124911105 移动到新位置: 5.779689 , 0 , 7.7388268
2025-11-27 21:53:36.8998 (StateSyncRequestHandler.cs:18) 玩家ID:489242989124911105 移动方向: 0.9750527 , 0 , 0.22197337
2025-11-27 21:53:36.8998 (StateSyncRequestHandler.cs:18) 玩家ID:489242989124911105 移动到新位置: 5.9746995 , 0 , 7.7832212
2025-11-27 21:53:37.0103 (StateSyncRequestHandler.cs:18) 玩家ID:489242989124911105 移动方向: 0.9750527 , 0 , 0.22197337
2025-11-27 21:53:37.0103 (StateSyncRequestHandler.cs:18) 玩家ID:489242989124911105 移动到新位置: 6.16971 , 0 , 7.8276157
2025-11-27 21:53:37.1040 (StateSyncRequestHandler.cs:18) 玩家ID:489242989124911105 移动到新位置: 6.16971 , 0 , 7.8276157
2025-11-27 21:53:38.2002 (StateSyncRequestHandler.cs:18) 玩家ID:489242989124911105 移动方向: -0.9750527 , 0 , -0.22197337
2025-11-27 21:53:38.2002 (StateSyncRequestHandler.cs:18) 玩家ID:489242989124911105 移动到新位置: 5.9746995 , 0 , 7.7832212
2025-11-27 21:53:38.3242 (StateSyncRequestHandler.cs:18) 玩家ID:489242989124911105 移动方向: -0.9750527 , 0 , -0.22197337
2025-11-27 21:53:38.3242 (StateSyncRequestHandler.cs:18) 玩家ID:489242989124911105 移动到新位置: 5.779689 , 0 , 7.7388268
2025-11-27 21:53:38.4009 (StateSyncRequestHandler.cs:18) 玩家ID:489242989124911105 移动方向: -0.9750527 , 0 , -0.22197337
2025-11-27 21:53:38.4009 (StateSyncRequestHandler.cs:18) 玩家ID:489242989124911105 移动到新位置: 5.584678 , 0 , 7.6944323
2025-11-27 21:53:38.5104 (StateSyncRequestHandler.cs:18) 玩家ID:489242989124911105 移动方向: -0.9750527 , 0 , -0.22197337
2025-11-27 21:53:38.5104 (StateSyncRequestHandler.cs:18) 玩家ID:489242989124911105 移动到新位置: 5.3896675 , 0 , 7.650038
2025-11-27 21:53:38.6031 (StateSyncRequestHandler.cs:18) 玩家ID:489242989124911105 移动方向: -0.9750527 , 0 , -0.22197337
2025-11-27 21:53:38.6031 (StateSyncRequestHandler.cs:18) 玩家ID:489242989124911105 移动到新位置: 5.194657 , 0 , 7.6056433
2025-11-27 21:53:38.6956 (StateSyncRequestHandler.cs:18) 玩家ID:489242989124911105 移动方向: -0.9750527 , 0 , -0.22197337
2025-11-27 21:53:38.6956 (StateSyncRequestHandler.cs:18) 玩家ID:489242989124911105 移动到新位置: 4.999646 , 0 , 7.561249
2025-11-27 21:53:38.8035 (StateSyncRequestHandler.cs:18) 玩家ID:489242989124911105 移动方向: -0.9750527 , 0 , -0.22197337
2025-11-27 21:53:38.8035 (StateSyncRequestHandler.cs:18) 玩家ID:489242989124911105 移动到新位置: 4.8046355 , 0 , 7.5168543
2025-11-27 21:53:38.8960 (StateSyncRequestHandler.cs:18) 玩家ID:489242989124911105 移动方向: -0.9750527 , 0 , -0.22197337
2025-11-27 21:53:38.8966 (StateSyncRequestHandler.cs:18) 玩家ID:489242989124911105 移动到新位置: 4.609625 , 0 , 7.47246
2025-11-27 21:53:39.0048 (StateSyncRequestHandler.cs:18) 玩家ID:489242989124911105 移动方向: -0.9750527 , 0 , -0.22197337
2025-11-27 21:53:39.0048 (StateSyncRequestHandler.cs:18) 玩家ID:489242989124911105 移动到新位置: 4.414614 , 0 , 7.4280653
2025-11-27 21:53:39.1118 (StateSyncRequestHandler.cs:18) 玩家ID:489242989124911105 移动方向: -0.9750527 , 0 , -0.22197337
2025-11-27 21:53:39.1118 (StateSyncRequestHandler.cs:18) 玩家ID:489242989124911105 移动到新位置: 4.2196035 , 0 , 7.383671
2025-11-27 21:53:39.2036 (StateSyncRequestHandler.cs:18) 玩家ID:489242989124911105 移动方向: -0.84642524 , 0 , 0.53250754
2025-11-27 21:53:39.2036 (StateSyncRequestHandler.cs:18) 玩家ID:489242989124911105 移动到新位置: 4.0503187 , 0 , 7.4901724
2025-11-27 21:53:39.3097 (StateSyncRequestHandler.cs:18) 玩家ID:489242989124911105 移动方向: -0.2219734 , 0 , 0.9750528
2025-11-27 21:53:39.3097 (StateSyncRequestHandler.cs:18) 玩家ID:489242989124911105 移动到新位置: 4.005924 , 0 , 7.685183
2025-11-27 21:53:39.4167 (StateSyncRequestHandler.cs:18) 玩家ID:489242989124911105 移动方向: 0.5325075 , 0 , 0.8464253
2025-11-27 21:53:39.4167 (StateSyncRequestHandler.cs:18) 玩家ID:489242989124911105 移动到新位置: 4.112426 , 0 , 7.8544683
2025-11-27 21:53:39.4947 (StateSyncRequestHandler.cs:18) 玩家ID:489242989124911105 移动方向: 0.9750527 , 0 , 0.22197337
2025-11-27 21:53:39.4947 (StateSyncRequestHandler.cs:18) 玩家ID:489242989124911105 移动到新位置: 4.3074365 , 0 , 7.898863
2025-11-27 21:53:39.6038 (StateSyncRequestHandler.cs:18) 玩家ID:489242989124911105 移动方向: 0.84642524 , 0 , -0.53250754
2025-11-27 21:53:39.6038 (StateSyncRequestHandler.cs:18) 玩家ID:489242989124911105 移动到新位置: 4.476722 , 0 , 7.7923613
2025-11-27 21:53:39.6962 (StateSyncRequestHandler.cs:18) 玩家ID:489242989124911105 移动方向: 0.84642524 , 0 , -0.53250754
2025-11-27 21:53:39.6962 (StateSyncRequestHandler.cs:18) 玩家ID:489242989124911105 移动到新位置: 4.6460066 , 0 , 7.6858597
2025-11-27 21:53:39.8046 (StateSyncRequestHandler.cs:18) 玩家ID:489242989124911105 移动方向: 0.84642524 , 0 , -0.53250754
2025-11-27 21:53:39.8046 (StateSyncRequestHandler.cs:18) 玩家ID:489242989124911105 移动到新位置: 4.8152914 , 0 , 7.579358
2025-11-27 21:53:39.8996 (StateSyncRequestHandler.cs:18) 玩家ID:489242989124911105 移动方向: 0.84642524 , 0 , -0.53250754
2025-11-27 21:53:39.8996 (StateSyncRequestHandler.cs:18) 玩家ID:489242989124911105 移动到新位置: 4.984576 , 0 , 7.4728565
2025-11-27 21:53:40.0093 (StateSyncRequestHandler.cs:18) 玩家ID:489242989124911105 移动方向: 0.9750527 , 0 , 0.22197337
2025-11-27 21:53:40.0093 (StateSyncRequestHandler.cs:18) 玩家ID:489242989124911105 移动到新位置: 5.179587 , 0 , 7.517251
2025-11-27 21:53:40.1033 (StateSyncRequestHandler.cs:18) 玩家ID:489242989124911105 移动方向: 0.5325075 , 0 , 0.8464253
2025-11-27 21:53:40.1033 (StateSyncRequestHandler.cs:18) 玩家ID:489242989124911105 移动到新位置: 5.2860885 , 0 , 7.686536
2025-11-27 21:53:40.2113 (StateSyncRequestHandler.cs:18) 玩家ID:489242989124911105 移动方向: 0.5325075 , 0 , 0.8464253
2025-11-27 21:53:40.2113 (StateSyncRequestHandler.cs:18) 玩家ID:489242989124911105 移动到新位置: 5.39259 , 0 , 7.8558207
2025-11-27 21:53:40.3036 (StateSyncRequestHandler.cs:18) 玩家ID:489242989124911105 移动方向: 0.5325075 , 0 , 0.8464253
2025-11-27 21:53:40.3036 (StateSyncRequestHandler.cs:18) 玩家ID:489242989124911105 移动到新位置: 5.4990916 , 0 , 8.025105
2025-11-27 21:53:40.4107 (StateSyncRequestHandler.cs:18) 玩家ID:489242989124911105 移动方向: 0.5325075 , 0 , 0.8464253
2025-11-27 21:53:40.4107 (StateSyncRequestHandler.cs:18) 玩家ID:489242989124911105 移动到新位置: 5.605593 , 0 , 8.19439
2025-11-27 21:53:40.5020 (StateSyncRequestHandler.cs:18) 玩家ID:489242989124911105 移动方向: 0.5325075 , 0 , 0.8464253
2025-11-27 21:53:40.5020 (StateSyncRequestHandler.cs:18) 玩家ID:489242989124911105 移动到新位置: 5.712095 , 0 , 8.363675
2025-11-27 21:53:40.6102 (StateSyncRequestHandler.cs:18) 玩家ID:489242989124911105 移动方向: 0.5325075 , 0 , 0.8464253
2025-11-27 21:53:40.6102 (StateSyncRequestHandler.cs:18) 玩家ID:489242989124911105 移动到新位置: 5.8185964 , 0 , 8.53296
2025-11-27 21:53:40.7034 (StateSyncRequestHandler.cs:18) 玩家ID:489242989124911105 移动方向: 0.5325075 , 0 , 0.8464253
2025-11-27 21:53:40.7034 (StateSyncRequestHandler.cs:18) 玩家ID:489242989124911105 移动到新位置: 5.925098 , 0 , 8.702245
2025-11-27 21:53:40.8119 (StateSyncRequestHandler.cs:18) 玩家ID:489242989124911105 移动方向: 0.5325075 , 0 , 0.8464253
2025-11-27 21:53:40.8119 (StateSyncRequestHandler.cs:18) 玩家ID:489242989124911105 移动到新位置: 6.0315995 , 0 , 8.87153
2025-11-27 21:53:40.9057 (StateSyncRequestHandler.cs:18) 玩家ID:489242989124911105 移动方向: 0.5325075 , 0 , 0.8464253
2025-11-27 21:53:40.9057 (StateSyncRequestHandler.cs:18) 玩家ID:489242989124911105 移动到新位置: 6.138101 , 0 , 9.040814
2025-11-27 21:53:41.0291 (StateSyncRequestHandler.cs:18) 玩家ID:489242989124911105 移动方向: 0.5325075 , 0 , 0.8464253
2025-11-27 21:53:41.0291 (StateSyncRequestHandler.cs:18) 玩家ID:489242989124911105 移动到新位置: 6.2446027 , 0 , 9.210099
2025-11-27 21:53:41.1074 (StateSyncRequestHandler.cs:18) 玩家ID:489242989124911105 移动方向: -0.2219734 , 0 , 0.9750528
2025-11-27 21:53:41.1074 (StateSyncRequestHandler.cs:18) 玩家ID:489242989124911105 移动到新位置: 6.200208 , 0 , 9.405109
2025-11-27 21:53:41.2021 (StateSyncRequestHandler.cs:18) 玩家ID:489242989124911105 移动方向: -0.2219734 , 0 , 0.9750528
2025-11-27 21:53:41.2021 (StateSyncRequestHandler.cs:18) 玩家ID:489242989124911105 移动到新位置: 6.1558137 , 0 , 9.60012
2025-11-27 21:53:41.3106 (StateSyncRequestHandler.cs:18) 玩家ID:489242989124911105 移动方向: -0.2219734 , 0 , 0.9750528
2025-11-27 21:53:41.3106 (StateSyncRequestHandler.cs:18) 玩家ID:489242989124911105 移动到新位置: 6.111419 , 0 , 9.79513
2025-11-27 21:53:41.4042 (StateSyncRequestHandler.cs:18) 玩家ID:489242989124911105 移动方向: -0.20302862 , 0 , 0.97917277
2025-11-27 21:53:41.4042 (StateSyncRequestHandler.cs:18) 玩家ID:489242989124911105 移动到新位置: 6.0708137 , 0 , 9.990964
2025-11-27 21:53:41.5282 (StateSyncRequestHandler.cs:18) 玩家ID:489242989124911105 移动方向: -0.05744594 , 0 , 0.9983486
2025-11-27 21:53:41.5282 (StateSyncRequestHandler.cs:18) 玩家ID:489242989124911105 移动到新位置: 6.0593243 , 0 , 10.190634
2025-11-27 21:53:41.6059 (StateSyncRequestHandler.cs:18) 玩家ID:489242989124911105 移动方向: 0.1272682 , 0 , 0.9918684
2025-11-27 21:53:41.6059 (StateSyncRequestHandler.cs:18) 玩家ID:489242989124911105 移动到新位置: 6.084778 , 0 , 10.389008
2025-11-27 21:53:41.6990 (StateSyncRequestHandler.cs:18) 玩家ID:489242989124911105 移动方向: 0.24102604 , 0 , 0.9705187
2025-11-27 21:53:41.6990 (StateSyncRequestHandler.cs:18) 玩家ID:489242989124911105 移动到新位置: 6.132983 , 0 , 10.583112
2025-11-27 21:53:41.8088 (StateSyncRequestHandler.cs:18) 玩家ID:489242989124911105 移动方向: 0.29904366 , 0 , 0.9542394
2025-11-27 21:53:41.8088 (StateSyncRequestHandler.cs:18) 玩家ID:489242989124911105 移动到新位置: 6.192792 , 0 , 10.77396
2025-11-27 21:53:41.9005 (StateSyncRequestHandler.cs:18) 玩家ID:489242989124911105 移动方向: 0.3131189 , 0 , 0.94971395
2025-11-27 21:53:41.9005 (StateSyncRequestHandler.cs:18) 玩家ID:489242989124911105 移动到新位置: 6.255416 , 0 , 10.963902
2025-11-27 21:53:42.0091 (StateSyncRequestHandler.cs:18) 玩家ID:489242989124911105 移动方向: 0.89527416 , 0 , 0.44551554
2025-11-27 21:53:42.0091 (StateSyncRequestHandler.cs:18) 玩家ID:489242989124911105 移动到新位置: 6.4344707 , 0 , 11.053005
2025-11-27 21:53:42.1024 (StateSyncRequestHandler.cs:18) 玩家ID:489242989124911105 移动方向: 0.8959971 , 0 , 0.44405997
2025-11-27 21:53:42.1024 (StateSyncRequestHandler.cs:18) 玩家ID:489242989124911105 移动到新位置: 6.61367 , 0 , 11.141817
2025-11-27 21:53:42.2119 (StateSyncRequestHandler.cs:18) 玩家ID:489242989124911105 移动方向: 0.89620596 , 0 , 0.44363824
2025-11-27 21:53:42.2119 (StateSyncRequestHandler.cs:18) 玩家ID:489242989124911105 移动到新位置: 6.792911 , 0 , 11.230545
2025-11-27 21:53:42.3207 (StateSyncRequestHandler.cs:18) 玩家ID:489242989124911105 移动方向: 0.8962681 , 0 , 0.44351244
2025-11-27 21:53:42.3207 (StateSyncRequestHandler.cs:18) 玩家ID:489242989124911105 移动到新位置: 6.9721646 , 0 , 11.319247
2025-11-27 21:53:42.4137 (StateSyncRequestHandler.cs:18) 玩家ID:489242989124911105 移动方向: 0.89628494 , 0 , 0.44347858
2025-11-27 21:53:42.4137 (StateSyncRequestHandler.cs:18) 玩家ID:489242989124911105 移动到新位置: 7.1514215 , 0 , 11.407943
2025-11-27 21:53:42.5081 (StateSyncRequestHandler.cs:18) 玩家ID:489242989124911105 移动方向: 0.9005135 , 0 , 0.43482804
2025-11-27 21:53:42.5081 (StateSyncRequestHandler.cs:18) 玩家ID:489242989124911105 移动到新位置: 7.3315244 , 0 , 11.494908
2025-11-27 21:53:42.5998 (StateSyncRequestHandler.cs:18) 玩家ID:489242989124911105 移动方向: 0.5733776 , 0 , 0.81929123
2025-11-27 21:53:42.5998 (StateSyncRequestHandler.cs:18) 玩家ID:489242989124911105 移动到新位置: 7.4462 , 0 , 11.658767
2025-11-27 21:53:42.6945 (StateSyncRequestHandler.cs:18) 玩家ID:489242989124911105 移动方向: 0.8323206 , 0 , 0.55429465
2025-11-27 21:53:42.6945 (StateSyncRequestHandler.cs:18) 玩家ID:489242989124911105 移动到新位置: 7.612664 , 0 , 11.769626
2025-11-27 21:53:42.8034 (StateSyncRequestHandler.cs:18) 玩家ID:489242989124911105 移动方向: 0.96332836 , 0 , 0.26832542
2025-11-27 21:53:42.8034 (StateSyncRequestHandler.cs:18) 玩家ID:489242989124911105 移动到新位置: 7.80533 , 0 , 11.823291
2025-11-27 21:53:42.8960 (StateSyncRequestHandler.cs:18) 玩家ID:489242989124911105 移动方向: 0.9999537 , 0 , 0.009627107
2025-11-27 21:53:42.8960 (StateSyncRequestHandler.cs:18) 玩家ID:489242989124911105 移动到新位置: 8.005321 , 0 , 11.825216
2025-11-27 21:53:43.0026 (StateSyncRequestHandler.cs:18) 玩家ID:489242989124911105 移动方向: 0.9953559 , 0 , -0.09626272
2025-11-27 21:53:43.0026 (StateSyncRequestHandler.cs:18) 玩家ID:489242989124911105 移动到新位置: 8.2043915 , 0 , 11.8059635
2025-11-27 21:53:43.1109 (StateSyncRequestHandler.cs:18) 玩家ID:489242989124911105 移动方向: 0.99178654 , 0 , -0.12790413
2025-11-27 21:53:43.1109 (StateSyncRequestHandler.cs:18) 玩家ID:489242989124911105 移动到新位置: 8.402749 , 0 , 11.780383
2025-11-27 21:53:43.2039 (StateSyncRequestHandler.cs:18) 玩家ID:489242989124911105 移动方向: 0.99033785 , 0 , -0.13867562
2025-11-27 21:53:43.2039 (StateSyncRequestHandler.cs:18) 玩家ID:489242989124911105 移动到新位置: 8.600817 , 0 , 11.752648
2025-11-27 21:53:43.3106 (StateSyncRequestHandler.cs:18) 玩家ID:489242989124911105 移动方向: 0.9897316 , 0 , -0.14293857
2025-11-27 21:53:43.3106 (StateSyncRequestHandler.cs:18) 玩家ID:489242989124911105 移动到新位置: 8.798763 , 0 , 11.724061
2025-11-27 21:53:43.4039 (StateSyncRequestHandler.cs:18) 玩家ID:489242989124911105 移动方向: 0.98953617 , 0 , -0.14428465
2025-11-27 21:53:43.4039 (StateSyncRequestHandler.cs:18) 玩家ID:489242989124911105 移动到新位置: 8.996671 , 0 , 11.695204
2025-11-27 21:53:43.4965 (StateSyncRequestHandler.cs:18) 玩家ID:489242989124911105 移动方向: 0.9894854 , 0 , -0.14463286
2025-11-27 21:53:43.4965 (StateSyncRequestHandler.cs:18) 玩家ID:489242989124911105 移动到新位置: 9.194568 , 0 , 11.666277
2025-11-27 21:53:43.6209 (StateSyncRequestHandler.cs:18) 玩家ID:489242989124911105 移动方向: 0.9894692 , 0 , -0.144744
2025-11-27 21:53:43.6209 (StateSyncRequestHandler.cs:18) 玩家ID:489242989124911105 移动到新位置: 9.392462 , 0 , 11.637328
2025-11-27 21:53:43.6976 (StateSyncRequestHandler.cs:18) 玩家ID:489242989124911105 移动方向: 0.9894647 , 0 , -0.1447744
2025-11-27 21:53:43.6976 (StateSyncRequestHandler.cs:18) 玩家ID:489242989124911105 移动到新位置: 9.590355 , 0 , 11.608374
2025-11-27 21:53:43.8053 (StateSyncRequestHandler.cs:18) 玩家ID:489242989124911105 移动方向: 0.9894631 , 0 , -0.14478502
2025-11-27 21:53:43.8053 (StateSyncRequestHandler.cs:18) 玩家ID:489242989124911105 移动到新位置: 9.788247 , 0 , 11.579416
2025-11-27 21:53:43.9140 (StateSyncRequestHandler.cs:18) 玩家ID:489242989124911105 移动方向: 0.98946285 , 0 , -0.14478713
2025-11-27 21:53:43.9140 (StateSyncRequestHandler.cs:18) 玩家ID:489242989124911105 移动到新位置: 9.986139 , 0 , 11.550459
2025-11-27 21:53:44.0097 (StateSyncRequestHandler.cs:18) 玩家ID:489242989124911105 移动方向: 0.98946273 , 0 , -0.14478788
2025-11-27 21:53:44.0097 (StateSyncRequestHandler.cs:18) 玩家ID:489242989124911105 移动到新位置: 10.1840315 , 0 , 11.521502
2025-11-27 21:53:44.1170 (StateSyncRequestHandler.cs:18) 玩家ID:489242989124911105 移动方向: 0.98946273 , 0 , -0.1447881
2025-11-27 21:53:44.1170 (StateSyncRequestHandler.cs:18) 玩家ID:489242989124911105 移动到新位置: 10.381924 , 0 , 11.492544
2025-11-27 21:53:44.2250 (StateSyncRequestHandler.cs:18) 玩家ID:489242989124911105 移动方向: 0.98946273 , 0 , -0.1447881
2025-11-27 21:53:44.2250 (StateSyncRequestHandler.cs:18) 玩家ID:489242989124911105 移动到新位置: 10.579816 , 0 , 11.463587
2025-11-27 21:53:44.3189 (StateSyncRequestHandler.cs:18) 玩家ID:489242989124911105 移动方向: 0.98946273 , 0 , -0.1447881
2025-11-27 21:53:44.3189 (StateSyncRequestHandler.cs:18) 玩家ID:489242989124911105 移动到新位置: 10.777708 , 0 , 11.434629
2025-11-27 21:53:44.3956 (StateSyncRequestHandler.cs:18) 玩家ID:489242989124911105 移动方向: 0.98946273 , 0 , -0.1447881
2025-11-27 21:53:44.3963 (StateSyncRequestHandler.cs:18) 玩家ID:489242989124911105 移动到新位置: 10.9756 , 0 , 11.405672
2025-11-27 21:53:44.5041 (StateSyncRequestHandler.cs:18) 玩家ID:489242989124911105 移动方向: 0.98946273 , 0 , -0.1447881
2025-11-27 21:53:44.5041 (StateSyncRequestHandler.cs:18) 玩家ID:489242989124911105 移动到新位置: 11.173492 , 0 , 11.376715
2025-11-27 21:53:44.5963 (StateSyncRequestHandler.cs:18) 玩家ID:489242989124911105 移动方向: 0.5801059 , 0 , -0.8145411
2025-11-27 21:53:44.5963 (StateSyncRequestHandler.cs:18) 玩家ID:489242989124911105 移动到新位置: 11.289514 , 0 , 11.213806
2025-11-27 21:53:44.7060 (StateSyncRequestHandler.cs:18) 玩家ID:489242989124911105 移动方向: 0.52371395 , 0 , -0.8518942
2025-11-27 21:53:44.7060 (StateSyncRequestHandler.cs:18) 玩家ID:489242989124911105 移动到新位置: 11.394257 , 0 , 11.043427
2025-11-27 21:53:44.8152 (StateSyncRequestHandler.cs:18) 玩家ID:489242989124911105 移动方向: -0.3798937 , 0 , -0.9250301
2025-11-27 21:53:44.8152 (StateSyncRequestHandler.cs:18) 玩家ID:489242989124911105 移动到新位置: 11.318278 , 0 , 10.858421
2025-11-27 21:53:44.9086 (StateSyncRequestHandler.cs:18) 玩家ID:489242989124911105 移动方向: -0.45811337 , 0 , -0.8888937
2025-11-27 21:53:44.9086 (StateSyncRequestHandler.cs:18) 玩家ID:489242989124911105 移动到新位置: 11.226656 , 0 , 10.680642
2025-11-27 21:53:45.0189 (StateSyncRequestHandler.cs:18) 玩家ID:489242989124911105 移动方向: -0.48569044 , 0 , -0.8741309
2025-11-27 21:53:45.0189 (StateSyncRequestHandler.cs:18) 玩家ID:489242989124911105 移动到新位置: 11.129518 , 0 , 10.5058155
2025-11-27 21:53:45.1120 (StateSyncRequestHandler.cs:18) 玩家ID:489242989124911105 移动方向: -0.49967477 , 0 , -0.8662131
2025-11-27 21:53:45.1120 (StateSyncRequestHandler.cs:18) 玩家ID:489242989124911105 移动到新位置: 11.029583 , 0 , 10.332573
2025-11-27 21:53:45.2061 (StateSyncRequestHandler.cs:18) 玩家ID:489242989124911105 移动方向: 0.2543785 , 0 , -0.96710473
2025-11-27 21:53:45.2061 (StateSyncRequestHandler.cs:18) 玩家ID:489242989124911105 移动到新位置: 11.080459 , 0 , 10.139152
2025-11-27 21:53:45.2990 (StateSyncRequestHandler.cs:18) 玩家ID:489242989124911105 移动方向: 0.25318614 , 0 , -0.9674176
2025-11-27 21:53:45.2990 (StateSyncRequestHandler.cs:18) 玩家ID:489242989124911105 移动到新位置: 11.131096 , 0 , 9.945668
2025-11-27 21:53:45.4080 (StateSyncRequestHandler.cs:18) 玩家ID:489242989124911105 移动方向: 0.25269294 , 0 , -0.96754646
2025-11-27 21:53:45.4080 (StateSyncRequestHandler.cs:18) 玩家ID:489242989124911105 移动到新位置: 11.181635 , 0 , 9.752159
2025-11-27 21:53:45.5158 (StateSyncRequestHandler.cs:18) 玩家ID:489242989124911105 移动方向: -0.50559705 , 0 , -0.8627697
2025-11-27 21:53:45.5158 (StateSyncRequestHandler.cs:18) 玩家ID:489242989124911105 移动到新位置: 11.080516 , 0 , 9.579605
2025-11-27 21:53:45.5944 (StateSyncRequestHandler.cs:18) 玩家ID:489242989124911105 移动到新位置: 11.080516 , 0 , 9.579605
2025-11-27 21:53:57.6963 (StateSyncRequestHandler.cs:18) 玩家ID:489242989124911105 移动方向: 0.9269715 , 0 , -0.37513182
2025-11-27 21:53:57.6963 (StateSyncRequestHandler.cs:18) 玩家ID:489242989124911105 移动到新位置: 11.26591 , 0 , 9.504579
2025-11-27 21:53:57.8063 (StateSyncRequestHandler.cs:18) 玩家ID:489242989124911105 移动方向: 0.8299359 , 0 , -0.55785877
2025-11-27 21:53:57.8063 (StateSyncRequestHandler.cs:18) 玩家ID:489242989124911105 移动到新位置: 11.431897 , 0 , 9.393007
2025-11-27 21:53:57.9145 (StateSyncRequestHandler.cs:18) 玩家ID:489242989124911105 移动方向: 0.693386 , 0 , -0.72056645
2025-11-27 21:53:57.9145 (StateSyncRequestHandler.cs:18) 玩家ID:489242989124911105 移动到新位置: 11.570575 , 0 , 9.248894
2025-11-27 21:53:57.9926 (StateSyncRequestHandler.cs:18) 玩家ID:489242989124911105 移动方向: 0.5769518 , 0 , -0.8167782
2025-11-27 21:53:57.9926 (StateSyncRequestHandler.cs:18) 玩家ID:489242989124911105 移动到新位置: 11.685966 , 0 , 9.085538
2025-11-27 21:53:58.1327 (StateSyncRequestHandler.cs:18) 玩家ID:489242989124911105 移动方向: 0.4489373 , 0 , -0.8935632
2025-11-27 21:53:58.1327 (StateSyncRequestHandler.cs:18) 玩家ID:489242989124911105 移动到新位置: 11.775753 , 0 , 8.906825
2025-11-27 21:53:58.1938 (StateSyncRequestHandler.cs:18) 玩家ID:489242989124911105 移动方向: -0.38283604 , 0 , -0.9238163
2025-11-27 21:53:58.1938 (StateSyncRequestHandler.cs:18) 玩家ID:489242989124911105 移动到新位置: 11.699185 , 0 , 8.722062
2025-11-27 21:53:58.3030 (StateSyncRequestHandler.cs:18) 玩家ID:489242989124911105 移动方向: -0.4205355 , 0 , -0.9072761
2025-11-27 21:53:58.3030 (StateSyncRequestHandler.cs:18) 玩家ID:489242989124911105 移动到新位置: 11.615078 , 0 , 8.5406065
2025-11-27 21:53:58.4115 (StateSyncRequestHandler.cs:18) 玩家ID:489242989124911105 移动方向: -0.947125 , 0 , -0.3208649
2025-11-27 21:53:58.4120 (StateSyncRequestHandler.cs:18) 玩家ID:489242989124911105 移动到新位置: 11.425653 , 0 , 8.476434
2025-11-27 21:53:58.5048 (StateSyncRequestHandler.cs:18) 玩家ID:489242989124911105 移动方向: -0.94964147 , 0 , -0.31333852
2025-11-27 21:53:58.5048 (StateSyncRequestHandler.cs:18) 玩家ID:489242989124911105 移动到新位置: 11.235725 , 0 , 8.413766
2025-11-27 21:53:58.6111 (StateSyncRequestHandler.cs:18) 玩家ID:489242989124911105 移动方向: -0.9506111 , 0 , -0.3103846
2025-11-27 21:53:58.6111 (StateSyncRequestHandler.cs:18) 玩家ID:489242989124911105 移动到新位置: 11.045603 , 0 , 8.351689
2025-11-27 21:53:58.7035 (StateSyncRequestHandler.cs:18) 玩家ID:489242989124911105 移动方向: -0.9508985 , 0 , -0.3095028
2025-11-27 21:53:58.7035 (StateSyncRequestHandler.cs:18) 玩家ID:489242989124911105 移动到新位置: 10.855423 , 0 , 8.289789
2025-11-27 21:53:58.8147 (StateSyncRequestHandler.cs:18) 玩家ID:489242989124911105 移动方向: -0.9524854 , 0 , -0.30458444
2025-11-27 21:53:58.8147 (StateSyncRequestHandler.cs:18) 玩家ID:489242989124911105 移动到新位置: 10.664926 , 0 , 8.228872
2025-11-27 21:53:58.8910 (StateSyncRequestHandler.cs:18) 玩家ID:489242989124911105 移动方向: -0.94963986 , 0 , -0.31334338
2025-11-27 21:53:58.8910 (StateSyncRequestHandler.cs:18) 玩家ID:489242989124911105 移动到新位置: 10.4749975 , 0 , 8.1662035
2025-11-27 21:53:59.0163 (StateSyncRequestHandler.cs:18) 玩家ID:489242989124911105 移动方向: -0.94270235 , 0 , -0.3336349
2025-11-27 21:53:59.0163 (StateSyncRequestHandler.cs:18) 玩家ID:489242989124911105 移动到新位置: 10.286457 , 0 , 8.099477
2025-11-27 21:53:59.1232 (StateSyncRequestHandler.cs:18) 玩家ID:489242989124911105 移动方向: -0.94009376 , 0 , -0.34091613
2025-11-27 21:53:59.1232 (StateSyncRequestHandler.cs:18) 玩家ID:489242989124911105 移动到新位置: 10.098438 , 0 , 8.031294
2025-11-27 21:53:59.2010 (StateSyncRequestHandler.cs:18) 玩家ID:489242989124911105 移动方向: -0.9384765 , 0 , -0.34534317
2025-11-27 21:53:59.2010 (StateSyncRequestHandler.cs:18) 玩家ID:489242989124911105 移动到新位置: 9.910743 , 0 , 7.9622254
2025-11-27 21:53:59.3073 (StateSyncRequestHandler.cs:18) 玩家ID:489242989124911105 移动方向: -0.40199143 , 0 , -0.91564333
2025-11-27 21:53:59.3073 (StateSyncRequestHandler.cs:18) 玩家ID:489242989124911105 移动到新位置: 9.830344 , 0 , 7.7790966
2025-11-27 21:53:59.4162 (StateSyncRequestHandler.cs:18) 玩家ID:489242989124911105 移动方向: -0.3805998 , 0 , -0.92473984
2025-11-27 21:53:59.4162 (StateSyncRequestHandler.cs:18) 玩家ID:489242989124911105 移动到新位置: 9.754224 , 0 , 7.5941486
2025-11-27 21:53:59.5100 (StateSyncRequestHandler.cs:18) 玩家ID:489242989124911105 移动方向: -0.37282178 , 0 , -0.927903
2025-11-27 21:53:59.5100 (StateSyncRequestHandler.cs:18) 玩家ID:489242989124911105 移动到新位置: 9.67966 , 0 , 7.408568
2025-11-27 21:53:59.6024 (StateSyncRequestHandler.cs:18) 玩家ID:489242989124911105 移动方向: 0.3953333 , 0 , -0.91853774
2025-11-27 21:53:59.6024 (StateSyncRequestHandler.cs:18) 玩家ID:489242989124911105 移动到新位置: 9.758726 , 0 , 7.22486
2025-11-27 21:53:59.7096 (StateSyncRequestHandler.cs:18) 玩家ID:489242989124911105 移动方向: 0.39666003 , 0 , -0.9179656
2025-11-27 21:53:59.7096 (StateSyncRequestHandler.cs:18) 玩家ID:489242989124911105 移动到新位置: 9.838058 , 0 , 7.041267
2025-11-27 21:53:59.8174 (StateSyncRequestHandler.cs:18) 玩家ID:489242989124911105 移动方向: 0.92972 , 0 , -0.36826706
2025-11-27 21:53:59.8174 (StateSyncRequestHandler.cs:18) 玩家ID:489242989124911105 移动到新位置: 10.024002 , 0 , 6.9676137
2025-11-27 21:53:59.8959 (StateSyncRequestHandler.cs:18) 玩家ID:489242989124911105 移动方向: 0.929755 , 0 , -0.36817902
2025-11-27 21:53:59.8959 (StateSyncRequestHandler.cs:18) 玩家ID:489242989124911105 移动到新位置: 10.209953 , 0 , 6.893978
2025-11-27 21:54:00.0037 (StateSyncRequestHandler.cs:18) 玩家ID:489242989124911105 移动方向: 0.9297712 , 0 , -0.36813807
2025-11-27 21:54:00.0037 (StateSyncRequestHandler.cs:18) 玩家ID:489242989124911105 移动到新位置: 10.395907 , 0 , 6.8203506
2025-11-27 21:54:00.1121 (StateSyncRequestHandler.cs:18) 玩家ID:489242989124911105 移动方向: 0.9297745 , 0 , -0.3681296
2025-11-27 21:54:00.1121 (StateSyncRequestHandler.cs:18) 玩家ID:489242989124911105 移动到新位置: 10.581862 , 0 , 6.7467246
2025-11-27 21:54:00.2060 (StateSyncRequestHandler.cs:18) 玩家ID:489242989124911105 移动方向: 0.39714628 , 0 , -0.91775537
2025-11-27 21:54:00.2060 (StateSyncRequestHandler.cs:18) 玩家ID:489242989124911105 移动到新位置: 10.661292 , 0 , 6.5631733
2025-11-27 21:54:00.2984 (StateSyncRequestHandler.cs:18) 玩家ID:489242989124911105 移动方向: 0.3971472 , 0 , -0.91775495
2025-11-27 21:54:00.2984 (StateSyncRequestHandler.cs:18) 玩家ID:489242989124911105 移动到新位置: 10.740722 , 0 , 6.3796225
2025-11-27 21:54:00.4059 (StateSyncRequestHandler.cs:18) 玩家ID:489242989124911105 移动方向: -0.36812523 , 0 , -0.9297762
2025-11-27 21:54:00.4059 (StateSyncRequestHandler.cs:18) 玩家ID:489242989124911105 移动到新位置: 10.667097 , 0 , 6.1936674
2025-11-27 21:54:00.4997 (StateSyncRequestHandler.cs:18) 玩家ID:489242989124911105 移动方向: -0.9177549 , 0 , -0.3971472
2025-11-27 21:54:00.4997 (StateSyncRequestHandler.cs:18) 玩家ID:489242989124911105 移动到新位置: 10.483546 , 0 , 6.114238
2025-11-27 21:54:00.6084 (StateSyncRequestHandler.cs:18) 玩家ID:489242989124911105 移动方向: -0.9177549 , 0 , -0.3971472
2025-11-27 21:54:00.6084 (StateSyncRequestHandler.cs:18) 玩家ID:489242989124911105 移动到新位置: 10.299995 , 0 , 6.034808
2025-11-27 21:54:00.7173 (StateSyncRequestHandler.cs:18) 玩家ID:489242989124911105 移动方向: -0.9177549 , 0 , -0.3971472
2025-11-27 21:54:00.7173 (StateSyncRequestHandler.cs:18) 玩家ID:489242989124911105 移动到新位置: 10.116445 , 0 , 5.9553785
2025-11-27 21:54:00.7949 (StateSyncRequestHandler.cs:18) 玩家ID:489242989124911105 移动方向: -0.9177549 , 0 , -0.3971472
2025-11-27 21:54:00.7949 (StateSyncRequestHandler.cs:18) 玩家ID:489242989124911105 移动到新位置: 9.932894 , 0 , 5.875949
2025-11-27 21:54:00.9206 (StateSyncRequestHandler.cs:18) 玩家ID:489242989124911105 移动方向: -0.9177549 , 0 , -0.3971472
2025-11-27 21:54:00.9206 (StateSyncRequestHandler.cs:18) 玩家ID:489242989124911105 移动到新位置: 9.749343 , 0 , 5.7965193
2025-11-27 21:54:01.0275 (StateSyncRequestHandler.cs:18) 玩家ID:489242989124911105 移动方向: -0.36812523 , 0 , -0.9297762
2025-11-27 21:54:01.0275 (StateSyncRequestHandler.cs:18) 玩家ID:489242989124911105 移动到新位置: 9.675718 , 0 , 5.610564
2025-11-27 21:54:01.1057 (StateSyncRequestHandler.cs:18) 玩家ID:489242989124911105 移动方向: -0.36812523 , 0 , -0.9297762
2025-11-27 21:54:01.1057 (StateSyncRequestHandler.cs:18) 玩家ID:489242989124911105 移动到新位置: 9.602094 , 0 , 5.424609
2025-11-27 21:54:01.1975 (StateSyncRequestHandler.cs:18) 玩家ID:489242989124911105 移动方向: -0.36812523 , 0 , -0.9297762
2025-11-27 21:54:01.1975 (StateSyncRequestHandler.cs:18) 玩家ID:489242989124911105 移动到新位置: 9.528469 , 0 , 5.238654
2025-11-27 21:54:01.3061 (StateSyncRequestHandler.cs:18) 玩家ID:489242989124911105 移动方向: -0.3763345 , 0 , -0.92648387
2025-11-27 21:54:01.3061 (StateSyncRequestHandler.cs:18) 玩家ID:489242989124911105 移动到新位置: 9.453202 , 0 , 5.053357
2025-11-27 21:54:01.4138 (StateSyncRequestHandler.cs:18) 玩家ID:489242989124911105 移动方向: 0.32789734 , 0 , -0.9447134
2025-11-27 21:54:01.4138 (StateSyncRequestHandler.cs:18) 玩家ID:489242989124911105 移动到新位置: 9.518782 , 0 , 4.864414
2025-11-27 21:54:01.5070 (StateSyncRequestHandler.cs:18) 玩家ID:489242989124911105 移动方向: 0.256479 , 0 , -0.96654975
2025-11-27 21:54:01.5070 (StateSyncRequestHandler.cs:18) 玩家ID:489242989124911105 移动到新位置: 9.570078 , 0 , 4.6711044
2025-11-27 21:54:01.5994 (StateSyncRequestHandler.cs:18) 玩家ID:489242989124911105 移动方向: 0.13097085 , 0 , -0.9913862
2025-11-27 21:54:01.5994 (StateSyncRequestHandler.cs:18) 玩家ID:489242989124911105 移动到新位置: 9.596272 , 0 , 4.472827
2025-11-27 21:54:01.7104 (StateSyncRequestHandler.cs:18) 玩家ID:489242989124911105 移动方向: 0.034729708 , 0 , -0.99939674
2025-11-27 21:54:01.7104 (StateSyncRequestHandler.cs:18) 玩家ID:489242989124911105 移动到新位置: 9.603218 , 0 , 4.272948
2025-11-27 21:54:01.8339 (StateSyncRequestHandler.cs:18) 玩家ID:489242989124911105 移动方向: -0.050337024 , 0 , -0.9987323
2025-11-27 21:54:01.8339 (StateSyncRequestHandler.cs:18) 玩家ID:489242989124911105 移动到新位置: 9.593151 , 0 , 4.073201
2025-11-27 21:54:01.8965 (StateSyncRequestHandler.cs:18) 玩家ID:489242989124911105 移动方向: -0.11095455 , 0 , -0.99382544
2025-11-27 21:54:01.8965 (StateSyncRequestHandler.cs:18) 玩家ID:489242989124911105 移动到新位置: 9.57096 , 0 , 3.8744361
2025-11-27 21:54:02.0048 (StateSyncRequestHandler.cs:18) 玩家ID:489242989124911105 移动到新位置: 9.57096 , 0 , 3.8744361
2025-11-27 21:54:02.2072 (StateSyncRequestHandler.cs:18) 玩家ID:489242989124911105 移动方向: -0.96856606 , 0 , 0.24875656
2025-11-27 21:54:02.2072 (StateSyncRequestHandler.cs:18) 玩家ID:489242989124911105 移动到新位置: 9.377247 , 0 , 3.9241874
2025-11-27 21:54:02.3007 (StateSyncRequestHandler.cs:18) 玩家ID:489242989124911105 移动方向: -0.9655478 , 0 , 0.26022568
2025-11-27 21:54:02.3007 (StateSyncRequestHandler.cs:18) 玩家ID:489242989124911105 移动到新位置: 9.184137 , 0 , 3.9762325
2025-11-27 21:54:02.4097 (StateSyncRequestHandler.cs:18) 玩家ID:489242989124911105 移动方向: -0.96406096 , 0 , 0.26568103
2025-11-27 21:54:02.4097 (StateSyncRequestHandler.cs:18) 玩家ID:489242989124911105 移动到新位置: 8.991325 , 0 , 4.029369
2025-11-27 21:54:02.5016 (StateSyncRequestHandler.cs:18) 玩家ID:489242989124911105 移动方向: -0.96373504 , 0 , 0.26686105
2025-11-27 21:54:02.5016 (StateSyncRequestHandler.cs:18) 玩家ID:489242989124911105 移动到新位置: 8.798578 , 0 , 4.0827413
2025-11-27 21:54:02.5954 (StateSyncRequestHandler.cs:18) 玩家ID:489242989124911105 移动方向: -0.9635818 , 0 , 0.26741365
2025-11-27 21:54:02.5954 (StateSyncRequestHandler.cs:18) 玩家ID:489242989124911105 移动到新位置: 8.605862 , 0 , 4.136224
2025-11-27 21:54:02.7043 (StateSyncRequestHandler.cs:18) 玩家ID:489242989124911105 移动方向: -0.87053514 , 0 , -0.4921062
2025-11-27 21:54:02.7043 (StateSyncRequestHandler.cs:18) 玩家ID:489242989124911105 移动到新位置: 8.431755 , 0 , 4.0378027
2025-11-27 21:54:02.8135 (StateSyncRequestHandler.cs:18) 玩家ID:489242989124911105 移动方向: -0.26763976 , 0 , -0.9635191
2025-11-27 21:54:02.8135 (StateSyncRequestHandler.cs:18) 玩家ID:489242989124911105 移动到新位置: 8.378227 , 0 , 3.845099
2025-11-27 21:54:02.9059 (StateSyncRequestHandler.cs:18) 玩家ID:489242989124911105 移动方向: -0.26765272 , 0 , -0.9635154
2025-11-27 21:54:02.9059 (StateSyncRequestHandler.cs:18) 玩家ID:489242989124911105 移动到新位置: 8.324697 , 0 , 3.652396
2025-11-27 21:54:02.9995 (StateSyncRequestHandler.cs:18) 玩家ID:489242989124911105 移动方向: 0.48811102 , 0 , -0.8727815
2025-11-27 21:54:02.9995 (StateSyncRequestHandler.cs:18) 玩家ID:489242989124911105 移动到新位置: 8.422318 , 0 , 3.4778397
2025-11-27 21:54:03.1086 (StateSyncRequestHandler.cs:18) 玩家ID:489242989124911105 移动方向: 0.48117936 , 0 , -0.8766222
2025-11-27 21:54:03.1086 (StateSyncRequestHandler.cs:18) 玩家ID:489242989124911105 移动到新位置: 8.518555 , 0 , 3.3025153
2025-11-27 21:54:03.2171 (StateSyncRequestHandler.cs:18) 玩家ID:489242989124911105 移动方向: -0.28426892 , 0 , -0.95874465
2025-11-27 21:54:03.2171 (StateSyncRequestHandler.cs:18) 玩家ID:489242989124911105 移动到新位置: 8.4617 , 0 , 3.1107664
2025-11-27 21:54:03.3106 (StateSyncRequestHandler.cs:18) 玩家ID:489242989124911105 移动方向: -0.8796398 , 0 , -0.47564036
2025-11-27 21:54:03.3106 (StateSyncRequestHandler.cs:18) 玩家ID:489242989124911105 移动到新位置: 8.285772 , 0 , 3.0156384
2025-11-27 21:54:03.4038 (StateSyncRequestHandler.cs:18) 玩家ID:489242989124911105 移动方向: -0.9578108 , 0 , 0.2873995
2025-11-27 21:54:03.4038 (StateSyncRequestHandler.cs:18) 玩家ID:489242989124911105 移动到新位置: 8.094211 , 0 , 3.0731182
2025-11-27 21:54:03.5140 (StateSyncRequestHandler.cs:18) 玩家ID:489242989124911105 移动到新位置: 8.094211 , 0 , 3.0731182
2025-11-27 21:54:11.7487 (StateSyncRequestHandler.cs:18) 玩家ID:490676460229754881 移动方向: -0.9654481 , 0 , 0.2605955
2025-11-27 21:54:11.7487 (StateSyncRequestHandler.cs:18) 玩家ID:490676460229754881 移动到新位置: 7.0325384 , 0 , 6.206156
2025-11-27 21:54:11.8729 (StateSyncRequestHandler.cs:18) 玩家ID:490676460229754881 移动方向: -0.9784181 , 0 , -0.20663497
2025-11-27 21:54:11.8729 (StateSyncRequestHandler.cs:18) 玩家ID:490676460229754881 移动到新位置: 6.836855 , 0 , 6.164829
2025-11-27 21:54:11.9524 (StateSyncRequestHandler.cs:18) 玩家ID:490676460229754881 移动方向: -0.23415384 , 0 , -0.97219956
2025-11-27 21:54:11.9524 (StateSyncRequestHandler.cs:18) 玩家ID:490676460229754881 移动到新位置: 6.7900243 , 0 , 5.970389
2025-11-27 21:54:12.0608 (StateSyncRequestHandler.cs:18) 玩家ID:490676460229754881 移动方向: -0.017507613 , 0 , -0.9998467
2025-11-27 21:54:12.0608 (StateSyncRequestHandler.cs:18) 玩家ID:490676460229754881 移动到新位置: 6.786523 , 0 , 5.7704196
2025-11-27 21:54:12.1546 (StateSyncRequestHandler.cs:18) 玩家ID:490676460229754881 移动方向: -0.99886286 , 0 , -0.047676146
2025-11-27 21:54:12.1546 (StateSyncRequestHandler.cs:18) 玩家ID:490676460229754881 移动到新位置: 6.5867505 , 0 , 5.7608843
2025-11-27 21:54:12.2487 (StateSyncRequestHandler.cs:18) 玩家ID:490676460229754881 移动方向: -0.75654644 , 0 , 0.65394
2025-11-27 21:54:12.2487 (StateSyncRequestHandler.cs:18) 玩家ID:490676460229754881 移动到新位置: 6.435441 , 0 , 5.891672
2025-11-27 21:54:12.3560 (StateSyncRequestHandler.cs:18) 玩家ID:490676460229754881 移动到新位置: 6.435441 , 0 , 5.891672
2025-11-27 21:54:12.9608 (StateSyncRequestHandler.cs:18) 玩家ID:490676460229754881 移动方向: -0.43482852 , 0 , -0.9005133
2025-11-27 21:54:12.9608 (StateSyncRequestHandler.cs:18) 玩家ID:490676460229754881 移动到新位置: 6.3484755 , 0 , 5.7115693
2025-11-27 21:54:13.0546 (StateSyncRequestHandler.cs:18) 玩家ID:490676460229754881 移动方向: -0.4060798 , 0 , -0.9138376
2025-11-27 21:54:13.0546 (StateSyncRequestHandler.cs:18) 玩家ID:490676460229754881 移动到新位置: 6.2672596 , 0 , 5.528802
2025-11-27 21:54:13.1633 (StateSyncRequestHandler.cs:18) 玩家ID:490676460229754881 移动方向: -0.39519504 , 0 , -0.9185972
2025-11-27 21:54:13.1633 (StateSyncRequestHandler.cs:18) 玩家ID:490676460229754881 移动到新位置: 6.1882205 , 0 , 5.3450823
2025-11-27 21:54:13.2567 (StateSyncRequestHandler.cs:18) 玩家ID:490676460229754881 移动到新位置: 6.1882205 , 0 , 5.3450823
