2025-11-29 16:33:06.7491  

==========================================================================
 
  ███████╗ █████╗ ███╗   ██╗████████╗ █████╗  ██████╗ ██╗   ██╗
  ██╔════╝██╔══██╗████╗  ██║╚══██╔══╝██╔══██╗██╔════╝ ╚██╗ ██╔╝
  █████╗  ███████║██╔██╗ ██║   ██║   ███████║╚█████╗   ╚████╔╝ 
  ██╔══╝  ██╔══██║██║╚██╗██║   ██║   ██╔══██║╚════██║   ╚██╔╝  
  ██║     ██║  ██║██║ ╚████║   ██║   ██║  ██║██████╔╝    ██║   
  ╚═╝     ╚═╝  ╚═╝╚═╝  ╚═══╝   ╚═╝   ╚═╝  ╚═╝╚═════╝     ╚═╝   
                                                            
 Version : Fantasy 2.0 Official version
==========================================================================

2025-11-29 16:33:06.7883  Current inner network protocol:TCP
2025-11-29 16:33:06.7883  Max Message Size(byte):1048560
2025-11-29 16:33:06.7883  Current session idle timeout:8000
2025-11-29 16:33:06.7883  Session-check interval:5000 
2025-11-29 16:33:07.9265  dbName:OnlineTest Initialize the db database and connect to the target.
2025-11-29 16:33:08.2766  dbName:OnlineTest Database connection successful.
2025-11-29 16:33:08.6187  SceneConfigId = 1001 networkTarget = Inner TCPServer Listen 127.0.0.1:11002
2025-11-29 16:33:08.9255  SceneConfigId = 1001 networkTarget = Outer KCPServer Listen 0.0.0.0:20000
2025-11-29 16:33:08.9255  Process:1 Startup Complete SceneCount:1
2025-11-29 16:33:40.4161 (LoginRequestHandler.cs:16) 收到登录请求
2025-11-29 16:33:40.8011 (EntryLobbyRequestHandler.cs:32) 进入大厅成功，玩家ID:482734309785206785
2025-11-29 16:33:42.2874 (LobbyPlayerManagerComponentSystem.cs:97) 玩家ID:482734309785206785 移动方向: -0.10779547 , 0 , 0.9941731
2025-11-29 16:33:42.2874 (LobbyPlayerManagerComponentSystem.cs:102) 玩家ID:482734309785206785 移动到新位置: -3.7312176 , 0 , -6.9882903
2025-11-29 16:33:42.3707 (LobbyPlayerManagerComponentSystem.cs:97) 玩家ID:482734309785206785 移动方向: 0.9351426 , 0 , 0.35427165
2025-11-29 16:33:42.3707 (LobbyPlayerManagerComponentSystem.cs:102) 玩家ID:482734309785206785 移动到新位置: -3.5441892 , 0 , -6.917436
2025-11-29 16:33:42.4814 (LobbyPlayerManagerComponentSystem.cs:97) 玩家ID:482734309785206785 移动方向: 0.7887625 , 0 , 0.6146981
2025-11-29 16:33:42.4814 (LobbyPlayerManagerComponentSystem.cs:102) 玩家ID:482734309785206785 移动到新位置: -3.3864367 , 0 , -6.7944965
2025-11-29 16:33:42.5729 (LobbyPlayerManagerComponentSystem.cs:97) 玩家ID:482734309785206785 移动方向: 0.9908761 , 0 , 0.13477662
2025-11-29 16:33:42.5729 (LobbyPlayerManagerComponentSystem.cs:102) 玩家ID:482734309785206785 移动到新位置: -3.1882615 , 0 , -6.7675414
2025-11-29 16:33:42.6815 (LobbyPlayerManagerComponentSystem.cs:97) 玩家ID:482734309785206785 移动方向: 0.90426075 , 0 , 0.4269806
2025-11-29 16:33:42.6815 (LobbyPlayerManagerComponentSystem.cs:102) 玩家ID:482734309785206785 移动到新位置: -3.0074093 , 0 , -6.682145
2025-11-29 16:33:42.7748 (LobbyPlayerManagerComponentSystem.cs:97) 玩家ID:482734309785206785 移动方向: 0.7832953 , 0 , 0.6216499
2025-11-29 16:33:42.7748 (LobbyPlayerManagerComponentSystem.cs:102) 玩家ID:482734309785206785 移动到新位置: -2.8507502 , 0 , -6.557815
2025-11-29 16:33:42.8843 (LobbyPlayerManagerComponentSystem.cs:97) 玩家ID:482734309785206785 移动方向: 0.9998714 , 0 , 0.016038159
2025-11-29 16:33:42.8843 (LobbyPlayerManagerComponentSystem.cs:102) 玩家ID:482734309785206785 移动到新位置: -2.650776 , 0 , -6.5546074
2025-11-29 16:33:42.9753 (LobbyPlayerManagerComponentSystem.cs:97) 玩家ID:482734309785206785 移动方向: 0.99603224 , 0 , 0.08899316
2025-11-29 16:33:42.9753 (LobbyPlayerManagerComponentSystem.cs:102) 玩家ID:482734309785206785 移动到新位置: -2.4515696 , 0 , -6.536809
2025-11-29 16:33:43.0838 (LobbyPlayerManagerComponentSystem.cs:97) 玩家ID:482734309785206785 移动方向: 0.79022133 , 0 , -0.6128215
2025-11-29 16:33:43.0838 (LobbyPlayerManagerComponentSystem.cs:102) 玩家ID:482734309785206785 移动到新位置: -2.2935252 , 0 , -6.6593733
2025-11-29 16:33:43.1756 (LobbyPlayerManagerComponentSystem.cs:97) 玩家ID:482734309785206785 移动方向: 0.7977032 , 0 , -0.6030502
2025-11-29 16:33:43.1756 (LobbyPlayerManagerComponentSystem.cs:102) 玩家ID:482734309785206785 移动到新位置: -2.1339846 , 0 , -6.7799835
2025-11-29 16:33:43.2834 (LobbyPlayerManagerComponentSystem.cs:97) 玩家ID:482734309785206785 移动方向: 0.14260319 , 0 , -0.98977995
2025-11-29 16:33:43.2834 (LobbyPlayerManagerComponentSystem.cs:102) 玩家ID:482734309785206785 移动到新位置: -2.105464 , 0 , -6.9779396
2025-11-29 16:33:43.3754 (LobbyPlayerManagerComponentSystem.cs:97) 玩家ID:482734309785206785 移动方向: -0.9895682 , 0 , -0.14406525
2025-11-29 16:33:43.3754 (LobbyPlayerManagerComponentSystem.cs:102) 玩家ID:482734309785206785 移动到新位置: -2.3033776 , 0 , -7.0067525
2025-11-29 16:33:43.4835 (LobbyPlayerManagerComponentSystem.cs:97) 玩家ID:482734309785206785 移动方向: -0.9894914 , 0 , -0.14459158
2025-11-29 16:33:43.4835 (LobbyPlayerManagerComponentSystem.cs:102) 玩家ID:482734309785206785 移动到新位置: -2.501276 , 0 , -7.0356708
2025-11-29 16:33:43.5753 (LobbyPlayerManagerComponentSystem.cs:97) 玩家ID:482734309785206785 移动方向: -0.989472 , 0 , -0.14472462
2025-11-29 16:33:43.5753 (LobbyPlayerManagerComponentSystem.cs:102) 玩家ID:482734309785206785 移动到新位置: -2.6991704 , 0 , -7.0646157
2025-11-29 16:33:43.6821 (LobbyPlayerManagerComponentSystem.cs:97) 玩家ID:482734309785206785 移动方向: -0.80202484 , 0 , 0.59729075
2025-11-29 16:33:43.6821 (LobbyPlayerManagerComponentSystem.cs:102) 玩家ID:482734309785206785 移动到新位置: -2.8595753 , 0 , -6.9451575
2025-11-29 16:33:43.7745 (LobbyPlayerManagerComponentSystem.cs:97) 玩家ID:482734309785206785 移动方向: -0.8020325 , 0 , 0.5972804
2025-11-29 16:33:43.7745 (LobbyPlayerManagerComponentSystem.cs:102) 玩家ID:482734309785206785 移动到新位置: -3.0199819 , 0 , -6.825701
2025-11-29 16:33:43.8832 (LobbyPlayerManagerComponentSystem.cs:97) 玩家ID:482734309785206785 移动方向: -0.802035 , 0 , 0.59727687
2025-11-29 16:33:43.8832 (LobbyPlayerManagerComponentSystem.cs:102) 玩家ID:482734309785206785 移动到新位置: -3.180389 , 0 , -6.706246
2025-11-29 16:33:43.9750 (LobbyPlayerManagerComponentSystem.cs:97) 玩家ID:482734309785206785 移动方向: -0.80203575 , 0 , 0.597276
2025-11-29 16:33:43.9750 (LobbyPlayerManagerComponentSystem.cs:102) 玩家ID:482734309785206785 移动到新位置: -3.340796 , 0 , -6.5867906
2025-11-29 16:33:44.0674 (LobbyPlayerManagerComponentSystem.cs:97) 玩家ID:482734309785206785 移动方向: -0.9895428 , 0 , -0.14423922
2025-11-29 16:33:44.0674 (LobbyPlayerManagerComponentSystem.cs:102) 玩家ID:482734309785206785 移动到新位置: -3.5387046 , 0 , -6.6156383
2025-11-29 16:33:44.1764 (LobbyPlayerManagerComponentSystem.cs:97) 玩家ID:482734309785206785 移动方向: -0.9909559 , 0 , -0.13418782
2025-11-29 16:33:44.1770 (LobbyPlayerManagerComponentSystem.cs:102) 玩家ID:482734309785206785 移动到新位置: -3.7368958 , 0 , -6.6424756
2025-11-29 16:33:44.2702 (LobbyPlayerManagerComponentSystem.cs:102) 玩家ID:482734309785206785 移动到新位置: -3.7368958 , 0 , -6.6424756
2025-11-29 16:33:45.4840 (LobbyPlayerManagerComponentSystem.cs:97) 玩家ID:482734309785206785 移动方向: -0.9645586 , 0 , 0.26386863
2025-11-29 16:33:45.4840 (LobbyPlayerManagerComponentSystem.cs:102) 玩家ID:482734309785206785 移动到新位置: -3.9298074 , 0 , -6.5897017
2025-11-29 16:33:45.5789 (LobbyPlayerManagerComponentSystem.cs:97) 玩家ID:482734309785206785 移动方向: -0.9645577 , 0 , 0.2638721
2025-11-29 16:33:45.5789 (LobbyPlayerManagerComponentSystem.cs:102) 玩家ID:482734309785206785 移动到新位置: -4.122719 , 0 , -6.536927
2025-11-29 16:33:45.6716 (LobbyPlayerManagerComponentSystem.cs:97) 玩家ID:482734309785206785 移动方向: -0.26387316 , 0 , -0.9645574
2025-11-29 16:33:45.6716 (LobbyPlayerManagerComponentSystem.cs:102) 玩家ID:482734309785206785 移动到新位置: -4.1754932 , 0 , -6.729839
2025-11-29 16:33:45.7796 (LobbyPlayerManagerComponentSystem.cs:97) 玩家ID:482734309785206785 移动方向: -0.26387316 , 0 , -0.9645574
2025-11-29 16:33:45.7796 (LobbyPlayerManagerComponentSystem.cs:102) 玩家ID:482734309785206785 移动到新位置: -4.2282677 , 0 , -6.9227505
2025-11-29 16:33:45.8740 (LobbyPlayerManagerComponentSystem.cs:97) 玩家ID:482734309785206785 移动方向: 0.96455735 , 0 , -0.26387313
2025-11-29 16:33:45.8740 (LobbyPlayerManagerComponentSystem.cs:102) 玩家ID:482734309785206785 移动到新位置: -4.035356 , 0 , -6.975525
2025-11-29 16:33:45.9715 (LobbyPlayerManagerComponentSystem.cs:97) 玩家ID:482734309785206785 移动方向: 0.96455735 , 0 , -0.26387313
2025-11-29 16:33:45.9715 (LobbyPlayerManagerComponentSystem.cs:102) 玩家ID:482734309785206785 移动到新位置: -3.8424447 , 0 , -7.0282993
2025-11-29 16:33:46.0770 (LobbyPlayerManagerComponentSystem.cs:97) 玩家ID:482734309785206785 移动方向: 0.96455735 , 0 , -0.26387313
2025-11-29 16:33:46.0770 (LobbyPlayerManagerComponentSystem.cs:102) 玩家ID:482734309785206785 移动到新位置: -3.6495333 , 0 , -7.0810738
2025-11-29 16:33:46.1861 (LobbyPlayerManagerComponentSystem.cs:97) 玩家ID:482734309785206785 移动方向: 0.96455735 , 0 , -0.26387313
2025-11-29 16:33:46.1861 (LobbyPlayerManagerComponentSystem.cs:102) 玩家ID:482734309785206785 移动到新位置: -3.456622 , 0 , -7.133848
2025-11-29 16:33:46.2781 (StateSyncRequestHandler.cs:18) 玩家ID:482734309785206785 移动方向: 0.96455735 , 0 , -0.26387313
2025-11-29 16:33:46.2781 (StateSyncRequestHandler.cs:18) 玩家ID:482734309785206785 移动到新位置: -3.2637105 , 0 , -7.1866226
2025-11-29 16:33:46.3703 (StateSyncRequestHandler.cs:18) 玩家ID:482734309785206785 移动方向: 0.96455735 , 0 , -0.26387313
2025-11-29 16:33:46.3703 (StateSyncRequestHandler.cs:18) 玩家ID:482734309785206785 移动到新位置: -3.070799 , 0 , -7.239397
2025-11-29 16:33:46.4784 (StateSyncRequestHandler.cs:18) 玩家ID:482734309785206785 移动方向: 0.49545854 , 0 , -0.8686316
2025-11-29 16:33:46.4784 (StateSyncRequestHandler.cs:18) 玩家ID:482734309785206785 移动到新位置: -2.9717073 , 0 , -7.413123
2025-11-29 16:33:46.5860 (StateSyncRequestHandler.cs:18) 玩家ID:482734309785206785 移动方向: 0.49545854 , 0 , -0.8686316
2025-11-29 16:33:46.5860 (StateSyncRequestHandler.cs:18) 玩家ID:482734309785206785 移动到新位置: -2.8726156 , 0 , -7.586849
2025-11-29 16:33:46.6794 (StateSyncRequestHandler.cs:18) 玩家ID:482734309785206785 移动方向: 0.96455735 , 0 , -0.26387313
2025-11-29 16:33:46.6794 (StateSyncRequestHandler.cs:18) 玩家ID:482734309785206785 移动到新位置: -2.6797042 , 0 , -7.6396236
2025-11-29 16:33:46.7714 (StateSyncRequestHandler.cs:18) 玩家ID:482734309785206785 移动方向: 0.96455735 , 0 , -0.26387313
2025-11-29 16:33:46.7714 (StateSyncRequestHandler.cs:18) 玩家ID:482734309785206785 移动到新位置: -2.4867928 , 0 , -7.692398
2025-11-29 16:33:46.8784 (StateSyncRequestHandler.cs:18) 玩家ID:482734309785206785 移动方向: 0.96455735 , 0 , -0.26387313
2025-11-29 16:33:46.8784 (StateSyncRequestHandler.cs:18) 玩家ID:482734309785206785 移动到新位置: -2.2938814 , 0 , -7.7451725
2025-11-29 16:33:46.9864 (StateSyncRequestHandler.cs:18) 玩家ID:482734309785206785 移动方向: 0.96455735 , 0 , -0.26387313
2025-11-29 16:33:46.9864 (StateSyncRequestHandler.cs:18) 玩家ID:482734309785206785 移动到新位置: -2.10097 , 0 , -7.797947
2025-11-29 16:33:47.0792 (StateSyncRequestHandler.cs:18) 玩家ID:482734309785206785 移动方向: 0.96455735 , 0 , -0.26387313
2025-11-29 16:33:47.0792 (StateSyncRequestHandler.cs:18) 玩家ID:482734309785206785 移动到新位置: -1.9080585 , 0 , -7.8507214
2025-11-29 16:33:47.1873 (StateSyncRequestHandler.cs:18) 玩家ID:482734309785206785 移动方向: 0.96455735 , 0 , -0.26387313
2025-11-29 16:33:47.1873 (StateSyncRequestHandler.cs:18) 玩家ID:482734309785206785 移动到新位置: -1.715147 , 0 , -7.903496
2025-11-29 16:33:47.2800 (StateSyncRequestHandler.cs:18) 玩家ID:482734309785206785 移动方向: 0.96455735 , 0 , -0.26387313
2025-11-29 16:33:47.2800 (StateSyncRequestHandler.cs:18) 玩家ID:482734309785206785 移动到新位置: -1.5222355 , 0 , -7.95627
2025-11-29 16:33:47.3723 (StateSyncRequestHandler.cs:18) 玩家ID:482734309785206785 移动到新位置: -1.5222355 , 0 , -7.95627
2025-11-29 16:33:47.7748 (StateSyncRequestHandler.cs:18) 玩家ID:482734309785206785 移动方向: -0.96455735 , 0 , 0.26387313
2025-11-29 16:33:47.7748 (StateSyncRequestHandler.cs:18) 玩家ID:482734309785206785 移动到新位置: -1.715147 , 0 , -7.903496
2025-11-29 16:33:47.8818 (StateSyncRequestHandler.cs:18) 玩家ID:482734309785206785 移动方向: -0.96455735 , 0 , 0.26387313
2025-11-29 16:33:47.8818 (StateSyncRequestHandler.cs:18) 玩家ID:482734309785206785 移动到新位置: -1.9080585 , 0 , -7.8507214
2025-11-29 16:33:47.9734 (StateSyncRequestHandler.cs:18) 玩家ID:482734309785206785 移动方向: -0.96455735 , 0 , 0.26387313
2025-11-29 16:33:47.9739 (StateSyncRequestHandler.cs:18) 玩家ID:482734309785206785 移动到新位置: -2.10097 , 0 , -7.797947
2025-11-29 16:33:48.0841 (StateSyncRequestHandler.cs:18) 玩家ID:482734309785206785 移动到新位置: -2.10097 , 0 , -7.797947
2025-11-29 16:33:48.2693 (StateSyncRequestHandler.cs:18) 玩家ID:482734309785206785 移动方向: 0.96455735 , 0 , -0.26387313
2025-11-29 16:33:48.2693 (StateSyncRequestHandler.cs:18) 玩家ID:482734309785206785 移动到新位置: -1.9080585 , 0 , -7.8507214
2025-11-29 16:33:48.3780 (StateSyncRequestHandler.cs:18) 玩家ID:482734309785206785 移动到新位置: -1.9080585 , 0 , -7.8507214
2025-11-29 16:33:48.6891 (StateSyncRequestHandler.cs:18) 玩家ID:482734309785206785 移动方向: -0.82811326 , 0 , 0.5605608
2025-11-29 16:33:48.6891 (StateSyncRequestHandler.cs:18) 玩家ID:482734309785206785 移动到新位置: -2.073681 , 0 , -7.7386093
2025-11-29 16:33:48.7846 (StateSyncRequestHandler.cs:18) 玩家ID:482734309785206785 移动方向: -0.4843941 , 0 , 0.8748499
2025-11-29 16:33:48.7846 (StateSyncRequestHandler.cs:18) 玩家ID:482734309785206785 移动到新位置: -2.17056 , 0 , -7.563639
2025-11-29 16:33:48.8771 (StateSyncRequestHandler.cs:18) 玩家ID:482734309785206785 移动方向: 0.7070968 , 0 , 0.7071167
2025-11-29 16:33:48.8771 (StateSyncRequestHandler.cs:18) 玩家ID:482734309785206785 移动到新位置: -2.0291405 , 0 , -7.422216
2025-11-29 16:33:48.9845 (StateSyncRequestHandler.cs:18) 玩家ID:482734309785206785 移动方向: 0.9255595 , 0 , 0.37860212
2025-11-29 16:33:48.9845 (StateSyncRequestHandler.cs:18) 玩家ID:482734309785206785 移动到新位置: -1.8440286 , 0 , -7.3464956
2025-11-29 16:33:49.0779 (StateSyncRequestHandler.cs:18) 玩家ID:482734309785206785 移动方向: 0.58429664 , 0 , 0.8115401
2025-11-29 16:33:49.0779 (StateSyncRequestHandler.cs:18) 玩家ID:482734309785206785 移动到新位置: -1.7271693 , 0 , -7.1841874
2025-11-29 16:33:49.1860 (StateSyncRequestHandler.cs:18) 玩家ID:482734309785206785 移动方向: 0.66124856 , 0 , 0.75016683
2025-11-29 16:33:49.1860 (StateSyncRequestHandler.cs:18) 玩家ID:482734309785206785 移动到新位置: -1.5949196 , 0 , -7.034154
2025-11-29 16:33:49.2793 (StateSyncRequestHandler.cs:18) 玩家ID:482734309785206785 移动方向: 0.68579024 , 0 , 0.72779924
2025-11-29 16:33:49.2793 (StateSyncRequestHandler.cs:18) 玩家ID:482734309785206785 移动到新位置: -1.4577615 , 0 , -6.888594
2025-11-29 16:33:49.3713 (StateSyncRequestHandler.cs:18) 玩家ID:482734309785206785 移动方向: -0.017706424 , 0 , 0.99984324
2025-11-29 16:33:49.3713 (StateSyncRequestHandler.cs:18) 玩家ID:482734309785206785 移动到新位置: -1.4613028 , 0 , -6.6886253
2025-11-29 16:33:49.4786 (StateSyncRequestHandler.cs:18) 玩家ID:482734309785206785 移动方向: -0.034511715 , 0 , 0.9994043
2025-11-29 16:33:49.4786 (StateSyncRequestHandler.cs:18) 玩家ID:482734309785206785 移动到新位置: -1.4682051 , 0 , -6.4887443
2025-11-29 16:33:49.5713 (StateSyncRequestHandler.cs:18) 玩家ID:482734309785206785 移动方向: -0.14198768 , 0 , 0.9898684
2025-11-29 16:33:49.5713 (StateSyncRequestHandler.cs:18) 玩家ID:482734309785206785 移动到新位置: -1.4966027 , 0 , -6.2907705
2025-11-29 16:33:49.6788 (StateSyncRequestHandler.cs:18) 玩家ID:482734309785206785 移动方向: 0.50053775 , 0 , 0.8657147
2025-11-29 16:33:49.6788 (StateSyncRequestHandler.cs:18) 玩家ID:482734309785206785 移动到新位置: -1.3964951 , 0 , -6.1176276
2025-11-29 16:33:49.7731 (StateSyncRequestHandler.cs:18) 玩家ID:482734309785206785 移动方向: 0.4462046 , 0 , 0.89493096
2025-11-29 16:33:49.7731 (StateSyncRequestHandler.cs:18) 玩家ID:482734309785206785 移动到新位置: -1.3072542 , 0 , -5.9386415
2025-11-29 16:33:49.8804 (StateSyncRequestHandler.cs:18) 玩家ID:482734309785206785 移动到新位置: -1.3072542 , 0 , -5.9386415
2025-11-29 16:35:30.5661  收到登录请求
2025-11-29 16:35:30.6128  进入大厅成功，玩家ID:482734309785206785
2025-11-29 16:35:57.9440  收到登录请求
2025-11-29 16:35:57.9794  进入大厅成功，玩家ID:482734309785206785
2025-11-29 16:36:48.0592  收到登录请求
2025-11-29 16:36:48.0947  进入大厅成功，玩家ID:482734309785206785
2025-11-29 16:36:50.0954 (StateSyncRequestHandler.cs:18) 玩家ID:482734309785206785 移动方向: -0.35160303 , 0 , 0.93614924
2025-11-29 16:36:50.0954 (StateSyncRequestHandler.cs:18) 玩家ID:482734309785206785 移动到新位置: -1.3775748 , 0 , -5.751412
2025-11-29 16:36:50.1823 (StateSyncRequestHandler.cs:18) 玩家ID:482734309785206785 移动方向: -0.31694466 , 0 , 0.94844407
2025-11-29 16:36:50.1823 (StateSyncRequestHandler.cs:18) 玩家ID:482734309785206785 移动到新位置: -1.4409637 , 0 , -5.561723
2025-11-29 16:36:50.2917 (StateSyncRequestHandler.cs:18) 玩家ID:482734309785206785 移动方向: -0.30330262 , 0 , 0.9528943
2025-11-29 16:36:50.2917 (StateSyncRequestHandler.cs:18) 玩家ID:482734309785206785 移动到新位置: -1.5016242 , 0 , -5.3711443
2025-11-29 16:36:50.3908 (StateSyncRequestHandler.cs:18) 玩家ID:482734309785206785 移动方向: -0.29948777 , 0 , 0.95410013
2025-11-29 16:36:50.3908 (StateSyncRequestHandler.cs:18) 玩家ID:482734309785206785 移动到新位置: -1.5615218 , 0 , -5.180324
2025-11-29 16:36:50.4834 (StateSyncRequestHandler.cs:18) 玩家ID:482734309785206785 移动方向: -0.29835656 , 0 , 0.95445454
2025-11-29 16:36:50.4834 (StateSyncRequestHandler.cs:18) 玩家ID:482734309785206785 移动到新位置: -1.621193 , 0 , -4.9894333
2025-11-29 16:36:50.5871 (StateSyncRequestHandler.cs:18) 玩家ID:482734309785206785 移动方向: 0.9545819 , 0 , 0.29794872
2025-11-29 16:36:50.5871 (StateSyncRequestHandler.cs:18) 玩家ID:482734309785206785 移动到新位置: -1.4302766 , 0 , -4.9298434
2025-11-29 16:36:50.6902 (StateSyncRequestHandler.cs:18) 玩家ID:482734309785206785 移动方向: 0.88807786 , 0 , -0.459693
2025-11-29 16:36:50.6902 (StateSyncRequestHandler.cs:18) 玩家ID:482734309785206785 移动到新位置: -1.2526611 , 0 , -5.021782
2025-11-29 16:36:50.7867 (StateSyncRequestHandler.cs:18) 玩家ID:482734309785206785 移动方向: 0.33921796 , 0 , -0.9407078
2025-11-29 16:36:50.7867 (StateSyncRequestHandler.cs:18) 玩家ID:482734309785206785 移动到新位置: -1.1848176 , 0 , -5.2099233
2025-11-29 16:36:50.8900 (StateSyncRequestHandler.cs:18) 玩家ID:482734309785206785 移动方向: 0.3995262 , 0 , -0.91672176
2025-11-29 16:36:50.8900 (StateSyncRequestHandler.cs:18) 玩家ID:482734309785206785 移动到新位置: -1.1049123 , 0 , -5.3932676
2025-11-29 16:36:50.9922 (StateSyncRequestHandler.cs:18) 玩家ID:482734309785206785 移动方向: 0.44391966 , 0 , -0.89606655
2025-11-29 16:36:50.9922 (StateSyncRequestHandler.cs:18) 玩家ID:482734309785206785 移动到新位置: -1.0161283 , 0 , -5.572481
2025-11-29 16:36:51.0914 (StateSyncRequestHandler.cs:18) 玩家ID:482734309785206785 移动到新位置: -1.0161283 , 0 , -5.572481
2025-11-29 16:36:53.4924 (StateSyncRequestHandler.cs:18) 玩家ID:482734309785206785 移动方向: -0.7926904 , 0 , 0.6096244
2025-11-29 16:36:53.4924 (StateSyncRequestHandler.cs:18) 玩家ID:482734309785206785 移动到新位置: -1.1746664 , 0 , -5.4505563
2025-11-29 16:36:53.5878 (StateSyncRequestHandler.cs:18) 玩家ID:482734309785206785 移动方向: -0.7423275 , 0 , 0.67003715
2025-11-29 16:36:53.5878 (StateSyncRequestHandler.cs:18) 玩家ID:482734309785206785 移动到新位置: -1.3231319 , 0 , -5.316549
2025-11-29 16:36:53.6841 (StateSyncRequestHandler.cs:18) 玩家ID:482734309785206785 移动方向: -0.72308475 , 0 , 0.6907593
2025-11-29 16:36:53.6841 (StateSyncRequestHandler.cs:18) 玩家ID:482734309785206785 移动到新位置: -1.4677489 , 0 , -5.178397
2025-11-29 16:36:53.7898 (StateSyncRequestHandler.cs:18) 玩家ID:482734309785206785 移动方向: -0.7157271 , 0 , 0.69838005
2025-11-29 16:36:53.7898 (StateSyncRequestHandler.cs:18) 玩家ID:482734309785206785 移动到新位置: -1.6108943 , 0 , -5.038721
2025-11-29 16:36:53.8855 (StateSyncRequestHandler.cs:18) 玩家ID:482734309785206785 移动方向: -0.71364415 , 0 , 0.7005084
2025-11-29 16:36:53.8855 (StateSyncRequestHandler.cs:18) 玩家ID:482734309785206785 移动到新位置: -1.7536231 , 0 , -4.8986197
2025-11-29 16:36:53.9832 (StateSyncRequestHandler.cs:18) 玩家ID:482734309785206785 移动方向: -0.008301556 , 0 , 0.99996555
2025-11-29 16:36:53.9832 (StateSyncRequestHandler.cs:18) 玩家ID:482734309785206785 移动到新位置: -1.7552835 , 0 , -4.6986265
2025-11-29 16:36:54.0830 (StateSyncRequestHandler.cs:18) 玩家ID:482734309785206785 移动方向: -0.007987201 , 0 , 0.99996805
2025-11-29 16:36:54.0830 (StateSyncRequestHandler.cs:18) 玩家ID:482734309785206785 移动到新位置: -1.7568809 , 0 , -4.498633
2025-11-29 16:36:54.1900 (StateSyncRequestHandler.cs:18) 玩家ID:482734309785206785 移动方向: 0.7015059 , 0 , 0.7126636
2025-11-29 16:36:54.1900 (StateSyncRequestHandler.cs:18) 玩家ID:482734309785206785 移动到新位置: -1.6165798 , 0 , -4.3561
2025-11-29 16:36:54.2878 (StateSyncRequestHandler.cs:18) 玩家ID:482734309785206785 移动方向: 0.70152384 , 0 , 0.712646
2025-11-29 16:36:54.2878 (StateSyncRequestHandler.cs:18) 玩家ID:482734309785206785 移动到新位置: -1.476275 , 0 , -4.213571
2025-11-29 16:36:54.3822 (StateSyncRequestHandler.cs:18) 玩家ID:482734309785206785 移动方向: 0.70152926 , 0 , 0.7126407
2025-11-29 16:36:54.3822 (StateSyncRequestHandler.cs:18) 玩家ID:482734309785206785 移动到新位置: -1.3359691 , 0 , -4.071043
2025-11-29 16:36:54.4878 (StateSyncRequestHandler.cs:18) 玩家ID:482734309785206785 移动方向: 0.70153135 , 0 , 0.7126386
2025-11-29 16:36:54.4878 (StateSyncRequestHandler.cs:18) 玩家ID:482734309785206785 移动到新位置: -1.1956629 , 0 , -3.9285152
2025-11-29 16:36:54.5894 (StateSyncRequestHandler.cs:18) 玩家ID:482734309785206785 移动方向: 0.70153135 , 0 , 0.7126386
2025-11-29 16:36:54.5894 (StateSyncRequestHandler.cs:18) 玩家ID:482734309785206785 移动到新位置: -1.0553566 , 0 , -3.7859874
2025-11-29 16:36:54.6890 (StateSyncRequestHandler.cs:18) 玩家ID:482734309785206785 移动方向: 0.7126386 , 0 , -0.7015313
2025-11-29 16:36:54.6890 (StateSyncRequestHandler.cs:18) 玩家ID:482734309785206785 移动到新位置: -0.9128289 , 0 , -3.9262936
2025-11-29 16:36:54.7851 (StateSyncRequestHandler.cs:18) 玩家ID:482734309785206785 移动方向: 0.7126386 , 0 , -0.7015313
2025-11-29 16:36:54.7851 (StateSyncRequestHandler.cs:18) 玩家ID:482734309785206785 移动到新位置: -0.7703012 , 0 , -4.0666
2025-11-29 16:36:54.8874 (StateSyncRequestHandler.cs:18) 玩家ID:482734309785206785 移动方向: 0.7126386 , 0 , -0.7015313
2025-11-29 16:36:54.8874 (StateSyncRequestHandler.cs:18) 玩家ID:482734309785206785 移动到新位置: -0.6277735 , 0 , -4.2069063
2025-11-29 16:36:54.9899 (StateSyncRequestHandler.cs:18) 玩家ID:482734309785206785 移动方向: 0.7126386 , 0 , -0.7015313
2025-11-29 16:36:54.9899 (StateSyncRequestHandler.cs:18) 玩家ID:482734309785206785 移动到新位置: -0.48524582 , 0 , -4.347213
2025-11-29 16:36:55.0899 (StateSyncRequestHandler.cs:18) 玩家ID:482734309785206785 移动方向: 0.7126386 , 0 , -0.7015313
2025-11-29 16:36:55.0899 (StateSyncRequestHandler.cs:18) 玩家ID:482734309785206785 移动到新位置: -0.34271812 , 0 , -4.4875193
2025-11-29 16:36:55.1859 (StateSyncRequestHandler.cs:18) 玩家ID:482734309785206785 移动方向: 0.7126386 , 0 , -0.7015313
2025-11-29 16:36:55.1859 (StateSyncRequestHandler.cs:18) 玩家ID:482734309785206785 移动到新位置: -0.20019041 , 0 , -4.6278257
2025-11-29 16:36:55.2846 (StateSyncRequestHandler.cs:18) 玩家ID:482734309785206785 移动到新位置: -0.20019041 , 0 , -4.6278257
2025-11-29 16:36:57.5851 (StateSyncRequestHandler.cs:18) 玩家ID:482734309785206785 移动方向: 0.05735446 , 0 , -0.9983539
2025-11-29 16:36:57.5851 (StateSyncRequestHandler.cs:18) 玩家ID:482734309785206785 移动到新位置: -0.18871951 , 0 , -4.8274965
2025-11-29 16:36:57.6847 (StateSyncRequestHandler.cs:18) 玩家ID:482734309785206785 移动方向: -0.11436084 , 0 , -0.9934393
2025-11-29 16:36:57.6847 (StateSyncRequestHandler.cs:18) 玩家ID:482734309785206785 移动到新位置: -0.21159168 , 0 , -5.0261846
2025-11-29 16:36:57.7888 (StateSyncRequestHandler.cs:18) 玩家ID:482734309785206785 移动方向: 0.9838297 , 0 , -0.1791067
2025-11-29 16:36:57.7888 (StateSyncRequestHandler.cs:18) 玩家ID:482734309785206785 移动到新位置: -0.014825746 , 0 , -5.062006
2025-11-29 16:36:57.8839 (StateSyncRequestHandler.cs:18) 玩家ID:482734309785206785 移动方向: 0.979261 , 0 , -0.20260294
2025-11-29 16:36:57.8839 (StateSyncRequestHandler.cs:18) 玩家ID:482734309785206785 移动到新位置: 0.18102644 , 0 , -5.1025267
2025-11-29 16:36:57.9877 (StateSyncRequestHandler.cs:18) 玩家ID:482734309785206785 移动方向: 0.9775183 , 0 , -0.21085037
2025-11-29 16:36:57.9877 (StateSyncRequestHandler.cs:18) 玩家ID:482734309785206785 移动到新位置: 0.3765301 , 0 , -5.1446967
2025-11-29 16:36:58.0946 (StateSyncRequestHandler.cs:18) 玩家ID:482734309785206785 移动方向: 0.97701055 , 0 , -0.21319112
2025-11-29 16:36:58.0946 (StateSyncRequestHandler.cs:18) 玩家ID:482734309785206785 移动到新位置: 0.5719322 , 0 , -5.187335
2025-11-29 16:36:58.1896 (StateSyncRequestHandler.cs:18) 玩家ID:482734309785206785 移动方向: 0.9768353 , 0 , -0.21399257
2025-11-29 16:36:58.1896 (StateSyncRequestHandler.cs:18) 玩家ID:482734309785206785 移动到新位置: 0.76729923 , 0 , -5.2301335
2025-11-29 16:36:58.2933 (StateSyncRequestHandler.cs:18) 玩家ID:482734309785206785 移动方向: 0.9767848 , 0 , -0.21422276
2025-11-29 16:36:58.2933 (StateSyncRequestHandler.cs:18) 玩家ID:482734309785206785 移动到新位置: 0.9626562 , 0 , -5.2729783
2025-11-29 16:36:58.3908 (StateSyncRequestHandler.cs:18) 玩家ID:482734309785206785 移动到新位置: 0.9626562 , 0 , -5.2729783
2025-11-29 16:37:04.9869 (StateSyncRequestHandler.cs:18) 玩家ID:482734309785206785 移动方向: 0.97951245 , 0 , -0.20138358
2025-11-29 16:37:04.9869 (StateSyncRequestHandler.cs:18) 玩家ID:482734309785206785 移动到新位置: 1.1585587 , 0 , -5.313255
2025-11-29 16:37:05.0928 (StateSyncRequestHandler.cs:18) 玩家ID:482734309785206785 移动方向: 0.97459525 , 0 , -0.2239736
2025-11-29 16:37:05.0928 (StateSyncRequestHandler.cs:18) 玩家ID:482734309785206785 移动到新位置: 1.3534777 , 0 , -5.3580494
2025-11-29 16:37:05.1851 (StateSyncRequestHandler.cs:18) 玩家ID:482734309785206785 移动到新位置: 1.3534777 , 0 , -5.3580494
2025-11-29 16:37:06.4839 (StateSyncRequestHandler.cs:18) 玩家ID:482734309785206785 移动方向: 0.97237027 , 0 , -0.2334438
2025-11-29 16:37:06.4839 (StateSyncRequestHandler.cs:18) 玩家ID:482734309785206785 移动到新位置: 1.5479517 , 0 , -5.404738
2025-11-29 16:37:06.5887 (StateSyncRequestHandler.cs:18) 玩家ID:482734309785206785 移动方向: 0.97237027 , 0 , -0.2334438
2025-11-29 16:37:06.5887 (StateSyncRequestHandler.cs:18) 玩家ID:482734309785206785 移动到新位置: 1.7424257 , 0 , -5.4514265
2025-11-29 16:37:06.6890 (StateSyncRequestHandler.cs:18) 玩家ID:482734309785206785 移动方向: 0.97237027 , 0 , -0.2334438
2025-11-29 16:37:06.6965 (StateSyncRequestHandler.cs:18) 玩家ID:482734309785206785 移动到新位置: 1.9368997 , 0 , -5.498115
2025-11-29 16:37:06.7879 (StateSyncRequestHandler.cs:18) 玩家ID:482734309785206785 移动方向: 0.5224998 , 0 , -0.8526393
2025-11-29 16:37:06.7879 (StateSyncRequestHandler.cs:18) 玩家ID:482734309785206785 移动到新位置: 2.0413997 , 0 , -5.668643
2025-11-29 16:37:06.8908 (StateSyncRequestHandler.cs:18) 玩家ID:482734309785206785 移动方向: -0.23344398 , 0 , -0.97237027
2025-11-29 16:37:06.8908 (StateSyncRequestHandler.cs:18) 玩家ID:482734309785206785 移动到新位置: 1.9947109 , 0 , -5.863117
2025-11-29 16:37:06.9893 (StateSyncRequestHandler.cs:18) 玩家ID:482734309785206785 移动方向: -0.97237027 , 0 , 0.2334438
2025-11-29 16:37:06.9893 (StateSyncRequestHandler.cs:18) 玩家ID:482734309785206785 移动到新位置: 1.8002369 , 0 , -5.8164287
2025-11-29 16:37:07.0863 (StateSyncRequestHandler.cs:18) 玩家ID:482734309785206785 移动方向: -0.5224998 , 0 , 0.8526393
2025-11-29 16:37:07.0863 (StateSyncRequestHandler.cs:18) 玩家ID:482734309785206785 移动到新位置: 1.695737 , 0 , -5.6459007
2025-11-29 16:37:07.1935 (StateSyncRequestHandler.cs:18) 玩家ID:482734309785206785 移动方向: 0.23344398 , 0 , 0.97237027
2025-11-29 16:37:07.1935 (StateSyncRequestHandler.cs:18) 玩家ID:482734309785206785 移动到新位置: 1.7424258 , 0 , -5.4514265
2025-11-29 16:37:07.2863 (StateSyncRequestHandler.cs:18) 玩家ID:482734309785206785 移动方向: 0.23344398 , 0 , 0.97237027
2025-11-29 16:37:07.2863 (StateSyncRequestHandler.cs:18) 玩家ID:482734309785206785 移动到新位置: 1.7891146 , 0 , -5.2569523
2025-11-29 16:37:07.3861 (StateSyncRequestHandler.cs:18) 玩家ID:482734309785206785 移动方向: 0.23344398 , 0 , 0.97237027
2025-11-29 16:37:07.3861 (StateSyncRequestHandler.cs:18) 玩家ID:482734309785206785 移动到新位置: 1.8358034 , 0 , -5.062478
2025-11-29 16:37:07.4848 (StateSyncRequestHandler.cs:18) 玩家ID:482734309785206785 移动到新位置: 1.8358034 , 0 , -5.062478
2025-11-29 16:37:19.4844 (StateSyncRequestHandler.cs:18) 玩家ID:482734309785206785 移动方向: -0.08421772 , 0 , 0.9964474
2025-11-29 16:37:19.4844 (StateSyncRequestHandler.cs:18) 玩家ID:482734309785206785 移动到新位置: 1.8189598 , 0 , -4.8631887
2025-11-29 16:37:19.5913 (StateSyncRequestHandler.cs:18) 玩家ID:482734309785206785 移动方向: -0.22977963 , 0 , 0.9732427
2025-11-29 16:37:19.5913 (StateSyncRequestHandler.cs:18) 玩家ID:482734309785206785 移动到新位置: 1.7730039 , 0 , -4.66854
2025-11-29 16:37:19.6871 (StateSyncRequestHandler.cs:18) 玩家ID:482734309785206785 移动方向: -0.28053346 , 0 , 0.9598443
2025-11-29 16:37:19.6871 (StateSyncRequestHandler.cs:18) 玩家ID:482734309785206785 移动到新位置: 1.7168972 , 0 , -4.476571
2025-11-29 16:37:19.7829 (StateSyncRequestHandler.cs:18) 玩家ID:482734309785206785 移动方向: -0.2992682 , 0 , 0.95416903
2025-11-29 16:37:19.7829 (StateSyncRequestHandler.cs:18) 玩家ID:482734309785206785 移动到新位置: 1.6570436 , 0 , -4.285737
2025-11-29 16:37:19.8895 (StateSyncRequestHandler.cs:18) 玩家ID:482734309785206785 移动方向: -0.30615246 , 0 , 0.95198256
2025-11-29 16:37:19.8895 (StateSyncRequestHandler.cs:18) 玩家ID:482734309785206785 移动到新位置: 1.595813 , 0 , -4.0953407
2025-11-29 16:37:19.9911 (StateSyncRequestHandler.cs:18) 玩家ID:482734309785206785 移动方向: 0.45481962 , 0 , 0.8905836
2025-11-29 16:37:19.9911 (StateSyncRequestHandler.cs:18) 玩家ID:482734309785206785 移动到新位置: 1.686777 , 0 , -3.917224
2025-11-29 16:37:20.0923 (StateSyncRequestHandler.cs:18) 玩家ID:482734309785206785 移动方向: 0.9511416 , 0 , 0.30875483
2025-11-29 16:37:20.0923 (StateSyncRequestHandler.cs:18) 玩家ID:482734309785206785 移动到新位置: 1.8770053 , 0 , -3.855473
2025-11-29 16:37:20.1923 (StateSyncRequestHandler.cs:18) 玩家ID:482734309785206785 移动方向: 0.89096856 , 0 , -0.45406502
2025-11-29 16:37:20.1923 (StateSyncRequestHandler.cs:18) 玩家ID:482734309785206785 移动到新位置: 2.0551991 , 0 , -3.946286
2025-11-29 16:37:20.2857 (StateSyncRequestHandler.cs:18) 玩家ID:482734309785206785 移动方向: 0.30898985 , 0 , -0.9510653
2025-11-29 16:37:20.2857 (StateSyncRequestHandler.cs:18) 玩家ID:482734309785206785 移动到新位置: 2.116997 , 0 , -4.136499
2025-11-29 16:37:20.3894 (StateSyncRequestHandler.cs:18) 玩家ID:482734309785206785 移动方向: -0.95105946 , 0 , -0.30900794
2025-11-29 16:37:20.3894 (StateSyncRequestHandler.cs:18) 玩家ID:482734309785206785 移动到新位置: 1.9267851 , 0 , -4.1983004
2025-11-29 16:37:20.4939 (StateSyncRequestHandler.cs:18) 玩家ID:482734309785206785 移动方向: -0.95105785 , 0 , -0.30901295
2025-11-29 16:37:20.4939 (StateSyncRequestHandler.cs:18) 玩家ID:482734309785206785 移动到新位置: 1.7365736 , 0 , -4.2601027
2025-11-29 16:37:20.5860 (StateSyncRequestHandler.cs:18) 玩家ID:482734309785206785 移动方向: -0.89100534 , 0 , 0.45399275
2025-11-29 16:37:20.5860 (StateSyncRequestHandler.cs:18) 玩家ID:482734309785206785 移动到新位置: 1.5583725 , 0 , -4.1693044
2025-11-29 16:37:20.6893 (StateSyncRequestHandler.cs:18) 玩家ID:482734309785206785 移动方向: -0.89100534 , 0 , 0.45399275
2025-11-29 16:37:20.6893 (StateSyncRequestHandler.cs:18) 玩家ID:482734309785206785 移动到新位置: 1.3801714 , 0 , -4.078506
2025-11-29 16:37:20.7923 (StateSyncRequestHandler.cs:18) 玩家ID:482734309785206785 移动方向: -0.30901456 , 0 , 0.9510573
2025-11-29 16:37:20.7923 (StateSyncRequestHandler.cs:18) 玩家ID:482734309785206785 移动到新位置: 1.3183686 , 0 , -3.8882945
2025-11-29 16:37:20.8899 (StateSyncRequestHandler.cs:18) 玩家ID:482734309785206785 移动方向: -0.30901456 , 0 , 0.9510573
2025-11-29 16:37:20.8899 (StateSyncRequestHandler.cs:18) 玩家ID:482734309785206785 移动到新位置: 1.2565657 , 0 , -3.698083
2025-11-29 16:37:20.9880 (StateSyncRequestHandler.cs:18) 玩家ID:482734309785206785 移动方向: -0.30901456 , 0 , 0.9510573
2025-11-29 16:37:20.9880 (StateSyncRequestHandler.cs:18) 玩家ID:482734309785206785 移动到新位置: 1.1947628 , 0 , -3.5078714
2025-11-29 16:37:21.0863 (StateSyncRequestHandler.cs:18) 玩家ID:482734309785206785 移动方向: -0.30901456 , 0 , 0.9510573
2025-11-29 16:37:21.0863 (StateSyncRequestHandler.cs:18) 玩家ID:482734309785206785 移动到新位置: 1.13296 , 0 , -3.3176599
2025-11-29 16:37:21.1918 (StateSyncRequestHandler.cs:18) 玩家ID:482734309785206785 移动方向: -0.30901456 , 0 , 0.9510573
2025-11-29 16:37:21.1922 (StateSyncRequestHandler.cs:18) 玩家ID:482734309785206785 移动到新位置: 1.0711571 , 0 , -3.1274483
2025-11-29 16:37:21.2846 (StateSyncRequestHandler.cs:18) 玩家ID:482734309785206785 移动方向: -0.30901456 , 0 , 0.9510573
2025-11-29 16:37:21.2846 (StateSyncRequestHandler.cs:18) 玩家ID:482734309785206785 移动到新位置: 1.0093542 , 0 , -2.9372368
2025-11-29 16:37:21.3839 (StateSyncRequestHandler.cs:18) 玩家ID:482734309785206785 移动方向: -0.30901456 , 0 , 0.9510573
2025-11-29 16:37:21.3839 (StateSyncRequestHandler.cs:18) 玩家ID:482734309785206785 移动到新位置: 0.9475513 , 0 , -2.7470253
2025-11-29 16:37:21.4863 (StateSyncRequestHandler.cs:18) 玩家ID:482734309785206785 移动方向: -0.30901456 , 0 , 0.9510573
2025-11-29 16:37:21.4863 (StateSyncRequestHandler.cs:18) 玩家ID:482734309785206785 移动到新位置: 0.8857484 , 0 , -2.5568137
2025-11-29 16:37:21.5890 (StateSyncRequestHandler.cs:18) 玩家ID:482734309785206785 移动方向: -0.30901456 , 0 , 0.9510573
2025-11-29 16:37:21.5890 (StateSyncRequestHandler.cs:18) 玩家ID:482734309785206785 移动到新位置: 0.82394546 , 0 , -2.3666022
2025-11-29 16:37:21.6868 (StateSyncRequestHandler.cs:18) 玩家ID:482734309785206785 移动方向: -0.30901456 , 0 , 0.9510573
2025-11-29 16:37:21.6868 (StateSyncRequestHandler.cs:18) 玩家ID:482734309785206785 移动到新位置: 0.76214254 , 0 , -2.1763906
2025-11-29 16:37:21.7900 (StateSyncRequestHandler.cs:18) 玩家ID:482734309785206785 移动方向: -0.30901456 , 0 , 0.9510573
2025-11-29 16:37:21.7900 (StateSyncRequestHandler.cs:18) 玩家ID:482734309785206785 移动到新位置: 0.7003396 , 0 , -1.9861792
2025-11-29 16:37:21.8866 (StateSyncRequestHandler.cs:18) 玩家ID:482734309785206785 移动方向: 0.45399278 , 0 , 0.8910054
2025-11-29 16:37:21.8866 (StateSyncRequestHandler.cs:18) 玩家ID:482734309785206785 移动到新位置: 0.7911382 , 0 , -1.8079782
2025-11-29 16:37:21.9859 (StateSyncRequestHandler.cs:18) 玩家ID:482734309785206785 移动方向: 0.9510573 , 0 , 0.3090146
2025-11-29 16:37:21.9859 (StateSyncRequestHandler.cs:18) 玩家ID:482734309785206785 移动到新位置: 0.98134965 , 0 , -1.7461753
2025-11-29 16:37:22.0855 (StateSyncRequestHandler.cs:18) 玩家ID:482734309785206785 移动方向: 0.9510573 , 0 , 0.3090146
2025-11-29 16:37:22.0855 (StateSyncRequestHandler.cs:18) 玩家ID:482734309785206785 移动到新位置: 1.1715611 , 0 , -1.6843724
2025-11-29 16:37:22.1876 (StateSyncRequestHandler.cs:18) 玩家ID:482734309785206785 移动方向: 0.9510573 , 0 , 0.3090146
2025-11-29 16:37:22.1876 (StateSyncRequestHandler.cs:18) 玩家ID:482734309785206785 移动到新位置: 1.3617725 , 0 , -1.6225696
2025-11-29 16:37:22.2893 (StateSyncRequestHandler.cs:18) 玩家ID:482734309785206785 移动方向: 0.9510573 , 0 , 0.3090146
2025-11-29 16:37:22.2893 (StateSyncRequestHandler.cs:18) 玩家ID:482734309785206785 移动到新位置: 1.551984 , 0 , -1.5607667
2025-11-29 16:37:22.3897 (StateSyncRequestHandler.cs:18) 玩家ID:482734309785206785 移动方向: 0.9510573 , 0 , 0.3090146
2025-11-29 16:37:22.3897 (StateSyncRequestHandler.cs:18) 玩家ID:482734309785206785 移动到新位置: 1.7421954 , 0 , -1.4989638
2025-11-29 16:37:22.4842 (StateSyncRequestHandler.cs:18) 玩家ID:482734309785206785 移动方向: 0.9510573 , 0 , 0.3090146
2025-11-29 16:37:22.4842 (StateSyncRequestHandler.cs:18) 玩家ID:482734309785206785 移动到新位置: 1.9324068 , 0 , -1.437161
2025-11-29 16:37:22.5868 (StateSyncRequestHandler.cs:18) 玩家ID:482734309785206785 移动方向: 0.9510573 , 0 , 0.3090146
2025-11-29 16:37:22.5868 (StateSyncRequestHandler.cs:18) 玩家ID:482734309785206785 移动到新位置: 2.1226182 , 0 , -1.3753581
2025-11-29 16:37:22.6873 (StateSyncRequestHandler.cs:18) 玩家ID:482734309785206785 移动方向: 0.9510573 , 0 , 0.3090146
2025-11-29 16:37:22.6873 (StateSyncRequestHandler.cs:18) 玩家ID:482734309785206785 移动到新位置: 2.3128297 , 0 , -1.3135552
2025-11-29 16:37:22.7866 (StateSyncRequestHandler.cs:18) 玩家ID:482734309785206785 移动方向: 0.9510573 , 0 , 0.3090146
2025-11-29 16:37:22.7866 (StateSyncRequestHandler.cs:18) 玩家ID:482734309785206785 移动到新位置: 2.5030413 , 0 , -1.2517524
2025-11-29 16:37:22.8821 (StateSyncRequestHandler.cs:18) 玩家ID:482734309785206785 移动到新位置: 2.5030413 , 0 , -1.2517524
2025-11-29 16:38:08.0162 (StateSyncRequestHandler.cs:18) 玩家ID:482734309785206785 移动方向: 0.20380862 , 0 , 0.97901076
2025-11-29 16:38:08.0162 (StateSyncRequestHandler.cs:18) 玩家ID:482734309785206785 移动到新位置: 2.543803 , 0 , -1.0559502
2025-11-29 16:38:08.1199 (StateSyncRequestHandler.cs:18) 玩家ID:482734309785206785 移动方向: -0.5992209 , 0 , 0.8005837
2025-11-29 16:38:08.1199 (StateSyncRequestHandler.cs:18) 玩家ID:482734309785206785 移动到新位置: 2.4239588 , 0 , -0.89583343
2025-11-29 16:38:08.2215 (StateSyncRequestHandler.cs:18) 玩家ID:482734309785206785 移动方向: -0.61491644 , 0 , 0.7885923
2025-11-29 16:38:08.2215 (StateSyncRequestHandler.cs:18) 玩家ID:482734309785206785 移动到新位置: 2.3009756 , 0 , -0.73811495
2025-11-29 16:38:08.3256 (StateSyncRequestHandler.cs:18) 玩家ID:482734309785206785 移动方向: -0.6200059 , 0 , 0.7845971
2025-11-29 16:38:08.3256 (StateSyncRequestHandler.cs:18) 玩家ID:482734309785206785 移动到新位置: 2.1769743 , 0 , -0.58119553
2025-11-29 16:38:08.4193 (StateSyncRequestHandler.cs:18) 玩家ID:482734309785206785 移动方向: -0.62144935 , 0 , 0.7834543
2025-11-29 16:38:08.4193 (StateSyncRequestHandler.cs:18) 玩家ID:482734309785206785 移动到新位置: 2.0526843 , 0 , -0.4245047
2025-11-29 16:38:08.5183 (StateSyncRequestHandler.cs:18) 玩家ID:482734309785206785 移动方向: 0.11391291 , 0 , 0.99349076
2025-11-29 16:38:08.5183 (StateSyncRequestHandler.cs:18) 玩家ID:482734309785206785 移动到新位置: 2.0754669 , 0 , -0.22580653
2025-11-29 16:38:08.6191 (StateSyncRequestHandler.cs:18) 玩家ID:482734309785206785 移动方向: 0.11371914 , 0 , 0.9935129
2025-11-29 16:38:08.6191 (StateSyncRequestHandler.cs:18) 玩家ID:482734309785206785 移动到新位置: 2.0982108 , 0 , -0.027103946
2025-11-29 16:38:08.7187 (StateSyncRequestHandler.cs:18) 玩家ID:482734309785206785 移动到新位置: 2.0982108 , 0 , -0.027103946
2025-11-29 16:38:08.9268 (StateSyncRequestHandler.cs:18) 玩家ID:482734309785206785 移动方向: -0.36819535 , 0 , -0.9297484
2025-11-29 16:38:08.9268 (StateSyncRequestHandler.cs:18) 玩家ID:482734309785206785 移动到新位置: 2.0245717 , 0 , -0.21305361
2025-11-29 16:38:09.0219 (StateSyncRequestHandler.cs:18) 玩家ID:482734309785206785 移动方向: -0.5924739 , 0 , -0.8055896
2025-11-29 16:38:09.0219 (StateSyncRequestHandler.cs:18) 玩家ID:482734309785206785 移动到新位置: 1.9060769 , 0 , -0.37417153
2025-11-29 16:38:09.1223 (StateSyncRequestHandler.cs:18) 玩家ID:482734309785206785 移动方向: -0.76190966 , 0 , -0.6476833
2025-11-29 16:38:09.1223 (StateSyncRequestHandler.cs:18) 玩家ID:482734309785206785 移动到新位置: 1.753695 , 0 , -0.5037082
2025-11-29 16:38:09.2234 (StateSyncRequestHandler.cs:18) 玩家ID:482734309785206785 移动方向: -0.8348593 , 0 , -0.5504633
2025-11-29 16:38:09.2234 (StateSyncRequestHandler.cs:18) 玩家ID:482734309785206785 移动到新位置: 1.5867232 , 0 , -0.6138008
2025-11-29 16:38:09.3189 (StateSyncRequestHandler.cs:18) 玩家ID:482734309785206785 移动方向: -0.9669157 , 0 , 0.25509608
2025-11-29 16:38:09.3189 (StateSyncRequestHandler.cs:18) 玩家ID:482734309785206785 移动到新位置: 1.3933401 , 0 , -0.56278163
2025-11-29 16:38:09.4168 (StateSyncRequestHandler.cs:18) 玩家ID:482734309785206785 移动方向: -0.9611519 , 0 , 0.2760199
2025-11-29 16:38:09.4168 (StateSyncRequestHandler.cs:18) 玩家ID:482734309785206785 移动到新位置: 1.2011098 , 0 , -0.50757766
2025-11-29 16:38:09.5259 (StateSyncRequestHandler.cs:18) 玩家ID:482734309785206785 移动方向: -0.95658386 , 0 , 0.2914571
2025-11-29 16:38:09.5259 (StateSyncRequestHandler.cs:18) 玩家ID:482734309785206785 移动到新位置: 1.009793 , 0 , -0.44928625
2025-11-29 16:38:09.6242 (StateSyncRequestHandler.cs:18) 玩家ID:482734309785206785 移动方向: -0.46241617 , 0 , 0.886663
2025-11-29 16:38:09.6242 (StateSyncRequestHandler.cs:18) 玩家ID:482734309785206785 移动到新位置: 0.9173098 , 0 , -0.27195364
2025-11-29 16:38:09.7194 (StateSyncRequestHandler.cs:18) 玩家ID:482734309785206785 移动方向: -0.45929083 , 0 , 0.8882859
2025-11-29 16:38:09.7194 (StateSyncRequestHandler.cs:18) 玩家ID:482734309785206785 移动到新位置: 0.8254517 , 0 , -0.09429647
2025-11-29 16:38:09.8262 (StateSyncRequestHandler.cs:18) 玩家ID:482734309785206785 移动方向: 0.8889324 , 0 , 0.4580384
2025-11-29 16:38:09.8262 (StateSyncRequestHandler.cs:18) 玩家ID:482734309785206785 移动到新位置: 1.0032382 , 0 , -0.0026887953
2025-11-29 16:38:09.9239 (StateSyncRequestHandler.cs:18) 玩家ID:482734309785206785 移动方向: 0.9523238 , 0 , -0.3050891
2025-11-29 16:38:09.9239 (StateSyncRequestHandler.cs:18) 玩家ID:482734309785206785 移动到新位置: 1.1937029 , 0 , -0.06370661
2025-11-29 16:38:10.0263 (StateSyncRequestHandler.cs:18) 玩家ID:482734309785206785 移动方向: 0.9494765 , 0 , -0.3138379
2025-11-29 16:38:10.0263 (StateSyncRequestHandler.cs:18) 玩家ID:482734309785206785 移动到新位置: 1.3835982 , 0 , -0.12647417
2025-11-29 16:38:10.1163 (StateSyncRequestHandler.cs:18) 玩家ID:482734309785206785 移动方向: 0.43728948 , 0 , -0.89932084
2025-11-29 16:38:10.1163 (StateSyncRequestHandler.cs:18) 玩家ID:482734309785206785 移动到新位置: 1.4710561 , 0 , -0.30633834
2025-11-29 16:38:10.2160 (StateSyncRequestHandler.cs:18) 玩家ID:482734309785206785 移动方向: -0.33428508 , 0 , -0.9424721
2025-11-29 16:38:10.2160 (StateSyncRequestHandler.cs:18) 玩家ID:482734309785206785 移动到新位置: 1.4041991 , 0 , -0.49483275
2025-11-29 16:38:10.3198 (StateSyncRequestHandler.cs:18) 玩家ID:482734309785206785 移动方向: -0.33728504 , 0 , -0.94140255
2025-11-29 16:38:10.3198 (StateSyncRequestHandler.cs:18) 玩家ID:482734309785206785 移动到新位置: 1.3367422 , 0 , -0.6831133
2025-11-29 16:38:10.4152 (StateSyncRequestHandler.cs:18) 玩家ID:482734309785206785 移动方向: -0.9046021 , 0 , -0.426257
2025-11-29 16:38:10.4152 (StateSyncRequestHandler.cs:18) 玩家ID:482734309785206785 移动到新位置: 1.1558218 , 0 , -0.76836467
2025-11-29 16:38:10.5211 (StateSyncRequestHandler.cs:18) 玩家ID:482734309785206785 移动方向: -0.9047624 , 0 , -0.42591673
2025-11-29 16:38:10.5211 (StateSyncRequestHandler.cs:18) 玩家ID:482734309785206785 移动到新位置: 0.9748693 , 0 , -0.853548
2025-11-29 16:38:10.6244 (StateSyncRequestHandler.cs:18) 玩家ID:482734309785206785 移动方向: -0.9048093 , 0 , -0.4258171
2025-11-29 16:38:10.6244 (StateSyncRequestHandler.cs:18) 玩家ID:482734309785206785 移动到新位置: 0.79390746 , 0 , -0.9387114
2025-11-29 16:38:10.7246 (StateSyncRequestHandler.cs:18) 玩家ID:482734309785206785 移动方向: -0.90638894 , 0 , -0.42244413
2025-11-29 16:38:10.7246 (StateSyncRequestHandler.cs:18) 玩家ID:482734309785206785 移动到新位置: 0.61262965 , 0 , -1.0232003
2025-11-29 16:38:10.8189 (StateSyncRequestHandler.cs:18) 玩家ID:482734309785206785 移动到新位置: 0.61262965 , 0 , -1.0232003
2025-11-29 16:38:13.1190 (StateSyncRequestHandler.cs:18) 玩家ID:482734309785206785 移动方向: -0.97424465 , 0 , -0.22549371
2025-11-29 16:38:13.1190 (StateSyncRequestHandler.cs:18) 玩家ID:482734309785206785 移动到新位置: 0.41778073 , 0 , -1.068299
2025-11-29 16:38:13.2159 (StateSyncRequestHandler.cs:18) 玩家ID:482734309785206785 移动方向: -0.97710544 , 0 , -0.21275575
2025-11-29 16:38:13.2159 (StateSyncRequestHandler.cs:18) 玩家ID:482734309785206785 移动到新位置: 0.22235963 , 0 , -1.1108502
2025-11-29 16:38:13.3174 (StateSyncRequestHandler.cs:18) 玩家ID:482734309785206785 移动方向: -0.9784664 , 0 , -0.20640598
2025-11-29 16:38:13.3174 (StateSyncRequestHandler.cs:18) 玩家ID:482734309785206785 移动到新位置: 0.026666343 , 0 , -1.1521314
2025-11-29 16:38:13.4220 (StateSyncRequestHandler.cs:18) 玩家ID:482734309785206785 移动方向: -0.97897846 , 0 , -0.2039636
2025-11-29 16:38:13.4220 (StateSyncRequestHandler.cs:18) 玩家ID:482734309785206785 移动到新位置: -0.16912934 , 0 , -1.1929241
2025-11-29 16:38:13.5238 (StateSyncRequestHandler.cs:18) 玩家ID:482734309785206785 移动方向: -0.9791463 , 0 , -0.20315652
2025-11-29 16:38:13.5238 (StateSyncRequestHandler.cs:18) 玩家ID:482734309785206785 移动到新位置: -0.36495858 , 0 , -1.2335554
2025-11-29 16:38:13.6277 (StateSyncRequestHandler.cs:18) 玩家ID:482734309785206785 移动方向: -0.97920066 , 0 , -0.20289451
2025-11-29 16:38:13.6277 (StateSyncRequestHandler.cs:18) 玩家ID:482734309785206785 移动到新位置: -0.5607987 , 0 , -1.2741344
2025-11-29 16:38:13.7214 (StateSyncRequestHandler.cs:18) 玩家ID:482734309785206785 移动到新位置: -0.5607987 , 0 , -1.2741344
2025-11-29 16:38:34.3993  收到登录请求
2025-11-29 16:38:34.4317  进入大厅成功，玩家ID:482734309785206785
2025-11-29 16:38:36.0099 (StateSyncRequestHandler.cs:18) 玩家ID:482734309785206785 移动方向: -0.99228686 , 0 , -0.123962745
2025-11-29 16:38:36.0099 (StateSyncRequestHandler.cs:18) 玩家ID:482734309785206785 移动到新位置: -0.75925606 , 0 , -1.298927
2025-11-29 16:38:36.1125 (StateSyncRequestHandler.cs:18) 玩家ID:482734309785206785 移动方向: -0.98801595 , 0 , -0.15435176
2025-11-29 16:38:36.1125 (StateSyncRequestHandler.cs:18) 玩家ID:482734309785206785 移动到新位置: -0.95685923 , 0 , -1.3297973
2025-11-29 16:38:36.2142 (StateSyncRequestHandler.cs:18) 玩家ID:482734309785206785 移动方向: -0.82548916 , 0 , 0.56441796
2025-11-29 16:38:36.2142 (StateSyncRequestHandler.cs:18) 玩家ID:482734309785206785 移动到新位置: -1.1219571 , 0 , -1.2169137
2025-11-29 16:38:36.3153 (StateSyncRequestHandler.cs:18) 玩家ID:482734309785206785 移动方向: -0.19158125 , 0 , 0.9814768
2025-11-29 16:38:36.3153 (StateSyncRequestHandler.cs:18) 玩家ID:482734309785206785 移动到新位置: -1.1602733 , 0 , -1.0206183
2025-11-29 16:38:36.4117 (StateSyncRequestHandler.cs:18) 玩家ID:482734309785206785 移动方向: -0.18350303 , 0 , 0.9830192
2025-11-29 16:38:36.4117 (StateSyncRequestHandler.cs:18) 玩家ID:482734309785206785 移动到新位置: -1.1969739 , 0 , -0.8240145
2025-11-29 16:38:36.5102 (StateSyncRequestHandler.cs:18) 玩家ID:482734309785206785 移动方向: -0.11954044 , 0 , 0.9928293
2025-11-29 16:38:36.5102 (StateSyncRequestHandler.cs:18) 玩家ID:482734309785206785 移动到新位置: -1.220882 , 0 , -0.62544864
2025-11-29 16:38:36.6070 (StateSyncRequestHandler.cs:18) 玩家ID:482734309785206785 移动方向: -0.028110715 , 0 , 0.9996048
2025-11-29 16:38:36.6070 (StateSyncRequestHandler.cs:18) 玩家ID:482734309785206785 移动到新位置: -1.2265042 , 0 , -0.4255277
2025-11-29 16:38:36.7073 (StateSyncRequestHandler.cs:18) 玩家ID:482734309785206785 移动方向: 0.022944715 , 0 , 0.9997367
2025-11-29 16:38:36.7073 (StateSyncRequestHandler.cs:18) 玩家ID:482734309785206785 移动到新位置: -1.2219152 , 0 , -0.22558035
2025-11-29 16:38:36.8086 (StateSyncRequestHandler.cs:18) 玩家ID:482734309785206785 移动方向: 0.048620187 , 0 , 0.9988174
2025-11-29 16:38:36.8086 (StateSyncRequestHandler.cs:18) 玩家ID:482734309785206785 移动到新位置: -1.2121912 , 0 , -0.025816873
2025-11-29 16:38:36.9171 (StateSyncRequestHandler.cs:18) 玩家ID:482734309785206785 移动方向: 0.064527884 , 0 , 0.9979159
2025-11-29 16:38:36.9171 (StateSyncRequestHandler.cs:18) 玩家ID:482734309785206785 移动到新位置: -1.1992856 , 0 , 0.1737663
2025-11-29 16:38:37.0056 (StateSyncRequestHandler.cs:18) 玩家ID:482734309785206785 移动到新位置: -1.1992856 , 0 , 0.1737663
2025-11-29 16:50:54.1786  收到登录请求
2025-11-29 16:50:54.2862  进入大厅成功，玩家ID:482734309785206785
2025-11-29 16:50:55.8055 (StateSyncRequestHandler.cs:18) 玩家ID:482734309785206785 移动方向: 0.46593535 , 0 , -0.8848188
2025-11-29 16:50:55.8055 (StateSyncRequestHandler.cs:18) 玩家ID:482734309785206785 移动到新位置: -1.1060985 , 0 , -0.0031974465
2025-11-29 16:50:55.9134 (StateSyncRequestHandler.cs:18) 玩家ID:482734309785206785 移动方向: 0.68301743 , 0 , -0.7304021
2025-11-29 16:50:55.9134 (StateSyncRequestHandler.cs:18) 玩家ID:482734309785206785 移动到新位置: -0.96949506 , 0 , -0.14927787
2025-11-29 16:50:56.0066 (StateSyncRequestHandler.cs:18) 玩家ID:482734309785206785 移动方向: 0.76617503 , 0 , -0.64263195
2025-11-29 16:50:56.0066 (StateSyncRequestHandler.cs:18) 玩家ID:482734309785206785 移动到新位置: -0.81626004 , 0 , -0.27780426
2025-11-29 16:50:56.1147 (StateSyncRequestHandler.cs:18) 玩家ID:482734309785206785 移动方向: 0.79435647 , 0 , -0.6074519
2025-11-29 16:50:56.1147 (StateSyncRequestHandler.cs:18) 玩家ID:482734309785206785 移动到新位置: -0.65738875 , 0 , -0.3992946
2025-11-29 16:50:56.2072 (StateSyncRequestHandler.cs:18) 玩家ID:482734309785206785 移动方向: 0.8041256 , 0 , -0.5944595
2025-11-29 16:50:56.2072 (StateSyncRequestHandler.cs:18) 玩家ID:482734309785206785 移动到新位置: -0.4965636 , 0 , -0.5181865
2025-11-29 16:50:56.3140 (StateSyncRequestHandler.cs:18) 玩家ID:482734309785206785 移动方向: 0.15418378 , 0 , -0.98804224
2025-11-29 16:50:56.3140 (StateSyncRequestHandler.cs:18) 玩家ID:482734309785206785 移动到新位置: -0.46572685 , 0 , -0.7157949
2025-11-29 16:50:56.4077 (StateSyncRequestHandler.cs:18) 玩家ID:482734309785206785 移动方向: -0.5883157 , 0 , -0.80863136
2025-11-29 16:50:56.4077 (StateSyncRequestHandler.cs:18) 玩家ID:482734309785206785 移动到新位置: -0.58339 , 0 , -0.87752116
2025-11-29 16:50:56.5178 (StateSyncRequestHandler.cs:18) 玩家ID:482734309785206785 移动方向: -0.9816912 , 0 , -0.19047925
2025-11-29 16:50:56.5178 (StateSyncRequestHandler.cs:18) 玩家ID:482734309785206785 移动到新位置: -0.77972823 , 0 , -0.915617
2025-11-29 16:50:56.6119 (StateSyncRequestHandler.cs:18) 玩家ID:482734309785206785 移动方向: -0.95282704 , 0 , 0.30351377
2025-11-29 16:50:56.6119 (StateSyncRequestHandler.cs:18) 玩家ID:482734309785206785 移动到新位置: -0.97029364 , 0 , -0.85491425
2025-11-29 16:50:56.7032 (StateSyncRequestHandler.cs:18) 玩家ID:482734309785206785 移动方向: -0.9768147 , 0 , -0.2140865
2025-11-29 16:50:56.7032 (StateSyncRequestHandler.cs:18) 玩家ID:482734309785206785 移动到新位置: -1.1656566 , 0 , -0.89773154
2025-11-29 16:50:56.8132 (StateSyncRequestHandler.cs:18) 玩家ID:482734309785206785 移动方向: -0.8460068 , 0 , -0.53317213
2025-11-29 16:50:56.8132 (StateSyncRequestHandler.cs:18) 玩家ID:482734309785206785 移动到新位置: -1.334858 , 0 , -1.0043659
2025-11-29 16:50:56.9073 (StateSyncRequestHandler.cs:18) 玩家ID:482734309785206785 移动到新位置: -1.334858 , 0 , -1.0043659
2025-11-29 16:50:57.3101 (StateSyncRequestHandler.cs:18) 玩家ID:482734309785206785 移动方向: 0.79377264 , 0 , -0.6082147
2025-11-29 16:50:57.3101 (StateSyncRequestHandler.cs:18) 玩家ID:482734309785206785 移动到新位置: -1.1761034 , 0 , -1.1260089
2025-11-29 16:50:57.4018 (StateSyncRequestHandler.cs:18) 玩家ID:482734309785206785 移动方向: 0.51853573 , 0 , -0.855056
2025-11-29 16:50:57.4018 (StateSyncRequestHandler.cs:18) 玩家ID:482734309785206785 移动到新位置: -1.0723962 , 0 , -1.2970201
2025-11-29 16:50:57.5104 (StateSyncRequestHandler.cs:18) 玩家ID:482734309785206785 移动方向: 0.3645032 , 0 , -0.9312021
2025-11-29 16:50:57.5104 (StateSyncRequestHandler.cs:18) 玩家ID:482734309785206785 移动到新位置: -0.9994955 , 0 , -1.4832605
2025-11-29 16:50:57.6191 (StateSyncRequestHandler.cs:18) 玩家ID:482734309785206785 移动方向: 0.31498578 , 0 , -0.9490964
2025-11-29 16:50:57.6191 (StateSyncRequestHandler.cs:18) 玩家ID:482734309785206785 移动到新位置: -0.93649834 , 0 , -1.6730797
2025-11-29 16:50:57.7136 (StateSyncRequestHandler.cs:18) 玩家ID:482734309785206785 移动方向: 0.29902053 , 0 , -0.95424664
2025-11-29 16:50:57.7136 (StateSyncRequestHandler.cs:18) 玩家ID:482734309785206785 移动到新位置: -0.87669426 , 0 , -1.863929
2025-11-29 16:50:57.8213 (StateSyncRequestHandler.cs:18) 玩家ID:482734309785206785 移动方向: 0.29271904 , 0 , -0.9561985
2025-11-29 16:50:57.8213 (StateSyncRequestHandler.cs:18) 玩家ID:482734309785206785 移动到新位置: -0.81815046 , 0 , -2.0551686
2025-11-29 16:50:57.9129 (StateSyncRequestHandler.cs:18) 玩家ID:482734309785206785 移动方向: -0.47067976 , 0 , -0.88230413
2025-11-29 16:50:57.9129 (StateSyncRequestHandler.cs:18) 玩家ID:482734309785206785 移动到新位置: -0.9122864 , 0 , -2.2316294
2025-11-29 16:50:58.0216 (StateSyncRequestHandler.cs:18) 玩家ID:482734309785206785 移动方向: -0.9568777 , 0 , -0.29049098
2025-11-29 16:50:58.0216 (StateSyncRequestHandler.cs:18) 玩家ID:482734309785206785 移动到新位置: -1.1036619 , 0 , -2.2897277
2025-11-29 16:50:58.1138 (StateSyncRequestHandler.cs:18) 玩家ID:482734309785206785 移动方向: -0.95692164 , 0 , -0.29034632
2025-11-29 16:50:58.1138 (StateSyncRequestHandler.cs:18) 玩家ID:482734309785206785 移动到新位置: -1.2950462 , 0 , -2.347797
2025-11-29 16:50:58.2072 (StateSyncRequestHandler.cs:18) 玩家ID:482734309785206785 移动方向: -0.95693475 , 0 , -0.29030305
2025-11-29 16:50:58.2072 (StateSyncRequestHandler.cs:18) 玩家ID:482734309785206785 移动到新位置: -1.4864331 , 0 , -2.4058576
2025-11-29 16:50:58.3153 (StateSyncRequestHandler.cs:18) 玩家ID:482734309785206785 移动方向: -0.95693874 , 0 , -0.29029
2025-11-29 16:50:58.3153 (StateSyncRequestHandler.cs:18) 玩家ID:482734309785206785 移动到新位置: -1.6778209 , 0 , -2.4639156
2025-11-29 16:50:58.4088 (StateSyncRequestHandler.cs:18) 玩家ID:482734309785206785 移动方向: -0.95693994 , 0 , -0.2902861
2025-11-29 16:50:58.4088 (StateSyncRequestHandler.cs:18) 玩家ID:482734309785206785 移动到新位置: -1.8692089 , 0 , -2.521973
2025-11-29 16:50:58.5167 (StateSyncRequestHandler.cs:18) 玩家ID:482734309785206785 移动方向: -0.95694023 , 0 , -0.29028493
2025-11-29 16:50:58.5167 (StateSyncRequestHandler.cs:18) 玩家ID:482734309785206785 移动到新位置: -2.060597 , 0 , -2.58003
2025-11-29 16:50:58.6102 (StateSyncRequestHandler.cs:18) 玩家ID:482734309785206785 移动到新位置: -2.060597 , 0 , -2.58003
2025-11-29 16:51:01.0198 (StateSyncRequestHandler.cs:18) 玩家ID:482734309785206785 移动方向: -0.17349844 , 0 , 0.98483413
2025-11-29 16:51:01.0198 (StateSyncRequestHandler.cs:18) 玩家ID:482734309785206785 移动到新位置: -2.0952966 , 0 , -2.383063
2025-11-29 16:51:01.0983 (StateSyncRequestHandler.cs:18) 玩家ID:482734309785206785 移动方向: -0.24430937 , 0 , 0.9696973
2025-11-29 16:51:01.0983 (StateSyncRequestHandler.cs:18) 玩家ID:482734309785206785 移动到新位置: -2.1441586 , 0 , -2.1891236
2025-11-29 16:51:01.2087 (StateSyncRequestHandler.cs:18) 玩家ID:482734309785206785 移动方向: -0.2779606 , 0 , 0.96059245
2025-11-29 16:51:01.2087 (StateSyncRequestHandler.cs:18) 玩家ID:482734309785206785 移动到新位置: -2.1997507 , 0 , -1.9970051
2025-11-29 16:51:01.3184 (StateSyncRequestHandler.cs:18) 玩家ID:482734309785206785 移动方向: -0.28870657 , 0 , 0.9574176
2025-11-29 16:51:01.3184 (StateSyncRequestHandler.cs:18) 玩家ID:482734309785206785 移动到新位置: -2.257492 , 0 , -1.8055216
2025-11-29 16:51:01.4126 (StateSyncRequestHandler.cs:18) 玩家ID:482734309785206785 移动方向: -0.292269 , 0 , 0.95633614
2025-11-29 16:51:01.4126 (StateSyncRequestHandler.cs:18) 玩家ID:482734309785206785 移动到新位置: -2.3159459 , 0 , -1.6142544
2025-11-29 16:51:01.5060 (StateSyncRequestHandler.cs:18) 玩家ID:482734309785206785 移动方向: 0.46843672 , 0 , 0.883497
2025-11-29 16:51:01.5060 (StateSyncRequestHandler.cs:18) 玩家ID:482734309785206785 移动到新位置: -2.2222586 , 0 , -1.437555
2025-11-29 16:51:01.6149 (StateSyncRequestHandler.cs:18) 玩家ID:482734309785206785 移动方向: 0.4654963 , 0 , 0.8850498
2025-11-29 16:51:01.6149 (StateSyncRequestHandler.cs:18) 玩家ID:482734309785206785 移动到新位置: -2.1291592 , 0 , -1.260545
2025-11-29 16:51:01.7233 (StateSyncRequestHandler.cs:18) 玩家ID:482734309785206785 移动方向: 0.43966442 , 0 , 0.8981621
2025-11-29 16:51:01.7233 (StateSyncRequestHandler.cs:18) 玩家ID:482734309785206785 移动到新位置: -2.0412264 , 0 , -1.0809126
2025-11-29 16:51:01.8149 (StateSyncRequestHandler.cs:18) 玩家ID:482734309785206785 移动方向: -0.37161887 , 0 , 0.9283854
2025-11-29 16:51:01.8149 (StateSyncRequestHandler.cs:18) 玩家ID:482734309785206785 移动到新位置: -2.11555 , 0 , -0.89523554
2025-11-29 16:51:01.9079 (StateSyncRequestHandler.cs:18) 玩家ID:482734309785206785 移动方向: -0.51202923 , 0 , 0.858968
2025-11-29 16:51:01.9079 (StateSyncRequestHandler.cs:18) 玩家ID:482734309785206785 移动到新位置: -2.2179558 , 0 , -0.72344196
2025-11-29 16:51:02.0167 (StateSyncRequestHandler.cs:18) 玩家ID:482734309785206785 移动方向: -0.61985946 , 0 , 0.78471285
2025-11-29 16:51:02.0167 (StateSyncRequestHandler.cs:18) 玩家ID:482734309785206785 移动到新位置: -2.3419278 , 0 , -0.56649935
2025-11-29 16:51:02.1093 (StateSyncRequestHandler.cs:18) 玩家ID:482734309785206785 移动方向: -0.66629434 , 0 , 0.7456888
2025-11-29 16:51:02.1093 (StateSyncRequestHandler.cs:18) 玩家ID:482734309785206785 移动到新位置: -2.4751866 , 0 , -0.4173616
2025-11-29 16:51:02.2029 (StateSyncRequestHandler.cs:18) 玩家ID:482734309785206785 移动方向: 0.058995634 , 0 , 0.99825823
2025-11-29 16:51:02.2029 (StateSyncRequestHandler.cs:18) 玩家ID:482734309785206785 移动到新位置: -2.4633875 , 0 , -0.21770994
2025-11-29 16:51:02.3102 (StateSyncRequestHandler.cs:18) 玩家ID:482734309785206785 移动方向: 0.58485675 , 0 , 0.8111366
2025-11-29 16:51:02.3102 (StateSyncRequestHandler.cs:18) 玩家ID:482734309785206785 移动到新位置: -2.3464162 , 0 , -0.055482626
2025-11-29 16:51:02.4181 (StateSyncRequestHandler.cs:18) 玩家ID:482734309785206785 移动方向: 0.9851769 , 0 , 0.17154115
2025-11-29 16:51:02.4181 (StateSyncRequestHandler.cs:18) 玩家ID:482734309785206785 移动到新位置: -2.149381 , 0 , -0.021174394
2025-11-29 16:51:02.5115 (StateSyncRequestHandler.cs:18) 玩家ID:482734309785206785 移动方向: 0.42421165 , 0 , 0.9055631
2025-11-29 16:51:02.5115 (StateSyncRequestHandler.cs:18) 玩家ID:482734309785206785 移动到新位置: -2.0645385 , 0 , 0.15993822
2025-11-29 16:51:02.6054 (StateSyncRequestHandler.cs:18) 玩家ID:482734309785206785 移动方向: -0.044214312 , 0 , 0.99902207
2025-11-29 16:51:02.6054 (StateSyncRequestHandler.cs:18) 玩家ID:482734309785206785 移动到新位置: -2.0733814 , 0 , 0.35974264
2025-11-29 16:51:02.7132 (StateSyncRequestHandler.cs:18) 玩家ID:482734309785206785 移动方向: -0.24290611 , 0 , 0.9700498
2025-11-29 16:51:02.7132 (StateSyncRequestHandler.cs:18) 玩家ID:482734309785206785 移动到新位置: -2.1219625 , 0 , 0.5537526
2025-11-29 16:51:02.8059 (StateSyncRequestHandler.cs:18) 玩家ID:482734309785206785 移动方向: -0.89325005 , 0 , 0.4495601
2025-11-29 16:51:02.8059 (StateSyncRequestHandler.cs:18) 玩家ID:482734309785206785 移动到新位置: -2.3006124 , 0 , 0.6436646
2025-11-29 16:51:02.9150 (StateSyncRequestHandler.cs:18) 玩家ID:482734309785206785 移动方向: -0.9034851 , 0 , 0.42861933
2025-11-29 16:51:02.9150 (StateSyncRequestHandler.cs:18) 玩家ID:482734309785206785 移动到新位置: -2.4813094 , 0 , 0.7293885
2025-11-29 16:51:03.0082 (StateSyncRequestHandler.cs:18) 玩家ID:482734309785206785 移动方向: -0.90665853 , 0 , 0.42186517
2025-11-29 16:51:03.0082 (StateSyncRequestHandler.cs:18) 玩家ID:482734309785206785 移动到新位置: -2.662641 , 0 , 0.8137615
2025-11-29 16:51:03.1020 (StateSyncRequestHandler.cs:18) 玩家ID:482734309785206785 移动方向: -0.8981112 , 0 , 0.43976843
2025-11-29 16:51:03.1020 (StateSyncRequestHandler.cs:18) 玩家ID:482734309785206785 移动到新位置: -2.8422632 , 0 , 0.90171516
2025-11-29 16:51:03.2112 (StateSyncRequestHandler.cs:18) 玩家ID:482734309785206785 移动方向: -0.87505877 , 0 , 0.48401648
2025-11-29 16:51:03.2112 (StateSyncRequestHandler.cs:18) 玩家ID:482734309785206785 移动到新位置: -3.0172749 , 0 , 0.99851847
2025-11-29 16:51:03.3045 (StateSyncRequestHandler.cs:18) 玩家ID:482734309785206785 移动方向: -0.24393469 , 0 , 0.96979165
2025-11-29 16:51:03.3045 (StateSyncRequestHandler.cs:18) 玩家ID:482734309785206785 移动到新位置: -3.0660617 , 0 , 1.1924767
2025-11-29 16:51:03.4119 (StateSyncRequestHandler.cs:18) 玩家ID:482734309785206785 移动方向: 0.52549434 , 0 , 0.85079706
2025-11-29 16:51:03.4119 (StateSyncRequestHandler.cs:18) 玩家ID:482734309785206785 移动到新位置: -2.9609628 , 0 , 1.3626362
2025-11-29 16:51:03.5047 (StateSyncRequestHandler.cs:18) 玩家ID:482734309785206785 移动方向: 0.5302526 , 0 , 0.8478397
2025-11-29 16:51:03.5047 (StateSyncRequestHandler.cs:18) 玩家ID:482734309785206785 移动到新位置: -2.8549123 , 0 , 1.5322042
2025-11-29 16:51:03.6127 (StateSyncRequestHandler.cs:18) 玩家ID:482734309785206785 移动方向: 0.5318461 , 0 , 0.84684104
2025-11-29 16:51:03.6127 (StateSyncRequestHandler.cs:18) 玩家ID:482734309785206785 移动到新位置: -2.748543 , 0 , 1.7015724
2025-11-29 16:51:03.7057 (StateSyncRequestHandler.cs:18) 玩家ID:482734309785206785 移动方向: -0.22222695 , 0 , 0.97499496
2025-11-29 16:51:03.7057 (StateSyncRequestHandler.cs:18) 玩家ID:482734309785206785 移动到新位置: -2.7929883 , 0 , 1.8965714
2025-11-29 16:51:03.7995 (StateSyncRequestHandler.cs:18) 玩家ID:482734309785206785 移动方向: -0.2220521 , 0 , 0.97503483
2025-11-29 16:51:03.7995 (StateSyncRequestHandler.cs:18) 玩家ID:482734309785206785 移动到新位置: -2.8373988 , 0 , 2.0915785
2025-11-29 16:51:03.9092 (StateSyncRequestHandler.cs:18) 玩家ID:482734309785206785 移动方向: -0.97663796 , 0 , -0.21489136
2025-11-29 16:51:03.9092 (StateSyncRequestHandler.cs:18) 玩家ID:482734309785206785 移动到新位置: -3.0327263 , 0 , 2.0486002
2025-11-29 16:51:04.0180 (StateSyncRequestHandler.cs:18) 玩家ID:482734309785206785 移动方向: -0.98440427 , 0 , -0.17592116
2025-11-29 16:51:04.0180 (StateSyncRequestHandler.cs:18) 玩家ID:482734309785206785 移动到新位置: -3.229607 , 0 , 2.013416
2025-11-29 16:51:04.1101 (StateSyncRequestHandler.cs:18) 玩家ID:482734309785206785 移动方向: -0.9898097 , 0 , -0.14239638
2025-11-29 16:51:04.1101 (StateSyncRequestHandler.cs:18) 玩家ID:482734309785206785 移动到新位置: -3.427569 , 0 , 1.9849368
2025-11-29 16:51:04.2027 (StateSyncRequestHandler.cs:18) 玩家ID:482734309785206785 移动方向: -0.99190813 , 0 , -0.12695783
2025-11-29 16:51:04.2027 (StateSyncRequestHandler.cs:18) 玩家ID:482734309785206785 移动到新位置: -3.6259506 , 0 , 1.9595453
2025-11-29 16:51:04.3091 (StateSyncRequestHandler.cs:18) 玩家ID:482734309785206785 移动方向: -0.9926761 , 0 , -0.12080625
2025-11-29 16:51:04.3091 (StateSyncRequestHandler.cs:18) 玩家ID:482734309785206785 移动到新位置: -3.8244858 , 0 , 1.935384
2025-11-29 16:51:04.4172 (StateSyncRequestHandler.cs:18) 玩家ID:482734309785206785 移动方向: -0.9929477 , 0 , -0.118553296
2025-11-29 16:51:04.4172 (StateSyncRequestHandler.cs:18) 玩家ID:482734309785206785 移动到新位置: -4.023075 , 0 , 1.9116734
2025-11-29 16:51:04.5118 (StateSyncRequestHandler.cs:18) 玩家ID:482734309785206785 移动方向: -0.117834054 , 0 , 0.99303335
2025-11-29 16:51:04.5118 (StateSyncRequestHandler.cs:18) 玩家ID:482734309785206785 移动到新位置: -4.046642 , 0 , 2.11028
2025-11-29 16:51:04.6201 (StateSyncRequestHandler.cs:18) 玩家ID:482734309785206785 移动方向: -0.11762617 , 0 , 0.9930579
2025-11-29 16:51:04.6201 (StateSyncRequestHandler.cs:18) 玩家ID:482734309785206785 移动到新位置: -4.070167 , 0 , 2.3088915
2025-11-29 16:51:04.7121 (StateSyncRequestHandler.cs:18) 玩家ID:482734309785206785 移动方向: -0.11756606 , 0 , 0.99306506
2025-11-29 16:51:04.7121 (StateSyncRequestHandler.cs:18) 玩家ID:482734309785206785 移动到新位置: -4.0936804 , 0 , 2.5075045
2025-11-29 16:51:04.8195 (StateSyncRequestHandler.cs:18) 玩家ID:482734309785206785 移动方向: 0.6190885 , 0 , 0.7853212
2025-11-29 16:51:04.8195 (StateSyncRequestHandler.cs:18) 玩家ID:482734309785206785 移动到新位置: -3.9698627 , 0 , 2.6645687
2025-11-29 16:51:04.9147 (StateSyncRequestHandler.cs:18) 玩家ID:482734309785206785 移动方向: 0.61909306 , 0 , 0.7853176
2025-11-29 16:51:04.9147 (StateSyncRequestHandler.cs:18) 玩家ID:482734309785206785 移动到新位置: -3.846044 , 0 , 2.8216321
2025-11-29 16:51:05.0071 (StateSyncRequestHandler.cs:18) 玩家ID:482734309785206785 移动方向: 0.9930684 , 0 , 0.1175381
2025-11-29 16:51:05.0071 (StateSyncRequestHandler.cs:18) 玩家ID:482734309785206785 移动到新位置: -3.6474304 , 0 , 2.8451397
2025-11-29 16:51:05.1139 (StateSyncRequestHandler.cs:18) 玩家ID:482734309785206785 移动方向: 0.9930684 , 0 , 0.1175381
2025-11-29 16:51:05.1139 (StateSyncRequestHandler.cs:18) 玩家ID:482734309785206785 移动到新位置: -3.4488168 , 0 , 2.8686473
2025-11-29 16:51:05.2213 (StateSyncRequestHandler.cs:18) 玩家ID:482734309785206785 移动方向: 0.9930684 , 0 , 0.1175381
2025-11-29 16:51:05.2213 (StateSyncRequestHandler.cs:18) 玩家ID:482734309785206785 移动到新位置: -3.2502031 , 0 , 2.892155
2025-11-29 16:51:05.3148 (StateSyncRequestHandler.cs:18) 玩家ID:482734309785206785 移动方向: -0.100027554 , 0 , 0.9949847
2025-11-29 16:51:05.3148 (StateSyncRequestHandler.cs:18) 玩家ID:482734309785206785 移动到新位置: -3.2702086 , 0 , 3.091152
2025-11-29 16:51:05.4085 (StateSyncRequestHandler.cs:18) 玩家ID:482734309785206785 移动方向: 0.05836108 , 0 , 0.99829555
2025-11-29 16:51:05.4085 (StateSyncRequestHandler.cs:18) 玩家ID:482734309785206785 移动到新位置: -3.2585363 , 0 , 3.290811
2025-11-29 16:51:05.5044 (StateSyncRequestHandler.cs:18) 玩家ID:482734309785206785 移动方向: 0.43263486 , 0 , 0.9015692
2025-11-29 16:51:05.5044 (StateSyncRequestHandler.cs:18) 玩家ID:482734309785206785 移动到新位置: -3.1720095 , 0 , 3.471125
2025-11-29 16:51:05.6139 (StateSyncRequestHandler.cs:18) 玩家ID:482734309785206785 移动方向: 0.74561054 , 0 , 0.666382
2025-11-29 16:51:05.6144 (StateSyncRequestHandler.cs:18) 玩家ID:482734309785206785 移动到新位置: -3.0228875 , 0 , 3.6044014
2025-11-29 16:51:05.7065 (StateSyncRequestHandler.cs:18) 玩家ID:482734309785206785 移动方向: 0.8668024 , 0 , 0.49865177
2025-11-29 16:51:05.7065 (StateSyncRequestHandler.cs:18) 玩家ID:482734309785206785 移动到新位置: -2.849527 , 0 , 3.7041316
2025-11-29 16:51:05.8151 (StateSyncRequestHandler.cs:18) 玩家ID:482734309785206785 移动方向: 0.90293366 , 0 , 0.42977992
2025-11-29 16:51:05.8151 (StateSyncRequestHandler.cs:18) 玩家ID:482734309785206785 移动到新位置: -2.66894 , 0 , 3.7900877
2025-11-29 16:51:05.9084 (StateSyncRequestHandler.cs:18) 玩家ID:482734309785206785 移动方向: 0.91500366 , 0 , 0.40344554
2025-11-29 16:51:05.9084 (StateSyncRequestHandler.cs:18) 玩家ID:482734309785206785 移动到新位置: -2.4859393 , 0 , 3.870777
2025-11-29 16:51:06.0158 (StateSyncRequestHandler.cs:18) 玩家ID:482734309785206785 移动方向: 0.9190886 , 0 , 0.39405096
2025-11-29 16:51:06.0158 (StateSyncRequestHandler.cs:18) 玩家ID:482734309785206785 移动到新位置: -2.3021216 , 0 , 3.949587
2025-11-29 16:51:06.1107 (StateSyncRequestHandler.cs:18) 玩家ID:482734309785206785 移动方向: 0.9273482 , 0 , -0.37419972
2025-11-29 16:51:06.1107 (StateSyncRequestHandler.cs:18) 玩家ID:482734309785206785 移动到新位置: -2.116652 , 0 , 3.8747473
2025-11-29 16:51:06.2043 (StateSyncRequestHandler.cs:18) 玩家ID:482734309785206785 移动方向: 0.92700994 , 0 , -0.37503663
2025-11-29 16:51:06.2043 (StateSyncRequestHandler.cs:18) 玩家ID:482734309785206785 移动到新位置: -1.9312501 , 0 , 3.7997398
2025-11-29 16:51:06.3123 (StateSyncRequestHandler.cs:18) 玩家ID:482734309785206785 移动方向: 0.39004055 , 0 , -0.92079765
2025-11-29 16:51:06.3123 (StateSyncRequestHandler.cs:18) 玩家ID:482734309785206785 移动到新位置: -1.853242 , 0 , 3.6155803
2025-11-29 16:51:06.4197 (StateSyncRequestHandler.cs:18) 玩家ID:482734309785206785 移动方向: -0.37538677 , 0 , -0.92686826
2025-11-29 16:51:06.4197 (StateSyncRequestHandler.cs:18) 玩家ID:482734309785206785 移动到新位置: -1.9283195 , 0 , 3.4302068
2025-11-29 16:51:06.5128 (StateSyncRequestHandler.cs:18) 玩家ID:482734309785206785 移动方向: -0.92084223 , 0 , -0.38993526
2025-11-29 16:51:06.5128 (StateSyncRequestHandler.cs:18) 玩家ID:482734309785206785 移动到新位置: -2.1124878 , 0 , 3.3522198
2025-11-29 16:51:06.6216 (StateSyncRequestHandler.cs:18) 玩家ID:482734309785206785 移动方向: -0.92084485 , 0 , -0.38992918
2025-11-29 16:51:06.6216 (StateSyncRequestHandler.cs:18) 玩家ID:482734309785206785 移动到新位置: -2.2966568 , 0 , 3.274234
2025-11-29 16:51:06.7155 (StateSyncRequestHandler.cs:18) 玩家ID:482734309785206785 移动方向: -0.92084527 , 0 , -0.3899282
2025-11-29 16:51:06.7155 (StateSyncRequestHandler.cs:18) 玩家ID:482734309785206785 移动到新位置: -2.480826 , 0 , 3.1962485
2025-11-29 16:51:06.8076 (StateSyncRequestHandler.cs:18) 玩家ID:482734309785206785 移动方向: -0.92084527 , 0 , -0.3899282
2025-11-29 16:51:06.8076 (StateSyncRequestHandler.cs:18) 玩家ID:482734309785206785 移动到新位置: -2.664995 , 0 , 3.118263
2025-11-29 16:51:06.9145 (StateSyncRequestHandler.cs:18) 玩家ID:482734309785206785 移动方向: -0.92084527 , 0 , -0.3899282
2025-11-29 16:51:06.9145 (StateSyncRequestHandler.cs:18) 玩家ID:482734309785206785 移动到新位置: -2.849164 , 0 , 3.0402775
2025-11-29 16:51:07.0086 (StateSyncRequestHandler.cs:18) 玩家ID:482734309785206785 移动方向: -0.92084527 , 0 , -0.3899282
2025-11-29 16:51:07.0086 (StateSyncRequestHandler.cs:18) 玩家ID:482734309785206785 移动到新位置: -3.033333 , 0 , 2.962292
2025-11-29 16:51:07.1157 (StateSyncRequestHandler.cs:18) 玩家ID:482734309785206785 移动方向: -0.92084527 , 0 , -0.3899282
2025-11-29 16:51:07.1157 (StateSyncRequestHandler.cs:18) 玩家ID:482734309785206785 移动到新位置: -3.217502 , 0 , 2.8843064
2025-11-29 16:51:07.2078 (StateSyncRequestHandler.cs:18) 玩家ID:482734309785206785 移动方向: -0.92685676 , 0 , 0.375415
2025-11-29 16:51:07.2085 (StateSyncRequestHandler.cs:18) 玩家ID:482734309785206785 移动到新位置: -3.4028735 , 0 , 2.9593894
2025-11-29 16:51:07.3022 (StateSyncRequestHandler.cs:18) 玩家ID:482734309785206785 移动方向: -0.38992816 , 0 , 0.9208452
2025-11-29 16:51:07.3022 (StateSyncRequestHandler.cs:18) 玩家ID:482734309785206785 移动到新位置: -3.480859 , 0 , 3.1435585
2025-11-29 16:51:07.4115 (StateSyncRequestHandler.cs:18) 玩家ID:482734309785206785 移动方向: 0.3754151 , 0 , 0.92685676
2025-11-29 16:51:07.4115 (StateSyncRequestHandler.cs:18) 玩家ID:482734309785206785 移动到新位置: -3.405776 , 0 , 3.32893
2025-11-29 16:51:07.5060 (StateSyncRequestHandler.cs:18) 玩家ID:482734309785206785 移动方向: 0.92084527 , 0 , 0.3899282
2025-11-29 16:51:07.5060 (StateSyncRequestHandler.cs:18) 玩家ID:482734309785206785 移动到新位置: -3.221607 , 0 , 3.4069154
2025-11-29 16:51:07.6143 (StateSyncRequestHandler.cs:18) 玩家ID:482734309785206785 移动方向: 0.92685676 , 0 , -0.375415
2025-11-29 16:51:07.6143 (StateSyncRequestHandler.cs:18) 玩家ID:482734309785206785 移动到新位置: -3.0362356 , 0 , 3.3318324
2025-11-29 16:51:07.7074 (StateSyncRequestHandler.cs:18) 玩家ID:482734309785206785 移动方向: 0.92685676 , 0 , -0.375415
2025-11-29 16:51:07.7074 (StateSyncRequestHandler.cs:18) 玩家ID:482734309785206785 移动到新位置: -2.8508642 , 0 , 3.2567494
2025-11-29 16:51:07.8142 (StateSyncRequestHandler.cs:18) 玩家ID:482734309785206785 移动方向: 0.92685676 , 0 , -0.375415
2025-11-29 16:51:07.8142 (StateSyncRequestHandler.cs:18) 玩家ID:482734309785206785 移动到新位置: -2.6654928 , 0 , 3.1816664
2025-11-29 16:51:07.9229 (StateSyncRequestHandler.cs:18) 玩家ID:482734309785206785 移动方向: 0.92084527 , 0 , 0.3899282
2025-11-29 16:51:07.9229 (StateSyncRequestHandler.cs:18) 玩家ID:482734309785206785 移动到新位置: -2.4813237 , 0 , 3.259652
2025-11-29 16:51:08.0154 (StateSyncRequestHandler.cs:18) 玩家ID:482734309785206785 移动方向: 0.92084527 , 0 , 0.3899282
2025-11-29 16:51:08.0154 (StateSyncRequestHandler.cs:18) 玩家ID:482734309785206785 移动到新位置: -2.2971547 , 0 , 3.3376374
2025-11-29 16:51:08.1086 (StateSyncRequestHandler.cs:18) 玩家ID:482734309785206785 移动方向: 0.3754151 , 0 , 0.92685676
2025-11-29 16:51:08.1086 (StateSyncRequestHandler.cs:18) 玩家ID:482734309785206785 移动到新位置: -2.2220716 , 0 , 3.5230088
2025-11-29 16:51:08.2171 (StateSyncRequestHandler.cs:18) 玩家ID:482734309785206785 移动方向: 0.3754151 , 0 , 0.92685676
2025-11-29 16:51:08.2171 (StateSyncRequestHandler.cs:18) 玩家ID:482734309785206785 移动到新位置: -2.1469886 , 0 , 3.7083802
2025-11-29 16:51:08.3094 (StateSyncRequestHandler.cs:18) 玩家ID:482734309785206785 移动方向: 0.3754151 , 0 , 0.92685676
2025-11-29 16:51:08.3094 (StateSyncRequestHandler.cs:18) 玩家ID:482734309785206785 移动到新位置: -2.0719056 , 0 , 3.8937516
2025-11-29 16:51:08.4194 (StateSyncRequestHandler.cs:18) 玩家ID:482734309785206785 移动方向: 0.92084527 , 0 , 0.3899282
2025-11-29 16:51:08.4194 (StateSyncRequestHandler.cs:18) 玩家ID:482734309785206785 移动到新位置: -1.8877366 , 0 , 3.9717371
2025-11-29 16:51:08.5131 (StateSyncRequestHandler.cs:18) 玩家ID:482734309785206785 移动方向: 0.92084527 , 0 , 0.3899282
2025-11-29 16:51:08.5131 (StateSyncRequestHandler.cs:18) 玩家ID:482734309785206785 移动到新位置: -1.7035675 , 0 , 4.0497227
2025-11-29 16:51:08.6062 (StateSyncRequestHandler.cs:18) 玩家ID:482734309785206785 移动方向: 0.92084527 , 0 , 0.3899282
2025-11-29 16:51:08.6062 (StateSyncRequestHandler.cs:18) 玩家ID:482734309785206785 移动到新位置: -1.5193985 , 0 , 4.1277084
2025-11-29 16:51:08.7141 (StateSyncRequestHandler.cs:18) 玩家ID:482734309785206785 移动方向: 0.92084527 , 0 , 0.3899282
2025-11-29 16:51:08.7141 (StateSyncRequestHandler.cs:18) 玩家ID:482734309785206785 移动到新位置: -1.3352294 , 0 , 4.205694
2025-11-29 16:51:08.8071 (StateSyncRequestHandler.cs:18) 玩家ID:482734309785206785 移动方向: 0.92084527 , 0 , 0.3899282
2025-11-29 16:51:08.8071 (StateSyncRequestHandler.cs:18) 玩家ID:482734309785206785 移动到新位置: -1.1510603 , 0 , 4.28368
2025-11-29 16:51:08.9136 (StateSyncRequestHandler.cs:18) 玩家ID:482734309785206785 移动方向: 0.92084527 , 0 , 0.3899282
2025-11-29 16:51:08.9136 (StateSyncRequestHandler.cs:18) 玩家ID:482734309785206785 移动到新位置: -0.9668913 , 0 , 4.3616657
2025-11-29 16:51:09.0076 (StateSyncRequestHandler.cs:18) 玩家ID:482734309785206785 移动方向: 0.92161363 , 0 , 0.38810864
2025-11-29 16:51:09.0076 (StateSyncRequestHandler.cs:18) 玩家ID:482734309785206785 移动到新位置: -0.7825686 , 0 , 4.4392877
2025-11-29 16:51:09.1172 (StateSyncRequestHandler.cs:18) 玩家ID:482734309785206785 移动方向: 0.9425383 , 0 , 0.334098
2025-11-29 16:51:09.1172 (StateSyncRequestHandler.cs:18) 玩家ID:482734309785206785 移动到新位置: -0.5940609 , 0 , 4.5061073
2025-11-29 16:51:09.2112 (StateSyncRequestHandler.cs:18) 玩家ID:482734309785206785 移动方向: 0.9657208 , 0 , 0.25958306
2025-11-29 16:51:09.2112 (StateSyncRequestHandler.cs:18) 玩家ID:482734309785206785 移动到新位置: -0.40091676 , 0 , 4.558024
2025-11-29 16:51:09.3179 (StateSyncRequestHandler.cs:18) 玩家ID:482734309785206785 移动方向: 0.8126759 , 0 , -0.5827159
2025-11-29 16:51:09.3179 (StateSyncRequestHandler.cs:18) 玩家ID:482734309785206785 移动到新位置: -0.23838158 , 0 , 4.4414806
2025-11-29 16:51:09.4107 (StateSyncRequestHandler.cs:18) 玩家ID:482734309785206785 移动方向: 0.62858975 , 0 , -0.7777371
2025-11-29 16:51:09.4107 (StateSyncRequestHandler.cs:18) 玩家ID:482734309785206785 移动到新位置: -0.11266363 , 0 , 4.285933
2025-11-29 16:51:09.5044 (StateSyncRequestHandler.cs:18) 玩家ID:482734309785206785 移动方向: 0.84363675 , 0 , -0.53691435
2025-11-29 16:51:09.5052 (StateSyncRequestHandler.cs:18) 玩家ID:482734309785206785 移动到新位置: 0.05606371 , 0 , 4.1785502
2025-11-29 16:51:09.6128 (StateSyncRequestHandler.cs:18) 玩家ID:482734309785206785 移动方向: 0.64026135 , 0 , -0.7681571
2025-11-29 16:51:09.6128 (StateSyncRequestHandler.cs:18) 玩家ID:482734309785206785 移动到新位置: 0.18411598 , 0 , 4.024919
2025-11-29 16:51:09.7046 (StateSyncRequestHandler.cs:18) 玩家ID:482734309785206785 移动方向: 0.5110934 , 0 , -0.8595252
2025-11-29 16:51:09.7046 (StateSyncRequestHandler.cs:18) 玩家ID:482734309785206785 移动到新位置: 0.28633463 , 0 , 3.853014
2025-11-29 16:51:09.8109 (StateSyncRequestHandler.cs:18) 玩家ID:482734309785206785 移动方向: 0.29434904 , 0 , -0.955698
2025-11-29 16:51:09.8109 (StateSyncRequestHandler.cs:18) 玩家ID:482734309785206785 移动到新位置: 0.34520444 , 0 , 3.6618743
2025-11-29 16:51:09.9040 (StateSyncRequestHandler.cs:18) 玩家ID:482734309785206785 移动方向: -0.088272355 , 0 , -0.9960964
2025-11-29 16:51:09.9040 (StateSyncRequestHandler.cs:18) 玩家ID:482734309785206785 移动到新位置: 0.32754996 , 0 , 3.462655
2025-11-29 16:51:10.0133 (StateSyncRequestHandler.cs:18) 玩家ID:482734309785206785 移动方向: -0.43159166 , 0 , -0.9020691
2025-11-29 16:51:10.0133 (StateSyncRequestHandler.cs:18) 玩家ID:482734309785206785 移动到新位置: 0.24123164 , 0 , 3.2822413
2025-11-29 16:51:10.1075 (StateSyncRequestHandler.cs:18) 玩家ID:482734309785206785 移动方向: -0.57151043 , 0 , -0.8205948
2025-11-29 16:51:10.1075 (StateSyncRequestHandler.cs:18) 玩家ID:482734309785206785 移动到新位置: 0.12692955 , 0 , 3.1181223
2025-11-29 16:51:10.2024 (StateSyncRequestHandler.cs:18) 玩家ID:482734309785206785 移动方向: -0.6207531 , 0 , -0.7840061
2025-11-29 16:51:10.2024 (StateSyncRequestHandler.cs:18) 玩家ID:482734309785206785 移动到新位置: 0.0027789325 , 0 , 2.961321
2025-11-29 16:51:10.3112 (StateSyncRequestHandler.cs:18) 玩家ID:482734309785206785 移动方向: -0.63804895 , 0 , -0.76999575
2025-11-29 16:51:10.3112 (StateSyncRequestHandler.cs:18) 玩家ID:482734309785206785 移动到新位置: -0.12483086 , 0 , 2.807322
2025-11-29 16:51:10.4048 (StateSyncRequestHandler.cs:18) 玩家ID:482734309785206785 移动方向: -0.59963316 , 0 , -0.800275
2025-11-29 16:51:10.4048 (StateSyncRequestHandler.cs:18) 玩家ID:482734309785206785 移动到新位置: -0.24475749 , 0 , 2.647267
2025-11-29 16:51:10.5136 (StateSyncRequestHandler.cs:18) 玩家ID:482734309785206785 移动方向: -0.23665728 , 0 , -0.9715932
2025-11-29 16:51:10.5136 (StateSyncRequestHandler.cs:18) 玩家ID:482734309785206785 移动到新位置: -0.29208893 , 0 , 2.4529486
2025-11-29 16:51:10.6056 (StateSyncRequestHandler.cs:18) 玩家ID:482734309785206785 移动方向: 0.63921106 , 0 , -0.76903135
2025-11-29 16:51:10.6056 (StateSyncRequestHandler.cs:18) 玩家ID:482734309785206785 移动到新位置: -0.16424671 , 0 , 2.2991424
2025-11-29 16:51:10.7144 (StateSyncRequestHandler.cs:18) 玩家ID:482734309785206785 移动方向: 0.99482083 , 0 , 0.10164365
2025-11-29 16:51:10.7144 (StateSyncRequestHandler.cs:18) 玩家ID:482734309785206785 移动到新位置: 0.034717456 , 0 , 2.3194711
2025-11-29 16:51:10.8080 (StateSyncRequestHandler.cs:18) 玩家ID:482734309785206785 移动方向: 0.7823365 , 0 , 0.622856
2025-11-29 16:51:10.8080 (StateSyncRequestHandler.cs:18) 玩家ID:482734309785206785 移动到新位置: 0.19118474 , 0 , 2.4440422
2025-11-29 16:51:10.9151 (StateSyncRequestHandler.cs:18) 玩家ID:482734309785206785 移动方向: 0.5693379 , 0 , 0.8221036
2025-11-29 16:51:10.9151 (StateSyncRequestHandler.cs:18) 玩家ID:482734309785206785 移动到新位置: 0.30505234 , 0 , 2.6084628
2025-11-29 16:51:11.0066 (StateSyncRequestHandler.cs:18) 玩家ID:482734309785206785 移动方向: 0.47976634 , 0 , 0.87739635
2025-11-29 16:51:11.0066 (StateSyncRequestHandler.cs:18) 玩家ID:482734309785206785 移动到新位置: 0.4010056 , 0 , 2.783942
2025-11-29 16:51:11.1150 (StateSyncRequestHandler.cs:18) 玩家ID:482734309785206785 移动方向: 0.44502315 , 0 , 0.8955191
2025-11-29 16:51:11.1150 (StateSyncRequestHandler.cs:18) 玩家ID:482734309785206785 移动到新位置: 0.49001023 , 0 , 2.9630458
2025-11-29 16:51:11.2079 (StateSyncRequestHandler.cs:18) 玩家ID:482734309785206785 移动方向: 0.4344744 , 0 , 0.9006842
2025-11-29 16:51:11.2082 (StateSyncRequestHandler.cs:18) 玩家ID:482734309785206785 移动到新位置: 0.57690513 , 0 , 3.1431828
2025-11-29 16:51:11.3156 (StateSyncRequestHandler.cs:18) 玩家ID:482734309785206785 移动方向: 0.4307703 , 0 , 0.90246165
2025-11-29 16:51:11.3156 (StateSyncRequestHandler.cs:18) 玩家ID:482734309785206785 移动到新位置: 0.6630592 , 0 , 3.3236752
2025-11-29 16:51:11.4110 (StateSyncRequestHandler.cs:18) 玩家ID:482734309785206785 移动方向: 0.48107582 , 0 , 0.876679
2025-11-29 16:51:11.4117 (StateSyncRequestHandler.cs:18) 玩家ID:482734309785206785 移动到新位置: 0.75927436 , 0 , 3.499011
2025-11-29 16:51:11.5192 (StateSyncRequestHandler.cs:18) 玩家ID:482734309785206785 移动方向: 0.9579471 , 0 , 0.28694496
2025-11-29 16:51:11.5192 (StateSyncRequestHandler.cs:18) 玩家ID:482734309785206785 移动到新位置: 0.9508638 , 0 , 3.5564
2025-11-29 16:51:11.6132 (StateSyncRequestHandler.cs:18) 玩家ID:482734309785206785 移动方向: 0.41451278 , 0 , -0.9100435
2025-11-29 16:51:11.6132 (StateSyncRequestHandler.cs:18) 玩家ID:482734309785206785 移动到新位置: 1.0337663 , 0 , 3.3743913
2025-11-29 16:51:11.7065 (StateSyncRequestHandler.cs:18) 玩家ID:482734309785206785 移动方向: -0.8465243 , 0 , -0.5323501
2025-11-29 16:51:11.7065 (StateSyncRequestHandler.cs:18) 玩家ID:482734309785206785 移动到新位置: 0.8644614 , 0 , 3.2679212
2025-11-29 16:51:11.8158 (StateSyncRequestHandler.cs:18) 玩家ID:482734309785206785 移动方向: -0.6969652 , 0 , 0.7171049
2025-11-29 16:51:11.8158 (StateSyncRequestHandler.cs:18) 玩家ID:482734309785206785 移动到新位置: 0.7250684 , 0 , 3.4113421
2025-11-29 16:51:11.9081 (StateSyncRequestHandler.cs:18) 玩家ID:482734309785206785 移动方向: 0.25434455 , 0 , 0.9671136
2025-11-29 16:51:11.9081 (StateSyncRequestHandler.cs:18) 玩家ID:482734309785206785 移动到新位置: 0.7759373 , 0 , 3.604765
2025-11-29 16:51:12.0160 (StateSyncRequestHandler.cs:18) 玩家ID:482734309785206785 移动方向: 0.93794894 , 0 , 0.34677336
2025-11-29 16:51:12.0160 (StateSyncRequestHandler.cs:18) 玩家ID:482734309785206785 移动到新位置: 0.9635271 , 0 , 3.6741197
2025-11-29 16:51:12.1080 (StateSyncRequestHandler.cs:18) 玩家ID:482734309785206785 移动方向: 0.9755258 , 0 , -0.219885
2025-11-29 16:51:12.1080 (StateSyncRequestHandler.cs:18) 玩家ID:482734309785206785 移动到新位置: 1.1586323 , 0 , 3.6301427
2025-11-29 16:51:12.2028 (StateSyncRequestHandler.cs:18) 玩家ID:482734309785206785 移动方向: 0.81863 , 0 , -0.57432127
2025-11-29 16:51:12.2028 (StateSyncRequestHandler.cs:18) 玩家ID:482734309785206785 移动到新位置: 1.3223583 , 0 , 3.5152783
2025-11-29 16:51:12.3101 (StateSyncRequestHandler.cs:18) 玩家ID:482734309785206785 移动方向: 0.68697685 , 0 , -0.7266793
2025-11-29 16:51:12.3101 (StateSyncRequestHandler.cs:18) 玩家ID:482734309785206785 移动到新位置: 1.4597536 , 0 , 3.3699424
2025-11-29 16:51:12.4180 (StateSyncRequestHandler.cs:18) 玩家ID:482734309785206785 移动方向: 0.61889744 , 0 , -0.78547186
2025-11-29 16:51:12.4180 (StateSyncRequestHandler.cs:18) 玩家ID:482734309785206785 移动到新位置: 1.5835332 , 0 , 3.212848
2025-11-29 16:51:12.5100 (StateSyncRequestHandler.cs:18) 玩家ID:482734309785206785 移动方向: 0.6046336 , 0 , -0.7965037
2025-11-29 16:51:12.5100 (StateSyncRequestHandler.cs:18) 玩家ID:482734309785206785 移动到新位置: 1.7044599 , 0 , 3.0535471
2025-11-29 16:51:12.6166 (StateSyncRequestHandler.cs:18) 玩家ID:482734309785206785 移动方向: 0.8018759 , 0 , -0.59749067
2025-11-29 16:51:12.6166 (StateSyncRequestHandler.cs:18) 玩家ID:482734309785206785 移动到新位置: 1.864835 , 0 , 2.9340491
2025-11-29 16:51:12.7103 (StateSyncRequestHandler.cs:18) 玩家ID:482734309785206785 移动方向: 0.92202497 , 0 , 0.38713044
2025-11-29 16:51:12.7103 (StateSyncRequestHandler.cs:18) 玩家ID:482734309785206785 移动到新位置: 2.04924 , 0 , 3.0114753
2025-11-29 16:51:12.8031 (StateSyncRequestHandler.cs:18) 玩家ID:482734309785206785 移动方向: -0.025707943 , 0 , 0.9996695
2025-11-29 16:51:12.8031 (StateSyncRequestHandler.cs:18) 玩家ID:482734309785206785 移动到新位置: 2.0440986 , 0 , 3.211409
2025-11-29 16:51:12.9113 (StateSyncRequestHandler.cs:18) 玩家ID:482734309785206785 移动方向: -0.97907287 , 0 , 0.20350996
2025-11-29 16:51:12.9113 (StateSyncRequestHandler.cs:18) 玩家ID:482734309785206785 移动到新位置: 1.848284 , 0 , 3.2521112
2025-11-29 16:51:13.0056 (StateSyncRequestHandler.cs:18) 玩家ID:482734309785206785 移动方向: -0.7257181 , 0 , -0.68799216
2025-11-29 16:51:13.0060 (StateSyncRequestHandler.cs:18) 玩家ID:482734309785206785 移动到新位置: 1.7031404 , 0 , 3.1145127
2025-11-29 16:51:13.1143 (StateSyncRequestHandler.cs:18) 玩家ID:482734309785206785 移动方向: -0.008721868 , 0 , -0.999962
2025-11-29 16:51:13.1143 (StateSyncRequestHandler.cs:18) 玩家ID:482734309785206785 移动到新位置: 1.701396 , 0 , 2.9145203
2025-11-29 16:51:13.2220 (StateSyncRequestHandler.cs:18) 玩家ID:482734309785206785 移动方向: 0.62360346 , 0 , -0.78174084
2025-11-29 16:51:13.2220 (StateSyncRequestHandler.cs:18) 玩家ID:482734309785206785 移动到新位置: 1.8261167 , 0 , 2.758172
2025-11-29 16:51:13.3127 (StateSyncRequestHandler.cs:18) 玩家ID:482734309785206785 移动方向: 0.9269373 , 0 , -0.37521645
2025-11-29 16:51:13.3127 (StateSyncRequestHandler.cs:18) 玩家ID:482734309785206785 移动到新位置: 2.0115042 , 0 , 2.6831288
2025-11-29 16:51:13.4218 (StateSyncRequestHandler.cs:18) 玩家ID:482734309785206785 移动方向: 0.9759983 , 0 , 0.217778
2025-11-29 16:51:13.4218 (StateSyncRequestHandler.cs:18) 玩家ID:482734309785206785 移动到新位置: 2.206704 , 0 , 2.7266843
2025-11-29 16:51:13.5153 (StateSyncRequestHandler.cs:18) 玩家ID:482734309785206785 移动方向: 0.7320587 , 0 , 0.6812416
2025-11-29 16:51:13.5153 (StateSyncRequestHandler.cs:18) 玩家ID:482734309785206785 移动到新位置: 2.3531156 , 0 , 2.8629327
2025-11-29 16:51:13.6239 (StateSyncRequestHandler.cs:18) 玩家ID:482734309785206785 移动方向: 0.2177462 , 0 , 0.97600543
2025-11-29 16:51:13.6239 (StateSyncRequestHandler.cs:18) 玩家ID:482734309785206785 移动到新位置: 2.3966649 , 0 , 3.0581338
2025-11-29 16:51:13.7011 (StateSyncRequestHandler.cs:18) 玩家ID:482734309785206785 移动方向: -0.1212242 , 0 , 0.9926251
2025-11-29 16:51:13.7011 (StateSyncRequestHandler.cs:18) 玩家ID:482734309785206785 移动到新位置: 2.37242 , 0 , 3.2566588
2025-11-29 16:51:13.8113 (StateSyncRequestHandler.cs:18) 玩家ID:482734309785206785 移动方向: -0.24043202 , 0 , 0.970666
2025-11-29 16:51:13.8113 (StateSyncRequestHandler.cs:18) 玩家ID:482734309785206785 移动到新位置: 2.3243337 , 0 , 3.450792
2025-11-29 16:51:13.9053 (StateSyncRequestHandler.cs:18) 玩家ID:482734309785206785 移动方向: 0.07072198 , 0 , 0.99749607
2025-11-29 16:51:13.9053 (StateSyncRequestHandler.cs:18) 玩家ID:482734309785206785 移动到新位置: 2.338478 , 0 , 3.6502912
2025-11-29 16:51:14.0131 (StateSyncRequestHandler.cs:18) 玩家ID:482734309785206785 移动方向: 0.8166113 , 0 , 0.577188
2025-11-29 16:51:14.0131 (StateSyncRequestHandler.cs:18) 玩家ID:482734309785206785 移动到新位置: 2.5018003 , 0 , 3.7657287
2025-11-29 16:51:14.1056 (StateSyncRequestHandler.cs:18) 玩家ID:482734309785206785 移动方向: 0.96043944 , 0 , -0.27848893
2025-11-29 16:51:14.1056 (StateSyncRequestHandler.cs:18) 玩家ID:482734309785206785 移动到新位置: 2.6938882 , 0 , 3.710031
2025-11-29 16:51:14.2138 (StateSyncRequestHandler.cs:18) 玩家ID:482734309785206785 移动方向: 0.61589944 , 0 , -0.78782475
2025-11-29 16:51:14.2138 (StateSyncRequestHandler.cs:18) 玩家ID:482734309785206785 移动到新位置: 2.817068 , 0 , 3.5524662
2025-11-29 16:51:14.3060 (StateSyncRequestHandler.cs:18) 玩家ID:482734309785206785 移动方向: 0.41193342 , 0 , -0.91121393
2025-11-29 16:51:14.3060 (StateSyncRequestHandler.cs:18) 玩家ID:482734309785206785 移动到新位置: 2.8994548 , 0 , 3.3702233
2025-11-29 16:51:14.4153 (StateSyncRequestHandler.cs:18) 玩家ID:482734309785206785 移动方向: 0.33438176 , 0 , -0.9424377
2025-11-29 16:51:14.4153 (StateSyncRequestHandler.cs:18) 玩家ID:482734309785206785 移动到新位置: 2.9663312 , 0 , 3.1817358
2025-11-29 16:51:14.5065 (StateSyncRequestHandler.cs:18) 玩家ID:482734309785206785 移动方向: 0.32237658 , 0 , -0.94661146
2025-11-29 16:51:14.5065 (StateSyncRequestHandler.cs:18) 玩家ID:482734309785206785 移动到新位置: 3.0308065 , 0 , 2.9924135
2025-11-29 16:51:14.6148 (StateSyncRequestHandler.cs:18) 玩家ID:482734309785206785 移动方向: 0.89727944 , 0 , -0.44146305
2025-11-29 16:51:14.6148 (StateSyncRequestHandler.cs:18) 玩家ID:482734309785206785 移动到新位置: 3.2102623 , 0 , 2.904121
2025-11-29 16:51:14.7070 (StateSyncRequestHandler.cs:18) 玩家ID:482734309785206785 移动方向: 0.8976768 , 0 , -0.4406544
2025-11-29 16:51:14.7070 (StateSyncRequestHandler.cs:18) 玩家ID:482734309785206785 移动到新位置: 3.3897977 , 0 , 2.81599
2025-11-29 16:51:14.8157 (StateSyncRequestHandler.cs:18) 玩家ID:482734309785206785 移动方向: 0.8979078 , 0 , -0.44018346
2025-11-29 16:51:14.8157 (StateSyncRequestHandler.cs:18) 玩家ID:482734309785206785 移动到新位置: 3.5693793 , 0 , 2.7279532
2025-11-29 16:51:14.9080 (StateSyncRequestHandler.cs:18) 玩家ID:482734309785206785 移动方向: 0.89798206 , 0 , -0.44003195
2025-11-29 16:51:14.9080 (StateSyncRequestHandler.cs:18) 玩家ID:482734309785206785 移动到新位置: 3.7489758 , 0 , 2.6399467
2025-11-29 16:51:15.0014 (StateSyncRequestHandler.cs:18) 玩家ID:482734309785206785 移动方向: 0.3238881 , 0 , -0.9460954
2025-11-29 16:51:15.0014 (StateSyncRequestHandler.cs:18) 玩家ID:482734309785206785 移动到新位置: 3.8137534 , 0 , 2.4507277
2025-11-29 16:51:15.1079 (StateSyncRequestHandler.cs:18) 玩家ID:482734309785206785 移动方向: 0.32391062 , 0 , -0.9460877
2025-11-29 16:51:15.1079 (StateSyncRequestHandler.cs:18) 玩家ID:482734309785206785 移动到新位置: 3.8785355 , 0 , 2.2615101
2025-11-29 16:51:15.2180 (StateSyncRequestHandler.cs:18) 玩家ID:482734309785206785 移动方向: 0.32391763 , 0 , -0.94608533
2025-11-29 16:51:15.2180 (StateSyncRequestHandler.cs:18) 玩家ID:482734309785206785 移动到新位置: 3.943319 , 0 , 2.072293
2025-11-29 16:51:15.3109 (StateSyncRequestHandler.cs:18) 玩家ID:482734309785206785 移动方向: 0.32391968 , 0 , -0.9460846
2025-11-29 16:51:15.3109 (StateSyncRequestHandler.cs:18) 玩家ID:482734309785206785 移动到新位置: 4.008103 , 0 , 1.8830762
2025-11-29 16:51:15.4029 (StateSyncRequestHandler.cs:18) 玩家ID:482734309785206785 移动方向: 0.32391965 , 0 , -0.9460846
2025-11-29 16:51:15.4029 (StateSyncRequestHandler.cs:18) 玩家ID:482734309785206785 移动到新位置: 4.072887 , 0 , 1.6938593
2025-11-29 16:51:15.5120 (StateSyncRequestHandler.cs:18) 玩家ID:482734309785206785 移动方向: 0.33481497 , 0 , -0.9422839
2025-11-29 16:51:15.5120 (StateSyncRequestHandler.cs:18) 玩家ID:482734309785206785 移动到新位置: 4.13985 , 0 , 1.5054026
2025-11-29 16:51:15.6067 (StateSyncRequestHandler.cs:18) 玩家ID:482734309785206785 移动方向: 0.40876028 , 0 , -0.91264176
2025-11-29 16:51:15.6067 (StateSyncRequestHandler.cs:18) 玩家ID:482734309785206785 移动到新位置: 4.221602 , 0 , 1.3228742
2025-11-29 16:51:15.6996 (StateSyncRequestHandler.cs:18) 玩家ID:482734309785206785 移动方向: 0.46910685 , 0 , -0.88314146
2025-11-29 16:51:15.6996 (StateSyncRequestHandler.cs:18) 玩家ID:482734309785206785 移动到新位置: 4.3154235 , 0 , 1.146246
2025-11-29 16:51:15.8091 (StateSyncRequestHandler.cs:18) 玩家ID:482734309785206785 移动方向: 0.49796888 , 0 , -0.8671949
2025-11-29 16:51:15.8091 (StateSyncRequestHandler.cs:18) 玩家ID:482734309785206785 移动到新位置: 4.415017 , 0 , 0.972807
2025-11-29 16:51:15.9169 (StateSyncRequestHandler.cs:18) 玩家ID:482734309785206785 移动方向: 0.50751036 , 0 , -0.86164564
2025-11-29 16:51:15.9169 (StateSyncRequestHandler.cs:18) 玩家ID:482734309785206785 移动到新位置: 4.516519 , 0 , 0.80047786
2025-11-29 16:51:16.0080 (StateSyncRequestHandler.cs:18) 玩家ID:482734309785206785 移动方向: 0.51085544 , 0 , -0.85966665
2025-11-29 16:51:16.0080 (StateSyncRequestHandler.cs:18) 玩家ID:482734309785206785 移动到新位置: 4.61869 , 0 , 0.62854457
2025-11-29 16:51:16.1161 (StateSyncRequestHandler.cs:18) 玩家ID:482734309785206785 移动方向: 0.51194686 , 0 , -0.8590171
2025-11-29 16:51:16.1161 (StateSyncRequestHandler.cs:18) 玩家ID:482734309785206785 移动到新位置: 4.7210793 , 0 , 0.45674115
2025-11-29 16:51:16.2074 (StateSyncRequestHandler.cs:18) 玩家ID:482734309785206785 移动方向: 0.51226467 , 0 , -0.8588276
2025-11-29 16:51:16.2074 (StateSyncRequestHandler.cs:18) 玩家ID:482734309785206785 移动到新位置: 4.823532 , 0 , 0.28497565
2025-11-29 16:51:16.3004 (StateSyncRequestHandler.cs:18) 玩家ID:482734309785206785 移动方向: 0.51237386 , 0 , -0.8587625
2025-11-29 16:51:16.3004 (StateSyncRequestHandler.cs:18) 玩家ID:482734309785206785 移动到新位置: 4.926007 , 0 , 0.11322315
2025-11-29 16:51:16.4073 (StateSyncRequestHandler.cs:18) 玩家ID:482734309785206785 移动方向: 0.51240724 , 0 , -0.85874254
2025-11-29 16:51:16.4073 (StateSyncRequestHandler.cs:18) 玩家ID:482734309785206785 移动到新位置: 5.028488 , 0 , -0.05852537
2025-11-29 16:51:16.5149 (StateSyncRequestHandler.cs:18) 玩家ID:482734309785206785 移动到新位置: 5.028488 , 0 , -0.05852537
2025-11-29 16:51:27.4125 (StateSyncRequestHandler.cs:18) 玩家ID:482734309785206785 移动方向: -0.14889322 , 0 , -0.98885334
2025-11-29 16:51:27.4125 (StateSyncRequestHandler.cs:18) 玩家ID:482734309785206785 移动到新位置: 4.9987097 , 0 , -0.25629604
2025-11-29 16:51:27.5188 (StateSyncRequestHandler.cs:18) 玩家ID:482734309785206785 移动方向: -0.30785307 , 0 , -0.95143396
2025-11-29 16:51:27.5211 (StateSyncRequestHandler.cs:18) 玩家ID:482734309785206785 移动到新位置: 4.937139 , 0 , -0.44658282
2025-11-29 16:51:27.6118 (StateSyncRequestHandler.cs:18) 玩家ID:482734309785206785 移动方向: -0.35955262 , 0 , -0.9331248
2025-11-29 16:51:27.6118 (StateSyncRequestHandler.cs:18) 玩家ID:482734309785206785 移动到新位置: 4.8652287 , 0 , -0.6332078
2025-11-29 16:51:27.7042 (StateSyncRequestHandler.cs:18) 玩家ID:482734309785206785 移动方向: -0.92394364 , 0 , -0.3825287
2025-11-29 16:51:27.7042 (StateSyncRequestHandler.cs:18) 玩家ID:482734309785206785 移动到新位置: 4.68044 , 0 , -0.7097135
2025-11-29 16:51:27.8129 (StateSyncRequestHandler.cs:18) 玩家ID:482734309785206785 移动方向: -0.92705965 , 0 , -0.37491366
2025-11-29 16:51:27.8129 (StateSyncRequestHandler.cs:18) 玩家ID:482734309785206785 移动到新位置: 4.495028 , 0 , -0.7846962
2025-11-29 16:51:27.9051 (StateSyncRequestHandler.cs:18) 玩家ID:482734309785206785 移动方向: -0.92651445 , 0 , -0.37625918
2025-11-29 16:51:27.9051 (StateSyncRequestHandler.cs:18) 玩家ID:482734309785206785 移动到新位置: 4.3097253 , 0 , -0.85994804
2025-11-29 16:51:28.0135 (StateSyncRequestHandler.cs:18) 玩家ID:482734309785206785 移动方向: -0.9135848 , 0 , -0.40664813
2025-11-29 16:51:28.0135 (StateSyncRequestHandler.cs:18) 玩家ID:482734309785206785 移动到新位置: 4.1270084 , 0 , -0.9412777
2025-11-29 16:51:28.1068 (StateSyncRequestHandler.cs:18) 玩家ID:482734309785206785 移动方向: -0.9498648 , 0 , 0.31266102
2025-11-29 16:51:28.1068 (StateSyncRequestHandler.cs:18) 玩家ID:482734309785206785 移动到新位置: 3.9370356 , 0 , -0.8787455
2025-11-29 16:51:28.2009 (StateSyncRequestHandler.cs:18) 玩家ID:482734309785206785 移动方向: 0.2833287 , 0 , 0.9590229
2025-11-29 16:51:28.2009 (StateSyncRequestHandler.cs:18) 玩家ID:482734309785206785 移动到新位置: 3.9937012 , 0 , -0.6869409
2025-11-29 16:51:28.3105 (StateSyncRequestHandler.cs:18) 玩家ID:482734309785206785 移动方向: 0.8711651 , 0 , 0.49099025
2025-11-29 16:51:28.3105 (StateSyncRequestHandler.cs:18) 玩家ID:482734309785206785 移动到新位置: 4.1679344 , 0 , -0.58874285
2025-11-29 16:51:28.4197 (StateSyncRequestHandler.cs:18) 玩家ID:482734309785206785 移动方向: 0.9647637 , 0 , -0.2631179
2025-11-29 16:51:28.4197 (StateSyncRequestHandler.cs:18) 玩家ID:482734309785206785 移动到新位置: 4.360887 , 0 , -0.6413664
2025-11-29 16:51:28.5124 (StateSyncRequestHandler.cs:18) 玩家ID:482734309785206785 移动方向: 0.9652847 , 0 , -0.26119992
2025-11-29 16:51:28.5124 (StateSyncRequestHandler.cs:18) 玩家ID:482734309785206785 移动到新位置: 4.553944 , 0 , -0.6936064
2025-11-29 16:51:28.6048 (StateSyncRequestHandler.cs:18) 玩家ID:482734309785206785 移动方向: 0.49855667 , 0 , -0.8668571
2025-11-29 16:51:28.6048 (StateSyncRequestHandler.cs:18) 玩家ID:482734309785206785 移动到新位置: 4.6536555 , 0 , -0.8669778
2025-11-29 16:51:28.7145 (StateSyncRequestHandler.cs:18) 玩家ID:482734309785206785 移动方向: 0.49877006 , 0 , -0.8667343
2025-11-29 16:51:28.7145 (StateSyncRequestHandler.cs:18) 玩家ID:482734309785206785 移动到新位置: 4.7534094 , 0 , -1.0403247
2025-11-29 16:51:28.8061 (StateSyncRequestHandler.cs:18) 玩家ID:482734309785206785 移动方向: 0.49883878 , 0 , -0.86669475
2025-11-29 16:51:28.8061 (StateSyncRequestHandler.cs:18) 玩家ID:482734309785206785 移动到新位置: 4.853177 , 0 , -1.2136636
2025-11-29 16:51:28.9132 (StateSyncRequestHandler.cs:18) 玩家ID:482734309785206785 移动方向: -0.260092 , 0 , -0.96558386
2025-11-29 16:51:28.9132 (StateSyncRequestHandler.cs:18) 玩家ID:482734309785206785 移动到新位置: 4.801159 , 0 , -1.4067804
2025-11-29 16:51:29.0062 (StateSyncRequestHandler.cs:18) 玩家ID:482734309785206785 移动方向: -0.2600844 , 0 , -0.9655859
2025-11-29 16:51:29.0062 (StateSyncRequestHandler.cs:18) 玩家ID:482734309785206785 移动到新位置: 4.749142 , 0 , -1.5998975
2025-11-29 16:51:29.1139 (StateSyncRequestHandler.cs:18) 玩家ID:482734309785206785 移动方向: -0.26008224 , 0 , -0.9655865
2025-11-29 16:51:29.1139 (StateSyncRequestHandler.cs:18) 玩家ID:482734309785206785 移动到新位置: 4.697126 , 0 , -1.7930148
2025-11-29 16:51:29.2222 (StateSyncRequestHandler.cs:18) 玩家ID:482734309785206785 移动方向: -0.25958928 , 0 , -0.9657191
2025-11-29 16:51:29.2222 (StateSyncRequestHandler.cs:18) 玩家ID:482734309785206785 移动到新位置: 4.645208 , 0 , -1.9861586
2025-11-29 16:51:29.3136 (StateSyncRequestHandler.cs:18) 玩家ID:482734309785206785 移动方向: -0.20376879 , 0 , -0.97901905
2025-11-29 16:51:29.3136 (StateSyncRequestHandler.cs:18) 玩家ID:482734309785206785 移动到新位置: 4.604454 , 0 , -2.1819625
2025-11-29 16:51:29.4058 (StateSyncRequestHandler.cs:18) 玩家ID:482734309785206785 移动方向: -0.013746983 , 0 , -0.99990547
2025-11-29 16:51:29.4058 (StateSyncRequestHandler.cs:18) 玩家ID:482734309785206785 移动到新位置: 4.6017046 , 0 , -2.3819437
2025-11-29 16:51:29.5120 (StateSyncRequestHandler.cs:18) 玩家ID:482734309785206785 移动方向: 0.28752667 , 0 , -0.9577727
2025-11-29 16:51:29.5120 (StateSyncRequestHandler.cs:18) 玩家ID:482734309785206785 移动到新位置: 4.6592097 , 0 , -2.5734982
2025-11-29 16:51:29.6209 (StateSyncRequestHandler.cs:18) 玩家ID:482734309785206785 移动方向: 0.44621333 , 0 , -0.8949266
2025-11-29 16:51:29.6209 (StateSyncRequestHandler.cs:18) 玩家ID:482734309785206785 移动到新位置: 4.748452 , 0 , -2.7524836
2025-11-29 16:51:29.7137 (StateSyncRequestHandler.cs:18) 玩家ID:482734309785206785 移动方向: 0.50998193 , 0 , -0.86018515
2025-11-29 16:51:29.7137 (StateSyncRequestHandler.cs:18) 玩家ID:482734309785206785 移动到新位置: 4.8504486 , 0 , -2.9245207
2025-11-29 16:51:29.8069 (StateSyncRequestHandler.cs:18) 玩家ID:482734309785206785 移动方向: 0.53068817 , 0 , -0.84756714
2025-11-29 16:51:29.8069 (StateSyncRequestHandler.cs:18) 玩家ID:482734309785206785 移动到新位置: 4.9565864 , 0 , -3.0940342
2025-11-29 16:51:29.8987 (StateSyncRequestHandler.cs:18) 玩家ID:482734309785206785 移动方向: 0.97666025 , 0 , -0.21478981
2025-11-29 16:51:29.8987 (StateSyncRequestHandler.cs:18) 玩家ID:482734309785206785 移动到新位置: 5.1519184 , 0 , -3.1369922
2025-11-29 16:51:30.0230 (StateSyncRequestHandler.cs:18) 玩家ID:482734309785206785 移动方向: 0.97735375 , 0 , -0.21161184
2025-11-29 16:51:30.0230 (StateSyncRequestHandler.cs:18) 玩家ID:482734309785206785 移动到新位置: 5.347389 , 0 , -3.1793146
2025-11-29 16:51:30.1143 (StateSyncRequestHandler.cs:18) 玩家ID:482734309785206785 移动方向: 0.9775244 , 0 , -0.21082214
2025-11-29 16:51:30.1158 (StateSyncRequestHandler.cs:18) 玩家ID:482734309785206785 移动到新位置: 5.542894 , 0 , -3.221479
2025-11-29 16:51:30.2060 (StateSyncRequestHandler.cs:18) 玩家ID:482734309785206785 移动方向: 0.54234695 , 0 , -0.84015465
2025-11-29 16:51:30.2060 (StateSyncRequestHandler.cs:18) 玩家ID:482734309785206785 移动到新位置: 5.6513634 , 0 , -3.38951
2025-11-29 16:51:30.3138 (StateSyncRequestHandler.cs:18) 玩家ID:482734309785206785 移动方向: 0.5424173 , 0 , -0.8401092
2025-11-29 16:51:30.3138 (StateSyncRequestHandler.cs:18) 玩家ID:482734309785206785 移动到新位置: 5.7598467 , 0 , -3.5575318
2025-11-29 16:51:30.4055 (StateSyncRequestHandler.cs:18) 玩家ID:482734309785206785 移动方向: 0.5424355 , 0 , -0.8400974
2025-11-29 16:51:30.4055 (StateSyncRequestHandler.cs:18) 玩家ID:482734309785206785 移动到新位置: 5.868334 , 0 , -3.7255514
2025-11-29 16:51:30.5115 (StateSyncRequestHandler.cs:18) 玩家ID:482734309785206785 移动方向: 0.5424409 , 0 , -0.840094
2025-11-29 16:51:30.5115 (StateSyncRequestHandler.cs:18) 玩家ID:482734309785206785 移动到新位置: 5.976822 , 0 , -3.8935702
2025-11-29 16:51:30.6190 (StateSyncRequestHandler.cs:18) 玩家ID:482734309785206785 移动方向: 0.5424425 , 0 , -0.84009296
2025-11-29 16:51:30.6190 (StateSyncRequestHandler.cs:18) 玩家ID:482734309785206785 移动到新位置: 6.0853105 , 0 , -4.061589
2025-11-29 16:51:30.7134 (StateSyncRequestHandler.cs:18) 玩家ID:482734309785206785 移动方向: 0.5424428 , 0 , -0.8400928
2025-11-29 16:51:30.7134 (StateSyncRequestHandler.cs:18) 玩家ID:482734309785206785 移动到新位置: 6.193799 , 0 , -4.229607
2025-11-29 16:51:30.8209 (StateSyncRequestHandler.cs:18) 玩家ID:482734309785206785 移动方向: 0.5424429 , 0 , -0.84009266
2025-11-29 16:51:30.8209 (StateSyncRequestHandler.cs:18) 玩家ID:482734309785206785 移动到新位置: 6.3022876 , 0 , -4.3976254
2025-11-29 16:51:30.9138 (StateSyncRequestHandler.cs:18) 玩家ID:482734309785206785 移动方向: -0.21047014 , 0 , -0.9776003
2025-11-29 16:51:30.9138 (StateSyncRequestHandler.cs:18) 玩家ID:482734309785206785 移动到新位置: 6.2601933 , 0 , -4.5931454
2025-11-29 16:51:31.0053 (StateSyncRequestHandler.cs:18) 玩家ID:482734309785206785 移动方向: -0.21047014 , 0 , -0.9776003
2025-11-29 16:51:31.0053 (StateSyncRequestHandler.cs:18) 玩家ID:482734309785206785 移动到新位置: 6.218099 , 0 , -4.7886653
2025-11-29 16:51:31.1138 (StateSyncRequestHandler.cs:18) 玩家ID:482734309785206785 移动方向: -0.21047014 , 0 , -0.9776003
2025-11-29 16:51:31.1138 (StateSyncRequestHandler.cs:18) 玩家ID:482734309785206785 移动到新位置: 6.176005 , 0 , -4.984185
2025-11-29 16:51:31.2059 (StateSyncRequestHandler.cs:18) 玩家ID:482734309785206785 移动方向: -0.21047014 , 0 , -0.9776003
2025-11-29 16:51:31.2059 (StateSyncRequestHandler.cs:18) 玩家ID:482734309785206785 移动到新位置: 6.1339107 , 0 , -5.179705
2025-11-29 16:51:31.3139 (StateSyncRequestHandler.cs:18) 玩家ID:482734309785206785 移动方向: 0.5424429 , 0 , -0.84009266
2025-11-29 16:51:31.3139 (StateSyncRequestHandler.cs:18) 玩家ID:482734309785206785 移动到新位置: 6.242399 , 0 , -5.3477235
2025-11-29 16:51:31.4241 (StateSyncRequestHandler.cs:18) 玩家ID:482734309785206785 移动方向: 0.5424429 , 0 , -0.84009266
2025-11-29 16:51:31.4241 (StateSyncRequestHandler.cs:18) 玩家ID:482734309785206785 移动到新位置: 6.350888 , 0 , -5.515742
2025-11-29 16:51:31.5177 (StateSyncRequestHandler.cs:18) 玩家ID:482734309785206785 移动方向: 0.5424429 , 0 , -0.84009266
2025-11-29 16:51:31.5177 (StateSyncRequestHandler.cs:18) 玩家ID:482734309785206785 移动到新位置: 6.4593763 , 0 , -5.68376
2025-11-29 16:51:31.6091 (StateSyncRequestHandler.cs:18) 玩家ID:482734309785206785 移动方向: 0.9776003 , 0 , -0.21047014
2025-11-29 16:51:31.6091 (StateSyncRequestHandler.cs:18) 玩家ID:482734309785206785 移动到新位置: 6.6548963 , 0 , -5.7258544
2025-11-29 16:51:31.7186 (StateSyncRequestHandler.cs:18) 玩家ID:482734309785206785 移动方向: 0.8417259 , 0 , 0.5399052
2025-11-29 16:51:31.7186 (StateSyncRequestHandler.cs:18) 玩家ID:482734309785206785 移动到新位置: 6.823241 , 0 , -5.617873
2025-11-29 16:51:31.8277 (StateSyncRequestHandler.cs:18) 玩家ID:482734309785206785 移动方向: -0.3948284 , 0 , 0.9187549
2025-11-29 16:51:31.8277 (StateSyncRequestHandler.cs:18) 玩家ID:482734309785206785 移动到新位置: 6.7442756 , 0 , -5.434122
2025-11-29 16:51:31.9048 (StateSyncRequestHandler.cs:18) 玩家ID:482734309785206785 移动方向: -0.13331132 , 0 , 0.9910742
2025-11-29 16:51:31.9048 (StateSyncRequestHandler.cs:18) 玩家ID:482734309785206785 移动到新位置: 6.717613 , 0 , -5.235907
2025-11-29 16:51:32.0138 (StateSyncRequestHandler.cs:18) 玩家ID:482734309785206785 移动方向: 0.03304828 , 0 , 0.9994537
2025-11-29 16:51:32.0138 (StateSyncRequestHandler.cs:18) 玩家ID:482734309785206785 移动到新位置: 6.7242227 , 0 , -5.0360165
2025-11-29 16:51:32.1056 (StateSyncRequestHandler.cs:18) 玩家ID:482734309785206785 移动方向: 0.09050643 , 0 , 0.99589586
2025-11-29 16:51:32.1056 (StateSyncRequestHandler.cs:18) 玩家ID:482734309785206785 移动到新位置: 6.742324 , 0 , -4.8368373
2025-11-29 16:51:32.2144 (StateSyncRequestHandler.cs:18) 玩家ID:482734309785206785 移动方向: 0.11430742 , 0 , 0.9934454
2025-11-29 16:51:32.2144 (StateSyncRequestHandler.cs:18) 玩家ID:482734309785206785 移动到新位置: 6.7651854 , 0 , -4.6381483
2025-11-29 16:51:32.3077 (StateSyncRequestHandler.cs:18) 玩家ID:482734309785206785 移动方向: 0.1215775 , 0 , 0.99258196
2025-11-29 16:51:32.3077 (StateSyncRequestHandler.cs:18) 玩家ID:482734309785206785 移动到新位置: 6.7895007 , 0 , -4.439632
2025-11-29 16:51:32.4169 (StateSyncRequestHandler.cs:18) 玩家ID:482734309785206785 移动方向: 0.12417052 , 0 , 0.99226093
2025-11-29 16:51:32.4169 (StateSyncRequestHandler.cs:18) 玩家ID:482734309785206785 移动到新位置: 6.814335 , 0 , -4.24118
2025-11-29 16:51:32.5258 (StateSyncRequestHandler.cs:18) 玩家ID:482734309785206785 移动方向: 0.12500753 , 0 , 0.99215585
2025-11-29 16:51:32.5258 (StateSyncRequestHandler.cs:18) 玩家ID:482734309785206785 移动到新位置: 6.8393364 , 0 , -4.042749
2025-11-29 16:51:32.6032 (StateSyncRequestHandler.cs:18) 玩家ID:482734309785206785 移动方向: 0.79009104 , 0 , 0.61298954
2025-11-29 16:51:32.6032 (StateSyncRequestHandler.cs:18) 玩家ID:482734309785206785 移动到新位置: 6.9973545 , 0 , -3.920151
2025-11-29 16:51:32.7107 (StateSyncRequestHandler.cs:18) 玩家ID:482734309785206785 移动方向: 0.12194821 , 0 , 0.9925365
2025-11-29 16:51:32.7107 (StateSyncRequestHandler.cs:18) 玩家ID:482734309785206785 移动到新位置: 7.0217443 , 0 , -3.7216437
2025-11-29 16:51:32.8223 (StateSyncRequestHandler.cs:18) 玩家ID:482734309785206785 移动方向: 0.09724806 , 0 , 0.9952602
2025-11-29 16:51:32.8223 (StateSyncRequestHandler.cs:18) 玩家ID:482734309785206785 移动到新位置: 7.041194 , 0 , -3.5225916
2025-11-29 16:51:32.9132 (StateSyncRequestHandler.cs:18) 玩家ID:482734309785206785 移动方向: 0.0512284 , 0 , 0.99868697
2025-11-29 16:51:32.9132 (StateSyncRequestHandler.cs:18) 玩家ID:482734309785206785 移动到新位置: 7.05144 , 0 , -3.3228543
2025-11-29 16:51:33.0054 (StateSyncRequestHandler.cs:18) 玩家ID:482734309785206785 移动方向: 0.005818768 , 0 , 0.9999831
2025-11-29 16:51:33.0054 (StateSyncRequestHandler.cs:18) 玩家ID:482734309785206785 移动到新位置: 7.0526037 , 0 , -3.1228576
2025-11-29 16:51:33.1124 (StateSyncRequestHandler.cs:18) 玩家ID:482734309785206785 移动方向: -0.034513686 , 0 , 0.99940425
2025-11-29 16:51:33.1124 (StateSyncRequestHandler.cs:18) 玩家ID:482734309785206785 移动到新位置: 7.045701 , 0 , -2.9229767
2025-11-29 16:51:33.2050 (StateSyncRequestHandler.cs:18) 玩家ID:482734309785206785 移动方向: -0.05124292 , 0 , 0.9986862
2025-11-29 16:51:33.2050 (StateSyncRequestHandler.cs:18) 玩家ID:482734309785206785 移动到新位置: 7.0354524 , 0 , -2.7232394
2025-11-29 16:51:33.3138 (StateSyncRequestHandler.cs:18) 玩家ID:482734309785206785 移动方向: -0.06098043 , 0 , 0.99813896
2025-11-29 16:51:33.3138 (StateSyncRequestHandler.cs:18) 玩家ID:482734309785206785 移动到新位置: 7.0232563 , 0 , -2.5236115
2025-11-29 16:51:33.4061 (StateSyncRequestHandler.cs:18) 玩家ID:482734309785206785 移动方向: -0.064902775 , 0 , 0.99789155
2025-11-29 16:51:33.4061 (StateSyncRequestHandler.cs:18) 玩家ID:482734309785206785 移动到新位置: 7.010276 , 0 , -2.3240333
2025-11-29 16:51:33.5301 (StateSyncRequestHandler.cs:18) 玩家ID:482734309785206785 移动方向: -0.06676082 , 0 , 0.997769
2025-11-29 16:51:33.5301 (StateSyncRequestHandler.cs:18) 玩家ID:482734309785206785 移动到新位置: 6.9969234 , 0 , -2.1244795
2025-11-29 16:51:33.6225 (StateSyncRequestHandler.cs:18) 玩家ID:482734309785206785 移动方向: -0.10710228 , 0 , 0.994248
2025-11-29 16:51:33.6225 (StateSyncRequestHandler.cs:18) 玩家ID:482734309785206785 移动到新位置: 6.975503 , 0 , -1.92563
2025-11-29 16:51:33.7003 (StateSyncRequestHandler.cs:18) 玩家ID:482734309785206785 移动方向: -0.15030408 , 0 , 0.98863983
2025-11-29 16:51:33.7003 (StateSyncRequestHandler.cs:18) 玩家ID:482734309785206785 移动到新位置: 6.945442 , 0 , -1.727902
2025-11-29 16:51:33.8259 (StateSyncRequestHandler.cs:18) 玩家ID:482734309785206785 移动方向: -0.17704736 , 0 , 0.9842023
2025-11-29 16:51:33.8259 (StateSyncRequestHandler.cs:18) 玩家ID:482734309785206785 移动到新位置: 6.9100327 , 0 , -1.5310616
2025-11-29 16:51:33.9196 (StateSyncRequestHandler.cs:18) 玩家ID:482734309785206785 移动方向: -0.21439199 , 0 , 0.9767477
2025-11-29 16:51:33.9196 (StateSyncRequestHandler.cs:18) 玩家ID:482734309785206785 移动到新位置: 6.867154 , 0 , -1.3357121
2025-11-29 16:51:34.0113 (StateSyncRequestHandler.cs:18) 玩家ID:482734309785206785 移动方向: -0.4357963 , 0 , 0.90004534
2025-11-29 16:51:34.0113 (StateSyncRequestHandler.cs:18) 玩家ID:482734309785206785 移动到新位置: 6.779995 , 0 , -1.1557031
2025-11-29 16:51:34.1193 (StateSyncRequestHandler.cs:18) 玩家ID:482734309785206785 移动方向: -0.8091199 , 0 , 0.5876436
2025-11-29 16:51:34.1193 (StateSyncRequestHandler.cs:18) 玩家ID:482734309785206785 移动到新位置: 6.618171 , 0 , -1.0381744
2025-11-29 16:51:34.2100 (StateSyncRequestHandler.cs:18) 玩家ID:482734309785206785 移动方向: -0.9788911 , 0 , 0.2043824
2025-11-29 16:51:34.2100 (StateSyncRequestHandler.cs:18) 玩家ID:482734309785206785 移动到新位置: 6.422393 , 0 , -0.9972979
2025-11-29 16:51:34.3028 (StateSyncRequestHandler.cs:18) 玩家ID:482734309785206785 移动方向: -0.9825315 , 0 , -0.18609628
2025-11-29 16:51:34.3028 (StateSyncRequestHandler.cs:18) 玩家ID:482734309785206785 移动到新位置: 6.2258863 , 0 , -1.0345172
2025-11-29 16:51:34.4102 (StateSyncRequestHandler.cs:18) 玩家ID:482734309785206785 移动方向: -0.9391423 , 0 , -0.3435283
2025-11-29 16:51:34.4102 (StateSyncRequestHandler.cs:18) 玩家ID:482734309785206785 移动到新位置: 6.038058 , 0 , -1.1032228
2025-11-29 16:51:34.5045 (StateSyncRequestHandler.cs:18) 玩家ID:482734309785206785 移动方向: -0.9219058 , 0 , -0.38741407
2025-11-29 16:51:34.5053 (StateSyncRequestHandler.cs:18) 玩家ID:482734309785206785 移动到新位置: 5.853677 , 0 , -1.1807057
2025-11-29 16:51:34.6124 (StateSyncRequestHandler.cs:18) 玩家ID:482734309785206785 移动方向: -0.9103851 , 0 , -0.41376215
2025-11-29 16:51:34.6124 (StateSyncRequestHandler.cs:18) 玩家ID:482734309785206785 移动到新位置: 5.6716 , 0 , -1.2634581
2025-11-29 16:51:34.7059 (StateSyncRequestHandler.cs:18) 玩家ID:482734309785206785 移动方向: -0.90495527 , 0 , -0.42550662
2025-11-29 16:51:34.7059 (StateSyncRequestHandler.cs:18) 玩家ID:482734309785206785 移动到新位置: 5.4906087 , 0 , -1.3485595
2025-11-29 16:51:34.8126 (StateSyncRequestHandler.cs:18) 玩家ID:482734309785206785 移动方向: -0.9027453 , 0 , -0.43017542
2025-11-29 16:51:34.8126 (StateSyncRequestHandler.cs:18) 玩家ID:482734309785206785 移动到新位置: 5.3100595 , 0 , -1.4345946
2025-11-29 16:51:34.9219 (StateSyncRequestHandler.cs:18) 玩家ID:482734309785206785 移动方向: -0.9018266 , 0 , -0.43209812
2025-11-29 16:51:34.9219 (StateSyncRequestHandler.cs:18) 玩家ID:482734309785206785 移动到新位置: 5.1296945 , 0 , -1.5210142
2025-11-29 16:51:35.0134 (StateSyncRequestHandler.cs:18) 玩家ID:482734309785206785 移动方向: -0.901586 , 0 , -0.43259993
2025-11-29 16:51:35.0134 (StateSyncRequestHandler.cs:18) 玩家ID:482734309785206785 移动到新位置: 4.949377 , 0 , -1.6075342
2025-11-29 16:51:35.1199 (StateSyncRequestHandler.cs:18) 玩家ID:482734309785206785 移动方向: -0.90148985 , 0 , -0.43280017
2025-11-29 16:51:35.1199 (StateSyncRequestHandler.cs:18) 玩家ID:482734309785206785 移动到新位置: 4.769079 , 0 , -1.6940942
2025-11-29 16:51:35.2135 (StateSyncRequestHandler.cs:18) 玩家ID:482734309785206785 移动方向: -0.90146446 , 0 , -0.432853
2025-11-29 16:51:35.2135 (StateSyncRequestHandler.cs:18) 玩家ID:482734309785206785 移动到新位置: 4.588786 , 0 , -1.7806648
2025-11-29 16:51:35.3224 (StateSyncRequestHandler.cs:18) 玩家ID:482734309785206785 移动方向: -0.9014572 , 0 , -0.43286815
2025-11-29 16:51:35.3224 (StateSyncRequestHandler.cs:18) 玩家ID:482734309785206785 移动到新位置: 4.4084945 , 0 , -1.8672384
2025-11-29 16:51:35.4150 (StateSyncRequestHandler.cs:18) 玩家ID:482734309785206785 移动方向: -0.9014553 , 0 , -0.43287212
2025-11-29 16:51:35.4150 (StateSyncRequestHandler.cs:18) 玩家ID:482734309785206785 移动到新位置: 4.2282033 , 0 , -1.9538128
2025-11-29 16:51:35.5062 (StateSyncRequestHandler.cs:18) 玩家ID:482734309785206785 移动方向: -0.9014546 , 0 , -0.43287358
2025-11-29 16:51:35.5062 (StateSyncRequestHandler.cs:18) 玩家ID:482734309785206785 移动到新位置: 4.0479126 , 0 , -2.0403876
2025-11-29 16:51:35.5983 (StateSyncRequestHandler.cs:18) 玩家ID:482734309785206785 移动方向: -0.90145445 , 0 , -0.43287393
2025-11-29 16:51:35.5983 (StateSyncRequestHandler.cs:18) 玩家ID:482734309785206785 移动到新位置: 3.8676217 , 0 , -2.1269624
2025-11-29 16:51:35.7218 (StateSyncRequestHandler.cs:18) 玩家ID:482734309785206785 移动方向: -0.90145445 , 0 , -0.43287393
2025-11-29 16:51:35.7218 (StateSyncRequestHandler.cs:18) 玩家ID:482734309785206785 移动到新位置: 3.6873307 , 0 , -2.2135372
2025-11-29 16:51:35.8146 (StateSyncRequestHandler.cs:18) 玩家ID:482734309785206785 移动方向: -0.90145445 , 0 , -0.43287393
2025-11-29 16:51:35.8146 (StateSyncRequestHandler.cs:18) 玩家ID:482734309785206785 移动到新位置: 3.5070398 , 0 , -2.300112
2025-11-29 16:51:35.9054 (StateSyncRequestHandler.cs:18) 玩家ID:482734309785206785 移动方向: -0.90145445 , 0 , -0.43287393
2025-11-29 16:51:35.9054 (StateSyncRequestHandler.cs:18) 玩家ID:482734309785206785 移动到新位置: 3.3267488 , 0 , -2.3866868
2025-11-29 16:51:36.0139 (StateSyncRequestHandler.cs:18) 玩家ID:482734309785206785 移动方向: -0.90145445 , 0 , -0.43287393
2025-11-29 16:51:36.0139 (StateSyncRequestHandler.cs:18) 玩家ID:482734309785206785 移动到新位置: 3.146458 , 0 , -2.4732616
2025-11-29 16:51:36.1061 (StateSyncRequestHandler.cs:18) 玩家ID:482734309785206785 移动方向: -0.90878236 , 0 , -0.41727042
2025-11-29 16:51:36.1061 (StateSyncRequestHandler.cs:18) 玩家ID:482734309785206785 移动到新位置: 2.9647014 , 0 , -2.5567157
2025-11-29 16:51:36.2139 (StateSyncRequestHandler.cs:18) 玩家ID:482734309785206785 移动方向: -0.9836848 , 0 , -0.17990068
2025-11-29 16:51:36.2139 (StateSyncRequestHandler.cs:18) 玩家ID:482734309785206785 移动到新位置: 2.7679644 , 0 , -2.592696
2025-11-29 16:51:36.3061 (StateSyncRequestHandler.cs:18) 玩家ID:482734309785206785 移动方向: -0.9272949 , 0 , 0.3743316
2025-11-29 16:51:36.3061 (StateSyncRequestHandler.cs:18) 玩家ID:482734309785206785 移动到新位置: 2.5825055 , 0 , -2.5178297
2025-11-29 16:51:36.4134 (StateSyncRequestHandler.cs:18) 玩家ID:482734309785206785 移动方向: -0.56750214 , 0 , 0.8233719
2025-11-29 16:51:36.4134 (StateSyncRequestHandler.cs:18) 玩家ID:482734309785206785 移动到新位置: 2.469005 , 0 , -2.3531554
2025-11-29 16:51:36.5066 (StateSyncRequestHandler.cs:18) 玩家ID:482734309785206785 移动方向: -0.15454565 , 0 , 0.9879856
2025-11-29 16:51:36.5066 (StateSyncRequestHandler.cs:18) 玩家ID:482734309785206785 移动到新位置: 2.438096 , 0 , -2.1555583
2025-11-29 16:51:36.6157 (StateSyncRequestHandler.cs:18) 玩家ID:482734309785206785 移动方向: 0.21420506 , 0 , 0.97678876
2025-11-29 16:51:36.6157 (StateSyncRequestHandler.cs:18) 玩家ID:482734309785206785 移动到新位置: 2.480937 , 0 , -1.9602005
2025-11-29 16:51:36.7228 (StateSyncRequestHandler.cs:18) 玩家ID:482734309785206785 移动方向: 0.43625852 , 0 , 0.8998214
2025-11-29 16:51:36.7234 (StateSyncRequestHandler.cs:18) 玩家ID:482734309785206785 移动到新位置: 2.5681887 , 0 , -1.7802362
2025-11-29 16:51:36.7993 (StateSyncRequestHandler.cs:18) 玩家ID:482734309785206785 移动方向: 0.58011335 , 0 , 0.8145358
2025-11-29 16:51:36.7993 (StateSyncRequestHandler.cs:18) 玩家ID:482734309785206785 移动到新位置: 2.6842113 , 0 , -1.6173291
2025-11-29 16:51:36.9086 (StateSyncRequestHandler.cs:18) 玩家ID:482734309785206785 移动方向: 0.6869264 , 0 , 0.72672695
2025-11-29 16:51:36.9086 (StateSyncRequestHandler.cs:18) 玩家ID:482734309785206785 移动到新位置: 2.8215966 , 0 , -1.4719837
2025-11-29 16:51:37.0184 (StateSyncRequestHandler.cs:18) 玩家ID:482734309785206785 移动方向: 0.73610806 , 0 , 0.676864
2025-11-29 16:51:37.0184 (StateSyncRequestHandler.cs:18) 玩家ID:482734309785206785 移动到新位置: 2.9688182 , 0 , -1.3366109
2025-11-29 16:51:37.1098 (StateSyncRequestHandler.cs:18) 玩家ID:482734309785206785 移动方向: 0.7536517 , 0 , 0.65727407
2025-11-29 16:51:37.1098 (StateSyncRequestHandler.cs:18) 玩家ID:482734309785206785 移动到新位置: 3.1195486 , 0 , -1.2051561
2025-11-29 16:51:37.2196 (StateSyncRequestHandler.cs:18) 玩家ID:482734309785206785 移动方向: 0.7601139 , 0 , 0.64978987
2025-11-29 16:51:37.2196 (StateSyncRequestHandler.cs:18) 玩家ID:482734309785206785 移动到新位置: 3.2715714 , 0 , -1.0751982
2025-11-29 16:51:37.3140 (StateSyncRequestHandler.cs:18) 玩家ID:482734309785206785 移动方向: 0.7620464 , 0 , 0.64752245
2025-11-29 16:51:37.3140 (StateSyncRequestHandler.cs:18) 玩家ID:482734309785206785 移动到新位置: 3.4239807 , 0 , -0.9456937
2025-11-29 16:51:37.4058 (StateSyncRequestHandler.cs:18) 玩家ID:482734309785206785 移动方向: 0.75795716 , 0 , 0.65230435
2025-11-29 16:51:37.4058 (StateSyncRequestHandler.cs:18) 玩家ID:482734309785206785 移动到新位置: 3.5755723 , 0 , -0.8152328
2025-11-29 16:51:37.5150 (StateSyncRequestHandler.cs:18) 玩家ID:482734309785206785 移动方向: 0.71182716 , 0 , 0.7023547
2025-11-29 16:51:37.5150 (StateSyncRequestHandler.cs:18) 玩家ID:482734309785206785 移动到新位置: 3.7179377 , 0 , -0.6747619
2025-11-29 16:51:37.6227 (StateSyncRequestHandler.cs:18) 玩家ID:482734309785206785 移动方向: 0.99565053 , 0 , 0.093167305
2025-11-29 16:51:37.6227 (StateSyncRequestHandler.cs:18) 玩家ID:482734309785206785 移动到新位置: 3.9170678 , 0 , -0.6561284
2025-11-29 16:51:37.7140 (StateSyncRequestHandler.cs:18) 玩家ID:482734309785206785 移动方向: 0.80277616 , 0 , -0.5962805
2025-11-29 16:51:37.7140 (StateSyncRequestHandler.cs:18) 玩家ID:482734309785206785 移动到新位置: 4.077623 , 0 , -0.7753845
2025-11-29 16:51:37.8239 (StateSyncRequestHandler.cs:18) 玩家ID:482734309785206785 移动方向: -0.57754153 , 0 , -0.8163613
2025-11-29 16:51:37.8239 (StateSyncRequestHandler.cs:18) 玩家ID:482734309785206785 移动到新位置: 3.9621146 , 0 , -0.93865675
2025-11-29 16:51:37.9021 (StateSyncRequestHandler.cs:18) 玩家ID:482734309785206785 移动方向: -0.57197624 , 0 , -0.82027024
2025-11-29 16:51:37.9021 (StateSyncRequestHandler.cs:18) 玩家ID:482734309785206785 移动到新位置: 3.8477194 , 0 , -1.1027107
2025-11-29 16:51:38.0119 (StateSyncRequestHandler.cs:18) 玩家ID:482734309785206785 移动方向: -0.56949174 , 0 , -0.82199705
2025-11-29 16:51:38.0119 (StateSyncRequestHandler.cs:18) 玩家ID:482734309785206785 移动到新位置: 3.7338212 , 0 , -1.2671101
2025-11-29 16:51:38.1052 (StateSyncRequestHandler.cs:18) 玩家ID:482734309785206785 移动方向: -0.5688721 , 0 , -0.82242596
2025-11-29 16:51:38.1052 (StateSyncRequestHandler.cs:18) 玩家ID:482734309785206785 移动到新位置: 3.6200466 , 0 , -1.4315953
2025-11-29 16:51:38.2126 (StateSyncRequestHandler.cs:18) 玩家ID:482734309785206785 移动方向: -0.5686527 , 0 , -0.8225777
2025-11-29 16:51:38.2126 (StateSyncRequestHandler.cs:18) 玩家ID:482734309785206785 移动到新位置: 3.5063162 , 0 , -1.5961108
2025-11-29 16:51:38.3040 (StateSyncRequestHandler.cs:18) 玩家ID:482734309785206785 移动方向: -0.56858987 , 0 , -0.82262117
2025-11-29 16:51:38.3040 (StateSyncRequestHandler.cs:18) 玩家ID:482734309785206785 移动到新位置: 3.3925982 , 0 , -1.760635
2025-11-29 16:51:38.4131 (StateSyncRequestHandler.cs:18) 玩家ID:482734309785206785 移动方向: -0.5685692 , 0 , -0.8226355
2025-11-29 16:51:38.4131 (StateSyncRequestHandler.cs:18) 玩家ID:482734309785206785 移动到新位置: 3.2788844 , 0 , -1.9251621
2025-11-29 16:51:38.5210 (StateSyncRequestHandler.cs:18) 玩家ID:482734309785206785 移动方向: -0.5685627 , 0 , -0.82263994
2025-11-29 16:51:38.5210 (StateSyncRequestHandler.cs:18) 玩家ID:482734309785206785 移动到新位置: 3.1651719 , 0 , -2.08969
2025-11-29 16:51:38.6149 (StateSyncRequestHandler.cs:18) 玩家ID:482734309785206785 移动方向: -0.5685611 , 0 , -0.822641
2025-11-29 16:51:38.6149 (StateSyncRequestHandler.cs:18) 玩家ID:482734309785206785 移动到新位置: 3.0514596 , 0 , -2.254218
2025-11-29 16:51:38.7071 (StateSyncRequestHandler.cs:18) 玩家ID:482734309785206785 移动方向: -0.56616944 , 0 , -0.8242889
2025-11-29 16:51:38.7077 (StateSyncRequestHandler.cs:18) 玩家ID:482734309785206785 移动到新位置: 2.9382257 , 0 , -2.419076
2025-11-29 16:51:38.8153 (StateSyncRequestHandler.cs:18) 玩家ID:482734309785206785 移动方向: -0.5409891 , 0 , -0.8410296
2025-11-29 16:51:38.8153 (StateSyncRequestHandler.cs:18) 玩家ID:482734309785206785 移动到新位置: 2.8300278 , 0 , -2.587282
2025-11-29 16:51:38.9223 (StateSyncRequestHandler.cs:18) 玩家ID:482734309785206785 移动方向: -0.51049244 , 0 , -0.85988224
2025-11-29 16:51:38.9223 (StateSyncRequestHandler.cs:18) 玩家ID:482734309785206785 移动到新位置: 2.7279294 , 0 , -2.7592583
2025-11-29 16:51:39.0296 (StateSyncRequestHandler.cs:18) 玩家ID:482734309785206785 移动方向: -0.47944358 , 0 , -0.8775727
2025-11-29 16:51:39.0296 (StateSyncRequestHandler.cs:18) 玩家ID:482734309785206785 移动到新位置: 2.6320407 , 0 , -2.9347727
2025-11-29 16:51:39.1215 (StateSyncRequestHandler.cs:18) 玩家ID:482734309785206785 移动方向: -0.46086708 , 0 , -0.8874692
2025-11-29 16:51:39.1215 (StateSyncRequestHandler.cs:18) 玩家ID:482734309785206785 移动到新位置: 2.5398674 , 0 , -3.1122665
2025-11-29 16:51:39.2151 (StateSyncRequestHandler.cs:18) 玩家ID:482734309785206785 移动方向: -0.42754978 , 0 , -0.9039918
2025-11-29 16:51:39.2151 (StateSyncRequestHandler.cs:18) 玩家ID:482734309785206785 移动到新位置: 2.4543574 , 0 , -3.2930648
2025-11-29 16:51:39.3087 (StateSyncRequestHandler.cs:18) 玩家ID:482734309785206785 移动方向: -0.24453712 , 0 , -0.96963996
2025-11-29 16:51:39.3087 (StateSyncRequestHandler.cs:18) 玩家ID:482734309785206785 移动到新位置: 2.4054499 , 0 , -3.4869928
2025-11-29 16:51:39.3999 (StateSyncRequestHandler.cs:18) 玩家ID:482734309785206785 移动方向: 0.1723913 , 0 , -0.9850285
2025-11-29 16:51:39.3999 (StateSyncRequestHandler.cs:18) 玩家ID:482734309785206785 移动到新位置: 2.439928 , 0 , -3.6839986
2025-11-29 16:51:39.5076 (StateSyncRequestHandler.cs:18) 玩家ID:482734309785206785 移动方向: 0.44976372 , 0 , -0.8931476
2025-11-29 16:51:39.5076 (StateSyncRequestHandler.cs:18) 玩家ID:482734309785206785 移动到新位置: 2.5298808 , 0 , -3.862628
2025-11-29 16:51:39.6292 (StateSyncRequestHandler.cs:18) 玩家ID:482734309785206785 移动方向: 0.56711936 , 0 , -0.82363564
2025-11-29 16:51:39.6292 (StateSyncRequestHandler.cs:18) 玩家ID:482734309785206785 移动到新位置: 2.6433046 , 0 , -4.027355
2025-11-29 16:51:39.7068 (StateSyncRequestHandler.cs:18) 玩家ID:482734309785206785 移动方向: 0.59798527 , 0 , -0.80150706
2025-11-29 16:51:39.7068 (StateSyncRequestHandler.cs:18) 玩家ID:482734309785206785 移动到新位置: 2.7629015 , 0 , -4.1876564
2025-11-29 16:51:39.8156 (StateSyncRequestHandler.cs:18) 玩家ID:482734309785206785 移动方向: 0.6104551 , 0 , -0.7920509
2025-11-29 16:51:39.8156 (StateSyncRequestHandler.cs:18) 玩家ID:482734309785206785 移动到新位置: 2.8849926 , 0 , -4.3460665
2025-11-29 16:51:39.9090 (StateSyncRequestHandler.cs:18) 玩家ID:482734309785206785 移动方向: 0.61437595 , 0 , -0.78901345
2025-11-29 16:51:39.9090 (StateSyncRequestHandler.cs:18) 玩家ID:482734309785206785 移动到新位置: 3.0078678 , 0 , -4.503869
2025-11-29 16:51:40.0026 (StateSyncRequestHandler.cs:18) 玩家ID:482734309785206785 移动方向: 0.6154724 , 0 , -0.7881585
2025-11-29 16:51:40.0026 (StateSyncRequestHandler.cs:18) 玩家ID:482734309785206785 移动到新位置: 3.1309624 , 0 , -4.661501
2025-11-29 16:51:40.1109 (StateSyncRequestHandler.cs:18) 玩家ID:482734309785206785 移动方向: 0.615853 , 0 , -0.78786105
2025-11-29 16:51:40.1109 (StateSyncRequestHandler.cs:18) 玩家ID:482734309785206785 移动到新位置: 3.254133 , 0 , -4.819073
2025-11-29 16:51:40.2041 (StateSyncRequestHandler.cs:18) 玩家ID:482734309785206785 移动方向: 0.6159597 , 0 , -0.7877776
2025-11-29 16:51:40.2041 (StateSyncRequestHandler.cs:18) 玩家ID:482734309785206785 移动到新位置: 3.3773248 , 0 , -4.976629
2025-11-29 16:51:40.3123 (StateSyncRequestHandler.cs:18) 玩家ID:482734309785206785 移动方向: 0.6159947 , 0 , -0.78775024
2025-11-29 16:51:40.3123 (StateSyncRequestHandler.cs:18) 玩家ID:482734309785206785 移动到新位置: 3.5005238 , 0 , -5.1341786
2025-11-29 16:51:40.4053 (StateSyncRequestHandler.cs:18) 玩家ID:482734309785206785 移动方向: 0.61600304 , 0 , -0.7877438
2025-11-29 16:51:40.4053 (StateSyncRequestHandler.cs:18) 玩家ID:482734309785206785 移动到新位置: 3.6237245 , 0 , -5.2917275
2025-11-29 16:51:40.5128 (StateSyncRequestHandler.cs:18) 玩家ID:482734309785206785 移动方向: 0.6160056 , 0 , -0.7877418
2025-11-29 16:51:40.5128 (StateSyncRequestHandler.cs:18) 玩家ID:482734309785206785 移动到新位置: 3.7469256 , 0 , -5.449276
2025-11-29 16:51:40.6205 (StateSyncRequestHandler.cs:18) 玩家ID:482734309785206785 移动方向: 0.6160065 , 0 , -0.7877411
2025-11-29 16:51:40.6205 (StateSyncRequestHandler.cs:18) 玩家ID:482734309785206785 移动到新位置: 3.870127 , 0 , -5.6068244
2025-11-29 16:51:40.7153 (StateSyncRequestHandler.cs:18) 玩家ID:482734309785206785 移动方向: 0.6160066 , 0 , -0.78774095
2025-11-29 16:51:40.7153 (StateSyncRequestHandler.cs:18) 玩家ID:482734309785206785 移动到新位置: 3.9933283 , 0 , -5.764373
2025-11-29 16:51:40.8082 (StateSyncRequestHandler.cs:18) 玩家ID:482734309785206785 移动方向: -0.12143451 , 0 , -0.9925995
2025-11-29 16:51:40.8082 (StateSyncRequestHandler.cs:18) 玩家ID:482734309785206785 移动到新位置: 3.9690413 , 0 , -5.9628925
2025-11-29 16:51:40.9145 (StateSyncRequestHandler.cs:18) 玩家ID:482734309785206785 移动方向: -0.12143451 , 0 , -0.9925995
2025-11-29 16:51:40.9145 (StateSyncRequestHandler.cs:18) 玩家ID:482734309785206785 移动到新位置: 3.9447544 , 0 , -6.1614122
2025-11-29 16:51:41.0075 (StateSyncRequestHandler.cs:18) 玩家ID:482734309785206785 移动方向: -0.12143451 , 0 , -0.9925995
2025-11-29 16:51:41.0075 (StateSyncRequestHandler.cs:18) 玩家ID:482734309785206785 移动到新位置: 3.9204674 , 0 , -6.359932
2025-11-29 16:51:41.1164 (StateSyncRequestHandler.cs:18) 玩家ID:482734309785206785 移动方向: -0.12143451 , 0 , -0.9925995
2025-11-29 16:51:41.1164 (StateSyncRequestHandler.cs:18) 玩家ID:482734309785206785 移动到新位置: 3.8961804 , 0 , -6.5584517
2025-11-29 16:51:41.2099 (StateSyncRequestHandler.cs:18) 玩家ID:482734309785206785 移动方向: -0.12143451 , 0 , -0.9925995
2025-11-29 16:51:41.2099 (StateSyncRequestHandler.cs:18) 玩家ID:482734309785206785 移动到新位置: 3.8718934 , 0 , -6.7569714
2025-11-29 16:51:41.3185 (StateSyncRequestHandler.cs:18) 玩家ID:482734309785206785 移动方向: -0.12143451 , 0 , -0.9925995
2025-11-29 16:51:41.3185 (StateSyncRequestHandler.cs:18) 玩家ID:482734309785206785 移动到新位置: 3.8476064 , 0 , -6.955491
2025-11-29 16:51:41.4134 (StateSyncRequestHandler.cs:18) 玩家ID:482734309785206785 移动方向: -0.12143451 , 0 , -0.9925995
2025-11-29 16:51:41.4134 (StateSyncRequestHandler.cs:18) 玩家ID:482734309785206785 移动到新位置: 3.8233194 , 0 , -7.154011
2025-11-29 16:51:41.5051 (StateSyncRequestHandler.cs:18) 玩家ID:482734309785206785 移动方向: -0.12143451 , 0 , -0.9925995
2025-11-29 16:51:41.5051 (StateSyncRequestHandler.cs:18) 玩家ID:482734309785206785 移动到新位置: 3.7990324 , 0 , -7.3525305
2025-11-29 16:51:41.6135 (StateSyncRequestHandler.cs:18) 玩家ID:482734309785206785 移动方向: -0.12143451 , 0 , -0.9925995
2025-11-29 16:51:41.6135 (StateSyncRequestHandler.cs:18) 玩家ID:482734309785206785 移动到新位置: 3.7747455 , 0 , -7.55105
2025-11-29 16:51:41.7065 (StateSyncRequestHandler.cs:18) 玩家ID:482734309785206785 移动方向: 0.6160066 , 0 , -0.78774095
2025-11-29 16:51:41.7065 (StateSyncRequestHandler.cs:18) 玩家ID:482734309785206785 移动到新位置: 3.8979468 , 0 , -7.708598
2025-11-29 16:51:41.8148 (StateSyncRequestHandler.cs:18) 玩家ID:482734309785206785 移动方向: 0.6160066 , 0 , -0.78774095
2025-11-29 16:51:41.8148 (StateSyncRequestHandler.cs:18) 玩家ID:482734309785206785 移动到新位置: 4.021148 , 0 , -7.866146
2025-11-29 16:51:41.9223 (StateSyncRequestHandler.cs:18) 玩家ID:482734309785206785 移动方向: 0.9925994 , 0 , -0.12143448
2025-11-29 16:51:41.9223 (StateSyncRequestHandler.cs:18) 玩家ID:482734309785206785 移动到新位置: 4.219668 , 0 , -7.890433
2025-11-29 16:51:42.0129 (StateSyncRequestHandler.cs:18) 玩家ID:482734309785206785 移动方向: 0.9925994 , 0 , -0.12143448
2025-11-29 16:51:42.0129 (StateSyncRequestHandler.cs:18) 玩家ID:482734309785206785 移动到新位置: 4.4181876 , 0 , -7.9147196
2025-11-29 16:51:42.1228 (StateSyncRequestHandler.cs:18) 玩家ID:482734309785206785 移动方向: 0.9925994 , 0 , -0.12143448
2025-11-29 16:51:42.1228 (StateSyncRequestHandler.cs:18) 玩家ID:482734309785206785 移动到新位置: 4.6167073 , 0 , -7.9390063
2025-11-29 16:51:42.1989 (StateSyncRequestHandler.cs:18) 玩家ID:482734309785206785 移动方向: 0.9925994 , 0 , -0.12143448
2025-11-29 16:51:42.1989 (StateSyncRequestHandler.cs:18) 玩家ID:482734309785206785 移动到新位置: 4.815227 , 0 , -7.963293
2025-11-29 16:51:42.3077 (StateSyncRequestHandler.cs:18) 玩家ID:482734309785206785 移动方向: 0.6160066 , 0 , -0.78774095
2025-11-29 16:51:42.3077 (StateSyncRequestHandler.cs:18) 玩家ID:482734309785206785 移动到新位置: 4.9384284 , 0 , -8.120841
2025-11-29 16:51:42.4177 (StateSyncRequestHandler.cs:18) 玩家ID:482734309785206785 移动方向: 0.6160066 , 0 , -0.78774095
2025-11-29 16:51:42.4177 (StateSyncRequestHandler.cs:18) 玩家ID:482734309785206785 移动到新位置: 5.06163 , 0 , -8.278389
2025-11-29 16:51:42.5259 (StateSyncRequestHandler.cs:18) 玩家ID:482734309785206785 移动方向: -0.12143451 , 0 , -0.9925995
2025-11-29 16:51:42.5259 (StateSyncRequestHandler.cs:18) 玩家ID:482734309785206785 移动到新位置: 5.037343 , 0 , -8.476909
2025-11-29 16:51:42.6035 (StateSyncRequestHandler.cs:18) 玩家ID:482734309785206785 移动方向: -0.12143451 , 0 , -0.9925995
2025-11-29 16:51:42.6035 (StateSyncRequestHandler.cs:18) 玩家ID:482734309785206785 移动到新位置: 5.0130563 , 0 , -8.675428
2025-11-29 16:51:42.7110 (StateSyncRequestHandler.cs:18) 玩家ID:482734309785206785 移动方向: 0.9925994 , 0 , -0.12143448
2025-11-29 16:51:42.7110 (StateSyncRequestHandler.cs:18) 玩家ID:482734309785206785 移动到新位置: 5.211576 , 0 , -8.699716
2025-11-29 16:51:42.8201 (StateSyncRequestHandler.cs:18) 玩家ID:482734309785206785 移动方向: 0.9925994 , 0 , -0.12143448
2025-11-29 16:51:42.8201 (StateSyncRequestHandler.cs:18) 玩家ID:482734309785206785 移动到新位置: 5.4100957 , 0 , -8.724003
2025-11-29 16:51:42.9129 (StateSyncRequestHandler.cs:18) 玩家ID:482734309785206785 移动方向: 0.9925994 , 0 , -0.12143448
2025-11-29 16:51:42.9129 (StateSyncRequestHandler.cs:18) 玩家ID:482734309785206785 移动到新位置: 5.6086154 , 0 , -8.74829
2025-11-29 16:51:43.0058 (StateSyncRequestHandler.cs:18) 玩家ID:482734309785206785 移动方向: 0.78774095 , 0 , 0.6160067
2025-11-29 16:51:43.0058 (StateSyncRequestHandler.cs:18) 玩家ID:482734309785206785 移动到新位置: 5.766164 , 0 , -8.625089
2025-11-29 16:51:43.1143 (StateSyncRequestHandler.cs:18) 玩家ID:482734309785206785 移动方向: 0.78774095 , 0 , 0.6160067
2025-11-29 16:51:43.1143 (StateSyncRequestHandler.cs:18) 玩家ID:482734309785206785 移动到新位置: 5.923712 , 0 , -8.501887
2025-11-29 16:51:43.2217 (StateSyncRequestHandler.cs:18) 玩家ID:482734309785206785 移动方向: 0.78774095 , 0 , 0.6160067
2025-11-29 16:51:43.2217 (StateSyncRequestHandler.cs:18) 玩家ID:482734309785206785 移动到新位置: 6.0812597 , 0 , -8.378686
2025-11-29 16:51:43.3145 (StateSyncRequestHandler.cs:18) 玩家ID:482734309785206785 移动方向: 0.6160066 , 0 , -0.78774095
2025-11-29 16:51:43.3145 (StateSyncRequestHandler.cs:18) 玩家ID:482734309785206785 移动到新位置: 6.204461 , 0 , -8.536234
2025-11-29 16:51:43.4079 (StateSyncRequestHandler.cs:18) 玩家ID:482734309785206785 移动方向: 0.6160066 , 0 , -0.78774095
2025-11-29 16:51:43.4079 (StateSyncRequestHandler.cs:18) 玩家ID:482734309785206785 移动到新位置: 6.3276625 , 0 , -8.693782
2025-11-29 16:51:43.5150 (StateSyncRequestHandler.cs:18) 玩家ID:482734309785206785 移动方向: 0.6160066 , 0 , -0.78774095
2025-11-29 16:51:43.5150 (StateSyncRequestHandler.cs:18) 玩家ID:482734309785206785 移动到新位置: 6.450864 , 0 , -8.85133
2025-11-29 16:51:43.6073 (StateSyncRequestHandler.cs:18) 玩家ID:482734309785206785 移动方向: 0.6160066 , 0 , -0.78774095
2025-11-29 16:51:43.6073 (StateSyncRequestHandler.cs:18) 玩家ID:482734309785206785 移动到新位置: 6.574065 , 0 , -9.008878
2025-11-29 16:51:43.7161 (StateSyncRequestHandler.cs:18) 玩家ID:482734309785206785 移动方向: 0.6160066 , 0 , -0.78774095
2025-11-29 16:51:43.7161 (StateSyncRequestHandler.cs:18) 玩家ID:482734309785206785 移动到新位置: 6.6972666 , 0 , -9.166426
2025-11-29 16:51:43.8075 (StateSyncRequestHandler.cs:18) 玩家ID:482734309785206785 移动方向: 0.78774095 , 0 , 0.6160067
2025-11-29 16:51:43.8075 (StateSyncRequestHandler.cs:18) 玩家ID:482734309785206785 移动到新位置: 6.8548145 , 0 , -9.043224
2025-11-29 16:51:43.9170 (StateSyncRequestHandler.cs:18) 玩家ID:482734309785206785 移动方向: 0.78774095 , 0 , 0.6160067
2025-11-29 16:51:43.9170 (StateSyncRequestHandler.cs:18) 玩家ID:482734309785206785 移动到新位置: 7.0123625 , 0 , -8.920023
2025-11-29 16:51:44.0091 (StateSyncRequestHandler.cs:18) 玩家ID:482734309785206785 移动方向: 0.78774095 , 0 , 0.6160067
2025-11-29 16:51:44.0091 (StateSyncRequestHandler.cs:18) 玩家ID:482734309785206785 移动到新位置: 7.1699104 , 0 , -8.796822
2025-11-29 16:51:44.1165 (StateSyncRequestHandler.cs:18) 玩家ID:482734309785206785 移动方向: -0.6160066 , 0 , 0.78774095
2025-11-29 16:51:44.1165 (StateSyncRequestHandler.cs:18) 玩家ID:482734309785206785 移动到新位置: 7.046709 , 0 , -8.639274
2025-11-29 16:51:44.2251 (StateSyncRequestHandler.cs:18) 玩家ID:482734309785206785 移动方向: -0.6160066 , 0 , 0.78774095
2025-11-29 16:51:44.2251 (StateSyncRequestHandler.cs:18) 玩家ID:482734309785206785 移动到新位置: 6.9235077 , 0 , -8.481726
2025-11-29 16:51:44.3025 (StateSyncRequestHandler.cs:18) 玩家ID:482734309785206785 移动方向: -0.9925994 , 0 , 0.12143448
2025-11-29 16:51:44.3025 (StateSyncRequestHandler.cs:18) 玩家ID:482734309785206785 移动到新位置: 6.724988 , 0 , -8.457438
2025-11-29 16:51:44.4105 (StateSyncRequestHandler.cs:18) 玩家ID:482734309785206785 移动方向: -0.9925994 , 0 , 0.12143448
2025-11-29 16:51:44.4111 (StateSyncRequestHandler.cs:18) 玩家ID:482734309785206785 移动到新位置: 6.5264683 , 0 , -8.433151
2025-11-29 16:51:44.5177 (StateSyncRequestHandler.cs:18) 玩家ID:482734309785206785 移动方向: -0.6160066 , 0 , 0.78774095
2025-11-29 16:51:44.5177 (StateSyncRequestHandler.cs:18) 玩家ID:482734309785206785 移动到新位置: 6.403267 , 0 , -8.275603
2025-11-29 16:51:44.6283 (StateSyncRequestHandler.cs:18) 玩家ID:482734309785206785 移动方向: 0.12143451 , 0 , 0.9925995
2025-11-29 16:51:44.6283 (StateSyncRequestHandler.cs:18) 玩家ID:482734309785206785 移动到新位置: 6.4275537 , 0 , -8.077084
2025-11-29 16:51:44.7184 (StateSyncRequestHandler.cs:18) 玩家ID:482734309785206785 移动方向: 0.12143451 , 0 , 0.9925995
2025-11-29 16:51:44.7184 (StateSyncRequestHandler.cs:18) 玩家ID:482734309785206785 移动到新位置: 6.4518404 , 0 , -7.878564
2025-11-29 16:51:44.8104 (StateSyncRequestHandler.cs:18) 玩家ID:482734309785206785 移动方向: 0.12143451 , 0 , 0.9925995
2025-11-29 16:51:44.8104 (StateSyncRequestHandler.cs:18) 玩家ID:482734309785206785 移动到新位置: 6.476127 , 0 , -7.680044
2025-11-29 16:51:44.9033 (StateSyncRequestHandler.cs:18) 玩家ID:482734309785206785 移动方向: -0.9925994 , 0 , 0.12143448
2025-11-29 16:51:44.9033 (StateSyncRequestHandler.cs:18) 玩家ID:482734309785206785 移动到新位置: 6.2776074 , 0 , -7.6557574
2025-11-29 16:51:45.0132 (StateSyncRequestHandler.cs:18) 玩家ID:482734309785206785 移动方向: -0.9925994 , 0 , 0.12143448
2025-11-29 16:51:45.0132 (StateSyncRequestHandler.cs:18) 玩家ID:482734309785206785 移动到新位置: 6.0790877 , 0 , -7.6314707
2025-11-29 16:51:45.1051 (StateSyncRequestHandler.cs:18) 玩家ID:482734309785206785 移动方向: -0.6160066 , 0 , 0.78774095
2025-11-29 16:51:45.1051 (StateSyncRequestHandler.cs:18) 玩家ID:482734309785206785 移动到新位置: 5.9558864 , 0 , -7.4739227
2025-11-29 16:51:45.2131 (StateSyncRequestHandler.cs:18) 玩家ID:482734309785206785 移动方向: -0.6160066 , 0 , 0.78774095
2025-11-29 16:51:45.2131 (StateSyncRequestHandler.cs:18) 玩家ID:482734309785206785 移动到新位置: 5.832685 , 0 , -7.316375
2025-11-29 16:51:45.3058 (StateSyncRequestHandler.cs:18) 玩家ID:482734309785206785 移动方向: -0.6160066 , 0 , 0.78774095
2025-11-29 16:51:45.3058 (StateSyncRequestHandler.cs:18) 玩家ID:482734309785206785 移动到新位置: 5.7094836 , 0 , -7.158827
2025-11-29 16:51:45.4150 (StateSyncRequestHandler.cs:18) 玩家ID:482734309785206785 移动方向: -0.6160066 , 0 , 0.78774095
2025-11-29 16:51:45.4150 (StateSyncRequestHandler.cs:18) 玩家ID:482734309785206785 移动到新位置: 5.5862823 , 0 , -7.001279
2025-11-29 16:51:45.5213 (StateSyncRequestHandler.cs:18) 玩家ID:482734309785206785 移动到新位置: 5.5862823 , 0 , -7.001279
2025-11-29 16:51:50.3110 (StateSyncRequestHandler.cs:18) 玩家ID:482734309785206785 移动方向: 0.5607574 , 0 , -0.82798016
2025-11-29 16:51:50.3110 (StateSyncRequestHandler.cs:18) 玩家ID:482734309785206785 移动到新位置: 5.698434 , 0 , -7.166875
2025-11-29 16:51:50.4188 (StateSyncRequestHandler.cs:18) 玩家ID:482734309785206785 移动方向: 0.55752236 , 0 , -0.8301619
2025-11-29 16:51:50.4188 (StateSyncRequestHandler.cs:18) 玩家ID:482734309785206785 移动到新位置: 5.8099384 , 0 , -7.332907
2025-11-29 16:51:50.5122 (StateSyncRequestHandler.cs:18) 玩家ID:482734309785206785 移动方向: 0.5562923 , 0 , -0.8309866
2025-11-29 16:51:50.5122 (StateSyncRequestHandler.cs:18) 玩家ID:482734309785206785 移动到新位置: 5.921197 , 0 , -7.4991045
2025-11-29 16:51:50.6047 (StateSyncRequestHandler.cs:18) 玩家ID:482734309785206785 移动到新位置: 5.921197 , 0 , -7.4991045
2025-11-29 16:51:52.2033 (StateSyncRequestHandler.cs:18) 玩家ID:482734309785206785 移动方向: 0.5555726 , 0 , -0.83146805
2025-11-29 16:51:52.2033 (StateSyncRequestHandler.cs:18) 玩家ID:482734309785206785 移动到新位置: 6.0323114 , 0 , -7.665398
2025-11-29 16:51:52.3106 (StateSyncRequestHandler.cs:18) 玩家ID:482734309785206785 移动方向: 0.5555726 , 0 , -0.83146805
2025-11-29 16:51:52.3106 (StateSyncRequestHandler.cs:18) 玩家ID:482734309785206785 移动到新位置: 6.143426 , 0 , -7.8316917
2025-11-29 16:51:52.4033 (StateSyncRequestHandler.cs:18) 玩家ID:482734309785206785 移动方向: 0.5555726 , 0 , -0.83146805
2025-11-29 16:51:52.4033 (StateSyncRequestHandler.cs:18) 玩家ID:482734309785206785 移动到新位置: 6.2545404 , 0 , -7.9979854
2025-11-29 16:51:52.5124 (StateSyncRequestHandler.cs:18) 玩家ID:482734309785206785 移动方向: 0.5555726 , 0 , -0.83146805
2025-11-29 16:51:52.5124 (StateSyncRequestHandler.cs:18) 玩家ID:482734309785206785 移动到新位置: 6.365655 , 0 , -8.164279
2025-11-29 16:51:52.6197 (StateSyncRequestHandler.cs:18) 玩家ID:482734309785206785 移动到新位置: 6.365655 , 0 , -8.164279
2025-11-29 16:51:53.3126 (StateSyncRequestHandler.cs:18) 玩家ID:482734309785206785 移动方向: 0.5555726 , 0 , -0.83146805
2025-11-29 16:51:53.3126 (StateSyncRequestHandler.cs:18) 玩家ID:482734309785206785 移动到新位置: 6.4767694 , 0 , -8.330572
2025-11-29 16:51:53.4240 (StateSyncRequestHandler.cs:18) 玩家ID:482734309785206785 移动方向: 0.5555726 , 0 , -0.83146805
2025-11-29 16:51:53.4240 (StateSyncRequestHandler.cs:18) 玩家ID:482734309785206785 移动到新位置: 6.587884 , 0 , -8.496865
2025-11-29 16:51:53.5019 (StateSyncRequestHandler.cs:18) 玩家ID:482734309785206785 移动方向: 0.5555726 , 0 , -0.83146805
2025-11-29 16:51:53.5019 (StateSyncRequestHandler.cs:18) 玩家ID:482734309785206785 移动到新位置: 6.6989985 , 0 , -8.663158
2025-11-29 16:51:53.6108 (StateSyncRequestHandler.cs:18) 玩家ID:482734309785206785 移动方向: 0.5555726 , 0 , -0.83146805
2025-11-29 16:51:53.6108 (StateSyncRequestHandler.cs:18) 玩家ID:482734309785206785 移动到新位置: 6.810113 , 0 , -8.829452
2025-11-29 16:51:53.7177 (StateSyncRequestHandler.cs:18) 玩家ID:482734309785206785 移动方向: 0.5555726 , 0 , -0.83146805
2025-11-29 16:51:53.7177 (StateSyncRequestHandler.cs:18) 玩家ID:482734309785206785 移动到新位置: 6.9212275 , 0 , -8.995745
2025-11-29 16:51:53.8095 (StateSyncRequestHandler.cs:18) 玩家ID:482734309785206785 移动方向: 0.5555726 , 0 , -0.83146805
2025-11-29 16:51:53.8095 (StateSyncRequestHandler.cs:18) 玩家ID:482734309785206785 移动到新位置: 7.032342 , 0 , -9.162038
2025-11-29 16:51:53.9177 (StateSyncRequestHandler.cs:18) 玩家ID:482734309785206785 移动到新位置: 7.032342 , 0 , -9.162038
2025-11-29 16:51:54.6278 (StateSyncRequestHandler.cs:18) 玩家ID:482734309785206785 移动方向: 0.5555726 , 0 , -0.83146805
2025-11-29 16:51:54.6278 (StateSyncRequestHandler.cs:18) 玩家ID:482734309785206785 移动到新位置: 7.1434565 , 0 , -9.328331
2025-11-29 16:51:54.7065 (StateSyncRequestHandler.cs:18) 玩家ID:482734309785206785 移动方向: 0.5555726 , 0 , -0.83146805
2025-11-29 16:51:54.7065 (StateSyncRequestHandler.cs:18) 玩家ID:482734309785206785 移动到新位置: 7.254571 , 0 , -9.494624
2025-11-29 16:51:54.8139 (StateSyncRequestHandler.cs:18) 玩家ID:482734309785206785 移动方向: 0.5555726 , 0 , -0.83146805
2025-11-29 16:51:54.8139 (StateSyncRequestHandler.cs:18) 玩家ID:482734309785206785 移动到新位置: 7.3656855 , 0 , -9.660917
2025-11-29 16:51:54.9051 (StateSyncRequestHandler.cs:18) 玩家ID:482734309785206785 移动方向: 0.5555726 , 0 , -0.83146805
2025-11-29 16:51:54.9051 (StateSyncRequestHandler.cs:18) 玩家ID:482734309785206785 移动到新位置: 7.4768 , 0 , -9.82721
2025-11-29 16:51:55.0128 (StateSyncRequestHandler.cs:18) 玩家ID:482734309785206785 移动到新位置: 7.4768 , 0 , -9.82721
2025-11-29 16:51:55.8136 (StateSyncRequestHandler.cs:18) 玩家ID:482734309785206785 移动方向: 0.5555726 , 0 , -0.83146805
2025-11-29 16:51:55.8136 (StateSyncRequestHandler.cs:18) 玩家ID:482734309785206785 移动到新位置: 7.5879145 , 0 , -9.993504
2025-11-29 16:51:55.9063 (StateSyncRequestHandler.cs:18) 玩家ID:482734309785206785 移动方向: 0.5555726 , 0 , -0.83146805
2025-11-29 16:51:55.9063 (StateSyncRequestHandler.cs:18) 玩家ID:482734309785206785 移动到新位置: 7.699029 , 0 , -10.159797
2025-11-29 16:51:56.0152 (StateSyncRequestHandler.cs:18) 玩家ID:482734309785206785 移动方向: 0.5555726 , 0 , -0.83146805
2025-11-29 16:51:56.0152 (StateSyncRequestHandler.cs:18) 玩家ID:482734309785206785 移动到新位置: 7.8101435 , 0 , -10.32609
2025-11-29 16:51:56.1083 (StateSyncRequestHandler.cs:18) 玩家ID:482734309785206785 移动方向: 0.5555726 , 0 , -0.83146805
2025-11-29 16:51:56.1083 (StateSyncRequestHandler.cs:18) 玩家ID:482734309785206785 移动到新位置: 7.921258 , 0 , -10.492383
2025-11-29 16:51:56.2177 (StateSyncRequestHandler.cs:18) 玩家ID:482734309785206785 移动方向: 0.5555726 , 0 , -0.83146805
2025-11-29 16:51:56.2177 (StateSyncRequestHandler.cs:18) 玩家ID:482734309785206785 移动到新位置: 8.032372 , 0 , -10.658676
2025-11-29 16:51:56.3235 (StateSyncRequestHandler.cs:18) 玩家ID:482734309785206785 移动方向: 0.5555726 , 0 , -0.83146805
2025-11-29 16:51:56.3235 (StateSyncRequestHandler.cs:18) 玩家ID:482734309785206785 移动到新位置: 8.143487 , 0 , -10.824969
2025-11-29 16:51:56.4018 (StateSyncRequestHandler.cs:18) 玩家ID:482734309785206785 移动方向: 0.5555726 , 0 , -0.83146805
2025-11-29 16:51:56.4018 (StateSyncRequestHandler.cs:18) 玩家ID:482734309785206785 移动到新位置: 8.2546015 , 0 , -10.991262
2025-11-29 16:51:56.5113 (StateSyncRequestHandler.cs:18) 玩家ID:482734309785206785 移动方向: 0.5555726 , 0 , -0.83146805
2025-11-29 16:51:56.5113 (StateSyncRequestHandler.cs:18) 玩家ID:482734309785206785 移动到新位置: 8.365716 , 0 , -11.157556
2025-11-29 16:51:56.6191 (StateSyncRequestHandler.cs:18) 玩家ID:482734309785206785 移动到新位置: 8.365716 , 0 , -11.157556
2025-11-29 16:51:56.9135 (StateSyncRequestHandler.cs:18) 玩家ID:482734309785206785 移动方向: -0.5555726 , 0 , 0.83146805
2025-11-29 16:51:56.9135 (StateSyncRequestHandler.cs:18) 玩家ID:482734309785206785 移动到新位置: 8.2546015 , 0 , -10.991262
2025-11-29 16:51:57.0070 (StateSyncRequestHandler.cs:18) 玩家ID:482734309785206785 移动方向: -0.5555726 , 0 , 0.83146805
2025-11-29 16:51:57.0070 (StateSyncRequestHandler.cs:18) 玩家ID:482734309785206785 移动到新位置: 8.143487 , 0 , -10.824969
2025-11-29 16:51:57.1156 (StateSyncRequestHandler.cs:18) 玩家ID:482734309785206785 移动方向: -0.5555726 , 0 , 0.83146805
2025-11-29 16:51:57.1156 (StateSyncRequestHandler.cs:18) 玩家ID:482734309785206785 移动到新位置: 8.032372 , 0 , -10.658676
2025-11-29 16:51:57.2229 (StateSyncRequestHandler.cs:18) 玩家ID:482734309785206785 移动方向: -0.5555726 , 0 , 0.83146805
2025-11-29 16:51:57.2235 (StateSyncRequestHandler.cs:18) 玩家ID:482734309785206785 移动到新位置: 7.921258 , 0 , -10.492383
2025-11-29 16:51:57.3153 (StateSyncRequestHandler.cs:18) 玩家ID:482734309785206785 移动方向: -0.5555726 , 0 , 0.83146805
2025-11-29 16:51:57.3153 (StateSyncRequestHandler.cs:18) 玩家ID:482734309785206785 移动到新位置: 7.8101435 , 0 , -10.32609
2025-11-29 16:51:57.4219 (StateSyncRequestHandler.cs:18) 玩家ID:482734309785206785 移动方向: -0.5555726 , 0 , 0.83146805
2025-11-29 16:51:57.4219 (StateSyncRequestHandler.cs:18) 玩家ID:482734309785206785 移动到新位置: 7.699029 , 0 , -10.159797
2025-11-29 16:51:57.5141 (StateSyncRequestHandler.cs:18) 玩家ID:482734309785206785 移动方向: -0.5555726 , 0 , 0.83146805
2025-11-29 16:51:57.5141 (StateSyncRequestHandler.cs:18) 玩家ID:482734309785206785 移动到新位置: 7.5879145 , 0 , -9.993504
2025-11-29 16:51:57.6071 (StateSyncRequestHandler.cs:18) 玩家ID:482734309785206785 移动方向: -0.5555726 , 0 , 0.83146805
2025-11-29 16:51:57.6071 (StateSyncRequestHandler.cs:18) 玩家ID:482734309785206785 移动到新位置: 7.4768 , 0 , -9.82721
2025-11-29 16:51:57.7161 (StateSyncRequestHandler.cs:18) 玩家ID:482734309785206785 移动方向: -0.5555726 , 0 , 0.83146805
2025-11-29 16:51:57.7161 (StateSyncRequestHandler.cs:18) 玩家ID:482734309785206785 移动到新位置: 7.3656855 , 0 , -9.660917
2025-11-29 16:51:57.8098 (StateSyncRequestHandler.cs:18) 玩家ID:482734309785206785 移动方向: -0.5555726 , 0 , 0.83146805
2025-11-29 16:51:57.8098 (StateSyncRequestHandler.cs:18) 玩家ID:482734309785206785 移动到新位置: 7.254571 , 0 , -9.494624
2025-11-29 16:51:57.9170 (StateSyncRequestHandler.cs:18) 玩家ID:482734309785206785 移动方向: -0.5555726 , 0 , 0.83146805
2025-11-29 16:51:57.9170 (StateSyncRequestHandler.cs:18) 玩家ID:482734309785206785 移动到新位置: 7.1434565 , 0 , -9.328331
2025-11-29 16:51:58.0261 (StateSyncRequestHandler.cs:18) 玩家ID:482734309785206785 移动方向: -0.5555726 , 0 , 0.83146805
2025-11-29 16:51:58.0261 (StateSyncRequestHandler.cs:18) 玩家ID:482734309785206785 移动到新位置: 7.032342 , 0 , -9.162038
2025-11-29 16:51:58.1199 (StateSyncRequestHandler.cs:18) 玩家ID:482734309785206785 移动方向: -0.5555726 , 0 , 0.83146805
2025-11-29 16:51:58.1199 (StateSyncRequestHandler.cs:18) 玩家ID:482734309785206785 移动到新位置: 6.9212275 , 0 , -8.995745
2025-11-29 16:51:58.2283 (StateSyncRequestHandler.cs:18) 玩家ID:482734309785206785 移动方向: -0.5555726 , 0 , 0.83146805
2025-11-29 16:51:58.2283 (StateSyncRequestHandler.cs:18) 玩家ID:482734309785206785 移动到新位置: 6.810113 , 0 , -8.829452
2025-11-29 16:51:58.3206 (StateSyncRequestHandler.cs:18) 玩家ID:482734309785206785 移动方向: -0.5555726 , 0 , 0.83146805
2025-11-29 16:51:58.3206 (StateSyncRequestHandler.cs:18) 玩家ID:482734309785206785 移动到新位置: 6.6989985 , 0 , -8.663158
2025-11-29 16:51:58.4122 (StateSyncRequestHandler.cs:18) 玩家ID:482734309785206785 移动方向: -0.5555726 , 0 , 0.83146805
2025-11-29 16:51:58.4122 (StateSyncRequestHandler.cs:18) 玩家ID:482734309785206785 移动到新位置: 6.587884 , 0 , -8.496865
2025-11-29 16:51:58.5197 (StateSyncRequestHandler.cs:18) 玩家ID:482734309785206785 移动方向: -0.5555726 , 0 , 0.83146805
2025-11-29 16:51:58.5204 (StateSyncRequestHandler.cs:18) 玩家ID:482734309785206785 移动到新位置: 6.4767694 , 0 , -8.330572
2025-11-29 16:51:58.6266 (StateSyncRequestHandler.cs:18) 玩家ID:482734309785206785 移动方向: -0.5555726 , 0 , 0.83146805
2025-11-29 16:51:58.6266 (StateSyncRequestHandler.cs:18) 玩家ID:482734309785206785 移动到新位置: 6.365655 , 0 , -8.164279
2025-11-29 16:51:58.7193 (StateSyncRequestHandler.cs:18) 玩家ID:482734309785206785 移动方向: -0.5555726 , 0 , 0.83146805
2025-11-29 16:51:58.7193 (StateSyncRequestHandler.cs:18) 玩家ID:482734309785206785 移动到新位置: 6.2545404 , 0 , -7.9979854
2025-11-29 16:51:58.8266 (StateSyncRequestHandler.cs:18) 玩家ID:482734309785206785 移动方向: -0.5555726 , 0 , 0.83146805
2025-11-29 16:51:58.8266 (StateSyncRequestHandler.cs:18) 玩家ID:482734309785206785 移动到新位置: 6.143426 , 0 , -7.8316917
2025-11-29 16:51:58.9041 (StateSyncRequestHandler.cs:18) 玩家ID:482734309785206785 移动方向: -0.5555726 , 0 , 0.83146805
2025-11-29 16:51:58.9041 (StateSyncRequestHandler.cs:18) 玩家ID:482734309785206785 移动到新位置: 6.0323114 , 0 , -7.665398
2025-11-29 16:51:59.0118 (StateSyncRequestHandler.cs:18) 玩家ID:482734309785206785 移动方向: -0.5555726 , 0 , 0.83146805
2025-11-29 16:51:59.0118 (StateSyncRequestHandler.cs:18) 玩家ID:482734309785206785 移动到新位置: 5.921197 , 0 , -7.4991045
2025-11-29 16:51:59.1042 (StateSyncRequestHandler.cs:18) 玩家ID:482734309785206785 移动方向: -0.5555726 , 0 , 0.83146805
2025-11-29 16:51:59.1042 (StateSyncRequestHandler.cs:18) 玩家ID:482734309785206785 移动到新位置: 5.8100824 , 0 , -7.332811
2025-11-29 16:51:59.2126 (StateSyncRequestHandler.cs:18) 玩家ID:482734309785206785 移动方向: -0.5555726 , 0 , 0.83146805
2025-11-29 16:51:59.2126 (StateSyncRequestHandler.cs:18) 玩家ID:482734309785206785 移动到新位置: 5.698968 , 0 , -7.1665173
2025-11-29 16:51:59.3214 (StateSyncRequestHandler.cs:18) 玩家ID:482734309785206785 移动方向: -0.5555726 , 0 , 0.83146805
2025-11-29 16:51:59.3214 (StateSyncRequestHandler.cs:18) 玩家ID:482734309785206785 移动到新位置: 5.5878534 , 0 , -7.0002236
2025-11-29 16:51:59.4143 (StateSyncRequestHandler.cs:18) 玩家ID:482734309785206785 移动方向: -0.5555726 , 0 , 0.83146805
2025-11-29 16:51:59.4143 (StateSyncRequestHandler.cs:18) 玩家ID:482734309785206785 移动到新位置: 5.476739 , 0 , -6.83393
2025-11-29 16:51:59.5219 (StateSyncRequestHandler.cs:18) 玩家ID:482734309785206785 移动方向: -0.5555726 , 0 , 0.83146805
2025-11-29 16:51:59.5219 (StateSyncRequestHandler.cs:18) 玩家ID:482734309785206785 移动到新位置: 5.3656244 , 0 , -6.6676364
2025-11-29 16:51:59.6148 (StateSyncRequestHandler.cs:18) 玩家ID:482734309785206785 移动方向: 0.19508752 , 0 , 0.98078585
2025-11-29 16:51:59.6148 (StateSyncRequestHandler.cs:18) 玩家ID:482734309785206785 移动到新位置: 5.404642 , 0 , -6.4714794
2025-11-29 16:51:59.7068 (StateSyncRequestHandler.cs:18) 玩家ID:482734309785206785 移动方向: 0.19508752 , 0 , 0.98078585
2025-11-29 16:51:59.7068 (StateSyncRequestHandler.cs:18) 玩家ID:482734309785206785 移动到新位置: 5.44366 , 0 , -6.2753224
2025-11-29 16:51:59.8150 (StateSyncRequestHandler.cs:18) 玩家ID:482734309785206785 移动方向: 0.19508752 , 0 , 0.98078585
2025-11-29 16:51:59.8150 (StateSyncRequestHandler.cs:18) 玩家ID:482734309785206785 移动到新位置: 5.4826775 , 0 , -6.0791655
2025-11-29 16:51:59.9240 (StateSyncRequestHandler.cs:18) 玩家ID:482734309785206785 移动方向: 0.19508752 , 0 , 0.98078585
2025-11-29 16:51:59.9240 (StateSyncRequestHandler.cs:18) 玩家ID:482734309785206785 移动到新位置: 5.521695 , 0 , -5.8830085
2025-11-29 16:52:00.0156 (StateSyncRequestHandler.cs:18) 玩家ID:482734309785206785 移动方向: -0.5555726 , 0 , 0.83146805
2025-11-29 16:52:00.0156 (StateSyncRequestHandler.cs:18) 玩家ID:482734309785206785 移动到新位置: 5.4105806 , 0 , -5.716715
2025-11-29 16:52:00.1074 (StateSyncRequestHandler.cs:18) 玩家ID:482734309785206785 移动方向: -0.5555726 , 0 , 0.83146805
2025-11-29 16:52:00.1074 (StateSyncRequestHandler.cs:18) 玩家ID:482734309785206785 移动到新位置: 5.299466 , 0 , -5.550421
2025-11-29 16:52:00.2153 (StateSyncRequestHandler.cs:18) 玩家ID:482734309785206785 移动方向: -0.5555726 , 0 , 0.83146805
2025-11-29 16:52:00.2153 (StateSyncRequestHandler.cs:18) 玩家ID:482734309785206785 移动到新位置: 5.1883516 , 0 , -5.3841276
2025-11-29 16:52:00.3062 (StateSyncRequestHandler.cs:18) 玩家ID:482734309785206785 移动方向: -0.5555726 , 0 , 0.83146805
2025-11-29 16:52:00.3062 (StateSyncRequestHandler.cs:18) 玩家ID:482734309785206785 移动到新位置: 5.077237 , 0 , -5.217834
2025-11-29 16:52:00.4141 (StateSyncRequestHandler.cs:18) 玩家ID:482734309785206785 移动方向: -0.5555726 , 0 , 0.83146805
2025-11-29 16:52:00.4141 (StateSyncRequestHandler.cs:18) 玩家ID:482734309785206785 移动到新位置: 4.9661226 , 0 , -5.0515404
2025-11-29 16:52:00.5219 (StateSyncRequestHandler.cs:18) 玩家ID:482734309785206785 移动方向: -0.5555726 , 0 , 0.83146805
2025-11-29 16:52:00.5219 (StateSyncRequestHandler.cs:18) 玩家ID:482734309785206785 移动到新位置: 4.855008 , 0 , -4.8852468
2025-11-29 16:52:00.6135 (StateSyncRequestHandler.cs:18) 玩家ID:482734309785206785 移动方向: -0.5555726 , 0 , 0.83146805
2025-11-29 16:52:00.6135 (StateSyncRequestHandler.cs:18) 玩家ID:482734309785206785 移动到新位置: 4.7438936 , 0 , -4.718953
2025-11-29 16:52:00.7209 (StateSyncRequestHandler.cs:18) 玩家ID:482734309785206785 移动方向: -0.5555726 , 0 , 0.83146805
2025-11-29 16:52:00.7209 (StateSyncRequestHandler.cs:18) 玩家ID:482734309785206785 移动到新位置: 4.632779 , 0 , -4.5526595
2025-11-29 16:52:00.8155 (StateSyncRequestHandler.cs:18) 玩家ID:482734309785206785 移动方向: -0.98078585 , 0 , 0.19508752
2025-11-29 16:52:00.8155 (StateSyncRequestHandler.cs:18) 玩家ID:482734309785206785 移动到新位置: 4.436622 , 0 , -4.513642
2025-11-29 16:52:00.9068 (StateSyncRequestHandler.cs:18) 玩家ID:482734309785206785 移动方向: -0.98078585 , 0 , 0.19508752
2025-11-29 16:52:00.9068 (StateSyncRequestHandler.cs:18) 玩家ID:482734309785206785 移动到新位置: 4.240465 , 0 , -4.474624
2025-11-29 16:52:01.0023 (StateSyncRequestHandler.cs:18) 玩家ID:482734309785206785 移动方向: -0.98078585 , 0 , 0.19508752
2025-11-29 16:52:01.0023 (StateSyncRequestHandler.cs:18) 玩家ID:482734309785206785 移动到新位置: 4.044308 , 0 , -4.4356065
2025-11-29 16:52:01.1099 (StateSyncRequestHandler.cs:18) 玩家ID:482734309785206785 移动方向: -0.5555726 , 0 , 0.83146805
2025-11-29 16:52:01.1099 (StateSyncRequestHandler.cs:18) 玩家ID:482734309785206785 移动到新位置: 3.9331937 , 0 , -4.269313
2025-11-29 16:52:01.2034 (StateSyncRequestHandler.cs:18) 玩家ID:482734309785206785 移动方向: -0.5555726 , 0 , 0.83146805
2025-11-29 16:52:01.2034 (StateSyncRequestHandler.cs:18) 玩家ID:482734309785206785 移动到新位置: 3.8220792 , 0 , -4.103019
2025-11-29 16:52:01.3108 (StateSyncRequestHandler.cs:18) 玩家ID:482734309785206785 移动方向: -0.5555726 , 0 , 0.83146805
2025-11-29 16:52:01.3108 (StateSyncRequestHandler.cs:18) 玩家ID:482734309785206785 移动到新位置: 3.7109647 , 0 , -3.9367256
2025-11-29 16:52:01.4194 (StateSyncRequestHandler.cs:18) 玩家ID:482734309785206785 移动方向: -0.5555726 , 0 , 0.83146805
2025-11-29 16:52:01.4194 (StateSyncRequestHandler.cs:18) 玩家ID:482734309785206785 移动到新位置: 3.5998502 , 0 , -3.770432
2025-11-29 16:52:01.5125 (StateSyncRequestHandler.cs:18) 玩家ID:482734309785206785 移动方向: -0.5555726 , 0 , 0.83146805
2025-11-29 16:52:01.5125 (StateSyncRequestHandler.cs:18) 玩家ID:482734309785206785 移动到新位置: 3.4887357 , 0 , -3.6041384
2025-11-29 16:52:01.6050 (StateSyncRequestHandler.cs:18) 玩家ID:482734309785206785 移动方向: -0.5555726 , 0 , 0.83146805
2025-11-29 16:52:01.6050 (StateSyncRequestHandler.cs:18) 玩家ID:482734309785206785 移动到新位置: 3.3776212 , 0 , -3.4378448
2025-11-29 16:52:01.7133 (StateSyncRequestHandler.cs:18) 玩家ID:482734309785206785 移动方向: -0.5555726 , 0 , 0.83146805
2025-11-29 16:52:01.7133 (StateSyncRequestHandler.cs:18) 玩家ID:482734309785206785 移动到新位置: 3.2665067 , 0 , -3.2715511
2025-11-29 16:52:01.8194 (StateSyncRequestHandler.cs:18) 玩家ID:482734309785206785 移动方向: -0.5555726 , 0 , 0.83146805
2025-11-29 16:52:01.8194 (StateSyncRequestHandler.cs:18) 玩家ID:482734309785206785 移动到新位置: 3.1553922 , 0 , -3.1052575
2025-11-29 16:52:01.9125 (StateSyncRequestHandler.cs:18) 玩家ID:482734309785206785 移动方向: -0.5555726 , 0 , 0.83146805
2025-11-29 16:52:01.9125 (StateSyncRequestHandler.cs:18) 玩家ID:482734309785206785 移动到新位置: 3.0442777 , 0 , -2.938964
2025-11-29 16:52:02.0058 (StateSyncRequestHandler.cs:18) 玩家ID:482734309785206785 移动方向: -0.5555726 , 0 , 0.83146805
2025-11-29 16:52:02.0058 (StateSyncRequestHandler.cs:18) 玩家ID:482734309785206785 移动到新位置: 2.9331632 , 0 , -2.7726703
2025-11-29 16:52:02.1123 (StateSyncRequestHandler.cs:18) 玩家ID:482734309785206785 移动方向: -0.5555726 , 0 , 0.83146805
2025-11-29 16:52:02.1123 (StateSyncRequestHandler.cs:18) 玩家ID:482734309785206785 移动到新位置: 2.8220487 , 0 , -2.6063766
2025-11-29 16:52:02.2053 (StateSyncRequestHandler.cs:18) 玩家ID:482734309785206785 移动方向: -0.5555726 , 0 , 0.83146805
2025-11-29 16:52:02.2053 (StateSyncRequestHandler.cs:18) 玩家ID:482734309785206785 移动到新位置: 2.7109342 , 0 , -2.440083
2025-11-29 16:52:02.3136 (StateSyncRequestHandler.cs:18) 玩家ID:482734309785206785 移动方向: -0.5555726 , 0 , 0.83146805
2025-11-29 16:52:02.3136 (StateSyncRequestHandler.cs:18) 玩家ID:482734309785206785 移动到新位置: 2.5998197 , 0 , -2.2737894
2025-11-29 16:52:02.4067 (StateSyncRequestHandler.cs:18) 玩家ID:482734309785206785 移动到新位置: 2.5998197 , 0 , -2.2737894
2025-11-29 16:52:07.1553  收到登录请求
2025-11-29 16:52:14.2431  收到注册名称请求，账号：222，名称：原初z
2025-11-29 16:52:14.4179  账号名称注册成功 账号：222 名称：原初z
2025-11-29 16:52:14.4658  进入大厅成功，玩家ID:482736422909116417
2025-11-29 16:52:14.4658  获取其他玩家数据，玩家ID:482734309785206785
2025-11-29 16:52:16.9773 (StateSyncRequestHandler.cs:18) 玩家ID:482736422909116417 移动方向: -0.6727999 , 0 , -0.73982453
2025-11-29 16:52:16.9773 (StateSyncRequestHandler.cs:18) 玩家ID:482736422909116417 移动到新位置: -0.13455997 , 0 , -0.14796491
2025-11-29 16:52:17.0858 (StateSyncRequestHandler.cs:18) 玩家ID:482736422909116417 移动方向: -0.6958489 , 0 , -0.7181882
2025-11-29 16:52:17.0858 (StateSyncRequestHandler.cs:18) 玩家ID:482736422909116417 移动到新位置: -0.27372974 , 0 , -0.29160255
2025-11-29 16:52:17.1797 (StateSyncRequestHandler.cs:18) 玩家ID:482736422909116417 移动方向: -0.70352983 , 0 , -0.7106657
2025-11-29 16:52:17.1797 (StateSyncRequestHandler.cs:18) 玩家ID:482736422909116417 移动到新位置: -0.4144357 , 0 , -0.43373567
2025-11-29 16:52:17.2721 (StateSyncRequestHandler.cs:18) 玩家ID:482736422909116417 移动方向: -0.70602286 , 0 , -0.708189
2025-11-29 16:52:17.2721 (StateSyncRequestHandler.cs:18) 玩家ID:482736422909116417 移动到新位置: -0.5556403 , 0 , -0.5753735
2025-11-29 16:52:17.3796 (StateSyncRequestHandler.cs:18) 玩家ID:482736422909116417 移动到新位置: -0.5556403 , 0 , -0.5753735
2025-11-29 16:52:18.0722 (StateSyncRequestHandler.cs:18) 玩家ID:482736422909116417 移动方向: -0.7071068 , 0 , -0.70710677
2025-11-29 16:52:18.0722 (StateSyncRequestHandler.cs:18) 玩家ID:482736422909116417 移动到新位置: -0.69706166 , 0 , -0.71679485
2025-11-29 16:52:18.1799 (StateSyncRequestHandler.cs:18) 玩家ID:482736422909116417 移动方向: -0.7071068 , 0 , -0.70710677
2025-11-29 16:52:18.1799 (StateSyncRequestHandler.cs:18) 玩家ID:482736422909116417 移动到新位置: -0.83848304 , 0 , -0.85821617
2025-11-29 16:52:18.2728 (StateSyncRequestHandler.cs:18) 玩家ID:482736422909116417 移动方向: -0.7071068 , 0 , -0.70710677
2025-11-29 16:52:18.2728 (StateSyncRequestHandler.cs:18) 玩家ID:482736422909116417 移动到新位置: -0.9799044 , 0 , -0.9996375
2025-11-29 16:52:18.3838 (StateSyncRequestHandler.cs:18) 玩家ID:482736422909116417 移动方向: -0.99999994 , 0 , 2.9802322E-08
2025-11-29 16:52:18.3838 (StateSyncRequestHandler.cs:18) 玩家ID:482736422909116417 移动到新位置: -1.1799043 , 0 , -0.9996375
2025-11-29 16:52:18.4898 (StateSyncRequestHandler.cs:18) 玩家ID:482736422909116417 移动方向: -0.99999994 , 0 , 2.9802322E-08
2025-11-29 16:52:18.4898 (StateSyncRequestHandler.cs:18) 玩家ID:482736422909116417 移动到新位置: -1.3799043 , 0 , -0.9996375
2025-11-29 16:52:18.5831 (StateSyncRequestHandler.cs:18) 玩家ID:482736422909116417 移动方向: -0.99999994 , 0 , 2.9802322E-08
2025-11-29 16:52:18.5831 (StateSyncRequestHandler.cs:18) 玩家ID:482736422909116417 移动到新位置: -1.5799042 , 0 , -0.9996375
2025-11-29 16:52:18.6756 (StateSyncRequestHandler.cs:18) 玩家ID:482736422909116417 移动方向: -0.7071068 , 0 , -0.70710677
2025-11-29 16:52:18.6756 (StateSyncRequestHandler.cs:18) 玩家ID:482736422909116417 移动到新位置: -1.7213255 , 0 , -1.1410588
2025-11-29 16:52:18.7843 (StateSyncRequestHandler.cs:18) 玩家ID:482736422909116417 移动方向: -0.7071068 , 0 , -0.70710677
2025-11-29 16:52:18.7843 (StateSyncRequestHandler.cs:18) 玩家ID:482736422909116417 移动到新位置: -1.8627468 , 0 , -1.2824801
2025-11-29 16:52:18.8793 (StateSyncRequestHandler.cs:18) 玩家ID:482736422909116417 移动方向: -5.9604645E-08 , 0 , -1
2025-11-29 16:52:18.8793 (StateSyncRequestHandler.cs:18) 玩家ID:482736422909116417 移动到新位置: -1.8627468 , 0 , -1.48248
2025-11-29 16:52:18.9884 (StateSyncRequestHandler.cs:18) 玩家ID:482736422909116417 移动方向: -5.9604645E-08 , 0 , -1
2025-11-29 16:52:18.9884 (StateSyncRequestHandler.cs:18) 玩家ID:482736422909116417 移动到新位置: -1.8627468 , 0 , -1.6824801
2025-11-29 16:52:19.0809 (StateSyncRequestHandler.cs:18) 玩家ID:482736422909116417 移动方向: -5.9604645E-08 , 0 , -1
2025-11-29 16:52:19.0809 (StateSyncRequestHandler.cs:18) 玩家ID:482736422909116417 移动到新位置: -1.8627468 , 0 , -1.8824801
2025-11-29 16:52:19.1745 (StateSyncRequestHandler.cs:18) 玩家ID:482736422909116417 移动方向: -0.7071068 , 0 , -0.70710677
2025-11-29 16:52:19.1745 (StateSyncRequestHandler.cs:18) 玩家ID:482736422909116417 移动到新位置: -2.0041683 , 0 , -2.0239015
2025-11-29 16:52:19.2837 (StateSyncRequestHandler.cs:18) 玩家ID:482736422909116417 移动方向: -0.7071068 , 0 , -0.70710677
2025-11-29 16:52:19.2837 (StateSyncRequestHandler.cs:18) 玩家ID:482736422909116417 移动到新位置: -2.1455896 , 0 , -2.1653228
2025-11-29 16:52:19.3747 (StateSyncRequestHandler.cs:18) 玩家ID:482736422909116417 移动到新位置: -2.1455896 , 0 , -2.1653228
2025-11-29 16:52:20.8855 (StateSyncRequestHandler.cs:18) 玩家ID:482736422909116417 移动方向: 0.92188007 , 0 , 0.38747534
2025-11-29 16:52:20.8855 (StateSyncRequestHandler.cs:18) 玩家ID:482736422909116417 移动到新位置: -1.9612136 , 0 , -2.0878277
2025-11-29 16:52:20.9777 (StateSyncRequestHandler.cs:18) 玩家ID:482736422909116417 移动方向: 0.9934447 , 0 , 0.11431397
2025-11-29 16:52:20.9777 (StateSyncRequestHandler.cs:18) 玩家ID:482736422909116417 移动到新位置: -1.7625246 , 0 , -2.0649648
2025-11-29 16:52:21.0708 (StateSyncRequestHandler.cs:18) 玩家ID:482736422909116417 移动方向: 0.9994038 , 0 , -0.034526944
2025-11-29 16:52:21.0708 (StateSyncRequestHandler.cs:18) 玩家ID:482736422909116417 移动到新位置: -1.5626439 , 0 , -2.07187
2025-11-29 16:52:21.1805 (StateSyncRequestHandler.cs:18) 玩家ID:482736422909116417 移动方向: 0.9961229 , 0 , -0.08797269
2025-11-29 16:52:21.1805 (StateSyncRequestHandler.cs:18) 玩家ID:482736422909116417 移动到新位置: -1.3634193 , 0 , -2.0894647
2025-11-29 16:52:21.2736 (StateSyncRequestHandler.cs:18) 玩家ID:482736422909116417 移动方向: 0.7771368 , 0 , 0.6293317
2025-11-29 16:52:21.2736 (StateSyncRequestHandler.cs:18) 玩家ID:482736422909116417 移动到新位置: -1.207992 , 0 , -1.9635984
2025-11-29 16:52:21.3831 (StateSyncRequestHandler.cs:18) 玩家ID:482736422909116417 移动方向: 0.781181 , 0 , 0.62430453
2025-11-29 16:52:21.3831 (StateSyncRequestHandler.cs:18) 玩家ID:482736422909116417 移动到新位置: -1.0517558 , 0 , -1.8387375
2025-11-29 16:52:21.4753 (StateSyncRequestHandler.cs:18) 玩家ID:482736422909116417 移动方向: 0.77886033 , 0 , 0.62719744
2025-11-29 16:52:21.4753 (StateSyncRequestHandler.cs:18) 玩家ID:482736422909116417 移动到新位置: -0.8959837 , 0 , -1.713298
2025-11-29 16:52:21.5848 (StateSyncRequestHandler.cs:18) 玩家ID:482736422909116417 移动方向: 0.72519034 , 0 , 0.68854845
2025-11-29 16:52:21.5848 (StateSyncRequestHandler.cs:18) 玩家ID:482736422909116417 移动到新位置: -0.7509456 , 0 , -1.5755882
2025-11-29 16:52:21.6927 (StateSyncRequestHandler.cs:18) 玩家ID:482736422909116417 移动方向: 0.9980963 , 0 , 0.061675224
2025-11-29 16:52:21.6927 (StateSyncRequestHandler.cs:18) 玩家ID:482736422909116417 移动到新位置: -0.5513264 , 0 , -1.5632532
2025-11-29 16:52:21.7865 (StateSyncRequestHandler.cs:18) 玩家ID:482736422909116417 移动方向: 0.9950461 , 0 , 0.09941516
2025-11-29 16:52:21.7865 (StateSyncRequestHandler.cs:18) 玩家ID:482736422909116417 移动到新位置: -0.35231718 , 0 , -1.5433701
2025-11-29 16:52:21.8965 (StateSyncRequestHandler.cs:18) 玩家ID:482736422909116417 移动方向: 0.9935641 , 0 , 0.11327096
2025-11-29 16:52:21.8965 (StateSyncRequestHandler.cs:18) 玩家ID:482736422909116417 移动到新位置: -0.15360437 , 0 , -1.520716
2025-11-29 16:52:21.9733 (StateSyncRequestHandler.cs:18) 玩家ID:482736422909116417 移动方向: 0.992939 , 0 , 0.1186259
2025-11-29 16:52:21.9739 (StateSyncRequestHandler.cs:18) 玩家ID:482736422909116417 移动到新位置: 0.044983417 , 0 , -1.4969908
2025-11-29 16:52:22.0822 (StateSyncRequestHandler.cs:18) 玩家ID:482736422909116417 移动方向: 0.99268764 , 0 , 0.12071107
2025-11-29 16:52:22.0822 (StateSyncRequestHandler.cs:18) 玩家ID:482736422909116417 移动到新位置: 0.24352095 , 0 , -1.4728485
2025-11-29 16:52:22.1901 (StateSyncRequestHandler.cs:18) 玩家ID:482736422909116417 移动方向: 0.61619043 , 0 , 0.7875972
2025-11-29 16:52:22.1901 (StateSyncRequestHandler.cs:18) 玩家ID:482736422909116417 移动到新位置: 0.36675903 , 0 , -1.3153291
2025-11-29 16:52:22.2837 (StateSyncRequestHandler.cs:18) 玩家ID:482736422909116417 移动方向: 0.61606777 , 0 , 0.78769314
2025-11-29 16:52:22.2837 (StateSyncRequestHandler.cs:18) 玩家ID:482736422909116417 移动到新位置: 0.4899726 , 0 , -1.1577904
2025-11-29 16:52:22.3760 (StateSyncRequestHandler.cs:18) 玩家ID:482736422909116417 移动方向: 0.61602396 , 0 , 0.7877274
2025-11-29 16:52:22.3760 (StateSyncRequestHandler.cs:18) 玩家ID:482736422909116417 移动到新位置: 0.61317736 , 0 , -1.000245
2025-11-29 16:52:22.4839 (StateSyncRequestHandler.cs:18) 玩家ID:482736422909116417 移动方向: 0.61601037 , 0 , 0.787738
2025-11-29 16:52:22.4839 (StateSyncRequestHandler.cs:18) 玩家ID:482736422909116417 移动到新位置: 0.73637944 , 0 , -0.8426974
2025-11-29 16:52:22.5768 (StateSyncRequestHandler.cs:18) 玩家ID:482736422909116417 移动方向: 0.6160066 , 0 , 0.78774095
2025-11-29 16:52:22.5768 (StateSyncRequestHandler.cs:18) 玩家ID:482736422909116417 移动到新位置: 0.85958076 , 0 , -0.6851492
2025-11-29 16:52:22.6850 (StateSyncRequestHandler.cs:18) 玩家ID:482736422909116417 移动方向: 0.9925993 , 0 , 0.12143577
2025-11-29 16:52:22.6850 (StateSyncRequestHandler.cs:18) 玩家ID:482736422909116417 移动到新位置: 1.0581006 , 0 , -0.660862
2025-11-29 16:52:22.7928 (StateSyncRequestHandler.cs:18) 玩家ID:482736422909116417 移动方向: 0.99259925 , 0 , 0.12143626
2025-11-29 16:52:22.7928 (StateSyncRequestHandler.cs:18) 玩家ID:482736422909116417 移动到新位置: 1.2566204 , 0 , -0.6365748
2025-11-29 16:52:22.8839 (StateSyncRequestHandler.cs:18) 玩家ID:482736422909116417 移动方向: 0.99259925 , 0 , 0.12143626
2025-11-29 16:52:22.8839 (StateSyncRequestHandler.cs:18) 玩家ID:482736422909116417 移动到新位置: 1.4551402 , 0 , -0.6122876
2025-11-29 16:52:22.9782 (StateSyncRequestHandler.cs:18) 玩家ID:482736422909116417 移动到新位置: 1.4551402 , 0 , -0.6122876
2025-11-29 16:52:23.7820 (StateSyncRequestHandler.cs:18) 玩家ID:482736422909116417 移动方向: -0.99259925 , 0 , -0.12143626
2025-11-29 16:52:23.7820 (StateSyncRequestHandler.cs:18) 玩家ID:482736422909116417 移动到新位置: 1.2566204 , 0 , -0.6365748
2025-11-29 16:52:23.8753 (StateSyncRequestHandler.cs:18) 玩家ID:482736422909116417 移动方向: -0.99259925 , 0 , -0.12143626
2025-11-29 16:52:23.8753 (StateSyncRequestHandler.cs:18) 玩家ID:482736422909116417 移动到新位置: 1.0581006 , 0 , -0.660862
2025-11-29 16:52:23.9827 (StateSyncRequestHandler.cs:18) 玩家ID:482736422909116417 移动方向: -0.99259925 , 0 , -0.12143626
2025-11-29 16:52:23.9827 (StateSyncRequestHandler.cs:18) 玩家ID:482736422909116417 移动到新位置: 0.85958076 , 0 , -0.68514925
2025-11-29 16:52:24.0771 (StateSyncRequestHandler.cs:18) 玩家ID:482736422909116417 移动方向: -0.99259925 , 0 , -0.12143626
2025-11-29 16:52:24.0771 (StateSyncRequestHandler.cs:18) 玩家ID:482736422909116417 移动到新位置: 0.6610609 , 0 , -0.7094365
2025-11-29 16:52:24.1714 (StateSyncRequestHandler.cs:18) 玩家ID:482736422909116417 移动方向: -0.99259925 , 0 , -0.12143626
2025-11-29 16:52:24.1714 (StateSyncRequestHandler.cs:18) 玩家ID:482736422909116417 移动到新位置: 0.4625411 , 0 , -0.7337237
2025-11-29 16:52:24.2805 (StateSyncRequestHandler.cs:18) 玩家ID:482736422909116417 移动方向: -0.99259925 , 0 , -0.12143626
2025-11-29 16:52:24.2805 (StateSyncRequestHandler.cs:18) 玩家ID:482736422909116417 移动到新位置: 0.26402128 , 0 , -0.7580109
2025-11-29 16:52:24.3875 (StateSyncRequestHandler.cs:18) 玩家ID:482736422909116417 移动方向: -0.99259925 , 0 , -0.12143626
2025-11-29 16:52:24.3875 (StateSyncRequestHandler.cs:18) 玩家ID:482736422909116417 移动到新位置: 0.06550144 , 0 , -0.78229815
2025-11-29 16:52:24.4964 (StateSyncRequestHandler.cs:18) 玩家ID:482736422909116417 移动方向: -0.99259925 , 0 , -0.12143626
2025-11-29 16:52:24.4964 (StateSyncRequestHandler.cs:18) 玩家ID:482736422909116417 移动到新位置: -0.1330184 , 0 , -0.8065854
2025-11-29 16:52:24.5900 (StateSyncRequestHandler.cs:18) 玩家ID:482736422909116417 移动方向: -0.99259925 , 0 , -0.12143626
2025-11-29 16:52:24.5900 (StateSyncRequestHandler.cs:18) 玩家ID:482736422909116417 移动到新位置: -0.33153826 , 0 , -0.8308726
2025-11-29 16:52:24.6827 (StateSyncRequestHandler.cs:18) 玩家ID:482736422909116417 移动方向: -0.99259925 , 0 , -0.12143626
2025-11-29 16:52:24.6827 (StateSyncRequestHandler.cs:18) 玩家ID:482736422909116417 移动到新位置: -0.5300581 , 0 , -0.8551598
2025-11-29 16:52:24.7909 (StateSyncRequestHandler.cs:18) 玩家ID:482736422909116417 移动方向: -0.99259925 , 0 , -0.12143626
2025-11-29 16:52:24.7909 (StateSyncRequestHandler.cs:18) 玩家ID:482736422909116417 移动到新位置: -0.7285779 , 0 , -0.87944704
2025-11-29 16:52:24.8834 (StateSyncRequestHandler.cs:18) 玩家ID:482736422909116417 移动方向: -0.99259925 , 0 , -0.12143626
2025-11-29 16:52:24.8834 (StateSyncRequestHandler.cs:18) 玩家ID:482736422909116417 移动到新位置: -0.92709774 , 0 , -0.90373427
2025-11-29 16:52:24.9779 (StateSyncRequestHandler.cs:18) 玩家ID:482736422909116417 移动方向: -0.99259925 , 0 , -0.12143626
2025-11-29 16:52:24.9779 (StateSyncRequestHandler.cs:18) 玩家ID:482736422909116417 移动到新位置: -1.1256176 , 0 , -0.9280215
2025-11-29 16:52:25.0839 (StateSyncRequestHandler.cs:18) 玩家ID:482736422909116417 移动方向: -0.99259925 , 0 , -0.12143626
2025-11-29 16:52:25.0839 (StateSyncRequestHandler.cs:18) 玩家ID:482736422909116417 移动到新位置: -1.3241374 , 0 , -0.9523087
2025-11-29 16:52:25.1924 (StateSyncRequestHandler.cs:18) 玩家ID:482736422909116417 移动到新位置: -1.3241374 , 0 , -0.9523087
2025-11-29 16:52:25.3898 (StateSyncRequestHandler.cs:18) 玩家ID:482736422909116417 移动方向: 0.99259925 , 0 , 0.12143626
2025-11-29 16:52:25.3898 (StateSyncRequestHandler.cs:18) 玩家ID:482736422909116417 移动到新位置: -1.1256176 , 0 , -0.9280215
2025-11-29 16:52:25.4826 (StateSyncRequestHandler.cs:18) 玩家ID:482736422909116417 移动方向: 0.99259925 , 0 , 0.12143626
2025-11-29 16:52:25.4826 (StateSyncRequestHandler.cs:18) 玩家ID:482736422909116417 移动到新位置: -0.9270978 , 0 , -0.90373427
2025-11-29 16:52:25.5743 (StateSyncRequestHandler.cs:18) 玩家ID:482736422909116417 移动方向: 0.99259925 , 0 , 0.12143626
2025-11-29 16:52:25.5743 (StateSyncRequestHandler.cs:18) 玩家ID:482736422909116417 移动到新位置: -0.728578 , 0 , -0.87944704
2025-11-29 16:52:25.6825 (StateSyncRequestHandler.cs:18) 玩家ID:482736422909116417 移动方向: 0.99259925 , 0 , 0.12143626
2025-11-29 16:52:25.6825 (StateSyncRequestHandler.cs:18) 玩家ID:482736422909116417 移动到新位置: -0.53005815 , 0 , -0.8551598
2025-11-29 16:52:25.7742 (StateSyncRequestHandler.cs:18) 玩家ID:482736422909116417 移动方向: 0.99259925 , 0 , 0.12143626
2025-11-29 16:52:25.7742 (StateSyncRequestHandler.cs:18) 玩家ID:482736422909116417 移动到新位置: -0.33153832 , 0 , -0.8308726
2025-11-29 16:52:25.8830 (StateSyncRequestHandler.cs:18) 玩家ID:482736422909116417 移动方向: 0.99259925 , 0 , 0.12143626
2025-11-29 16:52:25.8830 (StateSyncRequestHandler.cs:18) 玩家ID:482736422909116417 移动到新位置: -0.13301848 , 0 , -0.8065854
2025-11-29 16:52:25.9742 (StateSyncRequestHandler.cs:18) 玩家ID:482736422909116417 移动方向: 0.99259925 , 0 , 0.12143626
2025-11-29 16:52:25.9742 (StateSyncRequestHandler.cs:18) 玩家ID:482736422909116417 移动到新位置: 0.06550136 , 0 , -0.78229815
2025-11-29 16:52:26.0817 (StateSyncRequestHandler.cs:18) 玩家ID:482736422909116417 移动方向: 0.99259925 , 0 , 0.12143626
2025-11-29 16:52:26.0817 (StateSyncRequestHandler.cs:18) 玩家ID:482736422909116417 移动到新位置: 0.26402122 , 0 , -0.7580109
2025-11-29 16:52:26.1733 (StateSyncRequestHandler.cs:18) 玩家ID:482736422909116417 移动到新位置: 0.26402122 , 0 , -0.7580109
2025-11-29 16:52:27.3825 (StateSyncRequestHandler.cs:18) 玩家ID:482736422909116417 移动方向: 0.88175243 , 0 , -0.47171256
2025-11-29 16:52:27.3825 (StateSyncRequestHandler.cs:18) 玩家ID:482736422909116417 移动到新位置: 0.4403717 , 0 , -0.85235345
2025-11-29 16:52:27.4899 (StateSyncRequestHandler.cs:18) 玩家ID:482736422909116417 移动方向: 0.86240184 , 0 , -0.5062243
2025-11-29 16:52:27.4899 (StateSyncRequestHandler.cs:18) 玩家ID:482736422909116417 移动到新位置: 0.61285204 , 0 , -0.9535983
2025-11-29 16:52:27.5823 (StateSyncRequestHandler.cs:18) 玩家ID:482736422909116417 移动方向: 0.85724574 , 0 , -0.51490754
2025-11-29 16:52:27.5823 (StateSyncRequestHandler.cs:18) 玩家ID:482736422909116417 移动到新位置: 0.78430116 , 0 , -1.0565798
2025-11-29 16:52:27.6896 (StateSyncRequestHandler.cs:18) 玩家ID:482736422909116417 移动方向: 0.97107005 , 0 , 0.23879468
2025-11-29 16:52:27.6896 (StateSyncRequestHandler.cs:18) 玩家ID:482736422909116417 移动到新位置: 0.97851515 , 0 , -1.0088209
2025-11-29 16:52:27.7813 (StateSyncRequestHandler.cs:18) 玩家ID:482736422909116417 移动方向: 0.971333 , 0 , 0.237723
2025-11-29 16:52:27.7813 (StateSyncRequestHandler.cs:18) 玩家ID:482736422909116417 移动到新位置: 1.1727817 , 0 , -0.9612763
2025-11-29 16:52:27.8735 (StateSyncRequestHandler.cs:18) 玩家ID:482736422909116417 移动方向: 0.9714105 , 0 , 0.23740608
2025-11-29 16:52:27.8735 (StateSyncRequestHandler.cs:18) 玩家ID:482736422909116417 移动到新位置: 1.3670638 , 0 , -0.91379505
2025-11-29 16:52:27.9812 (StateSyncRequestHandler.cs:18) 玩家ID:482736422909116417 移动方向: 0.97143614 , 0 , 0.23730108
2025-11-29 16:52:27.9812 (StateSyncRequestHandler.cs:18) 玩家ID:482736422909116417 移动到新位置: 1.561351 , 0 , -0.86633486
2025-11-29 16:52:28.0738 (StateSyncRequestHandler.cs:18) 玩家ID:482736422909116417 移动方向: 0.97144246 , 0 , 0.23727515
2025-11-29 16:52:28.0738 (StateSyncRequestHandler.cs:18) 玩家ID:482736422909116417 移动到新位置: 1.7556394 , 0 , -0.81887984
2025-11-29 16:52:28.1960 (StateSyncRequestHandler.cs:18) 玩家ID:482736422909116417 移动方向: 0.8546871 , 0 , -0.5191434
2025-11-29 16:52:28.1960 (StateSyncRequestHandler.cs:18) 玩家ID:482736422909116417 移动到新位置: 1.9265769 , 0 , -0.9227085
2025-11-29 16:52:28.2881 (StateSyncRequestHandler.cs:18) 玩家ID:482736422909116417 移动方向: 0.8546859 , 0 , -0.5191454
2025-11-29 16:52:28.2881 (StateSyncRequestHandler.cs:18) 玩家ID:482736422909116417 移动到新位置: 2.0975142 , 0 , -1.0265377
2025-11-29 16:52:28.3834 (StateSyncRequestHandler.cs:18) 玩家ID:482736422909116417 移动到新位置: 2.0975142 , 0 , -1.0265377
2025-11-29 16:52:30.2672 (StateSyncRequestHandler.cs:18) 玩家ID:482736422909116417 移动方向: -0.8546856 , 0 , 0.51914597
2025-11-29 16:52:30.2672 (StateSyncRequestHandler.cs:18) 玩家ID:482736422909116417 移动到新位置: 1.9265771 , 0 , -0.92270845
2025-11-29 16:52:30.3774 (StateSyncRequestHandler.cs:18) 玩家ID:482736422909116417 移动方向: -0.8546856 , 0 , 0.51914597
2025-11-29 16:52:30.3774 (StateSyncRequestHandler.cs:18) 玩家ID:482736422909116417 移动到新位置: 1.75564 , 0 , -0.81887925
2025-11-29 16:52:30.4846 (StateSyncRequestHandler.cs:18) 玩家ID:482736422909116417 移动方向: -0.8546856 , 0 , 0.51914597
2025-11-29 16:52:30.4846 (StateSyncRequestHandler.cs:18) 玩家ID:482736422909116417 移动到新位置: 1.584703 , 0 , -0.71505004
2025-11-29 16:52:30.5770 (StateSyncRequestHandler.cs:18) 玩家ID:482736422909116417 移动方向: -0.8546856 , 0 , 0.51914597
2025-11-29 16:52:30.5770 (StateSyncRequestHandler.cs:18) 玩家ID:482736422909116417 移动到新位置: 1.4137659 , 0 , -0.61122084
2025-11-29 16:52:30.6844 (StateSyncRequestHandler.cs:18) 玩家ID:482736422909116417 移动方向: -0.8546856 , 0 , 0.51914597
2025-11-29 16:52:30.6844 (StateSyncRequestHandler.cs:18) 玩家ID:482736422909116417 移动到新位置: 1.2428288 , 0 , -0.50739163
2025-11-29 16:52:30.7931 (StateSyncRequestHandler.cs:18) 玩家ID:482736422909116417 移动方向: -0.8546856 , 0 , 0.51914597
2025-11-29 16:52:30.7931 (StateSyncRequestHandler.cs:18) 玩家ID:482736422909116417 移动到新位置: 1.0718918 , 0 , -0.40356243
2025-11-29 16:52:30.8873 (StateSyncRequestHandler.cs:18) 玩家ID:482736422909116417 移动方向: -0.8546856 , 0 , 0.51914597
2025-11-29 16:52:30.8873 (StateSyncRequestHandler.cs:18) 玩家ID:482736422909116417 移动到新位置: 0.90095466 , 0 , -0.29973322
2025-11-29 16:52:30.9820 (StateSyncRequestHandler.cs:18) 玩家ID:482736422909116417 移动到新位置: 0.90095466 , 0 , -0.29973322
2025-11-29 16:52:31.3831 (StateSyncRequestHandler.cs:18) 玩家ID:482736422909116417 移动方向: 0.8546856 , 0 , -0.51914597
2025-11-29 16:52:31.3831 (StateSyncRequestHandler.cs:18) 玩家ID:482736422909116417 移动到新位置: 1.0718918 , 0 , -0.40356243
2025-11-29 16:52:31.4764 (StateSyncRequestHandler.cs:18) 玩家ID:482736422909116417 移动方向: 0.8546856 , 0 , -0.51914597
2025-11-29 16:52:31.4764 (StateSyncRequestHandler.cs:18) 玩家ID:482736422909116417 移动到新位置: 1.2428288 , 0 , -0.50739163
2025-11-29 16:52:31.5694 (StateSyncRequestHandler.cs:18) 玩家ID:482736422909116417 移动方向: 0.8546856 , 0 , -0.51914597
2025-11-29 16:52:31.5694 (StateSyncRequestHandler.cs:18) 玩家ID:482736422909116417 移动到新位置: 1.4137659 , 0 , -0.61122084
2025-11-29 16:52:31.6782 (StateSyncRequestHandler.cs:18) 玩家ID:482736422909116417 移动方向: 0.8546856 , 0 , -0.51914597
2025-11-29 16:52:31.6782 (StateSyncRequestHandler.cs:18) 玩家ID:482736422909116417 移动到新位置: 1.584703 , 0 , -0.71505004
2025-11-29 16:52:31.7725 (StateSyncRequestHandler.cs:18) 玩家ID:482736422909116417 移动方向: 0.8546856 , 0 , -0.51914597
2025-11-29 16:52:31.7725 (StateSyncRequestHandler.cs:18) 玩家ID:482736422909116417 移动到新位置: 1.75564 , 0 , -0.81887925
2025-11-29 16:52:31.8804 (StateSyncRequestHandler.cs:18) 玩家ID:482736422909116417 移动方向: 0.8546856 , 0 , -0.51914597
2025-11-29 16:52:31.8804 (StateSyncRequestHandler.cs:18) 玩家ID:482736422909116417 移动到新位置: 1.9265771 , 0 , -0.92270845
2025-11-29 16:52:31.9735 (StateSyncRequestHandler.cs:18) 玩家ID:482736422909116417 移动方向: 0.8546856 , 0 , -0.51914597
2025-11-29 16:52:31.9741 (StateSyncRequestHandler.cs:18) 玩家ID:482736422909116417 移动到新位置: 2.0975142 , 0 , -1.0265377
2025-11-29 16:52:32.0830 (StateSyncRequestHandler.cs:18) 玩家ID:482736422909116417 移动到新位置: 2.0975142 , 0 , -1.0265377
2025-11-29 16:52:38.0876 (StateSyncRequestHandler.cs:18) 玩家ID:482736422909116417 移动方向: 0.5832904 , 0 , 0.81226367
2025-11-29 16:52:38.0876 (StateSyncRequestHandler.cs:18) 玩家ID:482736422909116417 移动到新位置: 2.2141721 , 0 , -0.8640849
2025-11-29 16:52:38.1824 (StateSyncRequestHandler.cs:18) 玩家ID:482736422909116417 移动方向: 0.5797019 , 0 , 0.81482863
2025-11-29 16:52:38.1824 (StateSyncRequestHandler.cs:18) 玩家ID:482736422909116417 移动到新位置: 2.3301125 , 0 , -0.7011192
2025-11-29 16:52:38.2761 (StateSyncRequestHandler.cs:18) 玩家ID:482736422909116417 移动方向: 0.5787382 , 0 , 0.81551343
2025-11-29 16:52:38.2761 (StateSyncRequestHandler.cs:18) 玩家ID:482736422909116417 移动到新位置: 2.4458601 , 0 , -0.5380165
2025-11-29 16:52:38.3699 (StateSyncRequestHandler.cs:18) 玩家ID:482736422909116417 移动方向: 0.5783945 , 0 , 0.81575716
2025-11-29 16:52:38.3699 (StateSyncRequestHandler.cs:18) 玩家ID:482736422909116417 移动到新位置: 2.561539 , 0 , -0.37486506
2025-11-29 16:52:38.4776 (StateSyncRequestHandler.cs:18) 玩家ID:482736422909116417 移动方向: 0.5782581 , 0 , 0.8158539
2025-11-29 16:52:38.4776 (StateSyncRequestHandler.cs:18) 玩家ID:482736422909116417 移动到新位置: 2.6771905 , 0 , -0.21169429
2025-11-29 16:52:38.5875 (StateSyncRequestHandler.cs:18) 玩家ID:482736422909116417 移动方向: 0.5782277 , 0 , 0.8158754
2025-11-29 16:52:38.5875 (StateSyncRequestHandler.cs:18) 玩家ID:482736422909116417 移动到新位置: 2.7928362 , 0 , -0.04851921
2025-11-29 16:52:38.6808 (StateSyncRequestHandler.cs:18) 玩家ID:482736422909116417 移动到新位置: 2.7928362 , 0 , -0.04851921
2025-11-29 16:52:43.1872 (StateSyncRequestHandler.cs:18) 玩家ID:482736422909116417 移动方向: 0.5782161 , 0 , 0.8158837
2025-11-29 16:52:43.1872 (StateSyncRequestHandler.cs:18) 玩家ID:482736422909116417 移动到新位置: 2.9084795 , 0 , 0.11465752
2025-11-29 16:52:43.2810 (StateSyncRequestHandler.cs:18) 玩家ID:482736422909116417 移动方向: 0.5782161 , 0 , 0.8158837
2025-11-29 16:52:43.2810 (StateSyncRequestHandler.cs:18) 玩家ID:482736422909116417 移动到新位置: 3.0241227 , 0 , 0.27783424
2025-11-29 16:52:43.3739 (StateSyncRequestHandler.cs:18) 玩家ID:482736422909116417 移动方向: 0.5782161 , 0 , 0.8158837
2025-11-29 16:52:43.3739 (StateSyncRequestHandler.cs:18) 玩家ID:482736422909116417 移动到新位置: 3.139766 , 0 , 0.44101095
2025-11-29 16:52:43.4814 (StateSyncRequestHandler.cs:18) 玩家ID:482736422909116417 移动方向: 0.5782161 , 0 , 0.8158837
2025-11-29 16:52:43.4814 (StateSyncRequestHandler.cs:18) 玩家ID:482736422909116417 移动到新位置: 3.2554092 , 0 , 0.60418767
2025-11-29 16:52:43.5887 (StateSyncRequestHandler.cs:18) 玩家ID:482736422909116417 移动方向: 0.9857773 , 0 , 0.16805637
2025-11-29 16:52:43.5887 (StateSyncRequestHandler.cs:18) 玩家ID:482736422909116417 移动到新位置: 3.4525647 , 0 , 0.63779896
2025-11-29 16:52:43.6808 (StateSyncRequestHandler.cs:18) 玩家ID:482736422909116417 移动方向: 0.9857773 , 0 , 0.16805637
2025-11-29 16:52:43.6808 (StateSyncRequestHandler.cs:18) 玩家ID:482736422909116417 移动到新位置: 3.6497202 , 0 , 0.67141026
2025-11-29 16:52:43.7730 (StateSyncRequestHandler.cs:18) 玩家ID:482736422909116417 移动方向: 0.9857773 , 0 , 0.16805637
2025-11-29 16:52:43.7730 (StateSyncRequestHandler.cs:18) 玩家ID:482736422909116417 移动到新位置: 3.8468757 , 0 , 0.70502156
2025-11-29 16:52:43.8808 (StateSyncRequestHandler.cs:18) 玩家ID:482736422909116417 移动方向: 0.9857773 , 0 , 0.16805637
2025-11-29 16:52:43.8808 (StateSyncRequestHandler.cs:18) 玩家ID:482736422909116417 移动到新位置: 4.044031 , 0 , 0.73863286
2025-11-29 16:52:43.9918 (StateSyncRequestHandler.cs:18) 玩家ID:482736422909116417 移动方向: 0.9857773 , 0 , 0.16805637
2025-11-29 16:52:43.9918 (StateSyncRequestHandler.cs:18) 玩家ID:482736422909116417 移动到新位置: 4.2411866 , 0 , 0.77224416
2025-11-29 16:52:44.0845 (StateSyncRequestHandler.cs:18) 玩家ID:482736422909116417 移动方向: 0.5782161 , 0 , 0.8158837
2025-11-29 16:52:44.0845 (StateSyncRequestHandler.cs:18) 玩家ID:482736422909116417 移动到新位置: 4.3568296 , 0 , 0.9354209
2025-11-29 16:52:44.1764 (StateSyncRequestHandler.cs:18) 玩家ID:482736422909116417 移动方向: 0.5782161 , 0 , 0.8158837
2025-11-29 16:52:44.1764 (StateSyncRequestHandler.cs:18) 玩家ID:482736422909116417 移动到新位置: 4.4724727 , 0 , 1.0985976
2025-11-29 16:52:44.2829 (StateSyncRequestHandler.cs:18) 玩家ID:482736422909116417 移动方向: 0.5782161 , 0 , 0.8158837
2025-11-29 16:52:44.2829 (StateSyncRequestHandler.cs:18) 玩家ID:482736422909116417 移动到新位置: 4.5881157 , 0 , 1.2617744
2025-11-29 16:52:44.3918 (StateSyncRequestHandler.cs:18) 玩家ID:482736422909116417 移动方向: 0.5782161 , 0 , 0.8158837
2025-11-29 16:52:44.3918 (StateSyncRequestHandler.cs:18) 玩家ID:482736422909116417 移动到新位置: 4.7037587 , 0 , 1.4249512
2025-11-29 16:52:44.4826 (StateSyncRequestHandler.cs:18) 玩家ID:482736422909116417 移动方向: -0.16805631 , 0 , 0.9857774
2025-11-29 16:52:44.4826 (StateSyncRequestHandler.cs:18) 玩家ID:482736422909116417 移动到新位置: 4.6701474 , 0 , 1.6221067
2025-11-29 16:52:44.5906 (StateSyncRequestHandler.cs:18) 玩家ID:482736422909116417 移动方向: -0.16805631 , 0 , 0.9857774
2025-11-29 16:52:44.5906 (StateSyncRequestHandler.cs:18) 玩家ID:482736422909116417 移动到新位置: 4.636536 , 0 , 1.8192621
2025-11-29 16:52:44.6825 (StateSyncRequestHandler.cs:18) 玩家ID:482736422909116417 移动方向: -0.81588364 , 0 , 0.5782161
2025-11-29 16:52:44.6825 (StateSyncRequestHandler.cs:18) 玩家ID:482736422909116417 移动到新位置: 4.4733596 , 0 , 1.9349054
2025-11-29 16:52:44.7760 (StateSyncRequestHandler.cs:18) 玩家ID:482736422909116417 移动方向: -0.81588364 , 0 , 0.5782161
2025-11-29 16:52:44.7760 (StateSyncRequestHandler.cs:18) 玩家ID:482736422909116417 移动到新位置: 4.310183 , 0 , 2.0505486
2025-11-29 16:52:44.8846 (StateSyncRequestHandler.cs:18) 玩家ID:482736422909116417 移动方向: -0.9857773 , 0 , -0.16805637
2025-11-29 16:52:44.8846 (StateSyncRequestHandler.cs:18) 玩家ID:482736422909116417 移动到新位置: 4.1130276 , 0 , 2.0169373
2025-11-29 16:52:44.9770 (StateSyncRequestHandler.cs:18) 玩家ID:482736422909116417 移动方向: -0.9857773 , 0 , -0.16805637
2025-11-29 16:52:44.9770 (StateSyncRequestHandler.cs:18) 玩家ID:482736422909116417 移动到新位置: 3.915872 , 0 , 1.983326
2025-11-29 16:52:45.0856 (StateSyncRequestHandler.cs:18) 玩家ID:482736422909116417 移动方向: -0.9857773 , 0 , -0.16805637
2025-11-29 16:52:45.0856 (StateSyncRequestHandler.cs:18) 玩家ID:482736422909116417 移动到新位置: 3.7187166 , 0 , 1.9497147
2025-11-29 16:52:45.1786 (StateSyncRequestHandler.cs:18) 玩家ID:482736422909116417 移动方向: -0.9857773 , 0 , -0.16805637
2025-11-29 16:52:45.1786 (StateSyncRequestHandler.cs:18) 玩家ID:482736422909116417 移动到新位置: 3.5215611 , 0 , 1.9161034
2025-11-29 16:52:45.2870 (StateSyncRequestHandler.cs:18) 玩家ID:482736422909116417 移动方向: -0.9857773 , 0 , -0.16805637
2025-11-29 16:52:45.2870 (StateSyncRequestHandler.cs:18) 玩家ID:482736422909116417 移动到新位置: 3.3244057 , 0 , 1.8824921
2025-11-29 16:52:45.3821 (StateSyncRequestHandler.cs:18) 玩家ID:482736422909116417 移动方向: -0.9857773 , 0 , -0.16805637
2025-11-29 16:52:45.3821 (StateSyncRequestHandler.cs:18) 玩家ID:482736422909116417 移动到新位置: 3.1272502 , 0 , 1.8488808
2025-11-29 16:52:45.4755 (StateSyncRequestHandler.cs:18) 玩家ID:482736422909116417 移动方向: -0.9857773 , 0 , -0.16805637
2025-11-29 16:52:45.4755 (StateSyncRequestHandler.cs:18) 玩家ID:482736422909116417 移动到新位置: 2.9300947 , 0 , 1.8152695
2025-11-29 16:52:45.5831 (StateSyncRequestHandler.cs:18) 玩家ID:482736422909116417 移动方向: -0.9857773 , 0 , -0.16805637
2025-11-29 16:52:45.5831 (StateSyncRequestHandler.cs:18) 玩家ID:482736422909116417 移动到新位置: 2.7329392 , 0 , 1.7816582
2025-11-29 16:52:45.6752 (StateSyncRequestHandler.cs:18) 玩家ID:482736422909116417 移动方向: 0.16805631 , 0 , -0.9857774
2025-11-29 16:52:45.6752 (StateSyncRequestHandler.cs:18) 玩家ID:482736422909116417 移动到新位置: 2.7665505 , 0 , 1.5845027
2025-11-29 16:52:45.7840 (StateSyncRequestHandler.cs:18) 玩家ID:482736422909116417 移动方向: 0.16805631 , 0 , -0.9857774
2025-11-29 16:52:45.7840 (StateSyncRequestHandler.cs:18) 玩家ID:482736422909116417 移动到新位置: 2.8001618 , 0 , 1.3873472
2025-11-29 16:52:45.8927 (StateSyncRequestHandler.cs:18) 玩家ID:482736422909116417 移动方向: 0.16805631 , 0 , -0.9857774
2025-11-29 16:52:45.8927 (StateSyncRequestHandler.cs:18) 玩家ID:482736422909116417 移动到新位置: 2.8337731 , 0 , 1.1901917
2025-11-29 16:52:45.9707 (StateSyncRequestHandler.cs:18) 玩家ID:482736422909116417 移动方向: 0.16805631 , 0 , -0.9857774
2025-11-29 16:52:45.9707 (StateSyncRequestHandler.cs:18) 玩家ID:482736422909116417 移动到新位置: 2.8673844 , 0 , 0.99303627
2025-11-29 16:52:46.0785 (StateSyncRequestHandler.cs:18) 玩家ID:482736422909116417 移动方向: 0.16805631 , 0 , -0.9857774
2025-11-29 16:52:46.0785 (StateSyncRequestHandler.cs:18) 玩家ID:482736422909116417 移动到新位置: 2.9009957 , 0 , 0.7958808
2025-11-29 16:52:46.1717 (StateSyncRequestHandler.cs:18) 玩家ID:482736422909116417 移动方向: 0.16805631 , 0 , -0.9857774
2025-11-29 16:52:46.1717 (StateSyncRequestHandler.cs:18) 玩家ID:482736422909116417 移动到新位置: 2.934607 , 0 , 0.5987253
2025-11-29 16:52:46.2959 (StateSyncRequestHandler.cs:18) 玩家ID:482736422909116417 移动方向: -0.9857773 , 0 , -0.16805637
2025-11-29 16:52:46.2959 (StateSyncRequestHandler.cs:18) 玩家ID:482736422909116417 移动到新位置: 2.7374516 , 0 , 0.565114
2025-11-29 16:52:46.3882 (StateSyncRequestHandler.cs:18) 玩家ID:482736422909116417 移动方向: -0.9857773 , 0 , -0.16805637
2025-11-29 16:52:46.3882 (StateSyncRequestHandler.cs:18) 玩家ID:482736422909116417 移动到新位置: 2.540296 , 0 , 0.5315027
2025-11-29 16:52:46.4826 (StateSyncRequestHandler.cs:18) 玩家ID:482736422909116417 移动方向: -0.9857773 , 0 , -0.16805637
2025-11-29 16:52:46.4826 (StateSyncRequestHandler.cs:18) 玩家ID:482736422909116417 移动到新位置: 2.3431406 , 0 , 0.49789146
2025-11-29 16:52:46.5774 (StateSyncRequestHandler.cs:18) 玩家ID:482736422909116417 移动方向: -0.9857773 , 0 , -0.16805637
2025-11-29 16:52:46.5774 (StateSyncRequestHandler.cs:18) 玩家ID:482736422909116417 移动到新位置: 2.1459851 , 0 , 0.4642802
2025-11-29 16:52:46.6882 (StateSyncRequestHandler.cs:18) 玩家ID:482736422909116417 移动方向: -0.9857773 , 0 , -0.16805637
2025-11-29 16:52:46.6882 (StateSyncRequestHandler.cs:18) 玩家ID:482736422909116417 移动到新位置: 1.9488297 , 0 , 0.43066892
2025-11-29 16:52:46.7800 (StateSyncRequestHandler.cs:18) 玩家ID:482736422909116417 移动方向: -0.5782161 , 0 , -0.8158837
2025-11-29 16:52:46.7800 (StateSyncRequestHandler.cs:18) 玩家ID:482736422909116417 移动到新位置: 1.8331864 , 0 , 0.26749218
2025-11-29 16:52:46.8722 (StateSyncRequestHandler.cs:18) 玩家ID:482736422909116417 移动方向: 0.16805631 , 0 , -0.9857774
2025-11-29 16:52:46.8722 (StateSyncRequestHandler.cs:18) 玩家ID:482736422909116417 移动到新位置: 1.8667977 , 0 , 0.0703367
2025-11-29 16:52:46.9955 (StateSyncRequestHandler.cs:18) 玩家ID:482736422909116417 移动方向: 0.16805631 , 0 , -0.9857774
2025-11-29 16:52:46.9955 (StateSyncRequestHandler.cs:18) 玩家ID:482736422909116417 移动到新位置: 1.900409 , 0 , -0.12681878
2025-11-29 16:52:47.0870 (StateSyncRequestHandler.cs:18) 玩家ID:482736422909116417 移动方向: 0.16805631 , 0 , -0.9857774
2025-11-29 16:52:47.0870 (StateSyncRequestHandler.cs:18) 玩家ID:482736422909116417 移动到新位置: 1.9340203 , 0 , -0.32397425
2025-11-29 16:52:47.1799 (StateSyncRequestHandler.cs:18) 玩家ID:482736422909116417 移动方向: 0.16805631 , 0 , -0.9857774
2025-11-29 16:52:47.1799 (StateSyncRequestHandler.cs:18) 玩家ID:482736422909116417 移动到新位置: 1.9676316 , 0 , -0.5211297
2025-11-29 16:52:47.2731 (StateSyncRequestHandler.cs:18) 玩家ID:482736422909116417 移动方向: -0.5782161 , 0 , -0.8158837
2025-11-29 16:52:47.2731 (StateSyncRequestHandler.cs:18) 玩家ID:482736422909116417 移动到新位置: 1.8519883 , 0 , -0.68430644
2025-11-29 16:52:47.3825 (StateSyncRequestHandler.cs:18) 玩家ID:482736422909116417 移动方向: -0.9857773 , 0 , -0.16805637
2025-11-29 16:52:47.3825 (StateSyncRequestHandler.cs:18) 玩家ID:482736422909116417 移动到新位置: 1.6548328 , 0 , -0.71791774
2025-11-29 16:52:47.4746 (StateSyncRequestHandler.cs:18) 玩家ID:482736422909116417 移动方向: -0.9857773 , 0 , -0.16805637
2025-11-29 16:52:47.4746 (StateSyncRequestHandler.cs:18) 玩家ID:482736422909116417 移动到新位置: 1.4576774 , 0 , -0.75152904
2025-11-29 16:52:47.5840 (StateSyncRequestHandler.cs:18) 玩家ID:482736422909116417 移动方向: -0.81588364 , 0 , 0.5782161
2025-11-29 16:52:47.5840 (StateSyncRequestHandler.cs:18) 玩家ID:482736422909116417 移动到新位置: 1.2945006 , 0 , -0.63588583
2025-11-29 16:52:47.6921 (StateSyncRequestHandler.cs:18) 玩家ID:482736422909116417 移动方向: -0.81588364 , 0 , 0.5782161
2025-11-29 16:52:47.6921 (StateSyncRequestHandler.cs:18) 玩家ID:482736422909116417 移动到新位置: 1.1313238 , 0 , -0.52024263
2025-11-29 16:52:47.7696 (StateSyncRequestHandler.cs:18) 玩家ID:482736422909116417 移动方向: -0.16805631 , 0 , 0.9857774
2025-11-29 16:52:47.7717 (StateSyncRequestHandler.cs:18) 玩家ID:482736422909116417 移动到新位置: 1.0977125 , 0 , -0.32308716
2025-11-29 16:52:47.8920 (StateSyncRequestHandler.cs:18) 玩家ID:482736422909116417 移动方向: 0.5782161 , 0 , 0.8158837
2025-11-29 16:52:47.8920 (StateSyncRequestHandler.cs:18) 玩家ID:482736422909116417 移动到新位置: 1.2133558 , 0 , -0.15991043
2025-11-29 16:52:47.9692 (StateSyncRequestHandler.cs:18) 玩家ID:482736422909116417 移动方向: 0.5782161 , 0 , 0.8158837
2025-11-29 16:52:47.9692 (StateSyncRequestHandler.cs:18) 玩家ID:482736422909116417 移动到新位置: 1.328999 , 0 , 0.0032663047
2025-11-29 16:52:48.0778 (StateSyncRequestHandler.cs:18) 玩家ID:482736422909116417 移动方向: 0.5782161 , 0 , 0.8158837
2025-11-29 16:52:48.0778 (StateSyncRequestHandler.cs:18) 玩家ID:482736422909116417 移动到新位置: 1.4446423 , 0 , 0.16644304
2025-11-29 16:52:48.1692 (StateSyncRequestHandler.cs:18) 玩家ID:482736422909116417 移动方向: 0.5782161 , 0 , 0.8158837
2025-11-29 16:52:48.1692 (StateSyncRequestHandler.cs:18) 玩家ID:482736422909116417 移动到新位置: 1.5602856 , 0 , 0.32961977
2025-11-29 16:52:48.2762 (StateSyncRequestHandler.cs:18) 玩家ID:482736422909116417 移动方向: 0.9857773 , 0 , 0.16805637
2025-11-29 16:52:48.2762 (StateSyncRequestHandler.cs:18) 玩家ID:482736422909116417 移动到新位置: 1.757441 , 0 , 0.36323103
2025-11-29 16:52:48.3854 (StateSyncRequestHandler.cs:18) 玩家ID:482736422909116417 移动方向: 0.9857773 , 0 , 0.16805637
2025-11-29 16:52:48.3854 (StateSyncRequestHandler.cs:18) 玩家ID:482736422909116417 移动到新位置: 1.9545965 , 0 , 0.3968423
2025-11-29 16:52:48.4792 (StateSyncRequestHandler.cs:18) 玩家ID:482736422909116417 移动方向: 0.5782161 , 0 , 0.8158837
2025-11-29 16:52:48.4792 (StateSyncRequestHandler.cs:18) 玩家ID:482736422909116417 移动到新位置: 2.0702398 , 0 , 0.560019
2025-11-29 16:52:48.5727 (StateSyncRequestHandler.cs:18) 玩家ID:482736422909116417 移动方向: 0.5782161 , 0 , 0.8158837
2025-11-29 16:52:48.5727 (StateSyncRequestHandler.cs:18) 玩家ID:482736422909116417 移动到新位置: 2.185883 , 0 , 0.72319573
2025-11-29 16:52:48.6808 (StateSyncRequestHandler.cs:18) 玩家ID:482736422909116417 移动方向: 0.5782161 , 0 , 0.8158837
2025-11-29 16:52:48.6808 (StateSyncRequestHandler.cs:18) 玩家ID:482736422909116417 移动到新位置: 2.3015263 , 0 , 0.88637245
2025-11-29 16:52:48.7749 (StateSyncRequestHandler.cs:18) 玩家ID:482736422909116417 移动方向: 0.9857773 , 0 , 0.16805637
2025-11-29 16:52:48.7749 (StateSyncRequestHandler.cs:18) 玩家ID:482736422909116417 移动到新位置: 2.4986818 , 0 , 0.91998374
2025-11-29 16:52:48.8681 (StateSyncRequestHandler.cs:18) 玩家ID:482736422909116417 移动方向: 0.9857773 , 0 , 0.16805637
2025-11-29 16:52:48.8681 (StateSyncRequestHandler.cs:18) 玩家ID:482736422909116417 移动到新位置: 2.6958373 , 0 , 0.95359504
2025-11-29 16:52:48.9764 (StateSyncRequestHandler.cs:18) 玩家ID:482736422909116417 移动方向: 0.5782161 , 0 , 0.8158837
2025-11-29 16:52:48.9764 (StateSyncRequestHandler.cs:18) 玩家ID:482736422909116417 移动到新位置: 2.8114805 , 0 , 1.1167718
2025-11-29 16:52:49.0703 (StateSyncRequestHandler.cs:18) 玩家ID:482736422909116417 移动方向: 0.5782161 , 0 , 0.8158837
2025-11-29 16:52:49.0703 (StateSyncRequestHandler.cs:18) 玩家ID:482736422909116417 移动到新位置: 2.9271238 , 0 , 1.2799486
2025-11-29 16:52:49.1783 (StateSyncRequestHandler.cs:18) 玩家ID:482736422909116417 移动方向: -0.16805631 , 0 , 0.9857774
2025-11-29 16:52:49.1783 (StateSyncRequestHandler.cs:18) 玩家ID:482736422909116417 移动到新位置: 2.8935125 , 0 , 1.4771041
2025-11-29 16:52:49.2862 (StateSyncRequestHandler.cs:18) 玩家ID:482736422909116417 移动方向: -0.81588364 , 0 , 0.5782161
2025-11-29 16:52:49.2862 (StateSyncRequestHandler.cs:18) 玩家ID:482736422909116417 移动到新位置: 2.7303357 , 0 , 1.5927473
2025-11-29 16:52:49.3784 (StateSyncRequestHandler.cs:18) 玩家ID:482736422909116417 移动方向: -0.9857773 , 0 , -0.16805637
2025-11-29 16:52:49.3784 (StateSyncRequestHandler.cs:18) 玩家ID:482736422909116417 移动到新位置: 2.5331802 , 0 , 1.559136
2025-11-29 16:52:49.4878 (StateSyncRequestHandler.cs:18) 玩家ID:482736422909116417 移动方向: -0.5782161 , 0 , -0.8158837
2025-11-29 16:52:49.4878 (StateSyncRequestHandler.cs:18) 玩家ID:482736422909116417 移动到新位置: 2.417537 , 0 , 1.3959593
2025-11-29 16:52:49.5796 (StateSyncRequestHandler.cs:18) 玩家ID:482736422909116417 移动方向: 0.16805631 , 0 , -0.9857774
2025-11-29 16:52:49.5796 (StateSyncRequestHandler.cs:18) 玩家ID:482736422909116417 移动到新位置: 2.4511483 , 0 , 1.1988038
2025-11-29 16:52:49.6724 (StateSyncRequestHandler.cs:18) 玩家ID:482736422909116417 移动方向: 0.16805631 , 0 , -0.9857774
2025-11-29 16:52:49.6724 (StateSyncRequestHandler.cs:18) 玩家ID:482736422909116417 移动到新位置: 2.4847596 , 0 , 1.0016483
2025-11-29 16:52:49.7802 (StateSyncRequestHandler.cs:18) 玩家ID:482736422909116417 移动方向: 0.16805631 , 0 , -0.9857774
2025-11-29 16:52:49.7802 (StateSyncRequestHandler.cs:18) 玩家ID:482736422909116417 移动到新位置: 2.5183709 , 0 , 0.80449283
2025-11-29 16:52:49.8734 (StateSyncRequestHandler.cs:18) 玩家ID:482736422909116417 移动方向: -0.5782161 , 0 , -0.8158837
2025-11-29 16:52:49.8734 (StateSyncRequestHandler.cs:18) 玩家ID:482736422909116417 移动到新位置: 2.4027276 , 0 , 0.6413161
2025-11-29 16:52:49.9804 (StateSyncRequestHandler.cs:18) 玩家ID:482736422909116417 移动方向: -0.5782161 , 0 , -0.8158837
2025-11-29 16:52:49.9804 (StateSyncRequestHandler.cs:18) 玩家ID:482736422909116417 移动到新位置: 2.2870843 , 0 , 0.4781394
2025-11-29 16:52:50.0920 (StateSyncRequestHandler.cs:18) 玩家ID:482736422909116417 移动方向: -0.9857773 , 0 , -0.16805637
2025-11-29 16:52:50.0920 (StateSyncRequestHandler.cs:18) 玩家ID:482736422909116417 移动到新位置: 2.0899289 , 0 , 0.44452813
2025-11-29 16:52:50.1845 (StateSyncRequestHandler.cs:18) 玩家ID:482736422909116417 移动方向: -0.9857773 , 0 , -0.16805637
2025-11-29 16:52:50.1845 (StateSyncRequestHandler.cs:18) 玩家ID:482736422909116417 移动到新位置: 1.8927734 , 0 , 0.41091686
2025-11-29 16:52:50.2776 (StateSyncRequestHandler.cs:18) 玩家ID:482736422909116417 移动方向: -0.9857773 , 0 , -0.16805637
2025-11-29 16:52:50.2776 (StateSyncRequestHandler.cs:18) 玩家ID:482736422909116417 移动到新位置: 1.6956179 , 0 , 0.3773056
2025-11-29 16:52:50.3852 (StateSyncRequestHandler.cs:18) 玩家ID:482736422909116417 移动方向: -0.5782161 , 0 , -0.8158837
2025-11-29 16:52:50.3852 (StateSyncRequestHandler.cs:18) 玩家ID:482736422909116417 移动到新位置: 1.5799747 , 0 , 0.21412887
2025-11-29 16:52:50.4774 (StateSyncRequestHandler.cs:18) 玩家ID:482736422909116417 移动方向: -0.5782161 , 0 , -0.8158837
2025-11-29 16:52:50.4774 (StateSyncRequestHandler.cs:18) 玩家ID:482736422909116417 移动到新位置: 1.4643314 , 0 , 0.050952137
2025-11-29 16:52:50.5717 (StateSyncRequestHandler.cs:18) 玩家ID:482736422909116417 移动方向: -0.5782161 , 0 , -0.8158837
2025-11-29 16:52:50.5717 (StateSyncRequestHandler.cs:18) 玩家ID:482736422909116417 移动到新位置: 1.3486881 , 0 , -0.112224594
2025-11-29 16:52:50.6788 (StateSyncRequestHandler.cs:18) 玩家ID:482736422909116417 移动到新位置: 1.3486881 , 0 , -0.112224594
2025-11-29 16:52:53.7229 (StateSyncRequestHandler.cs:18) 玩家ID:482734309785206785 移动方向: -0.25415468 , 0 , 0.96716356
2025-11-29 16:52:53.7229 (StateSyncRequestHandler.cs:18) 玩家ID:482734309785206785 移动到新位置: 2.5489888 , 0 , -2.0803566
2025-11-29 16:52:53.7991 (StateSyncRequestHandler.cs:18) 玩家ID:482734309785206785 移动方向: 0.49944627 , 0 , 0.8663448
2025-11-29 16:52:53.7991 (StateSyncRequestHandler.cs:18) 玩家ID:482734309785206785 移动到新位置: 2.648878 , 0 , -1.9070877
2025-11-29 16:52:53.9081 (StateSyncRequestHandler.cs:18) 玩家ID:482734309785206785 移动方向: 0.49675417 , 0 , 0.8678913
2025-11-29 16:52:53.9081 (StateSyncRequestHandler.cs:18) 玩家ID:482734309785206785 移动到新位置: 2.748229 , 0 , -1.7335094
2025-11-29 16:52:54.0168 (StateSyncRequestHandler.cs:18) 玩家ID:482734309785206785 移动方向: -0.2634273 , 0 , 0.96467924
2025-11-29 16:52:54.0168 (StateSyncRequestHandler.cs:18) 玩家ID:482734309785206785 移动到新位置: 2.6955435 , 0 , -1.5405736
2025-11-29 16:52:54.1082 (StateSyncRequestHandler.cs:18) 玩家ID:482734309785206785 移动方向: -0.26371706 , 0 , 0.9646001
2025-11-29 16:52:54.1082 (StateSyncRequestHandler.cs:18) 玩家ID:482734309785206785 移动到新位置: 2.6428 , 0 , -1.3476536
2025-11-29 16:52:54.2174 (StateSyncRequestHandler.cs:18) 玩家ID:482734309785206785 移动方向: -0.2638275 , 0 , 0.96456987
2025-11-29 16:52:54.2174 (StateSyncRequestHandler.cs:18) 玩家ID:482734309785206785 移动到新位置: 2.5900345 , 0 , -1.1547396
2025-11-29 16:52:54.3273 (StateSyncRequestHandler.cs:18) 玩家ID:482734309785206785 移动方向: -0.26386198 , 0 , 0.96456045
2025-11-29 16:52:54.3273 (StateSyncRequestHandler.cs:18) 玩家ID:482734309785206785 移动到新位置: 2.5372622 , 0 , -0.9618275
2025-11-29 16:52:54.4219 (StateSyncRequestHandler.cs:18) 玩家ID:482734309785206785 移动方向: -0.96455795 , 0 , -0.26387113
2025-11-29 16:52:54.4219 (StateSyncRequestHandler.cs:18) 玩家ID:482734309785206785 移动到新位置: 2.3443506 , 0 , -1.0146017
2025-11-29 16:52:54.5140 (StateSyncRequestHandler.cs:18) 玩家ID:482734309785206785 移动到新位置: 2.3443506 , 0 , -1.0146017
2025-11-29 16:52:55.0208 (StateSyncRequestHandler.cs:18) 玩家ID:482734309785206785 移动方向: 0.49545744 , 0 , 0.8686322
2025-11-29 16:52:55.0208 (StateSyncRequestHandler.cs:18) 玩家ID:482734309785206785 移动到新位置: 2.443442 , 0 , -0.84087527
2025-11-29 16:52:55.1121 (StateSyncRequestHandler.cs:18) 玩家ID:482734309785206785 移动方向: 0.49545744 , 0 , 0.8686322
2025-11-29 16:52:55.1121 (StateSyncRequestHandler.cs:18) 玩家ID:482734309785206785 移动到新位置: 2.5425336 , 0 , -0.6671488
2025-11-29 16:52:55.2046 (StateSyncRequestHandler.cs:18) 玩家ID:482734309785206785 移动方向: -0.26387438 , 0 , 0.96455705
2025-11-29 16:52:55.2046 (StateSyncRequestHandler.cs:18) 玩家ID:482734309785206785 移动到新位置: 2.4897587 , 0 , -0.47423744
2025-11-29 16:52:55.3129 (StateSyncRequestHandler.cs:18) 玩家ID:482734309785206785 移动方向: -0.26387438 , 0 , 0.96455705
2025-11-29 16:52:55.3129 (StateSyncRequestHandler.cs:18) 玩家ID:482734309785206785 移动到新位置: 2.4369838 , 0 , -0.28132606
2025-11-29 16:52:55.4055 (StateSyncRequestHandler.cs:18) 玩家ID:482734309785206785 移动方向: -0.26387438 , 0 , 0.96455705
2025-11-29 16:52:55.4055 (StateSyncRequestHandler.cs:18) 玩家ID:482734309785206785 移动到新位置: 2.384209 , 0 , -0.088414654
2025-11-29 16:52:55.5134 (StateSyncRequestHandler.cs:18) 玩家ID:482734309785206785 移动方向: -0.26387438 , 0 , 0.96455705
2025-11-29 16:52:55.5134 (StateSyncRequestHandler.cs:18) 玩家ID:482734309785206785 移动到新位置: 2.331434 , 0 , 0.10449675
2025-11-29 16:52:55.6062 (StateSyncRequestHandler.cs:18) 玩家ID:482734309785206785 移动方向: -0.26387438 , 0 , 0.96455705
2025-11-29 16:52:55.6062 (StateSyncRequestHandler.cs:18) 玩家ID:482734309785206785 移动到新位置: 2.278659 , 0 , 0.29740816
2025-11-29 16:52:55.7154 (StateSyncRequestHandler.cs:18) 玩家ID:482734309785206785 移动方向: -0.26387438 , 0 , 0.96455705
2025-11-29 16:52:55.7154 (StateSyncRequestHandler.cs:18) 玩家ID:482734309785206785 移动到新位置: 2.2258842 , 0 , 0.49031955
2025-11-29 16:52:55.8086 (StateSyncRequestHandler.cs:18) 玩家ID:482734309785206785 移动方向: -0.96455705 , 0 , -0.26387438
2025-11-29 16:52:55.8086 (StateSyncRequestHandler.cs:18) 玩家ID:482734309785206785 移动到新位置: 2.0329728 , 0 , 0.43754467
2025-11-29 16:52:55.9185 (StateSyncRequestHandler.cs:18) 玩家ID:482734309785206785 移动方向: -0.96455705 , 0 , -0.26387438
2025-11-29 16:52:55.9185 (StateSyncRequestHandler.cs:18) 玩家ID:482734309785206785 移动到新位置: 1.8400614 , 0 , 0.3847698
2025-11-29 16:52:56.0113 (StateSyncRequestHandler.cs:18) 玩家ID:482734309785206785 移动方向: -0.49545744 , 0 , -0.8686322
2025-11-29 16:52:56.0113 (StateSyncRequestHandler.cs:18) 玩家ID:482734309785206785 移动到新位置: 1.7409699 , 0 , 0.21104336
2025-11-29 16:52:56.1032 (StateSyncRequestHandler.cs:18) 玩家ID:482734309785206785 移动方向: 0.26387438 , 0 , -0.96455705
2025-11-29 16:52:56.1032 (StateSyncRequestHandler.cs:18) 玩家ID:482734309785206785 移动到新位置: 1.7937448 , 0 , 0.018131956
2025-11-29 16:52:56.2114 (StateSyncRequestHandler.cs:18) 玩家ID:482734309785206785 移动方向: 0.26387438 , 0 , -0.96455705
2025-11-29 16:52:56.2114 (StateSyncRequestHandler.cs:18) 玩家ID:482734309785206785 移动到新位置: 1.8465197 , 0 , -0.17477944
2025-11-29 16:52:56.3051 (StateSyncRequestHandler.cs:18) 玩家ID:482734309785206785 移动方向: 0.26387438 , 0 , -0.96455705
2025-11-29 16:52:56.3051 (StateSyncRequestHandler.cs:18) 玩家ID:482734309785206785 移动到新位置: 1.8992946 , 0 , -0.36769086
2025-11-29 16:52:56.4127 (StateSyncRequestHandler.cs:18) 玩家ID:482734309785206785 移动方向: 0.26387438 , 0 , -0.96455705
2025-11-29 16:52:56.4127 (StateSyncRequestHandler.cs:18) 玩家ID:482734309785206785 移动到新位置: 1.9520695 , 0 , -0.56060225
2025-11-29 16:52:56.5194 (StateSyncRequestHandler.cs:18) 玩家ID:482734309785206785 移动方向: 0.26387438 , 0 , -0.96455705
2025-11-29 16:52:56.5194 (StateSyncRequestHandler.cs:18) 玩家ID:482734309785206785 移动到新位置: 2.0048444 , 0 , -0.75351363
2025-11-29 16:52:56.6295 (StateSyncRequestHandler.cs:18) 玩家ID:482734309785206785 移动方向: 0.26387438 , 0 , -0.96455705
2025-11-29 16:52:56.6295 (StateSyncRequestHandler.cs:18) 玩家ID:482734309785206785 移动到新位置: 2.0576193 , 0 , -0.946425
2025-11-29 16:52:56.7057 (StateSyncRequestHandler.cs:18) 玩家ID:482734309785206785 移动方向: 0.26387438 , 0 , -0.96455705
2025-11-29 16:52:56.7057 (StateSyncRequestHandler.cs:18) 玩家ID:482734309785206785 移动到新位置: 2.1103942 , 0 , -1.1393365
2025-11-29 16:52:56.8133 (StateSyncRequestHandler.cs:18) 玩家ID:482734309785206785 移动方向: 0.26387438 , 0 , -0.96455705
2025-11-29 16:52:56.8133 (StateSyncRequestHandler.cs:18) 玩家ID:482734309785206785 移动到新位置: 2.1631691 , 0 , -1.3322479
2025-11-29 16:52:56.9065 (StateSyncRequestHandler.cs:18) 玩家ID:482734309785206785 移动方向: 0.26387438 , 0 , -0.96455705
2025-11-29 16:52:56.9065 (StateSyncRequestHandler.cs:18) 玩家ID:482734309785206785 移动到新位置: 2.215944 , 0 , -1.5251592
2025-11-29 16:52:57.0141 (StateSyncRequestHandler.cs:18) 玩家ID:482734309785206785 移动方向: 0.26387438 , 0 , -0.96455705
2025-11-29 16:52:57.0141 (StateSyncRequestHandler.cs:18) 玩家ID:482734309785206785 移动到新位置: 2.268719 , 0 , -1.7180706
2025-11-29 16:52:57.1218 (StateSyncRequestHandler.cs:18) 玩家ID:482734309785206785 移动方向: 0.26387438 , 0 , -0.96455705
2025-11-29 16:52:57.1218 (StateSyncRequestHandler.cs:18) 玩家ID:482734309785206785 移动到新位置: 2.3214939 , 0 , -1.910982
2025-11-29 16:52:57.2148 (StateSyncRequestHandler.cs:18) 玩家ID:482734309785206785 移动方向: 0.26387438 , 0 , -0.96455705
2025-11-29 16:52:57.2148 (StateSyncRequestHandler.cs:18) 玩家ID:482734309785206785 移动到新位置: 2.3742688 , 0 , -2.1038935
2025-11-29 16:52:57.3231 (StateSyncRequestHandler.cs:18) 玩家ID:482734309785206785 移动方向: 0.26387438 , 0 , -0.96455705
2025-11-29 16:52:57.3231 (StateSyncRequestHandler.cs:18) 玩家ID:482734309785206785 移动到新位置: 2.4270437 , 0 , -2.296805
2025-11-29 16:52:57.4175 (StateSyncRequestHandler.cs:18) 玩家ID:482734309785206785 移动方向: -0.96455705 , 0 , -0.26387438
2025-11-29 16:52:57.4175 (StateSyncRequestHandler.cs:18) 玩家ID:482734309785206785 移动到新位置: 2.2341323 , 0 , -2.3495798
2025-11-29 16:52:57.5099 (StateSyncRequestHandler.cs:18) 玩家ID:482734309785206785 移动方向: -0.96455705 , 0 , -0.26387438
2025-11-29 16:52:57.5099 (StateSyncRequestHandler.cs:18) 玩家ID:482734309785206785 移动到新位置: 2.041221 , 0 , -2.4023547
2025-11-29 16:52:57.6028 (StateSyncRequestHandler.cs:18) 玩家ID:482734309785206785 移动方向: -0.26387438 , 0 , 0.96455705
2025-11-29 16:52:57.6028 (StateSyncRequestHandler.cs:18) 玩家ID:482734309785206785 移动到新位置: 1.988446 , 0 , -2.2094433
2025-11-29 16:52:57.7123 (StateSyncRequestHandler.cs:18) 玩家ID:482734309785206785 移动方向: -0.26387438 , 0 , 0.96455705
2025-11-29 16:52:57.7123 (StateSyncRequestHandler.cs:18) 玩家ID:482734309785206785 移动到新位置: 1.9356711 , 0 , -2.016532
2025-11-29 16:52:57.8198 (StateSyncRequestHandler.cs:18) 玩家ID:482734309785206785 移动方向: -0.26387438 , 0 , 0.96455705
2025-11-29 16:52:57.8198 (StateSyncRequestHandler.cs:18) 玩家ID:482734309785206785 移动到新位置: 1.8828962 , 0 , -1.8236206
2025-11-29 16:52:57.9275 (StateSyncRequestHandler.cs:18) 玩家ID:482734309785206785 移动方向: -0.26387438 , 0 , 0.96455705
2025-11-29 16:52:57.9275 (StateSyncRequestHandler.cs:18) 玩家ID:482734309785206785 移动到新位置: 1.8301213 , 0 , -1.6307092
2025-11-29 16:52:58.0218 (StateSyncRequestHandler.cs:18) 玩家ID:482734309785206785 移动方向: -0.26387438 , 0 , 0.96455705
2025-11-29 16:52:58.0218 (StateSyncRequestHandler.cs:18) 玩家ID:482734309785206785 移动到新位置: 1.7773464 , 0 , -1.4377978
2025-11-29 16:52:58.1158 (StateSyncRequestHandler.cs:18) 玩家ID:482734309785206785 移动方向: -0.26387438 , 0 , 0.96455705
2025-11-29 16:52:58.1158 (StateSyncRequestHandler.cs:18) 玩家ID:482734309785206785 移动到新位置: 1.7245715 , 0 , -1.2448864
2025-11-29 16:52:58.2075 (StateSyncRequestHandler.cs:18) 玩家ID:482734309785206785 移动方向: -0.26387438 , 0 , 0.96455705
2025-11-29 16:52:58.2084 (StateSyncRequestHandler.cs:18) 玩家ID:482734309785206785 移动到新位置: 1.6717966 , 0 , -1.051975
2025-11-29 16:52:58.3296 (StateSyncRequestHandler.cs:18) 玩家ID:482734309785206785 移动方向: 0.96455705 , 0 , 0.26387438
2025-11-29 16:52:58.3296 (StateSyncRequestHandler.cs:18) 玩家ID:482734309785206785 移动到新位置: 1.864708 , 0 , -0.9992001
2025-11-29 16:52:58.4221 (StateSyncRequestHandler.cs:18) 玩家ID:482734309785206785 移动方向: 0.96455705 , 0 , 0.26387438
2025-11-29 16:52:58.4221 (StateSyncRequestHandler.cs:18) 玩家ID:482734309785206785 移动到新位置: 2.0576193 , 0 , -0.9464252
2025-11-29 16:52:58.5143 (StateSyncRequestHandler.cs:18) 玩家ID:482734309785206785 移动方向: 0.96455705 , 0 , 0.26387438
2025-11-29 16:52:58.5143 (StateSyncRequestHandler.cs:18) 玩家ID:482734309785206785 移动到新位置: 2.2505307 , 0 , -0.8936503
2025-11-29 16:52:58.6088 (StateSyncRequestHandler.cs:18) 玩家ID:482734309785206785 移动方向: 0.96455705 , 0 , 0.26387438
2025-11-29 16:52:58.6088 (StateSyncRequestHandler.cs:18) 玩家ID:482734309785206785 移动到新位置: 2.443442 , 0 , -0.8408754
2025-11-29 16:52:58.7018 (StateSyncRequestHandler.cs:18) 玩家ID:482734309785206785 移动方向: 0.96455705 , 0 , 0.26387438
2025-11-29 16:52:58.7018 (StateSyncRequestHandler.cs:18) 玩家ID:482734309785206785 移动到新位置: 2.6363535 , 0 , -0.7881005
2025-11-29 16:52:58.8106 (StateSyncRequestHandler.cs:18) 玩家ID:482734309785206785 移动方向: 0.8686322 , 0 , -0.49545744
2025-11-29 16:52:58.8106 (StateSyncRequestHandler.cs:18) 玩家ID:482734309785206785 移动到新位置: 2.81008 , 0 , -0.88719195
2025-11-29 16:52:58.9204 (StateSyncRequestHandler.cs:18) 玩家ID:482734309785206785 移动方向: 0.26387438 , 0 , -0.96455705
2025-11-29 16:52:58.9204 (StateSyncRequestHandler.cs:18) 玩家ID:482734309785206785 移动到新位置: 2.862855 , 0 , -1.0801034
2025-11-29 16:52:59.0289 (StateSyncRequestHandler.cs:18) 玩家ID:482734309785206785 移动方向: 0.26387438 , 0 , -0.96455705
2025-11-29 16:52:59.0289 (StateSyncRequestHandler.cs:18) 玩家ID:482734309785206785 移动到新位置: 2.9156299 , 0 , -1.2730148
2025-11-29 16:52:59.1054 (StateSyncRequestHandler.cs:18) 玩家ID:482734309785206785 移动方向: 0.26387438 , 0 , -0.96455705
2025-11-29 16:52:59.1054 (StateSyncRequestHandler.cs:18) 玩家ID:482734309785206785 移动到新位置: 2.9684048 , 0 , -1.4659262
2025-11-29 16:52:59.2126 (StateSyncRequestHandler.cs:18) 玩家ID:482734309785206785 移动方向: 0.26387438 , 0 , -0.96455705
2025-11-29 16:52:59.2126 (StateSyncRequestHandler.cs:18) 玩家ID:482734309785206785 移动到新位置: 3.0211797 , 0 , -1.6588376
2025-11-29 16:52:59.3041 (StateSyncRequestHandler.cs:18) 玩家ID:482734309785206785 移动方向: 0.26387438 , 0 , -0.96455705
2025-11-29 16:52:59.3041 (StateSyncRequestHandler.cs:18) 玩家ID:482734309785206785 移动到新位置: 3.0739546 , 0 , -1.851749
2025-11-29 16:52:59.4138 (StateSyncRequestHandler.cs:18) 玩家ID:482734309785206785 移动方向: 0.26387438 , 0 , -0.96455705
2025-11-29 16:52:59.4138 (StateSyncRequestHandler.cs:18) 玩家ID:482734309785206785 移动到新位置: 3.1267295 , 0 , -2.0446603
2025-11-29 16:52:59.5227 (StateSyncRequestHandler.cs:18) 玩家ID:482734309785206785 移动方向: -0.49545744 , 0 , -0.8686322
2025-11-29 16:52:59.5227 (StateSyncRequestHandler.cs:18) 玩家ID:482734309785206785 移动到新位置: 3.027638 , 0 , -2.2183867
2025-11-29 16:52:59.6320 (StateSyncRequestHandler.cs:18) 玩家ID:482734309785206785 移动方向: -0.96455705 , 0 , -0.26387438
2025-11-29 16:52:59.6320 (StateSyncRequestHandler.cs:18) 玩家ID:482734309785206785 移动到新位置: 2.8347266 , 0 , -2.2711616
2025-11-29 16:52:59.7102 (StateSyncRequestHandler.cs:18) 玩家ID:482734309785206785 移动方向: -0.26387438 , 0 , 0.96455705
2025-11-29 16:52:59.7102 (StateSyncRequestHandler.cs:18) 玩家ID:482734309785206785 移动到新位置: 2.7819517 , 0 , -2.0782502
2025-11-29 16:52:59.8198 (StateSyncRequestHandler.cs:18) 玩家ID:482734309785206785 移动方向: -0.26387438 , 0 , 0.96455705
2025-11-29 16:52:59.8198 (StateSyncRequestHandler.cs:18) 玩家ID:482734309785206785 移动到新位置: 2.7291768 , 0 , -1.8853388
2025-11-29 16:52:59.9281 (StateSyncRequestHandler.cs:18) 玩家ID:482734309785206785 移动方向: -0.26387438 , 0 , 0.96455705
2025-11-29 16:52:59.9281 (StateSyncRequestHandler.cs:18) 玩家ID:482734309785206785 移动到新位置: 2.6764019 , 0 , -1.6924274
2025-11-29 16:53:00.0052 (StateSyncRequestHandler.cs:18) 玩家ID:482734309785206785 移动方向: -0.26387438 , 0 , 0.96455705
2025-11-29 16:53:00.0059 (StateSyncRequestHandler.cs:18) 玩家ID:482734309785206785 移动到新位置: 2.623627 , 0 , -1.499516
2025-11-29 16:53:00.1124 (StateSyncRequestHandler.cs:18) 玩家ID:482734309785206785 移动到新位置: 2.623627 , 0 , -1.499516
2025-11-29 16:53:09.7708 (StateSyncRequestHandler.cs:18) 玩家ID:482736422909116417 移动方向: -0.69591457 , 0 , -0.71812457
2025-11-29 16:53:09.7708 (StateSyncRequestHandler.cs:18) 玩家ID:482736422909116417 移动到新位置: 1.2095052 , 0 , -0.25584948
2025-11-29 16:53:09.8788 (StateSyncRequestHandler.cs:18) 玩家ID:482736422909116417 移动方向: -0.69591457 , 0 , -0.71812457
2025-11-29 16:53:09.8788 (StateSyncRequestHandler.cs:18) 玩家ID:482736422909116417 移动到新位置: 1.0703223 , 0 , -0.39947438
2025-11-29 16:53:09.9860 (StateSyncRequestHandler.cs:18) 玩家ID:482736422909116417 移动方向: -0.69591457 , 0 , -0.71812457
2025-11-29 16:53:09.9860 (StateSyncRequestHandler.cs:18) 玩家ID:482736422909116417 移动到新位置: 0.93113935 , 0 , -0.5430993
2025-11-29 16:53:10.0787 (StateSyncRequestHandler.cs:18) 玩家ID:482736422909116417 移动方向: -0.69591457 , 0 , -0.71812457
2025-11-29 16:53:10.0787 (StateSyncRequestHandler.cs:18) 玩家ID:482736422909116417 移动到新位置: 0.7919564 , 0 , -0.6867242
2025-11-29 16:53:10.1700 (StateSyncRequestHandler.cs:18) 玩家ID:482736422909116417 移动方向: -0.69591457 , 0 , -0.71812457
2025-11-29 16:53:10.1700 (StateSyncRequestHandler.cs:18) 玩家ID:482736422909116417 移动到新位置: 0.6527735 , 0 , -0.8303491
2025-11-29 16:53:10.2795 (StateSyncRequestHandler.cs:18) 玩家ID:482736422909116417 移动方向: -0.69591457 , 0 , -0.71812457
2025-11-29 16:53:10.2795 (StateSyncRequestHandler.cs:18) 玩家ID:482736422909116417 移动到新位置: 0.5135906 , 0 , -0.973974
2025-11-29 16:53:10.3725 (StateSyncRequestHandler.cs:18) 玩家ID:482736422909116417 移动方向: -0.69591457 , 0 , -0.71812457
2025-11-29 16:53:10.3725 (StateSyncRequestHandler.cs:18) 玩家ID:482736422909116417 移动到新位置: 0.37440765 , 0 , -1.1175989
2025-11-29 16:53:10.4812 (StateSyncRequestHandler.cs:18) 玩家ID:482736422909116417 移动方向: -0.9998766 , 0 , -0.01570484
2025-11-29 16:53:10.4812 (StateSyncRequestHandler.cs:18) 玩家ID:482736422909116417 移动到新位置: 0.17443234 , 0 , -1.1207398
2025-11-29 16:53:10.5747 (StateSyncRequestHandler.cs:18) 玩家ID:482736422909116417 移动方向: -0.71812457 , 0 , 0.69591457
2025-11-29 16:53:10.5747 (StateSyncRequestHandler.cs:18) 玩家ID:482736422909116417 移动到新位置: 0.030807436 , 0 , -0.9815569
2025-11-29 16:53:10.6674 (StateSyncRequestHandler.cs:18) 玩家ID:482736422909116417 移动方向: -0.71812457 , 0 , 0.69591457
2025-11-29 16:53:10.6674 (StateSyncRequestHandler.cs:18) 玩家ID:482736422909116417 移动到新位置: -0.112817466 , 0 , -0.84237397
2025-11-29 16:53:10.7905 (StateSyncRequestHandler.cs:18) 玩家ID:482736422909116417 移动方向: 0.69591457 , 0 , 0.71812457
2025-11-29 16:53:10.7905 (StateSyncRequestHandler.cs:18) 玩家ID:482736422909116417 移动到新位置: 0.026365444 , 0 , -0.69874907
2025-11-29 16:53:10.8841 (StateSyncRequestHandler.cs:18) 玩家ID:482736422909116417 移动方向: 0.69591457 , 0 , 0.71812457
2025-11-29 16:53:10.8841 (StateSyncRequestHandler.cs:18) 玩家ID:482736422909116417 移动到新位置: 0.16554835 , 0 , -0.55512416
2025-11-29 16:53:10.9778 (StateSyncRequestHandler.cs:18) 玩家ID:482736422909116417 移动方向: 0.9998766 , 0 , 0.01570484
2025-11-29 16:53:10.9778 (StateSyncRequestHandler.cs:18) 玩家ID:482736422909116417 移动到新位置: 0.36552367 , 0 , -0.5519832
2025-11-29 16:53:11.0884 (StateSyncRequestHandler.cs:18) 玩家ID:482736422909116417 移动方向: 0.9998766 , 0 , 0.01570484
2025-11-29 16:53:11.0884 (StateSyncRequestHandler.cs:18) 玩家ID:482736422909116417 移动到新位置: 0.56549895 , 0 , -0.5488422
2025-11-29 16:53:11.1813 (StateSyncRequestHandler.cs:18) 玩家ID:482736422909116417 移动方向: 0.9998766 , 0 , 0.01570484
2025-11-29 16:53:11.1813 (StateSyncRequestHandler.cs:18) 玩家ID:482736422909116417 移动到新位置: 0.76547426 , 0 , -0.5457012
2025-11-29 16:53:11.2888 (StateSyncRequestHandler.cs:18) 玩家ID:482736422909116417 移动方向: 0.9998766 , 0 , 0.01570484
2025-11-29 16:53:11.2888 (StateSyncRequestHandler.cs:18) 玩家ID:482736422909116417 移动到新位置: 0.9654496 , 0 , -0.5425602
2025-11-29 16:53:11.3823 (StateSyncRequestHandler.cs:18) 玩家ID:482736422909116417 移动方向: 0.69591457 , 0 , 0.71812457
2025-11-29 16:53:11.3823 (StateSyncRequestHandler.cs:18) 玩家ID:482736422909116417 移动到新位置: 1.1046325 , 0 , -0.39893532
2025-11-29 16:53:11.4905 (StateSyncRequestHandler.cs:18) 玩家ID:482736422909116417 移动方向: 0.69591457 , 0 , 0.71812457
2025-11-29 16:53:11.4905 (StateSyncRequestHandler.cs:18) 玩家ID:482736422909116417 移动到新位置: 1.2438154 , 0 , -0.25531042
2025-11-29 16:53:11.5681 (StateSyncRequestHandler.cs:18) 玩家ID:482736422909116417 移动方向: 0.69591457 , 0 , 0.71812457
2025-11-29 16:53:11.5681 (StateSyncRequestHandler.cs:18) 玩家ID:482736422909116417 移动到新位置: 1.3829983 , 0 , -0.111685514
2025-11-29 16:53:11.6782 (StateSyncRequestHandler.cs:18) 玩家ID:482736422909116417 移动方向: 0.69591457 , 0 , 0.71812457
2025-11-29 16:53:11.6782 (StateSyncRequestHandler.cs:18) 玩家ID:482736422909116417 移动到新位置: 1.5221813 , 0 , 0.031939387
2025-11-29 16:53:11.7718 (StateSyncRequestHandler.cs:18) 玩家ID:482736422909116417 移动方向: 0.69591457 , 0 , 0.71812457
2025-11-29 16:53:11.7718 (StateSyncRequestHandler.cs:18) 玩家ID:482736422909116417 移动到新位置: 1.6613642 , 0 , 0.17556429
2025-11-29 16:53:11.8798 (StateSyncRequestHandler.cs:18) 玩家ID:482736422909116417 移动方向: 0.69591457 , 0 , 0.71812457
2025-11-29 16:53:11.8798 (StateSyncRequestHandler.cs:18) 玩家ID:482736422909116417 移动到新位置: 1.8005471 , 0 , 0.3191892
2025-11-29 16:53:11.9733 (StateSyncRequestHandler.cs:18) 玩家ID:482736422909116417 移动方向: 0.69591457 , 0 , 0.71812457
2025-11-29 16:53:11.9739 (StateSyncRequestHandler.cs:18) 玩家ID:482736422909116417 移动到新位置: 1.93973 , 0 , 0.4628141
2025-11-29 16:53:12.0821 (StateSyncRequestHandler.cs:18) 玩家ID:482736422909116417 移动方向: 0.69591457 , 0 , 0.71812457
2025-11-29 16:53:12.0821 (StateSyncRequestHandler.cs:18) 玩家ID:482736422909116417 移动到新位置: 2.078913 , 0 , 0.606439
2025-11-29 16:53:12.1902 (StateSyncRequestHandler.cs:18) 玩家ID:482736422909116417 移动方向: 0.9998766 , 0 , 0.01570484
2025-11-29 16:53:12.1902 (StateSyncRequestHandler.cs:18) 玩家ID:482736422909116417 移动到新位置: 2.2788882 , 0 , 0.60958
2025-11-29 16:53:12.2825 (StateSyncRequestHandler.cs:18) 玩家ID:482736422909116417 移动方向: 0.71812457 , 0 , -0.69591457
2025-11-29 16:53:12.2825 (StateSyncRequestHandler.cs:18) 玩家ID:482736422909116417 移动到新位置: 2.422513 , 0 , 0.47039706
2025-11-29 16:53:12.3911 (StateSyncRequestHandler.cs:18) 玩家ID:482736422909116417 移动方向: 0.01570484 , 0 , -0.9998766
2025-11-29 16:53:12.3911 (StateSyncRequestHandler.cs:18) 玩家ID:482736422909116417 移动到新位置: 2.425654 , 0 , 0.27042174
2025-11-29 16:53:12.4823 (StateSyncRequestHandler.cs:18) 玩家ID:482736422909116417 移动方向: -0.69591457 , 0 , -0.71812457
2025-11-29 16:53:12.4823 (StateSyncRequestHandler.cs:18) 玩家ID:482736422909116417 移动到新位置: 2.2864711 , 0 , 0.12679684
2025-11-29 16:53:12.5751 (StateSyncRequestHandler.cs:18) 玩家ID:482736422909116417 移动方向: -0.69591457 , 0 , -0.71812457
2025-11-29 16:53:12.5751 (StateSyncRequestHandler.cs:18) 玩家ID:482736422909116417 移动到新位置: 2.1472883 , 0 , -0.01682806
2025-11-29 16:53:12.6838 (StateSyncRequestHandler.cs:18) 玩家ID:482736422909116417 移动方向: -0.69591457 , 0 , -0.71812457
2025-11-29 16:53:12.6838 (StateSyncRequestHandler.cs:18) 玩家ID:482736422909116417 移动到新位置: 2.0081055 , 0 , -0.16045296
2025-11-29 16:53:12.7929 (StateSyncRequestHandler.cs:18) 玩家ID:482736422909116417 移动方向: -0.9998766 , 0 , -0.01570484
2025-11-29 16:53:12.7929 (StateSyncRequestHandler.cs:18) 玩家ID:482736422909116417 移动到新位置: 1.8081303 , 0 , -0.16359393
2025-11-29 16:53:12.8701 (StateSyncRequestHandler.cs:18) 玩家ID:482736422909116417 移动方向: -0.9998766 , 0 , -0.01570484
2025-11-29 16:53:12.8701 (StateSyncRequestHandler.cs:18) 玩家ID:482736422909116417 移动到新位置: 1.608155 , 0 , -0.1667349
2025-11-29 16:53:12.9780 (StateSyncRequestHandler.cs:18) 玩家ID:482736422909116417 移动方向: -0.9998766 , 0 , -0.01570484
2025-11-29 16:53:12.9780 (StateSyncRequestHandler.cs:18) 玩家ID:482736422909116417 移动到新位置: 1.4081798 , 0 , -0.16987588
2025-11-29 16:53:13.0708 (StateSyncRequestHandler.cs:18) 玩家ID:482736422909116417 移动方向: -0.9998766 , 0 , -0.01570484
2025-11-29 16:53:13.0708 (StateSyncRequestHandler.cs:18) 玩家ID:482736422909116417 移动到新位置: 1.2082045 , 0 , -0.17301685
2025-11-29 16:53:13.1793 (StateSyncRequestHandler.cs:18) 玩家ID:482736422909116417 移动方向: -0.9998766 , 0 , -0.01570484
2025-11-29 16:53:13.1793 (StateSyncRequestHandler.cs:18) 玩家ID:482736422909116417 移动到新位置: 1.0082293 , 0 , -0.17615782
2025-11-29 16:53:13.2854 (StateSyncRequestHandler.cs:18) 玩家ID:482736422909116417 移动方向: -0.69591457 , 0 , -0.71812457
2025-11-29 16:53:13.2860 (StateSyncRequestHandler.cs:18) 玩家ID:482736422909116417 移动到新位置: 0.86904633 , 0 , -0.31978273
2025-11-29 16:53:13.3794 (StateSyncRequestHandler.cs:18) 玩家ID:482736422909116417 移动方向: -0.69591457 , 0 , -0.71812457
2025-11-29 16:53:13.3809 (StateSyncRequestHandler.cs:18) 玩家ID:482736422909116417 移动到新位置: 0.7298634 , 0 , -0.46340764
2025-11-29 16:53:13.4882 (StateSyncRequestHandler.cs:18) 玩家ID:482736422909116417 移动方向: -0.69591457 , 0 , -0.71812457
2025-11-29 16:53:13.4882 (StateSyncRequestHandler.cs:18) 玩家ID:482736422909116417 移动到新位置: 0.5906805 , 0 , -0.60703254
2025-11-29 16:53:13.5792 (StateSyncRequestHandler.cs:18) 玩家ID:482736422909116417 移动方向: 0.01570484 , 0 , -0.9998766
2025-11-29 16:53:13.5792 (StateSyncRequestHandler.cs:18) 玩家ID:482736422909116417 移动到新位置: 0.59382147 , 0 , -0.80700785
2025-11-29 16:53:13.6870 (StateSyncRequestHandler.cs:18) 玩家ID:482736422909116417 移动方向: 0.01570484 , 0 , -0.9998766
2025-11-29 16:53:13.6870 (StateSyncRequestHandler.cs:18) 玩家ID:482736422909116417 移动到新位置: 0.59696245 , 0 , -1.0069832
2025-11-29 16:53:13.7810 (StateSyncRequestHandler.cs:18) 玩家ID:482736422909116417 移动方向: 0.01570484 , 0 , -0.9998766
2025-11-29 16:53:13.7810 (StateSyncRequestHandler.cs:18) 玩家ID:482736422909116417 移动到新位置: 0.60010344 , 0 , -1.2069585
2025-11-29 16:53:13.8892 (StateSyncRequestHandler.cs:18) 玩家ID:482736422909116417 移动方向: -0.9998766 , 0 , -0.01570484
2025-11-29 16:53:13.8892 (StateSyncRequestHandler.cs:18) 玩家ID:482736422909116417 移动到新位置: 0.40012813 , 0 , -1.2100995
2025-11-29 16:53:13.9946 (StateSyncRequestHandler.cs:18) 玩家ID:482736422909116417 移动方向: -0.9998766 , 0 , -0.01570484
2025-11-29 16:53:13.9946 (StateSyncRequestHandler.cs:18) 玩家ID:482736422909116417 移动到新位置: 0.20015281 , 0 , -1.2132404
2025-11-29 16:53:14.0860 (StateSyncRequestHandler.cs:18) 玩家ID:482736422909116417 移动方向: -0.71812457 , 0 , 0.69591457
2025-11-29 16:53:14.0860 (StateSyncRequestHandler.cs:18) 玩家ID:482736422909116417 移动到新位置: 0.056527913 , 0 , -1.0740575
2025-11-29 16:53:14.1799 (StateSyncRequestHandler.cs:18) 玩家ID:482736422909116417 移动方向: -0.01570484 , 0 , 0.9998766
2025-11-29 16:53:14.1799 (StateSyncRequestHandler.cs:18) 玩家ID:482736422909116417 移动到新位置: 0.053386945 , 0 , -0.87408215
2025-11-29 16:53:14.2890 (StateSyncRequestHandler.cs:18) 玩家ID:482736422909116417 移动方向: 0.69591457 , 0 , 0.71812457
2025-11-29 16:53:14.2890 (StateSyncRequestHandler.cs:18) 玩家ID:482736422909116417 移动到新位置: 0.19256985 , 0 , -0.73045725
2025-11-29 16:53:14.3820 (StateSyncRequestHandler.cs:18) 玩家ID:482736422909116417 移动方向: 0.9998766 , 0 , 0.01570484
2025-11-29 16:53:14.3820 (StateSyncRequestHandler.cs:18) 玩家ID:482736422909116417 移动到新位置: 0.39254516 , 0 , -0.72731626
2025-11-29 16:53:14.4751 (StateSyncRequestHandler.cs:18) 玩家ID:482736422909116417 移动方向: 0.9998766 , 0 , 0.01570484
2025-11-29 16:53:14.4751 (StateSyncRequestHandler.cs:18) 玩家ID:482736422909116417 移动到新位置: 0.5925205 , 0 , -0.7241753
2025-11-29 16:53:14.5676 (StateSyncRequestHandler.cs:18) 玩家ID:482736422909116417 移动方向: 0.9998766 , 0 , 0.01570484
2025-11-29 16:53:14.5676 (StateSyncRequestHandler.cs:18) 玩家ID:482736422909116417 移动到新位置: 0.7924958 , 0 , -0.7210343
2025-11-29 16:53:14.6906 (StateSyncRequestHandler.cs:18) 玩家ID:482736422909116417 移动方向: 0.9998766 , 0 , 0.01570484
2025-11-29 16:53:14.6906 (StateSyncRequestHandler.cs:18) 玩家ID:482736422909116417 移动到新位置: 0.9924711 , 0 , -0.7178933
2025-11-29 16:53:14.7845 (StateSyncRequestHandler.cs:18) 玩家ID:482736422909116417 移动方向: 0.69591457 , 0 , 0.71812457
2025-11-29 16:53:14.7845 (StateSyncRequestHandler.cs:18) 玩家ID:482736422909116417 移动到新位置: 1.131654 , 0 , -0.5742684
2025-11-29 16:53:14.8916 (StateSyncRequestHandler.cs:18) 玩家ID:482736422909116417 移动方向: 0.69591457 , 0 , 0.71812457
2025-11-29 16:53:14.8916 (StateSyncRequestHandler.cs:18) 玩家ID:482736422909116417 移动到新位置: 1.270837 , 0 , -0.4306435
2025-11-29 16:53:14.9857 (StateSyncRequestHandler.cs:18) 玩家ID:482736422909116417 移动方向: 0.69591457 , 0 , 0.71812457
2025-11-29 16:53:14.9857 (StateSyncRequestHandler.cs:18) 玩家ID:482736422909116417 移动到新位置: 1.4100199 , 0 , -0.2870186
2025-11-29 16:53:15.0784 (StateSyncRequestHandler.cs:18) 玩家ID:482736422909116417 移动方向: 0.69591457 , 0 , 0.71812457
2025-11-29 16:53:15.0784 (StateSyncRequestHandler.cs:18) 玩家ID:482736422909116417 移动到新位置: 1.5492028 , 0 , -0.1433937
2025-11-29 16:53:15.1876 (StateSyncRequestHandler.cs:18) 玩家ID:482736422909116417 移动方向: 0.69591457 , 0 , 0.71812457
2025-11-29 16:53:15.1876 (StateSyncRequestHandler.cs:18) 玩家ID:482736422909116417 移动到新位置: 1.6883857 , 0 , 0.00023120642
2025-11-29 16:53:15.2799 (StateSyncRequestHandler.cs:18) 玩家ID:482736422909116417 移动方向: 0.69591457 , 0 , 0.71812457
2025-11-29 16:53:15.2799 (StateSyncRequestHandler.cs:18) 玩家ID:482736422909116417 移动到新位置: 1.8275687 , 0 , 0.14385611
2025-11-29 16:53:15.3877 (StateSyncRequestHandler.cs:18) 玩家ID:482736422909116417 移动方向: 0.69591457 , 0 , 0.71812457
2025-11-29 16:53:15.3877 (StateSyncRequestHandler.cs:18) 玩家ID:482736422909116417 移动到新位置: 1.9667516 , 0 , 0.287481
2025-11-29 16:53:15.4803 (StateSyncRequestHandler.cs:18) 玩家ID:482736422909116417 移动方向: 0.69591457 , 0 , 0.71812457
2025-11-29 16:53:15.4803 (StateSyncRequestHandler.cs:18) 玩家ID:482736422909116417 移动到新位置: 2.1059344 , 0 , 0.4311059
2025-11-29 16:53:15.5889 (StateSyncRequestHandler.cs:18) 玩家ID:482736422909116417 移动方向: 0.9998766 , 0 , 0.01570484
2025-11-29 16:53:15.5889 (StateSyncRequestHandler.cs:18) 玩家ID:482736422909116417 移动到新位置: 2.3059096 , 0 , 0.43424687
2025-11-29 16:53:15.6820 (StateSyncRequestHandler.cs:18) 玩家ID:482736422909116417 移动方向: 0.71812457 , 0 , -0.69591457
2025-11-29 16:53:15.6820 (StateSyncRequestHandler.cs:18) 玩家ID:482736422909116417 移动到新位置: 2.4495344 , 0 , 0.29506397
2025-11-29 16:53:15.7904 (StateSyncRequestHandler.cs:18) 玩家ID:482736422909116417 移动方向: 0.01570484 , 0 , -0.9998766
2025-11-29 16:53:15.7904 (StateSyncRequestHandler.cs:18) 玩家ID:482736422909116417 移动到新位置: 2.4526753 , 0 , 0.09508866
2025-11-29 16:53:15.8816 (StateSyncRequestHandler.cs:18) 玩家ID:482736422909116417 移动方向: -0.69591457 , 0 , -0.71812457
2025-11-29 16:53:15.8816 (StateSyncRequestHandler.cs:18) 玩家ID:482736422909116417 移动到新位置: 2.3134925 , 0 , -0.04853624
2025-11-29 16:53:15.9744 (StateSyncRequestHandler.cs:18) 玩家ID:482736422909116417 移动方向: -0.69591457 , 0 , -0.71812457
2025-11-29 16:53:15.9744 (StateSyncRequestHandler.cs:18) 玩家ID:482736422909116417 移动到新位置: 2.1743097 , 0 , -0.19216114
2025-11-29 16:53:16.0831 (StateSyncRequestHandler.cs:18) 玩家ID:482736422909116417 移动方向: -0.69591457 , 0 , -0.71812457
2025-11-29 16:53:16.0837 (StateSyncRequestHandler.cs:18) 玩家ID:482736422909116417 移动到新位置: 2.035127 , 0 , -0.33578604
2025-11-29 16:53:16.1768 (StateSyncRequestHandler.cs:18) 玩家ID:482736422909116417 移动方向: -0.9998766 , 0 , -0.01570484
2025-11-29 16:53:16.1773 (StateSyncRequestHandler.cs:18) 玩家ID:482736422909116417 移动到新位置: 1.8351517 , 0 , -0.338927
2025-11-29 16:53:16.2852 (StateSyncRequestHandler.cs:18) 玩家ID:482736422909116417 移动方向: -0.9998766 , 0 , -0.01570484
2025-11-29 16:53:16.2852 (StateSyncRequestHandler.cs:18) 玩家ID:482736422909116417 移动到新位置: 1.6351764 , 0 , -0.34206796
2025-11-29 16:53:16.3782 (StateSyncRequestHandler.cs:18) 玩家ID:482736422909116417 移动方向: -0.9998766 , 0 , -0.01570484
2025-11-29 16:53:16.3782 (StateSyncRequestHandler.cs:18) 玩家ID:482736422909116417 移动到新位置: 1.4352012 , 0 , -0.3452089
2025-11-29 16:53:16.4853 (StateSyncRequestHandler.cs:18) 玩家ID:482736422909116417 移动方向: -0.9998766 , 0 , -0.01570484
2025-11-29 16:53:16.4853 (StateSyncRequestHandler.cs:18) 玩家ID:482736422909116417 移动到新位置: 1.2352259 , 0 , -0.34834987
2025-11-29 16:53:16.5922 (StateSyncRequestHandler.cs:18) 玩家ID:482736422909116417 移动方向: -0.9998766 , 0 , -0.01570484
2025-11-29 16:53:16.5922 (StateSyncRequestHandler.cs:18) 玩家ID:482736422909116417 移动到新位置: 1.0352507 , 0 , -0.35149083
2025-11-29 16:53:16.6857 (StateSyncRequestHandler.cs:18) 玩家ID:482736422909116417 移动方向: -0.69591457 , 0 , -0.71812457
2025-11-29 16:53:16.6857 (StateSyncRequestHandler.cs:18) 玩家ID:482736422909116417 移动到新位置: 0.89606774 , 0 , -0.49511573
2025-11-29 16:53:16.7773 (StateSyncRequestHandler.cs:18) 玩家ID:482736422909116417 移动方向: -0.69591457 , 0 , -0.71812457
2025-11-29 16:53:16.7773 (StateSyncRequestHandler.cs:18) 玩家ID:482736422909116417 移动到新位置: 0.7568848 , 0 , -0.63874066
2025-11-29 16:53:16.8875 (StateSyncRequestHandler.cs:18) 玩家ID:482736422909116417 移动方向: 0.01570484 , 0 , -0.9998766
2025-11-29 16:53:16.8875 (StateSyncRequestHandler.cs:18) 玩家ID:482736422909116417 移动到新位置: 0.7600258 , 0 , -0.838716
2025-11-29 16:53:16.9964 (StateSyncRequestHandler.cs:18) 玩家ID:482736422909116417 移动方向: 0.71812457 , 0 , -0.69591457
2025-11-29 16:53:16.9964 (StateSyncRequestHandler.cs:18) 玩家ID:482736422909116417 移动到新位置: 0.9036507 , 0 , -0.9778989
2025-11-29 16:53:17.0876 (StateSyncRequestHandler.cs:18) 玩家ID:482736422909116417 移动方向: 0.69591457 , 0 , 0.71812457
2025-11-29 16:53:17.0876 (StateSyncRequestHandler.cs:18) 玩家ID:482736422909116417 移动到新位置: 1.0428336 , 0 , -0.834274
2025-11-29 16:53:17.1806 (StateSyncRequestHandler.cs:18) 玩家ID:482736422909116417 移动方向: 0.69591457 , 0 , 0.71812457
2025-11-29 16:53:17.1806 (StateSyncRequestHandler.cs:18) 玩家ID:482736422909116417 移动到新位置: 1.1820165 , 0 , -0.6906491
2025-11-29 16:53:17.2880 (StateSyncRequestHandler.cs:18) 玩家ID:482736422909116417 移动方向: -0.01570484 , 0 , 0.9998766
2025-11-29 16:53:17.2880 (StateSyncRequestHandler.cs:18) 玩家ID:482736422909116417 移动到新位置: 1.1788756 , 0 , -0.49067378
2025-11-29 16:53:17.3809 (StateSyncRequestHandler.cs:18) 玩家ID:482736422909116417 移动方向: -0.01570484 , 0 , 0.9998766
2025-11-29 16:53:17.3809 (StateSyncRequestHandler.cs:18) 玩家ID:482736422909116417 移动到新位置: 1.1757346 , 0 , -0.29069847
2025-11-29 16:53:17.4742 (StateSyncRequestHandler.cs:18) 玩家ID:482736422909116417 移动方向: -0.01570484 , 0 , 0.9998766
2025-11-29 16:53:17.4742 (StateSyncRequestHandler.cs:18) 玩家ID:482736422909116417 移动到新位置: 1.1725937 , 0 , -0.09072316
2025-11-29 16:53:17.5818 (StateSyncRequestHandler.cs:18) 玩家ID:482736422909116417 移动方向: -0.01570484 , 0 , 0.9998766
2025-11-29 16:53:17.5818 (StateSyncRequestHandler.cs:18) 玩家ID:482736422909116417 移动到新位置: 1.1694528 , 0 , 0.109252155
2025-11-29 16:53:17.6900 (StateSyncRequestHandler.cs:18) 玩家ID:482736422909116417 移动方向: -0.01570484 , 0 , 0.9998766
2025-11-29 16:53:17.6900 (StateSyncRequestHandler.cs:18) 玩家ID:482736422909116417 移动到新位置: 1.1663119 , 0 , 0.30922747
2025-11-29 16:53:17.7828 (StateSyncRequestHandler.cs:18) 玩家ID:482736422909116417 移动方向: 0.9998766 , 0 , 0.01570484
2025-11-29 16:53:17.7828 (StateSyncRequestHandler.cs:18) 玩家ID:482736422909116417 移动到新位置: 1.3662872 , 0 , 0.31236842
2025-11-29 16:53:17.8765 (StateSyncRequestHandler.cs:18) 玩家ID:482736422909116417 移动方向: 0.9998766 , 0 , 0.01570484
2025-11-29 16:53:17.8765 (StateSyncRequestHandler.cs:18) 玩家ID:482736422909116417 移动到新位置: 1.5662625 , 0 , 0.31550938
2025-11-29 16:53:17.9679 (StateSyncRequestHandler.cs:18) 玩家ID:482736422909116417 移动方向: 0.9998766 , 0 , 0.01570484
2025-11-29 16:53:17.9679 (StateSyncRequestHandler.cs:18) 玩家ID:482736422909116417 移动到新位置: 1.7662377 , 0 , 0.31865034
2025-11-29 16:53:18.0754 (StateSyncRequestHandler.cs:18) 玩家ID:482736422909116417 移动方向: 0.9998766 , 0 , 0.01570484
2025-11-29 16:53:18.0754 (StateSyncRequestHandler.cs:18) 玩家ID:482736422909116417 移动到新位置: 1.966213 , 0 , 0.3217913
2025-11-29 16:53:18.1680 (StateSyncRequestHandler.cs:18) 玩家ID:482736422909116417 移动方向: 0.9998766 , 0 , 0.01570484
2025-11-29 16:53:18.1680 (StateSyncRequestHandler.cs:18) 玩家ID:482736422909116417 移动到新位置: 2.1661882 , 0 , 0.32493225
2025-11-29 16:53:18.2777 (StateSyncRequestHandler.cs:18) 玩家ID:482736422909116417 移动方向: 0.9998766 , 0 , 0.01570484
2025-11-29 16:53:18.2777 (StateSyncRequestHandler.cs:18) 玩家ID:482736422909116417 移动到新位置: 2.3661635 , 0 , 0.3280732
2025-11-29 16:53:18.3862 (StateSyncRequestHandler.cs:18) 玩家ID:482736422909116417 移动方向: 0.9998766 , 0 , 0.01570484
2025-11-29 16:53:18.3862 (StateSyncRequestHandler.cs:18) 玩家ID:482736422909116417 移动到新位置: 2.5661387 , 0 , 0.33121416
2025-11-29 16:53:18.4789 (StateSyncRequestHandler.cs:18) 玩家ID:482736422909116417 移动方向: 0.9998766 , 0 , 0.01570484
2025-11-29 16:53:18.4789 (StateSyncRequestHandler.cs:18) 玩家ID:482736422909116417 移动到新位置: 2.766114 , 0 , 0.33435512
2025-11-29 16:53:18.5876 (StateSyncRequestHandler.cs:18) 玩家ID:482736422909116417 移动方向: 0.71812457 , 0 , -0.69591457
2025-11-29 16:53:18.5876 (StateSyncRequestHandler.cs:18) 玩家ID:482736422909116417 移动到新位置: 2.909739 , 0 , 0.1951722
2025-11-29 16:53:18.6950 (StateSyncRequestHandler.cs:18) 玩家ID:482736422909116417 移动方向: 0.01570484 , 0 , -0.9998766
2025-11-29 16:53:18.6950 (StateSyncRequestHandler.cs:18) 玩家ID:482736422909116417 移动到新位置: 2.91288 , 0 , -0.004803106
2025-11-29 16:53:18.7725 (StateSyncRequestHandler.cs:18) 玩家ID:482736422909116417 移动方向: -0.69591457 , 0 , -0.71812457
2025-11-29 16:53:18.7725 (StateSyncRequestHandler.cs:18) 玩家ID:482736422909116417 移动到新位置: 2.7736971 , 0 , -0.14842801
2025-11-29 16:53:18.8812 (StateSyncRequestHandler.cs:18) 玩家ID:482736422909116417 移动方向: -0.69591457 , 0 , -0.71812457
2025-11-29 16:53:18.8812 (StateSyncRequestHandler.cs:18) 玩家ID:482736422909116417 移动到新位置: 2.6345143 , 0 , -0.29205292
2025-11-29 16:53:18.9740 (StateSyncRequestHandler.cs:18) 玩家ID:482736422909116417 移动方向: -0.69591457 , 0 , -0.71812457
2025-11-29 16:53:18.9740 (StateSyncRequestHandler.cs:18) 玩家ID:482736422909116417 移动到新位置: 2.4953315 , 0 , -0.43567783
2025-11-29 16:53:19.0842 (StateSyncRequestHandler.cs:18) 玩家ID:482736422909116417 移动方向: -0.69591457 , 0 , -0.71812457
2025-11-29 16:53:19.0842 (StateSyncRequestHandler.cs:18) 玩家ID:482736422909116417 移动到新位置: 2.3561487 , 0 , -0.5793027
2025-11-29 16:53:19.1903 (StateSyncRequestHandler.cs:18) 玩家ID:482736422909116417 移动方向: -0.69591457 , 0 , -0.71812457
2025-11-29 16:53:19.1903 (StateSyncRequestHandler.cs:18) 玩家ID:482736422909116417 移动到新位置: 2.216966 , 0 , -0.72292763
2025-11-29 16:53:19.2846 (StateSyncRequestHandler.cs:18) 玩家ID:482736422909116417 移动方向: -0.69591457 , 0 , -0.71812457
2025-11-29 16:53:19.2846 (StateSyncRequestHandler.cs:18) 玩家ID:482736422909116417 移动到新位置: 2.077783 , 0 , -0.86655253
2025-11-29 16:53:19.3766 (StateSyncRequestHandler.cs:18) 玩家ID:482736422909116417 移动方向: -0.69591457 , 0 , -0.71812457
2025-11-29 16:53:19.3766 (StateSyncRequestHandler.cs:18) 玩家ID:482736422909116417 移动到新位置: 1.9386002 , 0 , -1.0101774
2025-11-29 16:53:19.4849 (StateSyncRequestHandler.cs:18) 玩家ID:482736422909116417 移动方向: -0.69591457 , 0 , -0.71812457
2025-11-29 16:53:19.4849 (StateSyncRequestHandler.cs:18) 玩家ID:482736422909116417 移动到新位置: 1.7994173 , 0 , -1.1538023
2025-11-29 16:53:19.5772 (StateSyncRequestHandler.cs:18) 玩家ID:482736422909116417 移动方向: -0.69591457 , 0 , -0.71812457
2025-11-29 16:53:19.5772 (StateSyncRequestHandler.cs:18) 玩家ID:482736422909116417 移动到新位置: 1.6602343 , 0 , -1.2974272
2025-11-29 16:53:19.6712 (StateSyncRequestHandler.cs:18) 玩家ID:482736422909116417 移动方向: -0.69591457 , 0 , -0.71812457
2025-11-29 16:53:19.6712 (StateSyncRequestHandler.cs:18) 玩家ID:482736422909116417 移动到新位置: 1.5210514 , 0 , -1.4410521
2025-11-29 16:53:19.7807 (StateSyncRequestHandler.cs:18) 玩家ID:482736422909116417 移动方向: -0.69591457 , 0 , -0.71812457
2025-11-29 16:53:19.7807 (StateSyncRequestHandler.cs:18) 玩家ID:482736422909116417 移动到新位置: 1.3818685 , 0 , -1.584677
2025-11-29 16:53:19.8887 (StateSyncRequestHandler.cs:18) 玩家ID:482736422909116417 移动方向: -0.69591457 , 0 , -0.71812457
2025-11-29 16:53:19.8887 (StateSyncRequestHandler.cs:18) 玩家ID:482736422909116417 移动到新位置: 1.2426856 , 0 , -1.7283019
2025-11-29 16:53:19.9795 (StateSyncRequestHandler.cs:18) 玩家ID:482736422909116417 移动到新位置: 1.2426856 , 0 , -1.7283019
2025-11-29 16:53:20.0864 (StateSyncRequestHandler.cs:18) 玩家ID:482736422909116417 移动方向: -0.71812457 , 0 , 0.69591457
2025-11-29 16:53:20.0864 (StateSyncRequestHandler.cs:18) 玩家ID:482736422909116417 移动到新位置: 1.0990607 , 0 , -1.589119
2025-11-29 16:53:20.1784 (StateSyncRequestHandler.cs:18) 玩家ID:482736422909116417 移动方向: -0.01570484 , 0 , 0.9998766
2025-11-29 16:53:20.1784 (StateSyncRequestHandler.cs:18) 玩家ID:482736422909116417 移动到新位置: 1.0959197 , 0 , -1.3891437
2025-11-29 16:53:20.2876 (StateSyncRequestHandler.cs:18) 玩家ID:482736422909116417 移动方向: 0.69591457 , 0 , 0.71812457
2025-11-29 16:53:20.2876 (StateSyncRequestHandler.cs:18) 玩家ID:482736422909116417 移动到新位置: 1.2351027 , 0 , -1.2455188
2025-11-29 16:53:20.3807 (StateSyncRequestHandler.cs:18) 玩家ID:482736422909116417 移动方向: 0.69591457 , 0 , 0.71812457
2025-11-29 16:53:20.3807 (StateSyncRequestHandler.cs:18) 玩家ID:482736422909116417 移动到新位置: 1.3742856 , 0 , -1.1018939
2025-11-29 16:53:20.4723 (StateSyncRequestHandler.cs:18) 玩家ID:482736422909116417 移动方向: 0.69591457 , 0 , 0.71812457
2025-11-29 16:53:20.4723 (StateSyncRequestHandler.cs:18) 玩家ID:482736422909116417 移动到新位置: 1.5134685 , 0 , -0.958269
2025-11-29 16:53:20.5971 (StateSyncRequestHandler.cs:18) 玩家ID:482736422909116417 移动方向: 0.9998766 , 0 , 0.01570484
2025-11-29 16:53:20.5971 (StateSyncRequestHandler.cs:18) 玩家ID:482736422909116417 移动到新位置: 1.7134438 , 0 , -0.955128
2025-11-29 16:53:20.6867 (StateSyncRequestHandler.cs:18) 玩家ID:482736422909116417 移动方向: 0.9998766 , 0 , 0.01570484
2025-11-29 16:53:20.6867 (StateSyncRequestHandler.cs:18) 玩家ID:482736422909116417 移动到新位置: 1.913419 , 0 , -0.951987
2025-11-29 16:53:20.7797 (StateSyncRequestHandler.cs:18) 玩家ID:482736422909116417 移动方向: 0.69591457 , 0 , 0.71812457
2025-11-29 16:53:20.7797 (StateSyncRequestHandler.cs:18) 玩家ID:482736422909116417 移动到新位置: 2.0526018 , 0 , -0.8083621
2025-11-29 16:53:20.8875 (StateSyncRequestHandler.cs:18) 玩家ID:482736422909116417 移动方向: 0.69591457 , 0 , 0.71812457
2025-11-29 16:53:20.8875 (StateSyncRequestHandler.cs:18) 玩家ID:482736422909116417 移动到新位置: 2.1917846 , 0 , -0.6647372
2025-11-29 16:53:20.9797 (StateSyncRequestHandler.cs:18) 玩家ID:482736422909116417 移动方向: 0.69591457 , 0 , 0.71812457
2025-11-29 16:53:20.9797 (StateSyncRequestHandler.cs:18) 玩家ID:482736422909116417 移动到新位置: 2.3309674 , 0 , -0.5211123
2025-11-29 16:53:21.0865 (StateSyncRequestHandler.cs:18) 玩家ID:482736422909116417 移动到新位置: 2.3309674 , 0 , -0.5211123
2025-11-29 16:53:26.2788 (StateSyncRequestHandler.cs:18) 玩家ID:482736422909116417 移动方向: 0.46346626 , 0 , 0.8861146
2025-11-29 16:53:26.2788 (StateSyncRequestHandler.cs:18) 玩家ID:482736422909116417 移动到新位置: 2.4236608 , 0 , -0.34388942
2025-11-29 16:53:26.3866 (StateSyncRequestHandler.cs:18) 玩家ID:482736422909116417 移动方向: 0.45863244 , 0 , 0.88862604
2025-11-29 16:53:26.3866 (StateSyncRequestHandler.cs:18) 玩家ID:482736422909116417 移动到新位置: 2.5153873 , 0 , -0.16616422
2025-11-29 16:53:26.4801 (StateSyncRequestHandler.cs:18) 玩家ID:482736422909116417 移动方向: 0.4630331 , 0 , 0.886341
2025-11-29 16:53:26.4801 (StateSyncRequestHandler.cs:18) 玩家ID:482736422909116417 移动到新位置: 2.6079938 , 0 , 0.011103988
2025-11-29 16:53:26.5894 (StateSyncRequestHandler.cs:18) 玩家ID:482736422909116417 移动方向: 0.46623087 , 0 , 0.88466305
2025-11-29 16:53:26.5894 (StateSyncRequestHandler.cs:18) 玩家ID:482736422909116417 移动到新位置: 2.70124 , 0 , 0.18803659
2025-11-29 16:53:26.6837 (StateSyncRequestHandler.cs:18) 玩家ID:482736422909116417 移动方向: 0.46730903 , 0 , 0.88409406
2025-11-29 16:53:26.6837 (StateSyncRequestHandler.cs:18) 玩家ID:482736422909116417 移动到新位置: 2.7947018 , 0 , 0.3648554
2025-11-29 16:53:26.7743 (StateSyncRequestHandler.cs:18) 玩家ID:482736422909116417 移动方向: 0.9557185 , 0 , 0.29428244
2025-11-29 16:53:26.7743 (StateSyncRequestHandler.cs:18) 玩家ID:482736422909116417 移动到新位置: 2.9858456 , 0 , 0.4237119
2025-11-29 16:53:26.8961 (StateSyncRequestHandler.cs:18) 玩家ID:482736422909116417 移动方向: 0.9557737 , 0 , 0.29410273
2025-11-29 16:53:26.8961 (StateSyncRequestHandler.cs:18) 玩家ID:482736422909116417 移动到新位置: 3.1770003 , 0 , 0.48253244
2025-11-29 16:53:26.9905 (StateSyncRequestHandler.cs:18) 玩家ID:482736422909116417 移动方向: 0.9557872 , 0 , 0.29405913
2025-11-29 16:53:26.9905 (StateSyncRequestHandler.cs:18) 玩家ID:482736422909116417 移动到新位置: 3.3681576 , 0 , 0.5413443
2025-11-29 16:53:27.0828 (StateSyncRequestHandler.cs:18) 玩家ID:482736422909116417 移动方向: 0.8837676 , 0 , -0.4679261
2025-11-29 16:53:27.0828 (StateSyncRequestHandler.cs:18) 玩家ID:482736422909116417 移动到新位置: 3.5449111 , 0 , 0.44775906
2025-11-29 16:53:27.1890 (StateSyncRequestHandler.cs:18) 玩家ID:482736422909116417 移动方向: 0.8837656 , 0 , -0.46792993
2025-11-29 16:53:27.1890 (StateSyncRequestHandler.cs:18) 玩家ID:482736422909116417 移动到新位置: 3.7216642 , 0 , 0.35417306
2025-11-29 16:53:27.2820 (StateSyncRequestHandler.cs:18) 玩家ID:482736422909116417 移动方向: 0.8836808 , 0 , -0.46809003
2025-11-29 16:53:27.2820 (StateSyncRequestHandler.cs:18) 玩家ID:482736422909116417 移动到新位置: 3.8984003 , 0 , 0.26055506
2025-11-29 16:53:27.3727 (StateSyncRequestHandler.cs:18) 玩家ID:482736422909116417 移动方向: 0.4879224 , 0 , 0.872887
2025-11-29 16:53:27.3727 (StateSyncRequestHandler.cs:18) 玩家ID:482736422909116417 移动到新位置: 3.9959848 , 0 , 0.43513244
2025-11-29 16:53:27.4812 (StateSyncRequestHandler.cs:18) 玩家ID:482736422909116417 移动方向: 0.5577452 , 0 , 0.8300122
2025-11-29 16:53:27.4812 (StateSyncRequestHandler.cs:18) 玩家ID:482736422909116417 移动到新位置: 4.107534 , 0 , 0.6011349
2025-11-29 16:53:27.5883 (StateSyncRequestHandler.cs:18) 玩家ID:482736422909116417 移动方向: 0.6272261 , 0 , 0.7788372
2025-11-29 16:53:27.5883 (StateSyncRequestHandler.cs:18) 玩家ID:482736422909116417 移动到新位置: 4.2329793 , 0 , 0.75690234
2025-11-29 16:53:27.6953 (StateSyncRequestHandler.cs:18) 玩家ID:482736422909116417 移动方向: 0.67046124 , 0 , 0.7419446
2025-11-29 16:53:27.6953 (StateSyncRequestHandler.cs:18) 玩家ID:482736422909116417 移动到新位置: 4.3670716 , 0 , 0.90529126
2025-11-29 16:53:27.7875 (StateSyncRequestHandler.cs:18) 玩家ID:482736422909116417 移动方向: 0.6899653 , 0 , 0.72384244
2025-11-29 16:53:27.7875 (StateSyncRequestHandler.cs:18) 玩家ID:482736422909116417 移动到新位置: 4.5050645 , 0 , 1.0500598
2025-11-29 16:53:27.8799 (StateSyncRequestHandler.cs:18) 玩家ID:482736422909116417 移动方向: 0.70287234 , 0 , 0.71131605
2025-11-29 16:53:27.8799 (StateSyncRequestHandler.cs:18) 玩家ID:482736422909116417 移动到新位置: 4.645639 , 0 , 1.192323
2025-11-29 16:53:27.9909 (StateSyncRequestHandler.cs:18) 玩家ID:482736422909116417 移动方向: 0.7286618 , 0 , 0.6848737
2025-11-29 16:53:27.9909 (StateSyncRequestHandler.cs:18) 玩家ID:482736422909116417 移动到新位置: 4.7913713 , 0 , 1.3292977
2025-11-29 16:53:28.0851 (StateSyncRequestHandler.cs:18) 玩家ID:482736422909116417 移动方向: 0.7572013 , 0 , 0.65318155
2025-11-29 16:53:28.0851 (StateSyncRequestHandler.cs:18) 玩家ID:482736422909116417 移动到新位置: 4.9428115 , 0 , 1.459934
2025-11-29 16:53:28.1782 (StateSyncRequestHandler.cs:18) 玩家ID:482736422909116417 移动方向: 0.7728174 , 0 , 0.6346285
2025-11-29 16:53:28.1782 (StateSyncRequestHandler.cs:18) 玩家ID:482736422909116417 移动到新位置: 5.097375 , 0 , 1.5868597
2025-11-29 16:53:28.2865 (StateSyncRequestHandler.cs:18) 玩家ID:482736422909116417 移动方向: 0.9940772 , 0 , -0.108676106
2025-11-29 16:53:28.2865 (StateSyncRequestHandler.cs:18) 玩家ID:482736422909116417 移动到新位置: 5.2961903 , 0 , 1.5651245
2025-11-29 16:53:28.3805 (StateSyncRequestHandler.cs:18) 玩家ID:482736422909116417 移动方向: 0.9937053 , 0 , -0.112026334
2025-11-29 16:53:28.3805 (StateSyncRequestHandler.cs:18) 玩家ID:482736422909116417 移动到新位置: 5.494931 , 0 , 1.5427192
2025-11-29 16:53:28.4727 (StateSyncRequestHandler.cs:18) 玩家ID:482736422909116417 移动方向: 0.99358386 , 0 , -0.11309767
2025-11-29 16:53:28.4727 (StateSyncRequestHandler.cs:18) 玩家ID:482736422909116417 移动到新位置: 5.693648 , 0 , 1.5200998
2025-11-29 16:53:28.5963 (StateSyncRequestHandler.cs:18) 玩家ID:482736422909116417 移动方向: 0.7827836 , 0 , 0.622294
2025-11-29 16:53:28.5963 (StateSyncRequestHandler.cs:18) 玩家ID:482736422909116417 移动到新位置: 5.8502045 , 0 , 1.6445585
2025-11-29 16:53:28.6878 (StateSyncRequestHandler.cs:18) 玩家ID:482736422909116417 移动方向: 0.7828536 , 0 , 0.6222059
2025-11-29 16:53:28.6878 (StateSyncRequestHandler.cs:18) 玩家ID:482736422909116417 移动到新位置: 6.0067754 , 0 , 1.7689997
2025-11-29 16:53:28.7811 (StateSyncRequestHandler.cs:18) 玩家ID:482736422909116417 移动方向: 0.78287166 , 0 , 0.62218314
2025-11-29 16:53:28.7811 (StateSyncRequestHandler.cs:18) 玩家ID:482736422909116417 移动到新位置: 6.1633496 , 0 , 1.8934363
2025-11-29 16:53:28.8883 (StateSyncRequestHandler.cs:18) 玩家ID:482736422909116417 移动方向: 0.78356594 , 0 , 0.6213087
2025-11-29 16:53:28.8883 (StateSyncRequestHandler.cs:18) 玩家ID:482736422909116417 移动到新位置: 6.3200626 , 0 , 2.017698
2025-11-29 16:53:28.9807 (StateSyncRequestHandler.cs:18) 玩家ID:482736422909116417 移动方向: 0.7986987 , 0 , 0.60173106
2025-11-29 16:53:28.9807 (StateSyncRequestHandler.cs:18) 玩家ID:482736422909116417 移动到新位置: 6.479802 , 0 , 2.1380444
2025-11-29 16:53:29.0732 (StateSyncRequestHandler.cs:18) 玩家ID:482736422909116417 移动方向: 0.8295623 , 0 , 0.55841416
2025-11-29 16:53:29.0732 (StateSyncRequestHandler.cs:18) 玩家ID:482736422909116417 移动到新位置: 6.6457148 , 0 , 2.2497272
2025-11-29 16:53:29.1831 (StateSyncRequestHandler.cs:18) 玩家ID:482736422909116417 移动方向: 0.8626149 , 0 , 0.50586116
2025-11-29 16:53:29.1831 (StateSyncRequestHandler.cs:18) 玩家ID:482736422909116417 移动到新位置: 6.818238 , 0 , 2.3508995
2025-11-29 16:53:29.2893 (StateSyncRequestHandler.cs:18) 玩家ID:482736422909116417 移动方向: 0.89388895 , 0 , 0.4482885
2025-11-29 16:53:29.2893 (StateSyncRequestHandler.cs:18) 玩家ID:482736422909116417 移动到新位置: 6.9970155 , 0 , 2.4405572
2025-11-29 16:53:29.3847 (StateSyncRequestHandler.cs:18) 玩家ID:482736422909116417 移动方向: 0.91548294 , 0 , 0.4023568
2025-11-29 16:53:29.3847 (StateSyncRequestHandler.cs:18) 玩家ID:482736422909116417 移动到新位置: 7.180112 , 0 , 2.5210285
2025-11-29 16:53:29.4964 (StateSyncRequestHandler.cs:18) 玩家ID:482736422909116417 移动到新位置: 7.180112 , 0 , 2.5210285
2025-11-29 16:53:29.5742 (StateSyncRequestHandler.cs:18) 玩家ID:482736422909116417 移动方向: 0.3700721 , 0 , -0.92900306
2025-11-29 16:53:29.5742 (StateSyncRequestHandler.cs:18) 玩家ID:482736422909116417 移动到新位置: 7.254126 , 0 , 2.335228
2025-11-29 16:53:29.6814 (StateSyncRequestHandler.cs:18) 玩家ID:482736422909116417 移动方向: -0.9305791 , 0 , -0.36609086
2025-11-29 16:53:29.6814 (StateSyncRequestHandler.cs:18) 玩家ID:482736422909116417 移动到新位置: 7.0680103 , 0 , 2.2620099
2025-11-29 16:53:29.7893 (StateSyncRequestHandler.cs:18) 玩家ID:482736422909116417 移动方向: -0.9310078 , 0 , -0.36499918
2025-11-29 16:53:29.7893 (StateSyncRequestHandler.cs:18) 玩家ID:482736422909116417 移动到新位置: 6.8818088 , 0 , 2.1890101
2025-11-29 16:53:29.8820 (StateSyncRequestHandler.cs:18) 玩家ID:482736422909116417 移动方向: -0.9311507 , 0 , -0.36463472
2025-11-29 16:53:29.8820 (StateSyncRequestHandler.cs:18) 玩家ID:482736422909116417 移动到新位置: 6.6955786 , 0 , 2.1160831
2025-11-29 16:53:29.9896 (StateSyncRequestHandler.cs:18) 玩家ID:482736422909116417 移动方向: -0.93123096 , 0 , -0.36442965
2025-11-29 16:53:29.9896 (StateSyncRequestHandler.cs:18) 玩家ID:482736422909116417 移动到新位置: 6.509332 , 0 , 2.0431972
2025-11-29 16:53:30.0802 (StateSyncRequestHandler.cs:18) 玩家ID:482736422909116417 移动方向: -0.93402296 , 0 , -0.357213
2025-11-29 16:53:30.0802 (StateSyncRequestHandler.cs:18) 玩家ID:482736422909116417 移动到新位置: 6.3225274 , 0 , 1.9717546
2025-11-29 16:53:30.1742 (StateSyncRequestHandler.cs:18) 玩家ID:482736422909116417 移动方向: -0.9537247 , 0 , -0.30068132
2025-11-29 16:53:30.1742 (StateSyncRequestHandler.cs:18) 玩家ID:482736422909116417 移动到新位置: 6.1317825 , 0 , 1.9116182
2025-11-29 16:53:30.2813 (StateSyncRequestHandler.cs:18) 玩家ID:482736422909116417 移动方向: -0.9934823 , 0 , -0.11398656
2025-11-29 16:53:30.2813 (StateSyncRequestHandler.cs:18) 玩家ID:482736422909116417 移动到新位置: 5.933086 , 0 , 1.8888209
2025-11-29 16:53:30.3741 (StateSyncRequestHandler.cs:18) 玩家ID:482736422909116417 移动到新位置: 5.933086 , 0 , 1.8888209
2025-11-29 16:53:31.2886 (StateSyncRequestHandler.cs:18) 玩家ID:482736422909116417 移动方向: -0.20218882 , 0 , -0.9793466
2025-11-29 16:53:31.2886 (StateSyncRequestHandler.cs:18) 玩家ID:482736422909116417 移动到新位置: 5.892648 , 0 , 1.6929516
2025-11-29 16:53:31.3829 (StateSyncRequestHandler.cs:18) 玩家ID:482736422909116417 移动方向: -0.1975614 , 0 , -0.98029053
2025-11-29 16:53:31.3829 (StateSyncRequestHandler.cs:18) 玩家ID:482736422909116417 移动到新位置: 5.853136 , 0 , 1.4968934
2025-11-29 16:53:31.4772 (StateSyncRequestHandler.cs:18) 玩家ID:482736422909116417 移动方向: -0.19604029 , 0 , -0.9805958
2025-11-29 16:53:31.4772 (StateSyncRequestHandler.cs:18) 玩家ID:482736422909116417 移动到新位置: 5.813928 , 0 , 1.3007742
2025-11-29 16:53:31.5844 (StateSyncRequestHandler.cs:18) 玩家ID:482736422909116417 移动方向: -0.19540209 , 0 , -0.98072326
2025-11-29 16:53:31.5844 (StateSyncRequestHandler.cs:18) 玩家ID:482736422909116417 移动到新位置: 5.7748475 , 0 , 1.1046295
2025-11-29 16:53:31.6778 (StateSyncRequestHandler.cs:18) 玩家ID:482736422909116417 移动方向: -0.1779857 , 0 , -0.98403305
2025-11-29 16:53:31.6778 (StateSyncRequestHandler.cs:18) 玩家ID:482736422909116417 移动到新位置: 5.73925 , 0 , 0.9078229
2025-11-29 16:53:31.7692 (StateSyncRequestHandler.cs:18) 玩家ID:482736422909116417 移动方向: -0.05437082 , 0 , -0.99852085
2025-11-29 16:53:31.7692 (StateSyncRequestHandler.cs:18) 玩家ID:482736422909116417 移动到新位置: 5.728376 , 0 , 0.70811874
2025-11-29 16:53:31.8790 (StateSyncRequestHandler.cs:18) 玩家ID:482736422909116417 移动方向: 0.31753668 , 0 , -0.948246
2025-11-29 16:53:31.8797 (StateSyncRequestHandler.cs:18) 玩家ID:482736422909116417 移动到新位置: 5.7918835 , 0 , 0.5184696
2025-11-29 16:53:31.9898 (StateSyncRequestHandler.cs:18) 玩家ID:482736422909116417 移动方向: 0.7516406 , 0 , -0.65957284
2025-11-29 16:53:31.9898 (StateSyncRequestHandler.cs:18) 玩家ID:482736422909116417 移动到新位置: 5.9422116 , 0 , 0.38655502
2025-11-29 16:53:32.0824 (StateSyncRequestHandler.cs:18) 玩家ID:482736422909116417 移动方向: 0.3894327 , 0 , -0.92105496
2025-11-29 16:53:32.0824 (StateSyncRequestHandler.cs:18) 玩家ID:482736422909116417 移动到新位置: 6.020098 , 0 , 0.20234403
2025-11-29 16:53:32.1742 (StateSyncRequestHandler.cs:18) 玩家ID:482736422909116417 移动方向: -0.22975701 , 0 , -0.973248
2025-11-29 16:53:32.1742 (StateSyncRequestHandler.cs:18) 玩家ID:482736422909116417 移动到新位置: 5.974147 , 0 , 0.007694423
2025-11-29 16:53:32.2807 (StateSyncRequestHandler.cs:18) 玩家ID:482736422909116417 移动方向: -0.9846598 , 0 , 0.17448545
2025-11-29 16:53:32.2807 (StateSyncRequestHandler.cs:18) 玩家ID:482736422909116417 移动到新位置: 5.777215 , 0 , 0.042591512
2025-11-29 16:53:32.3888 (StateSyncRequestHandler.cs:18) 玩家ID:482736422909116417 移动方向: -0.5880342 , 0 , 0.808836
2025-11-29 16:53:32.3888 (StateSyncRequestHandler.cs:18) 玩家ID:482736422909116417 移动到新位置: 5.6596084 , 0 , 0.2043587
2025-11-29 16:53:32.4814 (StateSyncRequestHandler.cs:18) 玩家ID:482736422909116417 移动方向: -0.5923236 , 0 , 0.8057001
2025-11-29 16:53:32.4814 (StateSyncRequestHandler.cs:18) 玩家ID:482736422909116417 移动到新位置: 5.5411434 , 0 , 0.36549872
2025-11-29 16:53:32.5746 (StateSyncRequestHandler.cs:18) 玩家ID:482736422909116417 移动方向: -0.5934678 , 0 , 0.8048578
2025-11-29 16:53:32.5746 (StateSyncRequestHandler.cs:18) 玩家ID:482736422909116417 移动到新位置: 5.42245 , 0 , 0.5264703
2025-11-29 16:53:32.6818 (StateSyncRequestHandler.cs:18) 玩家ID:482736422909116417 移动方向: -0.98885167 , 0 , 0.14890401
2025-11-29 16:53:32.6818 (StateSyncRequestHandler.cs:18) 玩家ID:482736422909116417 移动到新位置: 5.22468 , 0 , 0.5562511
2025-11-29 16:53:32.7886 (StateSyncRequestHandler.cs:18) 玩家ID:482736422909116417 移动方向: -0.98887753 , 0 , 0.14873223
2025-11-29 16:53:32.7886 (StateSyncRequestHandler.cs:18) 玩家ID:482736422909116417 移动到新位置: 5.0269046 , 0 , 0.5859976
2025-11-29 16:53:32.8812 (StateSyncRequestHandler.cs:18) 玩家ID:482736422909116417 移动方向: -0.804387 , 0 , -0.59410566
2025-11-29 16:53:32.8812 (StateSyncRequestHandler.cs:18) 玩家ID:482736422909116417 移动到新位置: 4.8660274 , 0 , 0.46717644
2025-11-29 16:53:32.9756 (StateSyncRequestHandler.cs:18) 玩家ID:482736422909116417 移动方向: -0.80437994 , 0 , -0.59411526
2025-11-29 16:53:32.9756 (StateSyncRequestHandler.cs:18) 玩家ID:482736422909116417 移动到新位置: 4.7051516 , 0 , 0.3483534
2025-11-29 16:53:33.0843 (StateSyncRequestHandler.cs:18) 玩家ID:482736422909116417 移动方向: -0.80437756 , 0 , -0.5941183
2025-11-29 16:53:33.0843 (StateSyncRequestHandler.cs:18) 玩家ID:482736422909116417 移动到新位置: 4.544276 , 0 , 0.22952974
2025-11-29 16:53:33.1918 (StateSyncRequestHandler.cs:18) 玩家ID:482736422909116417 移动方向: -0.9888862 , 0 , 0.14867479
2025-11-29 16:53:33.1918 (StateSyncRequestHandler.cs:18) 玩家ID:482736422909116417 移动到新位置: 4.346499 , 0 , 0.2592647
2025-11-29 16:53:33.2835 (StateSyncRequestHandler.cs:18) 玩家ID:482736422909116417 移动到新位置: 4.346499 , 0 , 0.2592647
2025-11-29 16:53:33.6888 (StateSyncRequestHandler.cs:18) 玩家ID:482736422909116417 移动方向: -0.98888624 , 0 , 0.14867449
2025-11-29 16:53:33.6888 (StateSyncRequestHandler.cs:18) 玩家ID:482736422909116417 移动到新位置: 4.1487217 , 0 , 0.28899962
2025-11-29 16:53:33.7804 (StateSyncRequestHandler.cs:18) 玩家ID:482736422909116417 移动方向: -0.98889637 , 0 , 0.14860658
2025-11-29 16:53:33.7804 (StateSyncRequestHandler.cs:18) 玩家ID:482736422909116417 移动到新位置: 3.9509425 , 0 , 0.31872094
2025-11-29 16:53:33.8732 (StateSyncRequestHandler.cs:18) 玩家ID:482736422909116417 移动方向: -0.99071753 , 0 , 0.13593687
2025-11-29 16:53:33.8732 (StateSyncRequestHandler.cs:18) 玩家ID:482736422909116417 移动到新位置: 3.752799 , 0 , 0.3459083
2025-11-29 16:53:33.9817 (StateSyncRequestHandler.cs:18) 玩家ID:482736422909116417 移动方向: -0.99629575 , 0 , 0.08599266
2025-11-29 16:53:33.9817 (StateSyncRequestHandler.cs:18) 玩家ID:482736422909116417 移动到新位置: 3.55354 , 0 , 0.36310685
2025-11-29 16:53:34.0905 (StateSyncRequestHandler.cs:18) 玩家ID:482736422909116417 移动方向: -0.9995944 , 0 , 0.02847734
2025-11-29 16:53:34.0905 (StateSyncRequestHandler.cs:18) 玩家ID:482736422909116417 移动到新位置: 3.353621 , 0 , 0.3688023
2025-11-29 16:53:34.1844 (StateSyncRequestHandler.cs:18) 玩家ID:482736422909116417 移动方向: -0.6919877 , 0 , -0.7219093
2025-11-29 16:53:34.1844 (StateSyncRequestHandler.cs:18) 玩家ID:482736422909116417 移动到新位置: 3.2152236 , 0 , 0.22442046
2025-11-29 16:53:34.2774 (StateSyncRequestHandler.cs:18) 玩家ID:482736422909116417 移动方向: -0.6597885 , 0 , -0.7514514
2025-11-29 16:53:34.2774 (StateSyncRequestHandler.cs:18) 玩家ID:482736422909116417 移动到新位置: 3.0832658 , 0 , 0.07413019
2025-11-29 16:53:34.3873 (StateSyncRequestHandler.cs:18) 玩家ID:482736422909116417 移动方向: -0.6463861 , 0 , -0.76301044
2025-11-29 16:53:34.3873 (StateSyncRequestHandler.cs:18) 玩家ID:482736422909116417 移动到新位置: 2.9539886 , 0 , -0.078471884
2025-11-29 16:53:34.4793 (StateSyncRequestHandler.cs:18) 玩家ID:482736422909116417 移动方向: -0.99589896 , 0 , -0.09047256
2025-11-29 16:53:34.4793 (StateSyncRequestHandler.cs:18) 玩家ID:482736422909116417 移动到新位置: 2.7548087 , 0 , -0.096566394
2025-11-29 16:53:34.5713 (StateSyncRequestHandler.cs:18) 玩家ID:482736422909116417 移动方向: -0.9956859 , 0 , -0.09278828
2025-11-29 16:53:34.5713 (StateSyncRequestHandler.cs:18) 玩家ID:482736422909116417 移动到新位置: 2.5556715 , 0 , -0.11512405
2025-11-29 16:53:34.6788 (StateSyncRequestHandler.cs:18) 玩家ID:482736422909116417 移动方向: -0.7702487 , 0 , 0.63774365
2025-11-29 16:53:34.6788 (StateSyncRequestHandler.cs:18) 玩家ID:482736422909116417 移动到新位置: 2.4016218 , 0 , 0.012424678
2025-11-29 16:53:34.7865 (StateSyncRequestHandler.cs:18) 玩家ID:482736422909116417 移动方向: -0.7704384 , 0 , 0.6375144
2025-11-29 16:53:34.7865 (StateSyncRequestHandler.cs:18) 玩家ID:482736422909116417 移动到新位置: 2.247534 , 0 , 0.13992755
2025-11-29 16:53:34.8782 (StateSyncRequestHandler.cs:18) 玩家ID:482736422909116417 移动方向: -0.99556565 , 0 , -0.094069496
2025-11-29 16:53:34.8782 (StateSyncRequestHandler.cs:18) 玩家ID:482736422909116417 移动到新位置: 2.048421 , 0 , 0.12111365
2025-11-29 16:53:34.9862 (StateSyncRequestHandler.cs:18) 玩家ID:482736422909116417 移动方向: -0.99556303 , 0 , -0.09409644
2025-11-29 16:53:34.9862 (StateSyncRequestHandler.cs:18) 玩家ID:482736422909116417 移动到新位置: 1.8493083 , 0 , 0.10229436
2025-11-29 16:53:35.0788 (StateSyncRequestHandler.cs:18) 玩家ID:482736422909116417 移动到新位置: 1.8493083 , 0 , 0.10229436
2025-11-29 16:53:36.9816 (StateSyncRequestHandler.cs:18) 玩家ID:482736422909116417 移动方向: 0.44862214 , 0 , 0.8937215
2025-11-29 16:53:36.9816 (StateSyncRequestHandler.cs:18) 玩家ID:482736422909116417 移动到新位置: 1.9390327 , 0 , 0.28103867
2025-11-29 16:53:37.0884 (StateSyncRequestHandler.cs:18) 玩家ID:482736422909116417 移动方向: 0.4198663 , 0 , 0.907586
2025-11-29 16:53:37.0884 (StateSyncRequestHandler.cs:18) 玩家ID:482736422909116417 移动到新位置: 2.023006 , 0 , 0.46255586
2025-11-29 16:53:37.1825 (StateSyncRequestHandler.cs:18) 玩家ID:482736422909116417 移动方向: 0.36413348 , 0 , 0.9313468
2025-11-29 16:53:37.1825 (StateSyncRequestHandler.cs:18) 玩家ID:482736422909116417 移动到新位置: 2.0958326 , 0 , 0.6488252
2025-11-29 16:53:37.2923 (StateSyncRequestHandler.cs:18) 玩家ID:482736422909116417 移动方向: 0.32714722 , 0 , 0.94497335
2025-11-29 16:53:37.2923 (StateSyncRequestHandler.cs:18) 玩家ID:482736422909116417 移动到新位置: 2.161262 , 0 , 0.83781993
2025-11-29 16:53:37.3844 (StateSyncRequestHandler.cs:18) 玩家ID:482736422909116417 移动方向: 0.29812303 , 0 , 0.9545275
2025-11-29 16:53:37.3844 (StateSyncRequestHandler.cs:18) 玩家ID:482736422909116417 移动到新位置: 2.2208867 , 0 , 1.0287254
2025-11-29 16:53:37.4810 (StateSyncRequestHandler.cs:18) 玩家ID:482736422909116417 移动方向: 0.26593205 , 0 , 0.9639918
2025-11-29 16:53:37.4810 (StateSyncRequestHandler.cs:18) 玩家ID:482736422909116417 移动到新位置: 2.2740731 , 0 , 1.2215238
2025-11-29 16:53:37.5879 (StateSyncRequestHandler.cs:18) 玩家ID:482736422909116417 移动到新位置: 2.2740731 , 0 , 1.2215238
2025-11-29 16:53:37.6812 (StateSyncRequestHandler.cs:18) 玩家ID:482736422909116417 移动方向: 0.9713331 , 0 , -0.2377227
2025-11-29 16:53:37.6812 (StateSyncRequestHandler.cs:18) 玩家ID:482736422909116417 移动到新位置: 2.4683397 , 0 , 1.1739793
2025-11-29 16:53:37.7881 (StateSyncRequestHandler.cs:18) 玩家ID:482736422909116417 移动方向: 0.52132714 , 0 , -0.85335684
2025-11-29 16:53:37.7881 (StateSyncRequestHandler.cs:18) 玩家ID:482736422909116417 移动到新位置: 2.5726051 , 0 , 1.0033079
2025-11-29 16:53:37.8808 (StateSyncRequestHandler.cs:18) 玩家ID:482736422909116417 移动方向: -0.23384409 , 0 , -0.9722741
2025-11-29 16:53:37.8808 (StateSyncRequestHandler.cs:18) 玩家ID:482736422909116417 移动到新位置: 2.5258362 , 0 , 0.80885315
2025-11-29 16:53:37.9901 (StateSyncRequestHandler.cs:18) 玩家ID:482736422909116417 移动方向: -0.23356082 , 0 , -0.9723422
2025-11-29 16:53:37.9901 (StateSyncRequestHandler.cs:18) 玩家ID:482736422909116417 移动到新位置: 2.479124 , 0 , 0.6143847
2025-11-29 16:53:38.0833 (StateSyncRequestHandler.cs:18) 玩家ID:482736422909116417 移动到新位置: 2.479124 , 0 , 0.6143847
2025-11-29 16:53:45.3624  创建队伍成功 队伍ID：1000 玩家ID：482736422909116417
2025-11-29 16:53:53.2759  收到加入队伍请求 玩家ID：482734309785206785 队伍ID：1000
2025-11-29 16:53:53.2759  加入队伍成功 玩家ID：482734309785206785 队伍ID：1000
2025-11-29 16:53:57.3706 (StateSyncRequestHandler.cs:18) 玩家ID:482736422909116417 移动方向: 0.15565425 , 0 , 0.9878116
2025-11-29 16:53:57.3706 (StateSyncRequestHandler.cs:18) 玩家ID:482736422909116417 移动到新位置: 2.5102549 , 0 , 0.811947
2025-11-29 16:53:57.4784 (StateSyncRequestHandler.cs:18) 玩家ID:482736422909116417 移动方向: 0.2237838 , 0 , 0.97463876
2025-11-29 16:53:57.4784 (StateSyncRequestHandler.cs:18) 玩家ID:482736422909116417 移动到新位置: 2.5550115 , 0 , 1.0068748
2025-11-29 16:53:57.5717 (StateSyncRequestHandler.cs:18) 玩家ID:482736422909116417 移动方向: 0.27362427 , 0 , 0.96183664
2025-11-29 16:53:57.5717 (StateSyncRequestHandler.cs:18) 玩家ID:482736422909116417 移动到新位置: 2.6097364 , 0 , 1.1992421
2025-11-29 16:53:57.6804 (StateSyncRequestHandler.cs:18) 玩家ID:482736422909116417 移动方向: 0.2930284 , 0 , 0.95610374
2025-11-29 16:53:57.6804 (StateSyncRequestHandler.cs:18) 玩家ID:482736422909116417 移动到新位置: 2.668342 , 0 , 1.3904629
2025-11-29 16:53:57.7722 (StateSyncRequestHandler.cs:18) 玩家ID:482736422909116417 移动方向: 0.8873248 , 0 , 0.4611449
2025-11-29 16:53:57.7722 (StateSyncRequestHandler.cs:18) 玩家ID:482736422909116417 移动到新位置: 2.845807 , 0 , 1.4826919
2025-11-29 16:53:57.8806 (StateSyncRequestHandler.cs:18) 玩家ID:482736422909116417 移动方向: 0.88864917 , 0 , 0.4585876
2025-11-29 16:53:57.8806 (StateSyncRequestHandler.cs:18) 玩家ID:482736422909116417 移动到新位置: 3.023537 , 0 , 1.5744094
2025-11-29 16:53:57.9884 (StateSyncRequestHandler.cs:18) 玩家ID:482736422909116417 移动方向: 0.95237213 , 0 , -0.30493814
2025-11-29 16:53:57.9884 (StateSyncRequestHandler.cs:18) 玩家ID:482736422909116417 移动到新位置: 3.2140114 , 0 , 1.5134218
2025-11-29 16:53:58.0815 (StateSyncRequestHandler.cs:18) 玩家ID:482736422909116417 移动方向: 0.9522972 , 0 , -0.30517226
2025-11-29 16:53:58.0815 (StateSyncRequestHandler.cs:18) 玩家ID:482736422909116417 移动到新位置: 3.404471 , 0 , 1.4523873
2025-11-29 16:53:58.1733 (StateSyncRequestHandler.cs:18) 玩家ID:482736422909116417 移动方向: 0.45751607 , 0 , -0.88920134
2025-11-29 16:53:58.1733 (StateSyncRequestHandler.cs:18) 玩家ID:482736422909116417 移动到新位置: 3.495974 , 0 , 1.2745471
2025-11-29 16:53:58.2803 (StateSyncRequestHandler.cs:18) 玩家ID:482736422909116417 移动方向: -0.3052722 , 0 , -0.95226514
2025-11-29 16:53:58.2803 (StateSyncRequestHandler.cs:18) 玩家ID:482736422909116417 移动到新位置: 3.4349196 , 0 , 1.084094
2025-11-29 16:53:58.3884 (StateSyncRequestHandler.cs:18) 玩家ID:482736422909116417 移动方向: -0.30527958 , 0 , -0.95226276
2025-11-29 16:53:58.3884 (StateSyncRequestHandler.cs:18) 玩家ID:482736422909116417 移动到新位置: 3.3738637 , 0 , 0.8936415
2025-11-29 16:53:58.4808 (StateSyncRequestHandler.cs:18) 玩家ID:482736422909116417 移动方向: -0.30528173 , 0 , -0.9522621
2025-11-29 16:53:58.4808 (StateSyncRequestHandler.cs:18) 玩家ID:482736422909116417 移动到新位置: 3.3128073 , 0 , 0.7031891
2025-11-29 16:53:58.5751 (StateSyncRequestHandler.cs:18) 玩家ID:482736422909116417 移动方向: 0.45748425 , 0 , -0.88921773
2025-11-29 16:53:58.5751 (StateSyncRequestHandler.cs:18) 玩家ID:482736422909116417 移动到新位置: 3.4043043 , 0 , 0.5253455
2025-11-29 16:53:58.6835 (StateSyncRequestHandler.cs:18) 玩家ID:482736422909116417 移动方向: 0.45748425 , 0 , -0.88921773
2025-11-29 16:53:58.6835 (StateSyncRequestHandler.cs:18) 玩家ID:482736422909116417 移动到新位置: 3.4958012 , 0 , 0.34750193
2025-11-29 16:53:58.7773 (StateSyncRequestHandler.cs:18) 玩家ID:482736422909116417 移动方向: 0.45748425 , 0 , -0.88921773
2025-11-29 16:53:58.7773 (StateSyncRequestHandler.cs:18) 玩家ID:482736422909116417 移动到新位置: 3.5872982 , 0 , 0.16965838
2025-11-29 16:53:58.8848 (StateSyncRequestHandler.cs:18) 玩家ID:482736422909116417 移动方向: -0.30528167 , 0 , -0.9522621
2025-11-29 16:53:58.8848 (StateSyncRequestHandler.cs:18) 玩家ID:482736422909116417 移动到新位置: 3.5262418 , 0 , -0.020794034
2025-11-29 16:53:58.9928 (StateSyncRequestHandler.cs:18) 玩家ID:482736422909116417 移动方向: -0.30528167 , 0 , -0.9522621
2025-11-29 16:53:58.9928 (StateSyncRequestHandler.cs:18) 玩家ID:482736422909116417 移动到新位置: 3.4651854 , 0 , -0.21124645
2025-11-29 16:53:59.0849 (StateSyncRequestHandler.cs:18) 玩家ID:482736422909116417 移动到新位置: 3.4651854 , 0 , -0.21124645
